scan_id,parcel_id,scan_type,rider_id,scanned_at,failure_reason
1,PC-100001,hub_out,RD-108,2026-07-06 15:00:28,
2,PC-100001,delivered,RD-108,2026-07-08 11:51:28,
3,PC-100002,hub_out,RD-101,2026-07-07 06:15:04,
4,PC-100002,delivered,RD-101,2026-07-08 16:39:19,
5,PC-100003,hub_out,RD-101,2026-07-07 00:22:14,
6,PC-100003,delivered,RD-101,2026-07-08 10:40:52,
7,PC-100004,hub_out,RD-114,2026-07-06 20:22:18,
8,PC-100004,delivered,RD-114,2026-07-08 12:27:37,
9,PC-100005,hub_out,RD-102,2026-07-07 12:36:55,
10,PC-100005,delivered,RD-102,2026-07-08 10:37:27,
11,PC-100006,hub_out,RD-101,2026-07-06 21:51:34,
12,PC-100006,delivered,RD-101,2026-07-08 19:46:16,
13,PC-100007,hub_out,RD-108,2026-07-07 08:13:33,
14,PC-100007,delivered,RD-108,2026-07-08 15:02:55,
15,PC-100008,hub_out,RD-108,2026-07-06 19:55:44,
16,PC-100008,delivered,RD-108,2026-07-08 09:25:32,
17,PC-100009,hub_out,RD-107,2026-07-07 18:09:37,
18,PC-100009,delivered,RD-107,2026-07-08 11:40:52,
19,PC-100010,hub_out,RD-107,2026-07-07 17:54:03,
20,PC-100010,delivered,RD-107,2026-07-08 15:00:31,
21,PC-100011,hub_out,RD-108,2026-07-07 18:26:29,
22,PC-100011,delivered,RD-108,2026-07-08 19:08:56,
23,PC-100012,hub_out,RD-114,2026-07-07 17:57:11,
24,PC-100012,delivered,RD-114,2026-07-08 17:13:55,
25,PC-100013,hub_out,RD-131,2026-07-07 16:31:48,
26,PC-100013,delivered,RD-131,2026-07-08 11:31:05,
27,PC-100014,hub_out,RD-131,2026-07-07 03:14:04,
28,PC-100014,delivered,RD-131,2026-07-08 10:23:09,
29,PC-100015,hub_out,RD-131,2026-07-06 23:16:55,
30,PC-100015,delivered,RD-131,2026-07-08 16:39:50,
31,PC-100016,hub_out,RD-101,2026-07-07 08:21:27,
32,PC-100016,delivered,RD-101,2026-07-08 18:10:08,
33,PC-100017,hub_out,RD-108,2026-07-06 14:42:23,
34,PC-100017,delivered,RD-108,2026-07-08 12:17:23,
35,PC-100018,hub_out,RD-103,2026-07-07 10:48:41,
36,PC-100018,delivered,RD-103,2026-07-08 11:28:03,
37,PC-100019,hub_out,RD-101,2026-07-06 11:36:51,
38,PC-100019,delivered,RD-101,2026-07-08 10:08:34,
39,PC-100020,hub_out,RD-107,2026-07-08 02:47:31,
40,PC-100020,delivered,RD-107,2026-07-08 18:11:39,
41,PC-100021,hub_out,RD-103,2026-07-06 17:44:52,
42,PC-100021,delivered,RD-103,2026-07-08 14:35:47,
43,PC-100022,hub_out,RD-107,2026-07-07 04:35:21,
44,PC-100022,delivered,RD-107,2026-07-08 16:39:04,
45,PC-100023,hub_out,RD-102,2026-07-07 16:15:10,
46,PC-100023,delivered,RD-102,2026-07-08 16:28:09,
47,PC-100024,hub_out,RD-114,2026-07-07 18:09:43,
48,PC-100024,delivered,RD-114,2026-07-08 17:06:23,
49,PC-100025,hub_out,RD-102,2026-07-07 09:03:35,
50,PC-100025,delivered,RD-102,2026-07-08 10:47:59,
51,PC-100026,hub_out,RD-108,2026-07-07 20:40:19,
52,PC-100026,delivered,RD-108,2026-07-08 14:33:53,
53,PC-100027,hub_out,RD-101,2026-07-07 22:20:50,
54,PC-100027,delivered,RD-101,2026-07-08 19:40:21,
55,PC-100028,hub_out,RD-101,2026-07-07 02:41:26,
56,PC-100028,delivered,RD-101,2026-07-08 11:06:30,
57,PC-100029,hub_out,RD-107,2026-07-07 02:39:33,
58,PC-100029,delivered,RD-107,2026-07-08 15:22:18,
59,PC-100030,hub_out,RD-105,2026-07-07 05:30:38,
60,PC-100030,delivered,RD-105,2026-07-08 09:49:34,
61,PC-100031,hub_out,RD-102,2026-07-07 22:32:22,
62,PC-100031,delivered,RD-102,2026-07-08 15:58:28,
63,PC-100032,hub_out,RD-102,2026-07-07 17:09:21,
64,PC-100032,delivered,RD-102,2026-07-08 13:56:19,
65,PC-100033,hub_out,RD-108,2026-07-07 14:50:01,
66,PC-100033,delivered,RD-108,2026-07-08 16:04:35,
67,PC-100034,hub_out,RD-102,2026-07-07 07:37:39,
68,PC-100034,delivered,RD-102,2026-07-08 15:09:27,
69,PC-100035,hub_out,RD-102,2026-07-06 20:41:58,
70,PC-100035,delivered,RD-102,2026-07-08 15:42:48,
71,PC-100036,hub_out,RD-131,2026-07-06 13:13:00,
72,PC-100036,delivered,RD-131,2026-07-08 10:25:01,
73,PC-100037,hub_out,RD-114,2026-07-06 19:15:59,
74,PC-100037,delivered,RD-114,2026-07-08 19:44:58,
75,PC-100038,hub_out,RD-103,2026-07-07 09:57:08,
76,PC-100038,delivered,RD-103,2026-07-08 10:46:23,
77,PC-100039,hub_out,RD-102,2026-07-07 20:41:35,
78,PC-100039,delivered,RD-102,2026-07-08 15:03:34,
79,PC-100040,hub_out,RD-107,2026-07-07 06:28:47,
80,PC-100040,delivered,RD-107,2026-07-08 12:05:15,
81,PC-100041,hub_out,RD-131,2026-07-06 23:20:30,
82,PC-100041,delivered,RD-131,2026-07-08 17:12:09,
83,PC-100042,hub_out,RD-108,2026-07-07 17:40:33,
84,PC-100042,delivered,RD-108,2026-07-08 09:57:57,
85,PC-100043,hub_out,RD-108,2026-07-06 22:31:02,
86,PC-100043,delivered,RD-108,2026-07-08 18:33:43,
87,PC-100044,hub_out,RD-105,2026-07-07 13:51:43,
88,PC-100044,delivered,RD-105,2026-07-08 10:11:16,
89,PC-100045,hub_out,RD-102,2026-07-08 01:31:04,
90,PC-100045,delivered,RD-102,2026-07-08 18:37:31,
91,PC-100046,hub_out,RD-107,2026-07-06 19:35:13,
92,PC-100046,delivered,RD-107,2026-07-08 10:37:53,
93,PC-100047,hub_out,RD-131,2026-07-07 05:37:35,
94,PC-100047,delivered,RD-131,2026-07-08 16:12:57,
95,PC-100048,hub_out,RD-105,2026-07-07 08:19:12,
96,PC-100048,delivered,RD-105,2026-07-08 11:24:59,
97,PC-100049,hub_out,RD-101,2026-07-06 12:16:59,
98,PC-100049,delivered,RD-101,2026-07-08 12:35:46,
99,PC-100050,hub_out,RD-102,2026-07-07 12:24:53,
100,PC-100050,delivered,RD-102,2026-07-08 19:21:43,
101,PC-100051,hub_out,RD-105,2026-07-06 19:22:44,
102,PC-100051,delivered,RD-105,2026-07-08 10:29:35,
103,PC-100052,hub_out,RD-131,2026-07-07 08:27:55,
104,PC-100052,delivered,RD-131,2026-07-08 16:28:21,
105,PC-100053,hub_out,RD-107,2026-07-06 14:04:33,
106,PC-100053,delivered,RD-107,2026-07-08 09:29:39,
107,PC-100054,hub_out,RD-101,2026-07-07 07:35:41,
108,PC-100054,delivered,RD-101,2026-07-08 18:43:08,
109,PC-100055,hub_out,RD-114,2026-07-08 00:56:41,
110,PC-100055,delivered,RD-114,2026-07-08 15:03:47,
111,PC-100056,hub_out,RD-102,2026-07-07 15:19:11,
112,PC-100056,delivered,RD-102,2026-07-08 13:09:38,
113,PC-100057,hub_out,RD-114,2026-07-07 04:33:12,
114,PC-100057,delivered,RD-114,2026-07-08 09:21:30,
115,PC-100058,hub_out,RD-103,2026-07-06 15:00:15,
116,PC-100058,delivered,RD-103,2026-07-08 09:10:52,
117,PC-100059,hub_out,RD-102,2026-07-07 12:32:22,
118,PC-100059,delivered,RD-102,2026-07-08 10:04:34,
119,PC-100060,hub_out,RD-105,2026-07-07 08:28:57,
120,PC-100060,delivered,RD-105,2026-07-08 15:31:35,
121,PC-100061,hub_out,RD-114,2026-07-07 12:24:16,
122,PC-100061,delivered,RD-114,2026-07-08 13:04:31,
123,PC-100062,hub_out,RD-114,2026-07-06 20:31:45,
124,PC-100062,delivered,RD-114,2026-07-08 12:39:47,
125,PC-100063,hub_out,RD-102,2026-07-07 12:53:24,
126,PC-100063,delivered,RD-102,2026-07-08 14:08:09,
127,PC-100064,hub_out,RD-102,2026-07-07 11:56:43,
128,PC-100064,delivered,RD-102,2026-07-08 16:10:46,
129,PC-100065,hub_out,RD-107,2026-07-08 02:59:02,
130,PC-100065,delivered,RD-107,2026-07-08 18:52:58,
131,PC-100066,hub_out,RD-114,2026-07-07 13:01:04,
132,PC-100066,delivered,RD-114,2026-07-08 15:57:42,
133,PC-100067,hub_out,RD-105,2026-07-07 16:41:50,
134,PC-100067,delivered,RD-105,2026-07-08 15:27:38,
135,PC-100068,hub_out,RD-102,2026-07-06 17:41:48,
136,PC-100068,delivered,RD-102,2026-07-08 13:08:30,
137,PC-100069,hub_out,RD-107,2026-07-07 00:23:38,
138,PC-100069,delivered,RD-107,2026-07-08 18:42:21,
139,PC-100070,hub_out,RD-131,2026-07-06 21:46:39,
140,PC-100070,delivered,RD-131,2026-07-08 09:08:13,
141,PC-100071,hub_out,RD-108,2026-07-07 07:42:54,
142,PC-100071,delivered,RD-108,2026-07-08 13:46:54,
143,PC-100072,hub_out,RD-105,2026-07-07 16:52:26,
144,PC-100072,delivered,RD-105,2026-07-08 15:45:02,
145,PC-100073,hub_out,RD-107,2026-07-06 17:36:18,
146,PC-100073,delivered,RD-107,2026-07-08 16:24:34,
147,PC-100074,hub_out,RD-107,2026-07-07 12:43:14,
148,PC-100074,delivered,RD-107,2026-07-08 12:54:33,
149,PC-100075,hub_out,RD-107,2026-07-07 12:50:37,
150,PC-100075,delivered,RD-107,2026-07-08 13:24:54,
151,PC-100076,hub_out,RD-105,2026-07-07 18:06:55,
152,PC-100076,delivered,RD-105,2026-07-08 17:55:15,
153,PC-100077,hub_out,RD-114,2026-07-06 12:24:23,
154,PC-100077,delivered,RD-114,2026-07-08 09:28:19,
155,PC-100078,hub_out,RD-107,2026-07-06 20:57:23,
156,PC-100078,delivered,RD-107,2026-07-08 12:32:13,
157,PC-100079,hub_out,RD-131,2026-07-06 23:35:57,
158,PC-100079,delivered,RD-131,2026-07-08 16:39:04,
159,PC-100080,hub_out,RD-131,2026-07-06 21:27:09,
160,PC-100080,delivered,RD-131,2026-07-08 09:45:06,
161,PC-100081,hub_out,RD-105,2026-07-07 07:05:42,
162,PC-100081,delivered,RD-105,2026-07-08 19:27:52,
163,PC-100082,hub_out,RD-102,2026-07-07 06:34:29,
164,PC-100082,delivered,RD-102,2026-07-08 15:27:38,
165,PC-100083,hub_out,RD-108,2026-07-06 23:53:02,
166,PC-100083,delivered,RD-108,2026-07-08 11:12:53,
167,PC-100084,hub_out,RD-102,2026-07-07 02:45:47,
168,PC-100084,delivered,RD-102,2026-07-08 16:32:26,
169,PC-100085,hub_out,RD-108,2026-07-07 06:11:20,
170,PC-100085,delivered,RD-108,2026-07-08 12:55:48,
171,PC-100086,hub_out,RD-102,2026-07-07 15:24:23,
172,PC-100086,delivered,RD-102,2026-07-08 14:38:31,
173,PC-100087,hub_out,RD-103,2026-07-07 09:36:25,
174,PC-100087,delivered,RD-103,2026-07-08 13:32:23,
175,PC-100088,hub_out,RD-103,2026-07-07 01:12:43,
176,PC-100088,delivered,RD-103,2026-07-08 16:51:05,
177,PC-100089,hub_out,RD-131,2026-07-07 07:55:34,
178,PC-100089,delivered,RD-131,2026-07-08 15:55:33,
179,PC-100090,hub_out,RD-101,2026-07-06 23:15:32,
180,PC-100090,delivered,RD-101,2026-07-08 16:57:51,
181,PC-100091,hub_out,RD-108,2026-07-07 10:46:26,
182,PC-100091,delivered,RD-108,2026-07-08 16:55:06,
183,PC-100092,hub_out,RD-103,2026-07-07 04:36:23,
184,PC-100092,delivered,RD-103,2026-07-08 16:54:10,
185,PC-100093,hub_out,RD-102,2026-07-06 15:30:34,
186,PC-100093,delivered,RD-102,2026-07-08 09:09:42,
187,PC-100094,hub_out,RD-108,2026-07-07 05:16:40,
188,PC-100094,delivered,RD-108,2026-07-08 11:03:20,
189,PC-100095,hub_out,RD-103,2026-07-07 16:43:06,
190,PC-100095,delivered,RD-103,2026-07-08 13:55:00,
191,PC-100096,hub_out,RD-131,2026-07-07 06:58:09,
192,PC-100096,delivered,RD-131,2026-07-08 18:47:49,
193,PC-100097,hub_out,RD-101,2026-07-07 00:26:58,
194,PC-100097,delivered,RD-101,2026-07-08 14:20:54,
195,PC-100098,hub_out,RD-105,2026-07-06 12:40:34,
196,PC-100098,delivered,RD-105,2026-07-08 12:31:41,
197,PC-100099,hub_out,RD-101,2026-07-08 03:12:23,
198,PC-100099,delivered,RD-101,2026-07-08 19:04:57,
199,PC-100100,hub_out,RD-108,2026-07-07 16:54:59,
200,PC-100100,delivered,RD-108,2026-07-08 17:21:47,
201,PC-100101,hub_out,RD-103,2026-07-06 15:14:45,
202,PC-100101,delivered,RD-103,2026-07-08 12:18:38,
203,PC-100102,hub_out,RD-105,2026-07-07 17:51:57,
204,PC-100102,delivered,RD-105,2026-07-08 10:28:59,
205,PC-100103,hub_out,RD-108,2026-07-07 10:35:18,
206,PC-100103,delivered,RD-108,2026-07-08 16:27:55,
207,PC-100104,hub_out,RD-101,2026-07-07 13:33:07,
208,PC-100104,delivered,RD-101,2026-07-08 16:41:56,
209,PC-100105,hub_out,RD-107,2026-07-07 12:07:26,
210,PC-100105,delivered,RD-107,2026-07-08 15:24:37,
211,PC-100106,hub_out,RD-101,2026-07-07 18:51:53,
212,PC-100106,delivered,RD-101,2026-07-08 10:24:01,
213,PC-100107,hub_out,RD-114,2026-07-06 12:13:17,
214,PC-100107,delivered,RD-114,2026-07-08 09:23:08,
215,PC-100108,hub_out,RD-105,2026-07-07 09:29:25,
216,PC-100108,delivered,RD-105,2026-07-08 19:09:05,
217,PC-100109,hub_out,RD-108,2026-07-06 20:44:46,
218,PC-100109,delivered,RD-108,2026-07-08 16:18:11,
219,PC-100110,hub_out,RD-101,2026-07-06 17:58:37,
220,PC-100110,delivered,RD-101,2026-07-08 11:39:56,
221,PC-100111,hub_out,RD-101,2026-07-07 02:25:24,
222,PC-100111,delivered,RD-101,2026-07-08 17:58:21,
223,PC-100112,hub_out,RD-114,2026-07-08 03:00:17,
224,PC-100112,delivered,RD-114,2026-07-08 18:04:50,
225,PC-100113,hub_out,RD-131,2026-07-07 01:18:44,
226,PC-100113,delivered,RD-131,2026-07-08 14:13:54,
227,PC-100114,hub_out,RD-108,2026-07-07 15:56:13,
228,PC-100114,delivered,RD-108,2026-07-08 14:07:14,
229,PC-100115,hub_out,RD-105,2026-07-07 22:14:29,
230,PC-100115,delivered,RD-105,2026-07-08 17:31:13,
231,PC-100116,hub_out,RD-107,2026-07-06 18:50:45,
232,PC-100116,delivered,RD-107,2026-07-08 18:12:57,
233,PC-100117,hub_out,RD-103,2026-07-07 13:49:19,
234,PC-100117,delivered,RD-103,2026-07-08 12:04:21,
235,PC-100118,hub_out,RD-101,2026-07-07 18:24:58,
236,PC-100118,delivered,RD-101,2026-07-08 18:50:15,
237,PC-100119,hub_out,RD-105,2026-07-07 20:03:51,
238,PC-100119,delivered,RD-105,2026-07-08 15:54:13,
239,PC-100120,hub_out,RD-101,2026-07-07 08:16:45,
240,PC-100120,delivered,RD-101,2026-07-08 12:46:16,
241,PC-100121,hub_out,RD-105,2026-07-07 18:18:57,
242,PC-100121,delivered,RD-105,2026-07-08 13:22:41,
243,PC-100122,hub_out,RD-114,2026-07-06 19:22:33,
244,PC-100122,delivered,RD-114,2026-07-08 18:50:53,
245,PC-100123,hub_out,RD-131,2026-07-06 23:50:50,
246,PC-100123,delivered,RD-131,2026-07-08 15:47:38,
247,PC-100124,hub_out,RD-101,2026-07-07 18:51:19,
248,PC-100124,delivered,RD-101,2026-07-08 18:26:18,
249,PC-100125,hub_out,RD-108,2026-07-07 18:52:28,
250,PC-100125,delivered,RD-108,2026-07-08 18:00:38,
251,PC-100126,hub_out,RD-114,2026-07-07 03:08:15,
252,PC-100126,delivered,RD-114,2026-07-08 18:25:53,
253,PC-100127,hub_out,RD-108,2026-07-07 05:42:48,
254,PC-100127,delivered,RD-108,2026-07-08 10:29:11,
255,PC-100128,hub_out,RD-105,2026-07-07 00:18:08,
256,PC-100128,delivered,RD-105,2026-07-08 09:02:04,
257,PC-100129,hub_out,RD-131,2026-07-07 22:19:39,
258,PC-100129,delivered,RD-131,2026-07-08 13:48:42,
259,PC-100130,hub_out,RD-131,2026-07-06 16:22:44,
260,PC-100130,delivered,RD-131,2026-07-08 14:14:14,
261,PC-100131,hub_out,RD-107,2026-07-07 08:42:28,
262,PC-100131,delivered,RD-107,2026-07-08 18:03:58,
263,PC-100132,hub_out,RD-107,2026-07-07 09:21:47,
264,PC-100132,delivered,RD-107,2026-07-08 12:41:27,
265,PC-100133,hub_out,RD-102,2026-07-06 22:30:02,
266,PC-100133,delivered,RD-102,2026-07-08 12:03:09,
267,PC-100134,hub_out,RD-114,2026-07-06 22:22:27,
268,PC-100134,delivered,RD-114,2026-07-08 18:09:26,
269,PC-100135,hub_out,RD-114,2026-07-06 21:43:37,
270,PC-100135,delivered,RD-114,2026-07-08 19:24:48,
271,PC-100136,hub_out,RD-108,2026-07-07 19:06:13,
272,PC-100136,delivered,RD-108,2026-07-08 14:05:43,
273,PC-100137,hub_out,RD-114,2026-07-06 18:37:25,
274,PC-100137,delivered,RD-114,2026-07-08 13:58:40,
275,PC-100138,hub_out,RD-107,2026-07-07 02:07:23,
276,PC-100138,delivered,RD-107,2026-07-08 13:39:15,
277,PC-100139,hub_out,RD-105,2026-07-08 03:53:42,
278,PC-100139,delivered,RD-105,2026-07-08 18:39:14,
279,PC-100140,hub_out,RD-101,2026-07-07 21:46:08,
280,PC-100140,delivered,RD-101,2026-07-08 16:18:51,
281,PC-100141,hub_out,RD-107,2026-07-07 19:09:38,
282,PC-100141,delivered,RD-107,2026-07-08 16:16:53,
283,PC-100142,hub_out,RD-102,2026-07-06 18:20:05,
284,PC-100142,delivered,RD-102,2026-07-08 10:16:35,
285,PC-100143,hub_out,RD-107,2026-07-07 10:53:47,
286,PC-100143,delivered,RD-107,2026-07-08 14:22:53,
287,PC-100144,hub_out,RD-107,2026-07-06 10:22:48,
288,PC-100144,delivered,RD-107,2026-07-08 12:13:39,
289,PC-100145,hub_out,RD-105,2026-07-08 00:00:06,
290,PC-100145,delivered,RD-105,2026-07-08 18:48:19,
291,PC-100146,hub_out,RD-131,2026-07-06 13:13:46,
292,PC-100146,delivered,RD-131,2026-07-08 11:26:54,
293,PC-100147,hub_out,RD-131,2026-07-07 11:10:15,
294,PC-100147,delivered,RD-131,2026-07-08 18:59:23,
295,PC-100148,hub_out,RD-105,2026-07-07 07:04:24,
296,PC-100148,delivered,RD-105,2026-07-08 11:38:26,
297,PC-100149,hub_out,RD-108,2026-07-07 19:23:25,
298,PC-100149,delivered,RD-108,2026-07-08 16:29:28,
299,PC-100150,hub_out,RD-107,2026-07-07 07:07:42,
300,PC-100150,delivered,RD-107,2026-07-08 18:37:54,
301,PC-100151,hub_out,RD-107,2026-07-06 21:55:40,
302,PC-100151,delivered,RD-107,2026-07-08 09:44:37,
303,PC-100152,hub_out,RD-131,2026-07-07 16:29:00,
304,PC-100152,delivered,RD-131,2026-07-08 18:36:12,
305,PC-100153,hub_out,RD-103,2026-07-07 09:55:28,
306,PC-100153,delivered,RD-103,2026-07-08 12:21:29,
307,PC-100154,hub_out,RD-108,2026-07-07 02:47:06,
308,PC-100154,delivered,RD-108,2026-07-08 13:00:18,
309,PC-100155,hub_out,RD-107,2026-07-06 14:26:11,
310,PC-100155,delivered,RD-107,2026-07-08 12:18:45,
311,PC-100156,hub_out,RD-107,2026-07-06 21:18:35,
312,PC-100156,delivered,RD-107,2026-07-08 14:05:31,
313,PC-100157,hub_out,RD-103,2026-07-07 06:35:45,
314,PC-100157,delivered,RD-103,2026-07-08 16:48:57,
315,PC-100158,hub_out,RD-101,2026-07-07 04:07:23,
316,PC-100158,delivered,RD-101,2026-07-08 13:06:55,
317,PC-100159,hub_out,RD-103,2026-07-07 20:32:48,
318,PC-100159,delivered,RD-103,2026-07-08 14:13:15,
319,PC-100160,hub_out,RD-108,2026-07-06 13:13:23,
320,PC-100160,delivered,RD-108,2026-07-08 11:31:36,
321,PC-100161,hub_out,RD-105,2026-07-06 22:26:35,
322,PC-100161,delivered,RD-105,2026-07-08 16:33:42,
323,PC-100162,hub_out,RD-103,2026-07-06 12:41:45,
324,PC-100162,delivered,RD-103,2026-07-08 09:30:25,
325,PC-100163,hub_out,RD-103,2026-07-07 03:01:02,
326,PC-100163,delivered,RD-103,2026-07-08 11:47:52,
327,PC-100164,hub_out,RD-108,2026-07-07 11:36:43,
328,PC-100164,delivered,RD-108,2026-07-08 10:20:40,
329,PC-100165,hub_out,RD-108,2026-07-06 13:16:44,
330,PC-100165,delivered,RD-108,2026-07-08 13:16:36,
331,PC-100166,hub_out,RD-114,2026-07-07 16:33:24,
332,PC-100166,delivered,RD-114,2026-07-08 16:15:21,
333,PC-100167,hub_out,RD-102,2026-07-07 13:55:02,
334,PC-100167,delivered,RD-102,2026-07-08 12:42:23,
335,PC-100168,hub_out,RD-103,2026-07-07 12:00:45,
336,PC-100168,delivered,RD-103,2026-07-08 11:37:22,
337,PC-100169,hub_out,RD-131,2026-07-07 20:01:51,
338,PC-100169,delivered,RD-131,2026-07-08 14:03:38,
339,PC-100170,hub_out,RD-102,2026-07-07 06:14:47,
340,PC-100170,delivered,RD-102,2026-07-08 13:28:31,
341,PC-100171,hub_out,RD-131,2026-07-07 12:32:25,
342,PC-100171,delivered,RD-131,2026-07-08 19:35:44,
343,PC-100172,hub_out,RD-131,2026-07-06 21:49:08,
344,PC-100172,delivered,RD-131,2026-07-08 11:35:44,
345,PC-100173,hub_out,RD-102,2026-07-07 07:20:44,
346,PC-100173,delivered,RD-102,2026-07-08 12:18:54,
347,PC-100174,hub_out,RD-103,2026-07-07 04:41:25,
348,PC-100174,delivered,RD-103,2026-07-08 19:05:50,
349,PC-100175,hub_out,RD-108,2026-07-07 23:23:11,
350,PC-100175,delivered,RD-108,2026-07-08 14:20:17,
351,PC-100176,hub_out,RD-107,2026-07-07 04:06:19,
352,PC-100176,delivered,RD-107,2026-07-08 12:20:33,
353,PC-100177,hub_out,RD-114,2026-07-07 14:22:53,
354,PC-100177,delivered,RD-114,2026-07-08 10:22:32,
355,PC-100178,hub_out,RD-102,2026-07-07 16:53:11,
356,PC-100178,delivered,RD-102,2026-07-08 11:30:46,
357,PC-100179,hub_out,RD-108,2026-07-08 01:47:30,
358,PC-100179,delivered,RD-108,2026-07-08 17:30:53,
359,PC-100180,hub_out,RD-102,2026-07-06 17:13:00,
360,PC-100180,delivered,RD-102,2026-07-08 10:01:18,
361,PC-100181,hub_out,RD-114,2026-07-07 18:14:47,
362,PC-100181,delivered,RD-114,2026-07-08 19:31:21,
363,PC-100182,hub_out,RD-131,2026-07-07 08:38:41,
364,PC-100182,delivered,RD-131,2026-07-08 11:54:10,
365,PC-100183,hub_out,RD-114,2026-07-07 08:55:24,
366,PC-100183,delivered,RD-114,2026-07-08 19:54:46,
367,PC-100184,hub_out,RD-102,2026-07-07 17:54:35,
368,PC-100184,delivered,RD-102,2026-07-08 14:06:53,
369,PC-100185,hub_out,RD-114,2026-07-07 14:42:50,
370,PC-100185,delivered,RD-114,2026-07-08 11:38:55,
371,PC-100186,hub_out,RD-114,2026-07-07 06:39:20,
372,PC-100186,delivered,RD-114,2026-07-08 09:19:39,
373,PC-100187,hub_out,RD-102,2026-07-07 11:09:05,
374,PC-100187,delivered,RD-102,2026-07-08 13:57:14,
375,PC-100188,hub_out,RD-108,2026-07-06 17:01:52,
376,PC-100188,delivered,RD-108,2026-07-08 10:15:39,
377,PC-100189,hub_out,RD-101,2026-07-07 01:34:35,
378,PC-100189,delivered,RD-101,2026-07-08 10:43:26,
379,PC-100190,hub_out,RD-105,2026-07-07 07:00:16,
380,PC-100190,delivered,RD-105,2026-07-08 10:02:19,
381,PC-100191,hub_out,RD-107,2026-07-07 11:15:04,
382,PC-100191,delivered,RD-107,2026-07-08 17:09:50,
383,PC-100192,hub_out,RD-103,2026-07-07 21:25:14,
384,PC-100192,delivered,RD-103,2026-07-08 13:29:17,
385,PC-100193,hub_out,RD-101,2026-07-07 20:56:52,
386,PC-100193,delivered,RD-101,2026-07-08 13:49:28,
387,PC-100194,hub_out,RD-131,2026-07-08 02:54:30,
388,PC-100194,delivered,RD-131,2026-07-08 18:51:38,
389,PC-100195,hub_out,RD-108,2026-07-07 15:58:42,
390,PC-100195,delivered,RD-108,2026-07-08 10:06:28,
391,PC-100196,hub_out,RD-102,2026-07-07 08:25:30,
392,PC-100196,delivered,RD-102,2026-07-08 15:16:26,
393,PC-100197,hub_out,RD-107,2026-07-07 05:41:36,
394,PC-100197,delivered,RD-107,2026-07-08 17:42:07,
395,PC-100198,hub_out,RD-114,2026-07-06 18:43:23,
396,PC-100198,delivered,RD-114,2026-07-08 17:13:54,
397,PC-100199,hub_out,RD-105,2026-07-07 03:17:34,
398,PC-100199,delivered,RD-105,2026-07-08 16:07:34,
399,PC-100200,hub_out,RD-131,2026-07-06 20:57:33,
400,PC-100200,delivered,RD-131,2026-07-08 18:08:31,
401,PC-100201,hub_out,RD-102,2026-07-06 12:53:42,
402,PC-100201,delivered,RD-102,2026-07-08 09:27:17,
403,PC-100202,hub_out,RD-114,2026-07-06 19:08:49,
404,PC-100202,delivered,RD-114,2026-07-08 12:21:55,
405,PC-100203,hub_out,RD-108,2026-07-07 01:07:08,
406,PC-100203,delivered,RD-108,2026-07-08 09:59:30,
407,PC-100204,hub_out,RD-131,2026-07-07 08:49:20,
408,PC-100204,delivered,RD-131,2026-07-08 19:58:11,
409,PC-100205,hub_out,RD-107,2026-07-07 07:18:41,
410,PC-100205,delivered,RD-107,2026-07-08 10:41:38,
411,PC-100206,hub_out,RD-102,2026-07-07 09:29:22,
412,PC-100206,delivered,RD-102,2026-07-08 12:20:24,
413,PC-100207,hub_out,RD-114,2026-07-07 12:53:53,
414,PC-100207,delivered,RD-114,2026-07-08 15:53:31,
415,PC-100208,hub_out,RD-101,2026-07-07 12:36:23,
416,PC-100208,delivered,RD-101,2026-07-08 13:06:00,
417,PC-100209,hub_out,RD-131,2026-07-07 15:52:42,
418,PC-100209,delivered,RD-131,2026-07-08 15:14:39,
419,PC-100210,hub_out,RD-105,2026-07-07 08:20:26,
420,PC-100210,delivered,RD-105,2026-07-08 10:45:37,
421,PC-100211,hub_out,RD-108,2026-07-07 09:29:00,
422,PC-100211,delivered,RD-108,2026-07-08 12:53:01,
423,PC-100212,hub_out,RD-105,2026-07-07 06:41:20,
424,PC-100212,delivered,RD-105,2026-07-08 10:23:25,
425,PC-100213,hub_out,RD-101,2026-07-07 16:26:29,
426,PC-100213,delivered,RD-101,2026-07-08 18:23:51,
427,PC-100214,hub_out,RD-131,2026-07-07 20:49:35,
428,PC-100214,delivered,RD-131,2026-07-08 19:06:42,
429,PC-100215,hub_out,RD-103,2026-07-07 12:25:33,
430,PC-100215,delivered,RD-103,2026-07-08 14:52:12,
431,PC-100216,hub_out,RD-131,2026-07-07 14:12:21,
432,PC-100216,delivered,RD-131,2026-07-08 15:04:06,
433,PC-100217,hub_out,RD-114,2026-07-07 08:19:47,
434,PC-100217,delivered,RD-114,2026-07-08 10:50:40,
435,PC-100218,hub_out,RD-102,2026-07-07 19:03:57,
436,PC-100218,delivered,RD-102,2026-07-08 18:40:50,
437,PC-100219,hub_out,RD-102,2026-07-07 10:48:54,
438,PC-100219,delivered,RD-102,2026-07-08 12:58:04,
439,PC-100220,hub_out,RD-107,2026-07-07 13:26:29,
440,PC-100220,delivered,RD-107,2026-07-08 18:31:42,
441,PC-100221,hub_out,RD-105,2026-07-07 11:43:26,
442,PC-100221,delivered,RD-105,2026-07-08 12:29:45,
443,PC-100222,hub_out,RD-108,2026-07-07 17:01:11,
444,PC-100222,delivered,RD-108,2026-07-08 17:06:44,
445,PC-100223,hub_out,RD-102,2026-07-07 11:34:32,
446,PC-100223,delivered,RD-102,2026-07-08 13:34:36,
447,PC-100224,hub_out,RD-107,2026-07-07 14:56:58,
448,PC-100224,delivered,RD-107,2026-07-08 15:40:15,
449,PC-100225,hub_out,RD-103,2026-07-07 15:06:04,
450,PC-100225,delivered,RD-103,2026-07-08 18:38:27,
451,PC-100226,hub_out,RD-108,2026-07-07 04:33:38,
452,PC-100226,delivered,RD-108,2026-07-08 10:06:27,
453,PC-100227,hub_out,RD-103,2026-07-07 13:03:49,
454,PC-100227,delivered,RD-103,2026-07-08 13:51:19,
455,PC-100228,hub_out,RD-105,2026-07-07 06:49:23,
456,PC-100228,delivered,RD-105,2026-07-08 10:49:32,
457,PC-100229,hub_out,RD-107,2026-07-07 22:30:42,
458,PC-100229,failed_attempt,RD-107,2026-07-08 10:07:17,customer unreachable
459,PC-100230,hub_out,RD-131,2026-07-07 16:50:34,
460,PC-100230,failed_attempt,RD-131,2026-07-08 14:45:54,shop closed
461,PC-100231,hub_out,RD-107,2026-07-07 15:47:35,
462,PC-100231,failed_attempt,RD-107,2026-07-08 14:59:58,customer unreachable
463,PC-100232,hub_out,RD-102,2026-07-08 09:26:13,
464,PC-100232,failed_attempt,RD-102,2026-07-08 18:36:01,customer unreachable
465,PC-100233,hub_out,RD-103,2026-07-07 21:38:58,
466,PC-100233,failed_attempt,RD-103,2026-07-08 17:26:19,customer unreachable
467,PC-100234,hub_out,RD-131,2026-07-07 23:46:55,
468,PC-100234,failed_attempt,RD-131,2026-07-08 09:03:14,customer unreachable
469,PC-100235,hub_out,RD-108,2026-07-07 16:50:49,
470,PC-100235,failed_attempt,RD-108,2026-07-08 14:57:39,customer unreachable
471,PC-100236,hub_out,RD-105,2026-07-08 14:46:20,
472,PC-100236,failed_attempt,RD-105,2026-07-08 19:25:51,customer unreachable
473,PC-100237,hub_out,RD-108,2026-07-08 13:16:18,
474,PC-100237,failed_attempt,RD-108,2026-07-08 16:30:10,customer unreachable
475,PC-100238,hub_out,RD-102,2026-07-08 05:35:15,
476,PC-100238,failed_attempt,RD-102,2026-07-08 14:56:15,customer unreachable
477,PC-100239,hub_out,RD-114,2026-07-07 19:09:20,
478,PC-100239,failed_attempt,RD-114,2026-07-08 12:41:43,customer unreachable
479,PC-100240,hub_out,RD-107,2026-07-07 21:21:50,
480,PC-100240,failed_attempt,RD-107,2026-07-08 17:51:30,customer unreachable
481,PC-100241,hub_out,RD-103,2026-07-07 14:30:37,
482,PC-100241,failed_attempt,RD-103,2026-07-08 15:44:18,address not found
483,PC-100242,hub_out,RD-131,2026-07-08 03:08:58,
484,PC-100242,failed_attempt,RD-131,2026-07-08 16:02:12,customer unreachable
485,PC-100243,hub_out,RD-108,2026-07-08 00:55:37,
486,PC-100243,failed_attempt,RD-108,2026-07-08 19:04:17,customer refused
487,PC-100244,hub_out,RD-114,2026-07-07 21:48:17,
488,PC-100244,failed_attempt,RD-114,2026-07-08 09:41:51,customer unreachable
489,PC-100245,hub_out,RD-101,2026-07-07 11:39:45,
490,PC-100245,failed_attempt,RD-101,2026-07-08 14:11:53,customer unreachable
491,PC-100246,hub_out,RD-131,2026-07-07 13:16:30,
492,PC-100246,failed_attempt,RD-131,2026-07-08 13:25:01,address not found
493,PC-100247,hub_out,RD-114,2026-07-08 06:08:11,
494,PC-100247,failed_attempt,RD-114,2026-07-08 19:59:01,cod not ready
495,PC-100248,hub_out,RD-107,2026-07-07 13:36:48,
496,PC-100248,failed_attempt,RD-107,2026-07-08 17:15:08,customer refused
497,PC-100249,hub_out,RD-107,2026-07-08 13:21:23,
498,PC-100249,failed_attempt,RD-107,2026-07-08 19:20:43,customer unreachable
499,PC-100250,hub_out,RD-102,2026-07-07 15:41:26,
500,PC-100250,failed_attempt,RD-102,2026-07-08 12:56:17,customer unreachable
501,PC-100251,hub_out,RD-108,2026-07-07 14:40:51,
502,PC-100251,delivered,RD-108,2026-07-08 18:08:04,
503,PC-100252,hub_out,RD-103,2026-07-06 23:50:13,
504,PC-100252,delivered,RD-103,2026-07-08 12:11:33,
505,PC-100253,hub_out,RD-105,2026-07-07 21:43:27,
506,PC-100253,delivered,RD-105,2026-07-08 19:20:05,
507,PC-100254,hub_out,RD-107,2026-07-07 16:10:58,
508,PC-100254,delivered,RD-107,2026-07-08 09:35:39,
509,PC-100255,hub_out,RD-102,2026-07-07 19:37:59,
510,PC-100255,delivered,RD-102,2026-07-08 18:38:09,
511,PC-100256,hub_out,RD-102,2026-07-07 10:17:28,
512,PC-100256,delivered,RD-102,2026-07-08 11:07:40,
513,PC-100257,hub_out,RD-131,2026-07-07 00:40:24,
514,PC-100257,delivered,RD-131,2026-07-08 11:02:42,
515,PC-100258,hub_out,RD-107,2026-07-07 08:37:23,
516,PC-100258,delivered,RD-107,2026-07-08 18:47:57,
517,PC-100259,hub_out,RD-114,2026-07-08 02:25:22,
518,PC-100259,delivered,RD-114,2026-07-08 14:09:11,
519,PC-100260,hub_out,RD-103,2026-07-06 18:49:48,
520,PC-100260,delivered,RD-103,2026-07-08 14:09:06,
521,PC-100261,hub_out,RD-114,2026-07-07 10:55:17,
522,PC-100261,delivered,RD-114,2026-07-08 18:01:41,
523,PC-100262,hub_out,RD-103,2026-07-08 03:03:04,
524,PC-100262,delivered,RD-103,2026-07-08 15:43:34,
525,PC-100263,hub_out,RD-102,2026-07-07 02:11:55,
526,PC-100263,delivered,RD-102,2026-07-08 12:09:25,
527,PC-100264,hub_out,RD-114,2026-07-08 03:55:33,
528,PC-100264,delivered,RD-114,2026-07-08 18:38:44,
529,PC-100265,hub_out,RD-131,2026-07-08 00:16:59,
530,PC-100265,delivered,RD-131,2026-07-08 18:39:04,
531,PC-100266,hub_out,RD-107,2026-07-07 13:08:24,
532,PC-100266,delivered,RD-107,2026-07-08 09:22:50,
533,PC-100267,hub_out,RD-102,2026-07-07 05:21:54,
534,PC-100267,delivered,RD-102,2026-07-08 14:11:50,
535,PC-100268,hub_out,RD-131,2026-07-07 06:01:56,
536,PC-100268,delivered,RD-131,2026-07-08 15:19:10,
537,PC-100269,hub_out,RD-102,2026-07-07 08:42:00,
538,PC-100269,delivered,RD-102,2026-07-08 12:23:21,
539,PC-100270,hub_out,RD-107,2026-07-06 22:56:09,
540,PC-100270,delivered,RD-107,2026-07-08 09:48:02,
541,PC-100271,hub_out,RD-103,2026-07-07 03:13:34,
542,PC-100271,delivered,RD-103,2026-07-08 09:38:53,
543,PC-100272,hub_out,RD-102,2026-07-07 12:40:38,
544,PC-100272,delivered,RD-102,2026-07-08 15:15:03,
545,PC-100273,hub_out,RD-102,2026-07-06 15:46:20,
546,PC-100273,delivered,RD-102,2026-07-08 12:28:10,
547,PC-100274,hub_out,RD-105,2026-07-08 01:08:38,
548,PC-100274,delivered,RD-105,2026-07-08 15:19:33,
549,PC-100275,hub_out,RD-131,2026-07-07 16:29:26,
550,PC-100275,delivered,RD-131,2026-07-08 13:05:27,
551,PC-100276,hub_out,RD-108,2026-07-08 05:42:21,
552,PC-100276,delivered,RD-108,2026-07-08 18:27:15,
553,PC-100277,hub_out,RD-107,2026-07-07 21:51:47,
554,PC-100277,delivered,RD-107,2026-07-08 13:24:53,
555,PC-100278,hub_out,RD-131,2026-07-07 03:46:20,
556,PC-100278,delivered,RD-131,2026-07-08 13:29:03,
557,PC-100279,hub_out,RD-107,2026-07-07 04:12:19,
558,PC-100279,delivered,RD-107,2026-07-08 17:02:17,
559,PC-100280,hub_out,RD-101,2026-07-07 15:01:23,
560,PC-100280,delivered,RD-101,2026-07-08 18:17:52,
561,PC-100281,hub_out,RD-131,2026-07-07 19:07:32,
562,PC-100281,delivered,RD-131,2026-07-08 11:29:09,
563,PC-100282,hub_out,RD-108,2026-07-06 21:21:34,
564,PC-100282,delivered,RD-108,2026-07-08 09:34:56,
565,PC-100283,hub_out,RD-131,2026-07-07 13:40:40,
566,PC-100283,delivered,RD-131,2026-07-08 12:46:12,
567,PC-100284,hub_out,RD-114,2026-07-08 00:46:23,
568,PC-100284,delivered,RD-114,2026-07-08 13:27:08,
569,PC-100285,hub_out,RD-107,2026-07-06 21:21:55,
570,PC-100285,delivered,RD-107,2026-07-08 12:39:38,
571,PC-100286,hub_out,RD-114,2026-07-07 12:25:40,
572,PC-100286,delivered,RD-114,2026-07-08 10:02:16,
573,PC-100287,hub_out,RD-131,2026-07-07 03:52:07,
574,PC-100287,delivered,RD-131,2026-07-08 19:55:55,
575,PC-100288,hub_out,RD-105,2026-07-07 08:49:57,
576,PC-100288,delivered,RD-105,2026-07-08 18:23:34,
577,PC-100289,hub_out,RD-107,2026-07-07 01:03:03,
578,PC-100289,delivered,RD-107,2026-07-08 13:29:31,
579,PC-100290,hub_out,RD-101,2026-07-07 17:51:53,
580,PC-100290,delivered,RD-101,2026-07-08 12:19:56,
581,PC-100291,hub_out,RD-131,2026-07-06 22:36:06,
582,PC-100291,delivered,RD-131,2026-07-08 13:54:02,
583,PC-100292,hub_out,RD-103,2026-07-07 22:18:00,
584,PC-100292,delivered,RD-103,2026-07-08 19:37:31,
585,PC-100293,hub_out,RD-105,2026-07-07 01:53:10,
586,PC-100293,delivered,RD-105,2026-07-08 16:34:39,
587,PC-100294,hub_out,RD-107,2026-07-07 19:11:51,
588,PC-100294,delivered,RD-107,2026-07-08 12:18:35,
589,PC-100295,hub_out,RD-131,2026-07-08 08:36:59,
590,PC-100295,delivered,RD-131,2026-07-08 18:50:36,
591,PC-100296,hub_out,RD-108,2026-07-06 21:55:24,
592,PC-100296,delivered,RD-108,2026-07-08 16:03:43,
593,PC-100297,hub_out,RD-131,2026-07-08 08:07:55,
594,PC-100297,delivered,RD-131,2026-07-08 19:40:03,
595,PC-100298,hub_out,RD-102,2026-07-07 08:28:17,
596,PC-100298,delivered,RD-102,2026-07-08 16:30:13,
597,PC-100299,hub_out,RD-105,2026-07-08 00:22:33,
598,PC-100299,delivered,RD-105,2026-07-08 19:07:50,
599,PC-100300,hub_out,RD-107,2026-07-07 14:53:45,
600,PC-100300,delivered,RD-107,2026-07-08 19:53:57,
601,PC-100301,hub_out,RD-114,2026-07-08 04:27:23,
602,PC-100301,delivered,RD-114,2026-07-08 15:53:00,
603,PC-100302,hub_out,RD-131,2026-07-06 17:53:03,
604,PC-100302,delivered,RD-131,2026-07-08 12:48:42,
605,PC-100303,hub_out,RD-101,2026-07-07 08:01:27,
606,PC-100303,delivered,RD-101,2026-07-08 15:57:21,
607,PC-100304,hub_out,RD-102,2026-07-07 20:31:46,
608,PC-100304,delivered,RD-102,2026-07-08 19:04:31,
609,PC-100305,hub_out,RD-108,2026-07-07 12:35:28,
610,PC-100305,delivered,RD-108,2026-07-08 17:31:53,
611,PC-100306,hub_out,RD-108,2026-07-07 16:46:06,
612,PC-100306,delivered,RD-108,2026-07-08 14:31:06,
613,PC-100307,hub_out,RD-105,2026-07-07 18:09:51,
614,PC-100307,delivered,RD-105,2026-07-08 17:03:03,
615,PC-100308,hub_out,RD-107,2026-07-07 20:12:09,
616,PC-100308,delivered,RD-107,2026-07-08 19:00:34,
617,PC-100309,hub_out,RD-103,2026-07-07 20:43:16,
618,PC-100309,delivered,RD-103,2026-07-08 15:59:21,
619,PC-100310,hub_out,RD-108,2026-07-07 03:07:42,
620,PC-100310,delivered,RD-108,2026-07-08 16:40:38,
621,PC-100311,hub_out,RD-101,2026-07-07 00:02:15,
622,PC-100311,delivered,RD-101,2026-07-08 13:54:59,
623,PC-100312,hub_out,RD-103,2026-07-06 20:30:22,
624,PC-100312,delivered,RD-103,2026-07-08 17:08:13,
625,PC-100313,hub_out,RD-131,2026-07-07 10:20:06,
626,PC-100313,delivered,RD-131,2026-07-08 19:26:29,
627,PC-100314,hub_out,RD-105,2026-07-07 19:13:54,
628,PC-100314,delivered,RD-105,2026-07-08 16:11:17,
629,PC-100315,hub_out,RD-107,2026-07-07 10:05:43,
630,PC-100315,delivered,RD-107,2026-07-08 17:29:04,
631,PC-100316,hub_out,RD-103,2026-07-07 12:05:18,
632,PC-100316,delivered,RD-103,2026-07-08 11:08:06,
633,PC-100317,hub_out,RD-114,2026-07-07 02:52:00,
634,PC-100317,delivered,RD-114,2026-07-08 14:17:40,
635,PC-100318,hub_out,RD-103,2026-07-07 10:05:05,
636,PC-100318,delivered,RD-103,2026-07-08 12:37:34,
637,PC-100319,hub_out,RD-102,2026-07-07 10:56:46,
638,PC-100319,delivered,RD-102,2026-07-08 12:18:07,
639,PC-100320,hub_out,RD-103,2026-07-07 09:41:33,
640,PC-100320,delivered,RD-103,2026-07-08 13:31:30,
641,PC-100321,hub_out,RD-102,2026-07-08 01:41:10,
642,PC-100321,delivered,RD-102,2026-07-08 17:18:55,
643,PC-100322,hub_out,RD-105,2026-07-07 09:13:15,
644,PC-100322,delivered,RD-105,2026-07-08 15:35:00,
645,PC-100323,hub_out,RD-105,2026-07-07 19:46:03,
646,PC-100323,delivered,RD-105,2026-07-08 17:32:38,
647,PC-100324,hub_out,RD-101,2026-07-07 02:23:40,
648,PC-100324,delivered,RD-101,2026-07-08 10:00:30,
649,PC-100325,hub_out,RD-105,2026-07-07 12:35:24,
650,PC-100325,delivered,RD-105,2026-07-08 18:08:13,
651,PC-100326,hub_out,RD-105,2026-07-07 06:01:00,
652,PC-100326,delivered,RD-105,2026-07-08 19:51:09,
653,PC-100327,hub_out,RD-105,2026-07-07 07:47:15,
654,PC-100327,delivered,RD-105,2026-07-08 16:27:45,
655,PC-100328,hub_out,RD-105,2026-07-08 03:43:00,
656,PC-100328,delivered,RD-105,2026-07-08 15:55:20,
657,PC-100329,hub_out,RD-114,2026-07-07 00:47:09,
658,PC-100329,delivered,RD-114,2026-07-08 15:06:28,
659,PC-100330,hub_out,RD-108,2026-07-05 23:06:13,
660,PC-100330,delivered,RD-108,2026-07-08 13:22:21,
661,PC-100331,hub_out,RD-114,2026-07-07 10:07:28,
662,PC-100331,delivered,RD-114,2026-07-08 18:09:02,
663,PC-100332,hub_out,RD-101,2026-07-07 23:35:47,
664,PC-100332,delivered,RD-101,2026-07-08 18:33:30,
665,PC-100333,hub_out,RD-101,2026-07-07 17:48:34,
666,PC-100333,delivered,RD-101,2026-07-08 15:08:17,
667,PC-100334,hub_out,RD-114,2026-07-07 00:17:17,
668,PC-100334,delivered,RD-114,2026-07-08 15:32:10,
669,PC-100335,hub_out,RD-114,2026-07-07 15:00:54,
670,PC-100335,delivered,RD-114,2026-07-08 19:48:31,
671,PC-100336,hub_out,RD-102,2026-07-07 01:56:10,
672,PC-100336,delivered,RD-102,2026-07-08 16:06:11,
673,PC-100337,hub_out,RD-102,2026-07-07 22:41:42,
674,PC-100337,delivered,RD-102,2026-07-08 18:35:02,
675,PC-100338,hub_out,RD-105,2026-07-07 08:43:27,
676,PC-100338,delivered,RD-105,2026-07-08 16:42:29,
677,PC-100339,hub_out,RD-108,2026-07-07 03:17:34,
678,PC-100339,delivered,RD-108,2026-07-08 17:22:51,
679,PC-100340,hub_out,RD-105,2026-07-07 16:16:18,
680,PC-100340,delivered,RD-105,2026-07-08 19:06:26,
681,PC-100341,hub_out,RD-102,2026-07-07 13:45:24,
682,PC-100341,delivered,RD-102,2026-07-08 09:54:08,
683,PC-100342,hub_out,RD-107,2026-07-07 21:16:24,
684,PC-100342,delivered,RD-107,2026-07-08 15:24:39,
685,PC-100343,hub_out,RD-102,2026-07-07 05:31:54,
686,PC-100343,delivered,RD-102,2026-07-08 14:39:39,
687,PC-100344,hub_out,RD-101,2026-07-07 14:45:33,
688,PC-100344,delivered,RD-101,2026-07-08 18:07:36,
689,PC-100345,hub_out,RD-105,2026-07-06 20:23:50,
690,PC-100345,delivered,RD-105,2026-07-08 14:49:41,
691,PC-100346,hub_out,RD-131,2026-07-07 18:50:14,
692,PC-100346,delivered,RD-131,2026-07-08 18:17:20,
693,PC-100347,hub_out,RD-108,2026-07-07 12:53:25,
694,PC-100347,delivered,RD-108,2026-07-08 15:43:58,
695,PC-100348,hub_out,RD-101,2026-07-08 05:56:57,
696,PC-100348,delivered,RD-101,2026-07-08 18:18:02,
697,PC-100349,hub_out,RD-103,2026-07-07 07:28:39,
698,PC-100349,delivered,RD-103,2026-07-08 17:41:04,
699,PC-100350,hub_out,RD-108,2026-07-07 17:37:44,
700,PC-100350,delivered,RD-108,2026-07-08 17:20:32,
701,PC-100351,hub_out,RD-107,2026-07-07 15:11:37,
702,PC-100351,delivered,RD-107,2026-07-08 11:05:46,
703,PC-100352,hub_out,RD-101,2026-07-07 11:30:48,
704,PC-100352,delivered,RD-101,2026-07-08 17:52:26,
705,PC-100353,hub_out,RD-114,2026-07-06 14:13:32,
706,PC-100353,delivered,RD-114,2026-07-08 10:41:11,
707,PC-100354,hub_out,RD-101,2026-07-07 00:42:46,
708,PC-100354,delivered,RD-101,2026-07-08 19:28:44,
709,PC-100355,hub_out,RD-114,2026-07-07 23:27:11,
710,PC-100355,delivered,RD-114,2026-07-08 12:04:41,
711,PC-100356,hub_out,RD-108,2026-07-08 02:25:53,
712,PC-100356,delivered,RD-108,2026-07-08 19:49:36,
713,PC-100357,hub_out,RD-102,2026-07-07 13:33:40,
714,PC-100357,delivered,RD-102,2026-07-08 19:10:21,
715,PC-100358,hub_out,RD-102,2026-07-07 18:34:01,
716,PC-100358,delivered,RD-102,2026-07-08 11:26:46,
717,PC-100359,hub_out,RD-105,2026-07-07 07:57:57,
718,PC-100359,delivered,RD-105,2026-07-08 16:50:37,
719,PC-100360,hub_out,RD-105,2026-07-07 20:38:31,
720,PC-100360,delivered,RD-105,2026-07-08 12:13:01,
721,PC-100361,hub_out,RD-108,2026-07-07 08:59:14,
722,PC-100361,delivered,RD-108,2026-07-08 13:25:09,
723,PC-100362,hub_out,RD-105,2026-07-07 22:25:41,
724,PC-100362,delivered,RD-105,2026-07-08 12:19:09,
725,PC-100363,hub_out,RD-102,2026-07-07 17:41:05,
726,PC-100363,delivered,RD-102,2026-07-08 13:26:46,
727,PC-100364,hub_out,RD-114,2026-07-06 23:37:45,
728,PC-100364,delivered,RD-114,2026-07-08 09:33:50,
729,PC-100365,hub_out,RD-102,2026-07-07 23:59:16,
730,PC-100365,delivered,RD-102,2026-07-08 16:51:39,
731,PC-100366,hub_out,RD-114,2026-07-07 20:56:30,
732,PC-100366,delivered,RD-114,2026-07-08 17:51:49,
733,PC-100367,hub_out,RD-108,2026-07-08 03:40:10,
734,PC-100367,delivered,RD-108,2026-07-08 16:49:03,
735,PC-100368,hub_out,RD-114,2026-07-06 19:05:06,
736,PC-100368,delivered,RD-114,2026-07-08 13:06:06,
737,PC-100369,hub_out,RD-102,2026-07-07 21:19:31,
738,PC-100369,delivered,RD-102,2026-07-08 19:22:17,
739,PC-100370,hub_out,RD-102,2026-07-07 10:23:51,
740,PC-100370,delivered,RD-102,2026-07-08 18:39:45,
741,PC-100371,hub_out,RD-108,2026-07-07 21:59:09,
742,PC-100371,delivered,RD-108,2026-07-08 15:45:06,
743,PC-100372,hub_out,RD-102,2026-07-07 10:20:14,
744,PC-100372,delivered,RD-102,2026-07-08 14:01:50,
745,PC-100373,hub_out,RD-114,2026-07-07 02:28:13,
746,PC-100373,delivered,RD-114,2026-07-08 10:34:29,
747,PC-100374,hub_out,RD-105,2026-07-07 10:31:21,
748,PC-100374,delivered,RD-105,2026-07-08 15:51:26,
749,PC-100375,hub_out,RD-103,2026-07-07 03:11:22,
750,PC-100375,delivered,RD-103,2026-07-08 17:18:05,
751,PC-100376,hub_out,RD-131,2026-07-07 15:59:18,
752,PC-100376,delivered,RD-131,2026-07-08 14:24:18,
753,PC-100377,hub_out,RD-101,2026-07-07 10:03:21,
754,PC-100377,delivered,RD-101,2026-07-08 11:25:05,
755,PC-100378,hub_out,RD-103,2026-07-07 03:17:01,
756,PC-100378,delivered,RD-103,2026-07-08 16:03:08,
757,PC-100379,hub_out,RD-131,2026-07-07 04:48:13,
758,PC-100379,delivered,RD-131,2026-07-08 18:38:50,
759,PC-100380,hub_out,RD-105,2026-07-07 00:19:59,
760,PC-100380,delivered,RD-105,2026-07-08 13:57:50,
761,PC-100381,hub_out,RD-101,2026-07-07 22:30:28,
762,PC-100381,delivered,RD-101,2026-07-08 12:21:21,
763,PC-100382,hub_out,RD-103,2026-07-07 05:01:12,
764,PC-100382,delivered,RD-103,2026-07-08 13:25:25,
765,PC-100383,hub_out,RD-108,2026-07-07 00:18:44,
766,PC-100383,delivered,RD-108,2026-07-08 11:30:47,
767,PC-100384,hub_out,RD-102,2026-07-07 12:54:11,
768,PC-100384,delivered,RD-102,2026-07-08 16:37:19,
769,PC-100385,hub_out,RD-105,2026-07-06 23:21:28,
770,PC-100385,delivered,RD-105,2026-07-08 11:48:54,
771,PC-100386,hub_out,RD-101,2026-07-08 05:47:12,
772,PC-100386,delivered,RD-101,2026-07-08 17:38:02,
773,PC-100387,hub_out,RD-102,2026-07-07 19:37:39,
774,PC-100387,delivered,RD-102,2026-07-08 19:23:46,
775,PC-100388,hub_out,RD-131,2026-07-07 04:06:57,
776,PC-100388,delivered,RD-131,2026-07-08 10:02:00,
777,PC-100389,hub_out,RD-107,2026-07-08 02:05:18,
778,PC-100389,delivered,RD-107,2026-07-08 14:37:36,
779,PC-100390,hub_out,RD-107,2026-07-06 18:09:24,
780,PC-100390,delivered,RD-107,2026-07-08 11:13:23,
781,PC-100391,hub_out,RD-114,2026-07-07 12:32:39,
782,PC-100391,delivered,RD-114,2026-07-08 09:59:55,
783,PC-100392,hub_out,RD-101,2026-07-07 23:45:24,
784,PC-100392,delivered,RD-101,2026-07-08 17:26:22,
785,PC-100393,hub_out,RD-103,2026-07-06 23:02:25,
786,PC-100393,delivered,RD-103,2026-07-08 14:30:53,
787,PC-100394,hub_out,RD-102,2026-07-06 16:56:59,
788,PC-100394,delivered,RD-102,2026-07-08 12:33:49,
789,PC-100395,hub_out,RD-108,2026-07-08 02:38:14,
790,PC-100395,delivered,RD-108,2026-07-08 19:27:43,
791,PC-100396,hub_out,RD-107,2026-07-07 08:52:33,
792,PC-100396,delivered,RD-107,2026-07-08 19:59:16,
793,PC-100397,hub_out,RD-101,2026-07-07 23:40:34,
794,PC-100397,delivered,RD-101,2026-07-08 10:57:36,
795,PC-100398,hub_out,RD-102,2026-07-07 14:16:48,
796,PC-100398,delivered,RD-102,2026-07-08 12:14:00,
797,PC-100399,hub_out,RD-105,2026-07-08 07:08:44,
798,PC-100399,delivered,RD-105,2026-07-08 19:06:11,
799,PC-100400,hub_out,RD-114,2026-07-08 02:30:03,
800,PC-100400,delivered,RD-114,2026-07-08 18:53:32,
801,PC-100401,hub_out,RD-103,2026-07-07 12:36:57,
802,PC-100401,delivered,RD-103,2026-07-08 12:53:47,
803,PC-100402,hub_out,RD-114,2026-07-07 19:40:59,
804,PC-100402,delivered,RD-114,2026-07-08 16:51:53,
805,PC-100403,hub_out,RD-114,2026-07-06 22:29:56,
806,PC-100403,delivered,RD-114,2026-07-08 15:59:07,
807,PC-100404,hub_out,RD-101,2026-07-07 10:31:17,
808,PC-100404,delivered,RD-101,2026-07-08 10:33:20,
809,PC-100405,hub_out,RD-107,2026-07-07 21:51:19,
810,PC-100405,delivered,RD-107,2026-07-08 16:28:34,
811,PC-100406,hub_out,RD-108,2026-07-08 01:59:38,
812,PC-100406,delivered,RD-108,2026-07-08 16:42:36,
813,PC-100407,hub_out,RD-103,2026-07-07 16:58:53,
814,PC-100407,delivered,RD-103,2026-07-08 19:49:46,
815,PC-100408,hub_out,RD-101,2026-07-07 23:39:43,
816,PC-100408,delivered,RD-101,2026-07-08 18:08:58,
817,PC-100409,hub_out,RD-131,2026-07-07 23:16:47,
818,PC-100409,delivered,RD-131,2026-07-08 16:13:19,
819,PC-100410,hub_out,RD-108,2026-07-06 19:30:25,
820,PC-100410,delivered,RD-108,2026-07-08 10:58:25,
821,PC-100411,hub_out,RD-107,2026-07-08 06:18:44,
822,PC-100411,delivered,RD-107,2026-07-08 17:33:36,
823,PC-100412,hub_out,RD-102,2026-07-07 14:13:32,
824,PC-100412,delivered,RD-102,2026-07-08 10:43:23,
825,PC-100413,hub_out,RD-105,2026-07-07 11:55:31,
826,PC-100413,delivered,RD-105,2026-07-08 13:31:16,
827,PC-100414,hub_out,RD-107,2026-07-07 21:59:53,
828,PC-100414,delivered,RD-107,2026-07-08 15:58:21,
829,PC-100415,hub_out,RD-107,2026-07-07 06:04:38,
830,PC-100415,delivered,RD-107,2026-07-08 13:08:20,
831,PC-100416,hub_out,RD-105,2026-07-07 02:58:15,
832,PC-100416,delivered,RD-105,2026-07-08 16:55:34,
833,PC-100417,hub_out,RD-103,2026-07-07 11:55:23,
834,PC-100417,delivered,RD-103,2026-07-08 16:46:30,
835,PC-100418,hub_out,RD-102,2026-07-07 03:43:12,
836,PC-100418,delivered,RD-102,2026-07-08 10:28:37,
837,PC-100419,hub_out,RD-108,2026-07-06 23:26:44,
838,PC-100419,delivered,RD-108,2026-07-08 15:38:56,
839,PC-100420,hub_out,RD-108,2026-07-07 14:45:02,
840,PC-100420,delivered,RD-108,2026-07-08 16:29:46,
841,PC-100421,hub_out,RD-114,2026-07-07 07:00:13,
842,PC-100421,delivered,RD-114,2026-07-08 17:51:18,
843,PC-100422,hub_out,RD-103,2026-07-07 13:31:41,
844,PC-100422,delivered,RD-103,2026-07-08 15:12:14,
845,PC-100423,hub_out,RD-114,2026-07-07 16:39:40,
846,PC-100423,delivered,RD-114,2026-07-08 19:18:25,
847,PC-100424,hub_out,RD-107,2026-07-07 07:03:18,
848,PC-100424,delivered,RD-107,2026-07-08 09:49:43,
849,PC-100425,hub_out,RD-114,2026-07-07 11:40:56,
850,PC-100425,delivered,RD-114,2026-07-08 14:16:23,
851,PC-100426,hub_out,RD-102,2026-07-07 15:50:41,
852,PC-100426,delivered,RD-102,2026-07-08 16:20:49,
853,PC-100427,hub_out,RD-102,2026-07-07 06:21:52,
854,PC-100427,delivered,RD-102,2026-07-08 10:57:39,
855,PC-100428,hub_out,RD-131,2026-07-07 10:32:49,
856,PC-100428,delivered,RD-131,2026-07-08 13:21:27,
857,PC-100429,hub_out,RD-105,2026-07-07 16:37:24,
858,PC-100429,delivered,RD-105,2026-07-08 17:39:28,
859,PC-100430,hub_out,RD-114,2026-07-07 10:53:47,
860,PC-100430,delivered,RD-114,2026-07-08 11:58:00,
861,PC-100431,hub_out,RD-102,2026-07-07 15:18:53,
862,PC-100431,delivered,RD-102,2026-07-08 18:13:19,
863,PC-100432,hub_out,RD-102,2026-07-07 09:48:38,
864,PC-100432,delivered,RD-102,2026-07-08 14:19:03,
865,PC-100433,hub_out,RD-108,2026-07-07 17:12:38,
866,PC-100433,delivered,RD-108,2026-07-08 19:51:33,
867,PC-100434,hub_out,RD-105,2026-07-07 17:51:27,
868,PC-100434,delivered,RD-105,2026-07-08 18:57:10,
869,PC-100435,hub_out,RD-107,2026-07-07 15:15:35,
870,PC-100435,delivered,RD-107,2026-07-08 16:58:40,
871,PC-100436,hub_out,RD-107,2026-07-07 07:34:59,
872,PC-100436,delivered,RD-107,2026-07-08 10:50:54,
873,PC-100437,hub_out,RD-101,2026-07-07 20:12:02,
874,PC-100437,failed_attempt,RD-101,2026-07-08 11:07:31,customer unreachable
875,PC-100438,hub_out,RD-105,2026-07-07 14:10:38,
876,PC-100438,failed_attempt,RD-105,2026-07-08 14:37:19,address not found
877,PC-100439,hub_out,RD-114,2026-07-07 15:30:09,
878,PC-100439,failed_attempt,RD-114,2026-07-08 18:11:40,customer refused
879,PC-100440,hub_out,RD-105,2026-07-07 16:20:38,
880,PC-100440,failed_attempt,RD-105,2026-07-08 16:39:20,customer unreachable
881,PC-100441,hub_out,RD-103,2026-07-08 09:10:02,
882,PC-100441,failed_attempt,RD-103,2026-07-08 19:30:26,customer refused
883,PC-100442,hub_out,RD-114,2026-07-08 06:05:59,
884,PC-100442,failed_attempt,RD-114,2026-07-08 18:21:14,customer unreachable
885,PC-100443,hub_out,RD-107,2026-07-07 17:34:55,
886,PC-100443,failed_attempt,RD-107,2026-07-08 14:59:28,address not found
887,PC-100444,hub_out,RD-114,2026-07-07 16:44:56,
888,PC-100444,failed_attempt,RD-114,2026-07-08 15:16:54,customer unreachable
889,PC-100445,hub_out,RD-103,2026-07-08 03:54:56,
890,PC-100445,failed_attempt,RD-103,2026-07-08 16:35:25,customer refused
891,PC-100446,hub_out,RD-108,2026-07-08 01:21:17,
892,PC-100446,failed_attempt,RD-108,2026-07-08 15:19:41,address not found
893,PC-100447,hub_out,RD-101,2026-07-07 22:26:33,
894,PC-100447,failed_attempt,RD-101,2026-07-08 10:37:04,customer unreachable
895,PC-100448,hub_out,RD-131,2026-07-07 22:31:34,
896,PC-100448,failed_attempt,RD-131,2026-07-08 14:35:43,customer unreachable
897,PC-100449,hub_out,RD-108,2026-07-07 01:29:18,
898,PC-100449,delivered,RD-108,2026-07-08 11:49:06,
899,PC-100450,hub_out,RD-103,2026-07-07 05:46:24,
900,PC-100450,delivered,RD-103,2026-07-08 16:26:42,
901,PC-100451,hub_out,RD-105,2026-07-06 23:58:52,
902,PC-100451,delivered,RD-105,2026-07-08 13:44:19,
903,PC-100452,hub_out,RD-103,2026-07-07 04:12:45,
904,PC-100452,delivered,RD-103,2026-07-08 13:28:24,
905,PC-100453,hub_out,RD-105,2026-07-06 16:02:39,
906,PC-100453,delivered,RD-105,2026-07-08 18:11:58,
907,PC-100454,hub_out,RD-108,2026-07-06 15:23:09,
908,PC-100454,delivered,RD-108,2026-07-08 18:27:56,
909,PC-100455,hub_out,RD-107,2026-07-07 10:24:47,
910,PC-100455,delivered,RD-107,2026-07-08 18:42:35,
911,PC-100456,hub_out,RD-107,2026-07-06 14:54:34,
912,PC-100456,delivered,RD-107,2026-07-08 15:56:17,
913,PC-100457,hub_out,RD-114,2026-07-06 23:54:12,
914,PC-100457,delivered,RD-114,2026-07-08 15:39:55,
915,PC-100458,hub_out,RD-107,2026-07-06 21:51:35,
916,PC-100458,delivered,RD-107,2026-07-08 14:30:03,
917,PC-100459,hub_out,RD-114,2026-07-06 05:35:49,
918,PC-100459,delivered,RD-114,2026-07-08 09:05:47,
919,PC-100460,hub_out,RD-131,2026-07-06 13:39:05,
920,PC-100460,delivered,RD-131,2026-07-08 11:35:01,
921,PC-100461,hub_out,RD-105,2026-07-06 15:28:05,
922,PC-100461,delivered,RD-105,2026-07-08 11:22:10,
923,PC-100462,hub_out,RD-102,2026-07-06 16:25:22,
924,PC-100462,delivered,RD-102,2026-07-08 18:04:49,
925,PC-100463,hub_out,RD-102,2026-07-06 02:14:40,
926,PC-100463,delivered,RD-102,2026-07-08 12:28:50,
927,PC-100464,hub_out,RD-131,2026-07-07 09:33:46,
928,PC-100464,delivered,RD-131,2026-07-08 17:25:51,
929,PC-100465,hub_out,RD-108,2026-07-06 20:03:13,
930,PC-100465,delivered,RD-108,2026-07-08 18:24:35,
931,PC-100466,hub_out,RD-102,2026-07-06 04:39:55,
932,PC-100466,delivered,RD-102,2026-07-08 11:37:45,
933,PC-100467,hub_out,RD-114,2026-07-07 07:12:38,
934,PC-100467,delivered,RD-114,2026-07-08 16:55:51,
935,PC-100468,hub_out,RD-102,2026-07-07 10:56:24,
936,PC-100468,delivered,RD-102,2026-07-08 13:50:57,
937,PC-100469,hub_out,RD-114,2026-07-06 01:40:17,
938,PC-100469,delivered,RD-114,2026-07-08 12:47:05,
939,PC-100470,hub_out,RD-105,2026-07-06 12:01:00,
940,PC-100470,delivered,RD-105,2026-07-08 11:08:32,
941,PC-100471,hub_out,RD-131,2026-07-06 19:09:18,
942,PC-100471,delivered,RD-131,2026-07-08 09:37:31,
943,PC-100472,hub_out,RD-102,2026-07-06 16:49:09,
944,PC-100472,delivered,RD-102,2026-07-08 11:11:52,
945,PC-100473,hub_out,RD-101,2026-07-07 11:08:25,
946,PC-100473,delivered,RD-101,2026-07-08 16:53:45,
947,PC-100474,hub_out,RD-114,2026-07-07 04:08:10,
948,PC-100474,delivered,RD-114,2026-07-08 17:54:27,
949,PC-100475,hub_out,RD-114,2026-07-07 02:37:00,
950,PC-100475,delivered,RD-114,2026-07-08 10:22:10,
951,PC-100476,hub_out,RD-114,2026-07-06 12:05:27,
952,PC-100476,delivered,RD-114,2026-07-08 18:27:11,
953,PC-100477,hub_out,RD-103,2026-07-07 09:08:36,
954,PC-100477,delivered,RD-103,2026-07-08 15:51:40,
955,PC-100478,hub_out,RD-107,2026-07-06 14:48:41,
956,PC-100478,delivered,RD-107,2026-07-08 09:40:02,
957,PC-100479,hub_out,RD-114,2026-07-06 14:45:41,
958,PC-100479,delivered,RD-114,2026-07-08 14:25:32,
959,PC-100480,hub_out,RD-114,2026-07-07 10:43:36,
960,PC-100480,delivered,RD-114,2026-07-08 16:19:33,
961,PC-100481,hub_out,RD-108,2026-07-06 11:39:52,
962,PC-100481,delivered,RD-108,2026-07-08 16:30:59,
963,PC-100482,hub_out,RD-103,2026-07-07 09:45:13,
964,PC-100482,delivered,RD-103,2026-07-08 16:33:11,
965,PC-100483,hub_out,RD-101,2026-07-06 09:24:09,
966,PC-100483,delivered,RD-101,2026-07-08 12:36:20,
967,PC-100484,hub_out,RD-102,2026-07-06 17:38:32,
968,PC-100484,delivered,RD-102,2026-07-08 12:17:33,
969,PC-100485,hub_out,RD-131,2026-07-06 08:23:25,
970,PC-100485,delivered,RD-131,2026-07-08 10:26:38,
971,PC-100486,hub_out,RD-101,2026-07-06 20:51:56,
972,PC-100486,delivered,RD-101,2026-07-08 17:06:21,
973,PC-100487,hub_out,RD-114,2026-07-06 10:27:59,
974,PC-100487,delivered,RD-114,2026-07-08 10:35:50,
975,PC-100488,hub_out,RD-101,2026-07-07 01:43:42,
976,PC-100488,delivered,RD-101,2026-07-08 14:59:23,
977,PC-100489,hub_out,RD-107,2026-07-06 14:22:16,
978,PC-100489,delivered,RD-107,2026-07-08 15:56:24,
979,PC-100490,hub_out,RD-101,2026-07-07 08:48:06,
980,PC-100490,delivered,RD-101,2026-07-08 14:06:35,
981,PC-100491,hub_out,RD-101,2026-07-06 14:37:09,
982,PC-100491,delivered,RD-101,2026-07-08 13:48:22,
983,PC-100492,hub_out,RD-131,2026-07-07 01:27:38,
984,PC-100492,delivered,RD-131,2026-07-08 13:05:56,
985,PC-100493,hub_out,RD-101,2026-07-07 03:59:32,
986,PC-100493,delivered,RD-101,2026-07-08 11:13:22,
987,PC-100494,hub_out,RD-102,2026-07-06 10:53:35,
988,PC-100494,delivered,RD-102,2026-07-08 16:41:03,
989,PC-100495,hub_out,RD-102,2026-07-07 09:10:06,
990,PC-100495,delivered,RD-102,2026-07-08 14:44:09,
991,PC-100496,hub_out,RD-114,2026-07-07 05:48:05,
992,PC-100496,delivered,RD-114,2026-07-08 16:04:38,
993,PC-100497,hub_out,RD-101,2026-07-06 19:52:39,
994,PC-100497,delivered,RD-101,2026-07-08 17:26:05,
995,PC-100498,hub_out,RD-103,2026-07-06 10:18:55,
996,PC-100498,delivered,RD-103,2026-07-08 11:10:10,
997,PC-100499,hub_out,RD-131,2026-07-07 06:26:00,
998,PC-100499,delivered,RD-131,2026-07-08 14:56:21,
999,PC-100500,hub_out,RD-114,2026-07-06 15:41:43,
1000,PC-100500,delivered,RD-114,2026-07-08 14:56:03,
1001,PC-100501,hub_out,RD-103,2026-07-06 10:25:45,
1002,PC-100501,delivered,RD-103,2026-07-08 10:13:48,
1003,PC-100502,hub_out,RD-102,2026-07-06 07:54:24,
1004,PC-100502,delivered,RD-102,2026-07-08 11:44:21,
1005,PC-100503,hub_out,RD-114,2026-07-07 09:50:33,
1006,PC-100503,delivered,RD-114,2026-07-08 15:10:09,
1007,PC-100504,hub_out,RD-103,2026-07-07 12:57:43,
1008,PC-100504,delivered,RD-103,2026-07-08 19:55:06,
1009,PC-100505,hub_out,RD-114,2026-07-07 03:21:22,
1010,PC-100505,delivered,RD-114,2026-07-08 15:09:46,
1011,PC-100506,hub_out,RD-103,2026-07-06 23:55:14,
1012,PC-100506,delivered,RD-103,2026-07-08 13:50:29,
1013,PC-100507,hub_out,RD-105,2026-07-06 06:13:13,
1014,PC-100507,delivered,RD-105,2026-07-08 15:03:48,
1015,PC-100508,hub_out,RD-102,2026-07-06 05:59:14,
1016,PC-100508,delivered,RD-102,2026-07-08 14:21:01,
1017,PC-100509,hub_out,RD-101,2026-07-06 09:53:35,
1018,PC-100509,delivered,RD-101,2026-07-08 10:42:50,
1019,PC-100510,hub_out,RD-131,2026-07-06 14:26:16,
1020,PC-100510,delivered,RD-131,2026-07-08 14:00:31,
1021,PC-100511,hub_out,RD-131,2026-07-07 01:11:35,
1022,PC-100511,delivered,RD-131,2026-07-08 19:35:46,
1023,PC-100512,hub_out,RD-114,2026-07-07 02:43:22,
1024,PC-100512,delivered,RD-114,2026-07-08 16:21:39,
1025,PC-100513,hub_out,RD-107,2026-07-07 11:58:52,
1026,PC-100513,delivered,RD-107,2026-07-08 16:45:02,
1027,PC-100514,hub_out,RD-114,2026-07-06 08:02:14,
1028,PC-100514,delivered,RD-114,2026-07-08 09:51:38,
1029,PC-100515,hub_out,RD-101,2026-07-06 23:07:55,
1030,PC-100515,delivered,RD-101,2026-07-08 16:32:43,
1031,PC-100516,hub_out,RD-102,2026-07-06 18:38:29,
1032,PC-100516,delivered,RD-102,2026-07-08 18:13:06,
1033,PC-100517,hub_out,RD-101,2026-07-06 15:51:34,
1034,PC-100517,delivered,RD-101,2026-07-08 17:43:29,
1035,PC-100518,hub_out,RD-107,2026-07-06 01:27:07,
1036,PC-100518,delivered,RD-107,2026-07-08 11:29:25,
1037,PC-100519,hub_out,RD-107,2026-07-06 16:28:58,
1038,PC-100519,delivered,RD-107,2026-07-08 13:20:04,
1039,PC-100520,hub_out,RD-114,2026-07-06 04:24:15,
1040,PC-100520,delivered,RD-114,2026-07-08 12:53:57,
1041,PC-100521,hub_out,RD-131,2026-07-06 16:12:10,
1042,PC-100521,delivered,RD-131,2026-07-08 12:57:53,
1043,PC-100522,hub_out,RD-103,2026-07-06 12:26:45,
1044,PC-100522,delivered,RD-103,2026-07-08 11:24:33,
1045,PC-100523,hub_out,RD-107,2026-07-07 04:10:19,
1046,PC-100523,delivered,RD-107,2026-07-08 13:33:23,
1047,PC-100524,hub_out,RD-108,2026-07-06 13:52:23,
1048,PC-100524,delivered,RD-108,2026-07-08 15:52:09,
1049,PC-100525,hub_out,RD-107,2026-07-07 08:14:07,
1050,PC-100525,delivered,RD-107,2026-07-08 15:47:21,
1051,PC-100526,hub_out,RD-107,2026-07-06 23:00:09,
1052,PC-100526,delivered,RD-107,2026-07-08 09:00:33,
1053,PC-100527,hub_out,RD-107,2026-07-06 19:06:03,
1054,PC-100527,delivered,RD-107,2026-07-08 13:14:20,
1055,PC-100528,hub_out,RD-105,2026-07-06 13:39:47,
1056,PC-100528,delivered,RD-105,2026-07-08 13:34:11,
1057,PC-100529,hub_out,RD-105,2026-07-06 18:11:45,
1058,PC-100529,delivered,RD-105,2026-07-08 13:49:25,
1059,PC-100530,hub_out,RD-108,2026-07-06 13:56:23,
1060,PC-100530,delivered,RD-108,2026-07-08 11:49:17,
1061,PC-100531,hub_out,RD-107,2026-07-07 10:01:53,
1062,PC-100531,delivered,RD-107,2026-07-08 15:28:55,
1063,PC-100532,hub_out,RD-101,2026-07-07 02:41:21,
1064,PC-100532,delivered,RD-101,2026-07-08 11:04:39,
1065,PC-100533,hub_out,RD-107,2026-07-06 23:19:25,
1066,PC-100533,delivered,RD-107,2026-07-08 13:39:53,
1067,PC-100534,hub_out,RD-103,2026-07-06 22:38:15,
1068,PC-100534,delivered,RD-103,2026-07-08 13:00:06,
1069,PC-100535,hub_out,RD-108,2026-07-06 06:31:41,
1070,PC-100535,delivered,RD-108,2026-07-08 13:15:24,
1071,PC-100536,hub_out,RD-102,2026-07-07 10:17:13,
1072,PC-100536,delivered,RD-102,2026-07-08 12:26:20,
1073,PC-100537,hub_out,RD-114,2026-07-06 22:21:29,
1074,PC-100537,delivered,RD-114,2026-07-08 13:15:08,
1075,PC-100538,hub_out,RD-108,2026-07-07 13:31:27,
1076,PC-100538,delivered,RD-108,2026-07-08 16:23:54,
1077,PC-100539,hub_out,RD-105,2026-07-06 17:43:31,
1078,PC-100539,delivered,RD-105,2026-07-08 10:36:35,
1079,PC-100540,hub_out,RD-131,2026-07-07 06:21:17,
1080,PC-100540,delivered,RD-131,2026-07-08 11:32:57,
1081,PC-100541,hub_out,RD-103,2026-07-06 04:44:18,
1082,PC-100541,delivered,RD-103,2026-07-08 12:59:24,
1083,PC-100542,hub_out,RD-108,2026-07-07 08:38:26,
1084,PC-100542,delivered,RD-108,2026-07-08 09:45:11,
1085,PC-100543,hub_out,RD-102,2026-07-07 00:06:18,
1086,PC-100543,delivered,RD-102,2026-07-08 15:19:30,
1087,PC-100544,hub_out,RD-107,2026-07-06 06:19:42,
1088,PC-100544,delivered,RD-107,2026-07-08 12:20:48,
1089,PC-100545,hub_out,RD-114,2026-07-06 22:44:15,
1090,PC-100545,delivered,RD-114,2026-07-08 12:14:29,
1091,PC-100546,hub_out,RD-103,2026-07-06 19:25:07,
1092,PC-100546,delivered,RD-103,2026-07-08 15:31:34,
1093,PC-100547,hub_out,RD-101,2026-07-07 08:03:50,
1094,PC-100547,delivered,RD-101,2026-07-08 12:13:49,
1095,PC-100548,hub_out,RD-103,2026-07-06 12:12:57,
1096,PC-100548,delivered,RD-103,2026-07-08 10:23:46,
1097,PC-100549,hub_out,RD-114,2026-07-07 01:55:59,
1098,PC-100549,delivered,RD-114,2026-07-08 13:22:11,
1099,PC-100550,hub_out,RD-131,2026-07-07 15:08:22,
1100,PC-100550,delivered,RD-131,2026-07-08 16:49:15,
1101,PC-100551,hub_out,RD-103,2026-07-06 19:44:54,
1102,PC-100551,delivered,RD-103,2026-07-08 11:59:25,
1103,PC-100552,hub_out,RD-107,2026-07-07 13:12:05,
1104,PC-100552,delivered,RD-107,2026-07-08 15:13:33,
1105,PC-100553,hub_out,RD-114,2026-07-07 16:36:53,
1106,PC-100553,delivered,RD-114,2026-07-08 18:48:11,
1107,PC-100554,hub_out,RD-102,2026-07-07 10:20:56,
1108,PC-100554,delivered,RD-102,2026-07-08 10:35:55,
1109,PC-100555,hub_out,RD-105,2026-07-06 10:36:38,
1110,PC-100555,delivered,RD-105,2026-07-08 10:07:16,
1111,PC-100556,hub_out,RD-103,2026-07-06 22:40:52,
1112,PC-100556,delivered,RD-103,2026-07-08 18:32:39,
1113,PC-100557,hub_out,RD-108,2026-07-06 10:05:47,
1114,PC-100557,delivered,RD-108,2026-07-08 12:45:18,
1115,PC-100558,hub_out,RD-131,2026-07-06 04:42:48,
1116,PC-100558,delivered,RD-131,2026-07-08 09:27:39,
1117,PC-100559,hub_out,RD-102,2026-07-07 01:30:02,
1118,PC-100559,delivered,RD-102,2026-07-08 09:32:06,
1119,PC-100560,hub_out,RD-114,2026-07-06 05:23:19,
1120,PC-100560,delivered,RD-114,2026-07-08 12:32:13,
1121,PC-100561,hub_out,RD-107,2026-07-07 01:06:34,
1122,PC-100561,delivered,RD-107,2026-07-08 19:48:08,
1123,PC-100562,hub_out,RD-107,2026-07-07 02:40:38,
1124,PC-100562,delivered,RD-107,2026-07-08 14:12:17,
1125,PC-100563,hub_out,RD-114,2026-07-06 20:34:51,
1126,PC-100563,delivered,RD-114,2026-07-08 09:42:58,
1127,PC-100564,hub_out,RD-101,2026-07-06 02:56:46,
1128,PC-100564,delivered,RD-101,2026-07-08 11:36:28,
1129,PC-100565,hub_out,RD-102,2026-07-06 04:59:12,
1130,PC-100565,delivered,RD-102,2026-07-08 14:26:53,
1131,PC-100566,hub_out,RD-131,2026-07-06 10:46:57,
1132,PC-100566,delivered,RD-131,2026-07-08 13:26:40,
1133,PC-100567,hub_out,RD-101,2026-07-06 19:13:59,
1134,PC-100567,delivered,RD-101,2026-07-08 19:03:45,
1135,PC-100568,hub_out,RD-108,2026-07-06 21:34:02,
1136,PC-100568,delivered,RD-108,2026-07-08 10:54:32,
1137,PC-100569,hub_out,RD-105,2026-07-07 03:50:00,
1138,PC-100569,delivered,RD-105,2026-07-08 17:31:03,
1139,PC-100570,hub_out,RD-131,2026-07-06 10:41:31,
1140,PC-100570,delivered,RD-131,2026-07-08 19:48:51,
1141,PC-100571,hub_out,RD-108,2026-07-06 13:29:04,
1142,PC-100571,delivered,RD-108,2026-07-08 09:12:51,
1143,PC-100572,hub_out,RD-131,2026-07-07 04:23:11,
1144,PC-100572,delivered,RD-131,2026-07-08 15:42:08,
1145,PC-100573,hub_out,RD-114,2026-07-07 14:06:13,
1146,PC-100573,delivered,RD-114,2026-07-08 14:54:13,
1147,PC-100574,hub_out,RD-101,2026-07-07 15:45:21,
1148,PC-100574,delivered,RD-101,2026-07-08 15:42:49,
1149,PC-100575,hub_out,RD-131,2026-07-07 11:49:05,
1150,PC-100575,delivered,RD-131,2026-07-08 12:10:24,
1151,PC-100576,hub_out,RD-102,2026-07-07 06:32:29,
1152,PC-100576,delivered,RD-102,2026-07-08 14:01:30,
1153,PC-100577,hub_out,RD-103,2026-07-07 16:02:38,
1154,PC-100577,delivered,RD-103,2026-07-08 18:50:24,
1155,PC-100578,hub_out,RD-108,2026-07-07 19:25:02,
1156,PC-100578,delivered,RD-108,2026-07-08 18:37:12,
1157,PC-100579,hub_out,RD-114,2026-07-07 11:32:58,
1158,PC-100579,delivered,RD-114,2026-07-08 14:21:00,
1159,PC-100580,hub_out,RD-105,2026-07-07 17:40:31,
1160,PC-100580,delivered,RD-105,2026-07-08 19:33:59,
1161,PC-100581,hub_out,RD-108,2026-07-07 09:47:15,
1162,PC-100581,delivered,RD-108,2026-07-08 10:33:49,
1163,PC-100582,hub_out,RD-107,2026-07-07 13:30:58,
1164,PC-100582,delivered,RD-107,2026-07-08 15:53:22,
1165,PC-100583,hub_out,RD-131,2026-07-07 18:04:14,
1166,PC-100583,delivered,RD-131,2026-07-08 18:25:35,
1167,PC-100584,hub_out,RD-108,2026-07-07 14:24:22,
1168,PC-100584,delivered,RD-108,2026-07-08 17:03:41,
1169,PC-100585,hub_out,RD-102,2026-07-07 10:27:24,
1170,PC-100585,delivered,RD-102,2026-07-08 12:34:02,
1171,PC-100586,hub_out,RD-101,2026-07-07 12:45:41,
1172,PC-100586,delivered,RD-101,2026-07-08 13:40:01,
1173,PC-100587,hub_out,RD-103,2026-07-07 19:41:56,
1174,PC-100587,delivered,RD-103,2026-07-08 18:22:17,
1175,PC-100588,hub_out,RD-102,2026-07-07 16:33:11,
1176,PC-100588,delivered,RD-102,2026-07-08 15:12:09,
1177,PC-100589,hub_out,RD-114,2026-07-07 14:21:07,
1178,PC-100589,delivered,RD-114,2026-07-08 15:20:54,
1179,PC-100590,hub_out,RD-102,2026-07-07 08:05:35,
1180,PC-100590,delivered,RD-102,2026-07-08 10:23:02,
1181,PC-100591,hub_out,RD-101,2026-07-07 14:40:55,
1182,PC-100591,delivered,RD-101,2026-07-08 17:32:16,
1183,PC-100592,hub_out,RD-108,2026-07-07 09:08:25,
1184,PC-100592,delivered,RD-108,2026-07-08 14:50:43,
1185,PC-100593,hub_out,RD-102,2026-07-07 10:10:34,
1186,PC-100593,delivered,RD-102,2026-07-08 11:41:29,
1187,PC-100594,hub_out,RD-107,2026-07-07 12:08:53,
1188,PC-100594,delivered,RD-107,2026-07-08 12:45:09,
1189,PC-100595,hub_out,RD-102,2026-07-07 14:31:37,
1190,PC-100595,delivered,RD-102,2026-07-08 14:22:48,
1191,PC-100596,hub_out,RD-114,2026-07-07 09:09:20,
1192,PC-100596,delivered,RD-114,2026-07-08 12:21:56,
1193,PC-100597,hub_out,RD-114,2026-07-08 03:16:44,
1194,PC-100597,failed_attempt,RD-114,2026-07-08 14:29:20,address not found
1195,PC-100598,hub_out,RD-103,2026-07-08 02:40:20,
1196,PC-100598,failed_attempt,RD-103,2026-07-08 18:32:26,customer unreachable
1197,PC-100599,hub_out,RD-102,2026-07-07 21:58:51,
1198,PC-100599,failed_attempt,RD-102,2026-07-08 17:57:09,customer unreachable
1199,PC-100600,hub_out,RD-131,2026-07-07 17:30:42,
1200,PC-100600,failed_attempt,RD-131,2026-07-08 15:04:03,cod not ready
1201,PC-100601,hub_out,RD-101,2026-07-07 20:38:58,
1202,PC-100601,failed_attempt,RD-101,2026-07-08 13:27:30,address not found
1203,PC-100602,hub_out,RD-105,2026-07-08 00:51:50,
1204,PC-100602,failed_attempt,RD-105,2026-07-08 10:19:17,address not found
1205,PC-100603,hub_out,RD-103,2026-07-08 04:37:36,
1206,PC-100603,failed_attempt,RD-103,2026-07-08 18:25:12,customer unreachable
1207,PC-100604,hub_out,RD-101,2026-07-08 01:47:48,
1208,PC-100604,failed_attempt,RD-101,2026-07-08 14:22:19,customer unreachable
1209,PC-100605,hub_out,RD-105,2026-07-08 06:11:49,
1210,PC-100605,failed_attempt,RD-105,2026-07-08 18:48:08,customer unreachable
1211,PC-100606,hub_out,RD-102,2026-07-07 15:48:34,
1212,PC-100606,failed_attempt,RD-102,2026-07-08 16:48:49,customer unreachable
1213,PC-100607,hub_out,RD-107,2026-07-08 02:24:49,
1214,PC-100607,failed_attempt,RD-107,2026-07-08 16:54:36,cod not ready
1215,PC-100608,hub_out,RD-103,2026-07-08 04:39:48,
1216,PC-100608,failed_attempt,RD-103,2026-07-08 13:43:27,cod not ready
1217,PC-100609,hub_out,RD-102,2026-07-07 23:35:52,
1218,PC-100609,failed_attempt,RD-102,2026-07-08 11:52:08,customer refused
1219,PC-100610,hub_out,RD-105,2026-07-07 17:17:23,
1220,PC-100610,failed_attempt,RD-105,2026-07-08 17:35:23,customer unreachable
1221,PC-100611,hub_out,RD-107,2026-07-07 12:10:16,
1222,PC-100611,failed_attempt,RD-107,2026-07-08 14:14:10,shop closed
1223,PC-100612,hub_out,RD-103,2026-07-07 17:18:45,
1224,PC-100612,failed_attempt,RD-103,2026-07-08 15:35:56,customer unreachable
1225,PC-100613,hub_out,RD-107,2026-07-07 09:13:27,
1226,PC-100613,failed_attempt,RD-107,2026-07-08 10:55:05,cod not ready
1227,PC-100614,hub_out,RD-103,2026-07-08 00:57:42,
1228,PC-100614,failed_attempt,RD-103,2026-07-08 19:15:26,address not found
1229,PC-100615,hub_out,RD-131,2026-07-07 11:37:39,
1230,PC-100615,failed_attempt,RD-131,2026-07-08 11:09:56,customer refused
1231,PC-100616,hub_out,RD-102,2026-07-07 23:00:16,
1232,PC-100616,failed_attempt,RD-102,2026-07-08 16:31:03,customer unreachable
1233,PC-100617,hub_out,RD-107,2026-07-07 23:34:46,
1234,PC-100617,failed_attempt,RD-107,2026-07-08 11:41:26,customer unreachable
1235,PC-100618,hub_out,RD-105,2026-07-07 12:43:56,
1236,PC-100618,failed_attempt,RD-105,2026-07-08 12:45:18,address not found
1237,PC-100619,hub_out,RD-101,2026-07-07 10:51:00,
1238,PC-100619,failed_attempt,RD-101,2026-07-08 12:58:36,customer refused
1239,PC-100620,hub_out,RD-107,2026-07-07 20:52:36,
1240,PC-100620,failed_attempt,RD-107,2026-07-08 12:46:02,customer unreachable
1241,PC-100621,hub_out,RD-105,2026-07-07 22:50:20,
1242,PC-100621,failed_attempt,RD-105,2026-07-08 16:55:15,customer unreachable
1243,PC-100622,hub_out,RD-114,2026-07-07 10:17:21,
1244,PC-100622,failed_attempt,RD-114,2026-07-08 11:41:21,shop closed
1245,PC-100623,hub_out,RD-103,2026-07-02 10:20:11,
1246,PC-100623,delivered,RD-103,2026-07-04 15:59:29,
1247,PC-100624,hub_out,RD-107,2026-07-02 17:56:10,
1248,PC-100624,delivered,RD-107,2026-07-04 09:50:22,
1249,PC-100625,hub_out,RD-131,2026-07-03 03:39:13,
1250,PC-100625,delivered,RD-131,2026-07-04 15:06:18,
1251,PC-100626,hub_out,RD-103,2026-07-02 04:48:44,
1252,PC-100626,delivered,RD-103,2026-07-04 11:32:05,
1253,PC-100627,hub_out,RD-103,2026-07-02 08:26:10,
1254,PC-100627,delivered,RD-103,2026-07-04 11:44:07,
1255,PC-100628,hub_out,RD-105,2026-07-02 13:25:26,
1256,PC-100628,delivered,RD-105,2026-07-04 14:21:56,
1257,PC-100629,hub_out,RD-102,2026-07-03 07:39:52,
1258,PC-100629,delivered,RD-102,2026-07-04 09:51:58,
1259,PC-100630,hub_out,RD-105,2026-07-03 06:19:06,
1260,PC-100630,delivered,RD-105,2026-07-04 13:36:41,
1261,PC-100631,hub_out,RD-101,2026-07-02 16:04:28,
1262,PC-100631,delivered,RD-101,2026-07-04 17:11:08,
1263,PC-100632,hub_out,RD-105,2026-07-03 18:06:58,
1264,PC-100632,delivered,RD-105,2026-07-04 13:52:43,
1265,PC-100633,hub_out,RD-105,2026-07-02 23:17:43,
1266,PC-100633,delivered,RD-105,2026-07-04 15:56:30,
1267,PC-100634,hub_out,RD-102,2026-07-02 22:32:27,
1268,PC-100634,delivered,RD-102,2026-07-04 14:56:48,
1269,PC-100635,hub_out,RD-103,2026-07-02 07:37:04,
1270,PC-100635,delivered,RD-103,2026-07-04 09:20:07,
1271,PC-100636,hub_out,RD-102,2026-07-03 13:20:07,
1272,PC-100636,delivered,RD-102,2026-07-04 16:16:10,
1273,PC-100637,hub_out,RD-108,2026-07-02 17:59:28,
1274,PC-100637,delivered,RD-108,2026-07-04 19:16:19,
1275,PC-100638,hub_out,RD-107,2026-07-02 08:46:55,
1276,PC-100638,delivered,RD-107,2026-07-04 14:57:34,
1277,PC-100639,hub_out,RD-103,2026-07-02 02:35:29,
1278,PC-100639,delivered,RD-103,2026-07-04 15:33:10,
1279,PC-100640,hub_out,RD-108,2026-07-02 15:31:43,
1280,PC-100640,delivered,RD-108,2026-07-04 16:42:19,
1281,PC-100641,hub_out,RD-102,2026-07-02 17:06:02,
1282,PC-100641,delivered,RD-102,2026-07-04 19:10:29,
1283,PC-100642,hub_out,RD-114,2026-07-02 21:58:42,
1284,PC-100642,delivered,RD-114,2026-07-04 14:24:10,
1285,PC-100643,hub_out,RD-114,2026-07-03 03:20:27,
1286,PC-100643,delivered,RD-114,2026-07-04 10:37:46,
1287,PC-100644,hub_out,RD-114,2026-07-02 18:19:53,
1288,PC-100644,delivered,RD-114,2026-07-04 10:09:04,
1289,PC-100645,hub_out,RD-105,2026-07-02 22:19:30,
1290,PC-100645,delivered,RD-105,2026-07-04 12:39:38,
1291,PC-100646,hub_out,RD-131,2026-07-03 06:00:35,
1292,PC-100646,delivered,RD-131,2026-07-04 17:08:53,
1293,PC-100647,hub_out,RD-131,2026-07-02 09:24:11,
1294,PC-100647,delivered,RD-131,2026-07-04 14:42:00,
1295,PC-100648,hub_out,RD-114,2026-07-02 03:22:44,
1296,PC-100648,delivered,RD-114,2026-07-04 14:23:59,
1297,PC-100649,hub_out,RD-114,2026-07-03 21:57:49,
1298,PC-100649,delivered,RD-114,2026-07-04 14:49:20,
1299,PC-100650,hub_out,RD-101,2026-07-03 00:20:09,
1300,PC-100650,delivered,RD-101,2026-07-04 12:58:19,
1301,PC-100651,hub_out,RD-131,2026-07-03 10:53:42,
1302,PC-100651,delivered,RD-131,2026-07-04 12:03:23,
1303,PC-100652,hub_out,RD-108,2026-07-02 09:54:15,
1304,PC-100652,delivered,RD-108,2026-07-04 13:41:41,
1305,PC-100653,hub_out,RD-108,2026-07-02 20:55:36,
1306,PC-100653,delivered,RD-108,2026-07-04 09:23:30,
1307,PC-100654,hub_out,RD-131,2026-07-02 01:44:07,
1308,PC-100654,delivered,RD-131,2026-07-04 10:33:19,
1309,PC-100655,hub_out,RD-103,2026-07-02 09:09:21,
1310,PC-100655,delivered,RD-103,2026-07-04 18:56:58,
1311,PC-100656,hub_out,RD-131,2026-07-03 15:26:57,
1312,PC-100656,delivered,RD-131,2026-07-04 19:40:58,
1313,PC-100657,hub_out,RD-102,2026-07-02 11:19:58,
1314,PC-100657,delivered,RD-102,2026-07-04 12:58:13,
1315,PC-100658,hub_out,RD-105,2026-07-02 08:40:43,
1316,PC-100658,delivered,RD-105,2026-07-04 19:49:53,
1317,PC-100659,hub_out,RD-102,2026-07-03 08:02:54,
1318,PC-100659,delivered,RD-102,2026-07-04 10:20:15,
1319,PC-100660,hub_out,RD-103,2026-07-02 21:20:32,
1320,PC-100660,delivered,RD-103,2026-07-04 19:40:33,
1321,PC-100661,hub_out,RD-108,2026-07-03 00:21:52,
1322,PC-100661,delivered,RD-108,2026-07-04 18:22:42,
1323,PC-100662,hub_out,RD-108,2026-07-02 11:54:06,
1324,PC-100662,delivered,RD-108,2026-07-04 10:13:43,
1325,PC-100663,hub_out,RD-131,2026-07-02 18:29:29,
1326,PC-100663,delivered,RD-131,2026-07-04 10:10:51,
1327,PC-100664,hub_out,RD-107,2026-07-03 13:45:52,
1328,PC-100664,delivered,RD-107,2026-07-04 10:36:32,
1329,PC-100665,hub_out,RD-107,2026-07-02 09:10:00,
1330,PC-100665,delivered,RD-107,2026-07-04 19:26:08,
1331,PC-100666,hub_out,RD-101,2026-07-02 07:43:17,
1332,PC-100666,delivered,RD-101,2026-07-04 09:10:34,
1333,PC-100667,hub_out,RD-114,2026-07-02 18:36:17,
1334,PC-100667,delivered,RD-114,2026-07-04 09:16:33,
1335,PC-100668,hub_out,RD-102,2026-07-02 13:49:04,
1336,PC-100668,delivered,RD-102,2026-07-04 16:46:01,
1337,PC-100669,hub_out,RD-108,2026-07-02 03:47:48,
1338,PC-100669,delivered,RD-108,2026-07-04 09:40:52,
1339,PC-100670,hub_out,RD-101,2026-07-03 06:56:33,
1340,PC-100670,delivered,RD-101,2026-07-04 15:24:22,
1341,PC-100671,hub_out,RD-105,2026-07-03 15:10:10,
1342,PC-100671,delivered,RD-105,2026-07-04 17:15:11,
1343,PC-100672,hub_out,RD-102,2026-07-02 10:52:48,
1344,PC-100672,delivered,RD-102,2026-07-04 15:30:08,
1345,PC-100673,hub_out,RD-101,2026-07-02 04:09:08,
1346,PC-100673,delivered,RD-101,2026-07-04 14:30:56,
1347,PC-100674,hub_out,RD-101,2026-07-02 21:39:34,
1348,PC-100674,delivered,RD-101,2026-07-04 09:57:19,
1349,PC-100675,hub_out,RD-131,2026-07-02 15:05:43,
1350,PC-100675,delivered,RD-131,2026-07-04 12:57:22,
1351,PC-100676,hub_out,RD-131,2026-07-03 12:09:31,
1352,PC-100676,delivered,RD-131,2026-07-04 11:42:08,
1353,PC-100677,hub_out,RD-102,2026-07-02 08:31:27,
1354,PC-100677,delivered,RD-102,2026-07-04 17:38:27,
1355,PC-100678,hub_out,RD-108,2026-07-02 10:45:59,
1356,PC-100678,delivered,RD-108,2026-07-04 16:59:11,
1357,PC-100679,hub_out,RD-101,2026-07-02 12:51:10,
1358,PC-100679,delivered,RD-101,2026-07-04 12:21:41,
1359,PC-100680,hub_out,RD-114,2026-07-02 22:20:34,
1360,PC-100680,delivered,RD-114,2026-07-04 16:18:32,
1361,PC-100681,hub_out,RD-103,2026-07-03 03:50:10,
1362,PC-100681,delivered,RD-103,2026-07-04 17:34:30,
1363,PC-100682,hub_out,RD-107,2026-07-02 13:06:52,
1364,PC-100682,delivered,RD-107,2026-07-04 09:33:12,
1365,PC-100683,hub_out,RD-114,2026-07-03 05:30:11,
1366,PC-100683,delivered,RD-114,2026-07-04 17:01:19,
1367,PC-100684,hub_out,RD-107,2026-07-03 14:38:00,
1368,PC-100684,delivered,RD-107,2026-07-04 12:18:42,
1369,PC-100685,hub_out,RD-107,2026-07-03 14:58:08,
1370,PC-100685,delivered,RD-107,2026-07-04 13:53:02,
1371,PC-100686,hub_out,RD-102,2026-07-01 21:55:29,
1372,PC-100686,delivered,RD-102,2026-07-04 10:16:23,
1373,PC-100687,hub_out,RD-114,2026-07-03 00:06:49,
1374,PC-100687,delivered,RD-114,2026-07-04 10:17:56,
1375,PC-100688,hub_out,RD-131,2026-07-03 17:01:14,
1376,PC-100688,delivered,RD-131,2026-07-04 12:25:47,
1377,PC-100689,hub_out,RD-131,2026-07-02 20:53:03,
1378,PC-100689,delivered,RD-131,2026-07-04 13:56:16,
1379,PC-100690,hub_out,RD-101,2026-07-02 22:23:22,
1380,PC-100690,delivered,RD-101,2026-07-04 11:25:03,
1381,PC-100691,hub_out,RD-114,2026-07-03 08:48:09,
1382,PC-100691,delivered,RD-114,2026-07-04 09:50:13,
1383,PC-100692,hub_out,RD-102,2026-07-03 02:27:56,
1384,PC-100692,delivered,RD-102,2026-07-04 11:50:36,
1385,PC-100693,hub_out,RD-114,2026-07-03 14:52:58,
1386,PC-100693,delivered,RD-114,2026-07-04 19:29:25,
1387,PC-100694,hub_out,RD-131,2026-07-03 19:30:33,
1388,PC-100694,delivered,RD-131,2026-07-04 17:56:02,
1389,PC-100695,hub_out,RD-102,2026-07-02 19:44:56,
1390,PC-100695,delivered,RD-102,2026-07-04 11:01:40,
1391,PC-100696,hub_out,RD-107,2026-07-03 01:02:03,
1392,PC-100696,delivered,RD-107,2026-07-04 17:52:59,
1393,PC-100697,hub_out,RD-107,2026-07-03 00:53:18,
1394,PC-100697,delivered,RD-107,2026-07-04 18:26:06,
1395,PC-100698,hub_out,RD-131,2026-07-02 23:09:57,
1396,PC-100698,delivered,RD-131,2026-07-04 17:07:34,
1397,PC-100699,hub_out,RD-105,2026-07-02 21:17:45,
1398,PC-100699,delivered,RD-105,2026-07-04 13:04:29,
1399,PC-100700,hub_out,RD-108,2026-07-02 13:05:27,
1400,PC-100700,delivered,RD-108,2026-07-04 13:11:32,
1401,PC-100701,hub_out,RD-102,2026-07-03 12:22:38,
1402,PC-100701,delivered,RD-102,2026-07-04 17:53:42,
1403,PC-100702,hub_out,RD-103,2026-07-03 07:54:42,
1404,PC-100702,delivered,RD-103,2026-07-04 13:38:46,
1405,PC-100703,hub_out,RD-107,2026-07-02 14:29:19,
1406,PC-100703,delivered,RD-107,2026-07-04 10:58:11,
1407,PC-100704,hub_out,RD-102,2026-07-03 03:16:45,
1408,PC-100704,delivered,RD-102,2026-07-04 14:44:16,
1409,PC-100705,hub_out,RD-103,2026-07-03 07:20:13,
1410,PC-100705,delivered,RD-103,2026-07-04 09:40:39,
1411,PC-100706,hub_out,RD-101,2026-07-03 10:29:45,
1412,PC-100706,delivered,RD-101,2026-07-04 14:33:28,
1413,PC-100707,hub_out,RD-105,2026-07-03 01:35:15,
1414,PC-100707,delivered,RD-105,2026-07-04 09:37:48,
1415,PC-100708,hub_out,RD-102,2026-07-02 13:13:35,
1416,PC-100708,delivered,RD-102,2026-07-04 12:53:42,
1417,PC-100709,hub_out,RD-107,2026-07-03 13:27:12,
1418,PC-100709,delivered,RD-107,2026-07-04 10:47:44,
1419,PC-100710,hub_out,RD-107,2026-07-03 18:39:48,
1420,PC-100710,delivered,RD-107,2026-07-04 16:37:34,
1421,PC-100711,hub_out,RD-131,2026-07-02 21:36:24,
1422,PC-100711,delivered,RD-131,2026-07-04 15:31:47,
1423,PC-100712,hub_out,RD-107,2026-07-03 06:08:58,
1424,PC-100712,delivered,RD-107,2026-07-04 16:34:39,
1425,PC-100713,hub_out,RD-131,2026-07-03 14:35:34,
1426,PC-100713,delivered,RD-131,2026-07-04 11:31:43,
1427,PC-100714,hub_out,RD-102,2026-07-03 01:36:23,
1428,PC-100714,delivered,RD-102,2026-07-04 13:22:13,
1429,PC-100715,hub_out,RD-102,2026-07-02 21:49:26,
1430,PC-100715,delivered,RD-102,2026-07-04 12:37:36,
1431,PC-100716,hub_out,RD-102,2026-07-03 23:31:18,
1432,PC-100716,delivered,RD-102,2026-07-04 18:01:23,
1433,PC-100717,hub_out,RD-114,2026-07-02 20:45:47,
1434,PC-100717,delivered,RD-114,2026-07-04 13:21:23,
1435,PC-100718,hub_out,RD-101,2026-07-02 21:34:05,
1436,PC-100718,delivered,RD-101,2026-07-04 17:07:25,
1437,PC-100719,hub_out,RD-102,2026-07-02 09:38:28,
1438,PC-100719,delivered,RD-102,2026-07-04 17:10:10,
1439,PC-100720,hub_out,RD-131,2026-07-03 21:54:55,
1440,PC-100720,delivered,RD-131,2026-07-04 18:03:18,
1441,PC-100721,hub_out,RD-114,2026-07-03 09:58:41,
1442,PC-100721,delivered,RD-114,2026-07-04 11:24:17,
1443,PC-100722,hub_out,RD-107,2026-07-02 09:41:39,
1444,PC-100722,delivered,RD-107,2026-07-04 18:42:39,
1445,PC-100723,hub_out,RD-114,2026-07-02 11:03:52,
1446,PC-100723,delivered,RD-114,2026-07-04 13:47:14,
1447,PC-100724,hub_out,RD-105,2026-07-03 20:04:38,
1448,PC-100724,delivered,RD-105,2026-07-04 17:27:16,
1449,PC-100725,hub_out,RD-114,2026-07-03 05:58:19,
1450,PC-100725,delivered,RD-114,2026-07-04 17:38:00,
1451,PC-100726,hub_out,RD-108,2026-07-03 04:44:32,
1452,PC-100726,delivered,RD-108,2026-07-04 18:40:15,
1453,PC-100727,hub_out,RD-107,2026-07-02 13:07:53,
1454,PC-100727,delivered,RD-107,2026-07-04 15:18:52,
1455,PC-100728,hub_out,RD-101,2026-07-03 01:51:47,
1456,PC-100728,delivered,RD-101,2026-07-04 17:50:57,
1457,PC-100729,hub_out,RD-101,2026-07-03 02:02:17,
1458,PC-100729,delivered,RD-101,2026-07-04 19:15:49,
1459,PC-100730,hub_out,RD-107,2026-07-03 01:27:31,
1460,PC-100730,delivered,RD-107,2026-07-04 12:52:28,
1461,PC-100731,hub_out,RD-103,2026-07-02 12:04:43,
1462,PC-100731,delivered,RD-103,2026-07-04 18:58:39,
1463,PC-100732,hub_out,RD-107,2026-07-02 09:01:22,
1464,PC-100732,delivered,RD-107,2026-07-04 15:17:55,
1465,PC-100733,hub_out,RD-108,2026-07-02 21:05:56,
1466,PC-100733,delivered,RD-108,2026-07-04 09:45:47,
1467,PC-100734,hub_out,RD-103,2026-07-02 02:46:05,
1468,PC-100734,delivered,RD-103,2026-07-04 12:51:29,
1469,PC-100735,hub_out,RD-108,2026-07-02 22:55:47,
1470,PC-100735,delivered,RD-108,2026-07-04 09:08:03,
1471,PC-100736,hub_out,RD-107,2026-07-02 13:12:33,
1472,PC-100736,delivered,RD-107,2026-07-04 17:23:19,
1473,PC-100737,hub_out,RD-101,2026-07-03 07:49:47,
1474,PC-100737,delivered,RD-101,2026-07-04 17:05:20,
1475,PC-100738,hub_out,RD-114,2026-07-02 05:37:20,
1476,PC-100738,delivered,RD-114,2026-07-04 12:07:34,
1477,PC-100739,hub_out,RD-102,2026-07-03 14:19:27,
1478,PC-100739,delivered,RD-102,2026-07-04 09:44:51,
1479,PC-100740,hub_out,RD-101,2026-07-04 00:04:00,
1480,PC-100740,delivered,RD-101,2026-07-04 19:59:22,
1481,PC-100741,hub_out,RD-107,2026-07-02 08:56:25,
1482,PC-100741,delivered,RD-107,2026-07-04 12:21:24,
1483,PC-100742,hub_out,RD-103,2026-07-03 15:19:28,
1484,PC-100742,delivered,RD-103,2026-07-04 13:57:25,
1485,PC-100743,hub_out,RD-114,2026-07-03 11:46:18,
1486,PC-100743,delivered,RD-114,2026-07-04 09:53:52,
1487,PC-100744,hub_out,RD-103,2026-07-03 21:05:35,
1488,PC-100744,delivered,RD-103,2026-07-04 19:43:45,
1489,PC-100745,hub_out,RD-131,2026-07-02 09:27:36,
1490,PC-100745,delivered,RD-131,2026-07-04 09:56:43,
1491,PC-100746,hub_out,RD-108,2026-07-02 04:30:04,
1492,PC-100746,delivered,RD-108,2026-07-04 13:47:14,
1493,PC-100747,hub_out,RD-103,2026-07-03 16:09:47,
1494,PC-100747,delivered,RD-103,2026-07-04 14:49:32,
1495,PC-100748,hub_out,RD-108,2026-07-03 15:16:21,
1496,PC-100748,delivered,RD-108,2026-07-04 12:45:05,
1497,PC-100749,hub_out,RD-102,2026-07-02 23:16:28,
1498,PC-100749,delivered,RD-102,2026-07-04 14:04:23,
1499,PC-100750,hub_out,RD-131,2026-07-02 14:20:54,
1500,PC-100750,delivered,RD-131,2026-07-04 15:50:25,
1501,PC-100751,hub_out,RD-105,2026-07-03 16:43:28,
1502,PC-100751,failed_attempt,RD-105,2026-07-04 16:23:57,customer refused
1503,PC-100752,hub_out,RD-114,2026-07-04 05:44:37,
1504,PC-100752,failed_attempt,RD-114,2026-07-04 16:56:20,customer refused
1505,PC-100753,hub_out,RD-101,2026-07-03 22:13:46,
1506,PC-100753,failed_attempt,RD-101,2026-07-04 09:39:44,address not found
1507,PC-100754,hub_out,RD-101,2026-07-04 02:40:53,
1508,PC-100754,failed_attempt,RD-101,2026-07-04 15:31:16,shop closed
1509,PC-100755,hub_out,RD-108,2026-07-03 20:30:39,
1510,PC-100755,failed_attempt,RD-108,2026-07-04 10:02:57,cod not ready
1511,PC-100756,hub_out,RD-105,2026-07-03 18:23:06,
1512,PC-100756,failed_attempt,RD-105,2026-07-04 19:05:00,address not found
1513,PC-100757,hub_out,RD-107,2026-07-04 14:58:38,
1514,PC-100757,failed_attempt,RD-107,2026-07-04 19:08:00,customer refused
1515,PC-100758,hub_out,RD-131,2026-07-03 15:25:53,
1516,PC-100758,failed_attempt,RD-131,2026-07-04 12:48:14,shop closed
1517,PC-100759,hub_out,RD-101,2026-07-04 00:44:50,
1518,PC-100759,failed_attempt,RD-101,2026-07-04 16:27:46,customer unreachable
1519,PC-100760,hub_out,RD-105,2026-07-04 02:46:19,
1520,PC-100760,failed_attempt,RD-105,2026-07-04 17:16:47,customer refused
1521,PC-100761,hub_out,RD-101,2026-07-04 03:00:09,
1522,PC-100761,failed_attempt,RD-101,2026-07-04 16:20:15,customer unreachable
1523,PC-100762,hub_out,RD-131,2026-07-04 03:11:43,
1524,PC-100762,failed_attempt,RD-131,2026-07-04 11:52:14,address not found
1525,PC-100763,hub_out,RD-105,2026-07-03 15:53:01,
1526,PC-100763,failed_attempt,RD-105,2026-07-04 15:39:23,address not found
1527,PC-100764,hub_out,RD-105,2026-07-03 22:36:33,
1528,PC-100764,failed_attempt,RD-105,2026-07-04 14:32:21,shop closed
1529,PC-100765,hub_out,RD-102,2026-07-03 08:44:34,
1530,PC-100765,failed_attempt,RD-102,2026-07-04 11:55:21,address not found
1531,PC-100766,hub_out,RD-101,2026-07-03 16:12:48,
1532,PC-100766,failed_attempt,RD-101,2026-07-04 13:45:23,cod not ready
1533,PC-100767,hub_out,RD-107,2026-07-04 11:20:37,
1534,PC-100767,failed_attempt,RD-107,2026-07-04 16:27:38,address not found
1535,PC-100768,hub_out,RD-103,2026-07-03 23:28:31,
1536,PC-100768,failed_attempt,RD-103,2026-07-04 13:57:01,customer refused
1537,PC-100769,hub_out,RD-103,2026-07-04 10:26:22,
1538,PC-100769,failed_attempt,RD-103,2026-07-04 19:58:07,customer refused
1539,PC-100770,hub_out,RD-103,2026-07-03 19:36:27,
1540,PC-100770,failed_attempt,RD-103,2026-07-04 11:40:31,shop closed
1541,PC-100771,hub_out,RD-131,2026-07-03 14:46:33,
1542,PC-100771,failed_attempt,RD-131,2026-07-04 13:00:04,customer refused
1543,PC-100772,hub_out,RD-102,2026-07-03 21:43:38,
1544,PC-100772,failed_attempt,RD-102,2026-07-04 13:32:34,customer refused
1545,PC-100773,hub_out,RD-101,2026-07-04 04:03:00,
1546,PC-100773,failed_attempt,RD-101,2026-07-04 15:21:34,address not found
1547,PC-100774,hub_out,RD-105,2026-07-03 16:26:16,
1548,PC-100774,failed_attempt,RD-105,2026-07-04 13:12:40,cod not ready
1549,PC-100775,hub_out,RD-107,2026-07-04 05:25:55,
1550,PC-100775,failed_attempt,RD-107,2026-07-04 13:31:39,shop closed
1551,PC-100776,hub_out,RD-102,2026-07-03 21:57:25,
1552,PC-100776,failed_attempt,RD-102,2026-07-04 17:08:23,address not found
1553,PC-100777,hub_out,RD-105,2026-07-03 12:45:03,
1554,PC-100777,failed_attempt,RD-105,2026-07-04 15:14:28,customer unreachable
1555,PC-100778,hub_out,RD-108,2026-07-04 03:39:05,
1556,PC-100778,failed_attempt,RD-108,2026-07-04 19:02:30,customer refused
1557,PC-100779,hub_out,RD-131,2026-07-03 17:28:58,
1558,PC-100779,failed_attempt,RD-131,2026-07-04 19:11:28,shop closed
1559,PC-100780,hub_out,RD-107,2026-07-04 09:07:16,
1560,PC-100780,failed_attempt,RD-107,2026-07-04 19:51:21,cod not ready
1561,PC-100781,hub_out,RD-107,2026-07-03 20:28:36,
1562,PC-100781,failed_attempt,RD-107,2026-07-04 19:52:37,customer unreachable
1563,PC-100782,hub_out,RD-108,2026-07-03 12:10:55,
1564,PC-100782,failed_attempt,RD-108,2026-07-04 11:06:01,customer unreachable
1565,PC-100783,hub_out,RD-105,2026-07-03 06:19:01,
1566,PC-100783,delivered,RD-105,2026-07-05 16:26:49,
1567,PC-100784,hub_out,RD-101,2026-07-03 03:14:43,
1568,PC-100784,delivered,RD-101,2026-07-05 13:49:13,
1569,PC-100785,hub_out,RD-108,2026-07-03 10:23:02,
1570,PC-100785,delivered,RD-108,2026-07-05 09:28:29,
1571,PC-100786,hub_out,RD-105,2026-07-03 14:50:52,
1572,PC-100786,delivered,RD-105,2026-07-05 13:58:42,
1573,PC-100787,hub_out,RD-114,2026-07-03 00:25:04,
1574,PC-100787,delivered,RD-114,2026-07-05 09:05:35,
1575,PC-100788,hub_out,RD-105,2026-07-04 19:33:59,
1576,PC-100788,delivered,RD-105,2026-07-05 16:18:28,
1577,PC-100789,hub_out,RD-102,2026-07-04 19:28:05,
1578,PC-100789,delivered,RD-102,2026-07-05 19:15:19,
1579,PC-100790,hub_out,RD-105,2026-07-04 03:29:43,
1580,PC-100790,delivered,RD-105,2026-07-05 17:36:05,
1581,PC-100791,hub_out,RD-101,2026-07-04 17:32:31,
1582,PC-100791,delivered,RD-101,2026-07-05 11:49:56,
1583,PC-100792,hub_out,RD-102,2026-07-04 12:09:38,
1584,PC-100792,delivered,RD-102,2026-07-05 10:18:28,
1585,PC-100793,hub_out,RD-102,2026-07-03 21:16:56,
1586,PC-100793,delivered,RD-102,2026-07-05 16:59:53,
1587,PC-100794,hub_out,RD-131,2026-07-04 18:00:27,
1588,PC-100794,delivered,RD-131,2026-07-05 11:21:12,
1589,PC-100795,hub_out,RD-114,2026-07-04 19:09:33,
1590,PC-100795,delivered,RD-114,2026-07-05 18:07:33,
1591,PC-100796,hub_out,RD-101,2026-07-04 07:06:00,
1592,PC-100796,delivered,RD-101,2026-07-05 11:29:38,
1593,PC-100797,hub_out,RD-114,2026-07-04 16:51:34,
1594,PC-100797,delivered,RD-114,2026-07-05 18:27:22,
1595,PC-100798,hub_out,RD-105,2026-07-03 22:26:26,
1596,PC-100798,delivered,RD-105,2026-07-05 13:41:40,
1597,PC-100799,hub_out,RD-108,2026-07-03 06:46:20,
1598,PC-100799,delivered,RD-108,2026-07-05 16:05:02,
1599,PC-100800,hub_out,RD-131,2026-07-04 01:05:22,
1600,PC-100800,delivered,RD-131,2026-07-05 12:01:42,
1601,PC-100801,hub_out,RD-114,2026-07-03 06:57:29,
1602,PC-100801,delivered,RD-114,2026-07-05 11:50:28,
1603,PC-100802,hub_out,RD-114,2026-07-04 16:16:33,
1604,PC-100802,delivered,RD-114,2026-07-05 19:36:02,
1605,PC-100803,hub_out,RD-131,2026-07-04 10:07:20,
1606,PC-100803,delivered,RD-131,2026-07-05 15:35:40,
1607,PC-100804,hub_out,RD-114,2026-07-03 06:48:25,
1608,PC-100804,delivered,RD-114,2026-07-05 16:49:09,
1609,PC-100805,hub_out,RD-105,2026-07-03 07:52:37,
1610,PC-100805,delivered,RD-105,2026-07-05 13:47:25,
1611,PC-100806,hub_out,RD-108,2026-07-03 08:01:46,
1612,PC-100806,delivered,RD-108,2026-07-05 15:19:46,
1613,PC-100807,hub_out,RD-114,2026-07-03 10:42:56,
1614,PC-100807,delivered,RD-114,2026-07-05 12:16:34,
1615,PC-100808,hub_out,RD-114,2026-07-03 19:25:09,
1616,PC-100808,delivered,RD-114,2026-07-05 15:52:11,
1617,PC-100809,hub_out,RD-114,2026-07-04 01:27:35,
1618,PC-100809,delivered,RD-114,2026-07-05 15:06:23,
1619,PC-100810,hub_out,RD-102,2026-07-03 21:11:32,
1620,PC-100810,delivered,RD-102,2026-07-05 13:42:16,
1621,PC-100811,hub_out,RD-114,2026-07-05 00:36:59,
1622,PC-100811,delivered,RD-114,2026-07-05 18:09:56,
1623,PC-100812,hub_out,RD-102,2026-07-03 01:07:06,
1624,PC-100812,delivered,RD-102,2026-07-05 12:56:55,
1625,PC-100813,hub_out,RD-103,2026-07-03 12:23:02,
1626,PC-100813,delivered,RD-103,2026-07-05 09:34:02,
1627,PC-100814,hub_out,RD-102,2026-07-04 18:32:19,
1628,PC-100814,delivered,RD-102,2026-07-05 18:18:31,
1629,PC-100815,hub_out,RD-108,2026-07-03 16:43:12,
1630,PC-100815,delivered,RD-108,2026-07-05 17:31:14,
1631,PC-100816,hub_out,RD-103,2026-07-04 14:30:06,
1632,PC-100816,delivered,RD-103,2026-07-05 15:55:54,
1633,PC-100817,hub_out,RD-102,2026-07-02 22:40:07,
1634,PC-100817,delivered,RD-102,2026-07-05 09:45:41,
1635,PC-100818,hub_out,RD-105,2026-07-03 04:43:02,
1636,PC-100818,delivered,RD-105,2026-07-05 13:39:03,
1637,PC-100819,hub_out,RD-103,2026-07-04 21:54:36,
1638,PC-100819,delivered,RD-103,2026-07-05 18:21:27,
1639,PC-100820,hub_out,RD-103,2026-07-04 14:29:53,
1640,PC-100820,delivered,RD-103,2026-07-05 14:03:53,
1641,PC-100821,hub_out,RD-131,2026-07-03 07:11:27,
1642,PC-100821,delivered,RD-131,2026-07-05 15:37:39,
1643,PC-100822,hub_out,RD-107,2026-07-03 08:25:12,
1644,PC-100822,delivered,RD-107,2026-07-05 19:11:27,
1645,PC-100823,hub_out,RD-131,2026-07-04 08:18:49,
1646,PC-100823,delivered,RD-131,2026-07-05 16:12:27,
1647,PC-100824,hub_out,RD-102,2026-07-04 18:49:24,
1648,PC-100824,delivered,RD-102,2026-07-05 15:26:28,
1649,PC-100825,hub_out,RD-108,2026-07-04 07:56:40,
1650,PC-100825,delivered,RD-108,2026-07-05 10:08:03,
1651,PC-100826,hub_out,RD-105,2026-07-03 08:50:29,
1652,PC-100826,delivered,RD-105,2026-07-05 17:31:03,
1653,PC-100827,hub_out,RD-102,2026-07-04 06:14:39,
1654,PC-100827,delivered,RD-102,2026-07-05 15:48:36,
1655,PC-100828,hub_out,RD-102,2026-07-03 11:18:21,
1656,PC-100828,delivered,RD-102,2026-07-05 18:06:18,
1657,PC-100829,hub_out,RD-107,2026-07-03 22:43:00,
1658,PC-100829,delivered,RD-107,2026-07-05 11:23:08,
1659,PC-100830,hub_out,RD-114,2026-07-03 20:46:07,
1660,PC-100830,delivered,RD-114,2026-07-05 18:59:46,
1661,PC-100831,hub_out,RD-131,2026-07-03 20:52:24,
1662,PC-100831,delivered,RD-131,2026-07-05 14:26:29,
1663,PC-100832,hub_out,RD-105,2026-07-04 15:07:10,
1664,PC-100832,delivered,RD-105,2026-07-05 10:17:07,
1665,PC-100833,hub_out,RD-103,2026-07-03 19:01:12,
1666,PC-100833,delivered,RD-103,2026-07-05 14:19:11,
1667,PC-100834,hub_out,RD-102,2026-07-04 10:32:55,
1668,PC-100834,delivered,RD-102,2026-07-05 09:50:22,
1669,PC-100835,hub_out,RD-108,2026-07-04 02:51:50,
1670,PC-100835,delivered,RD-108,2026-07-05 13:58:24,
1671,PC-100836,hub_out,RD-131,2026-07-04 12:49:01,
1672,PC-100836,delivered,RD-131,2026-07-05 12:10:30,
1673,PC-100837,hub_out,RD-107,2026-07-03 15:32:41,
1674,PC-100837,delivered,RD-107,2026-07-05 13:47:15,
1675,PC-100838,hub_out,RD-102,2026-07-03 22:26:20,
1676,PC-100838,delivered,RD-102,2026-07-05 13:05:25,
1677,PC-100839,hub_out,RD-114,2026-07-04 06:46:42,
1678,PC-100839,delivered,RD-114,2026-07-05 10:15:37,
1679,PC-100840,hub_out,RD-107,2026-07-04 05:14:32,
1680,PC-100840,delivered,RD-107,2026-07-05 14:26:28,
1681,PC-100841,hub_out,RD-102,2026-07-03 11:23:05,
1682,PC-100841,delivered,RD-102,2026-07-05 18:40:21,
1683,PC-100842,hub_out,RD-131,2026-07-04 12:44:42,
1684,PC-100842,delivered,RD-131,2026-07-05 09:41:47,
1685,PC-100843,hub_out,RD-114,2026-07-04 12:26:27,
1686,PC-100843,delivered,RD-114,2026-07-05 17:10:46,
1687,PC-100844,hub_out,RD-101,2026-07-04 05:58:42,
1688,PC-100844,delivered,RD-101,2026-07-05 14:29:30,
1689,PC-100845,hub_out,RD-101,2026-07-04 00:24:40,
1690,PC-100845,delivered,RD-101,2026-07-05 14:48:33,
1691,PC-100846,hub_out,RD-114,2026-07-03 13:10:50,
1692,PC-100846,delivered,RD-114,2026-07-05 11:08:45,
1693,PC-100847,hub_out,RD-108,2026-07-04 18:07:13,
1694,PC-100847,delivered,RD-108,2026-07-05 14:00:34,
1695,PC-100848,hub_out,RD-114,2026-07-04 12:42:03,
1696,PC-100848,delivered,RD-114,2026-07-05 15:24:07,
1697,PC-100849,hub_out,RD-131,2026-07-04 20:41:27,
1698,PC-100849,delivered,RD-131,2026-07-05 18:45:15,
1699,PC-100850,hub_out,RD-102,2026-07-03 03:36:36,
1700,PC-100850,delivered,RD-102,2026-07-05 13:23:11,
1701,PC-100851,hub_out,RD-103,2026-07-04 22:30:40,
1702,PC-100851,delivered,RD-103,2026-07-05 18:09:10,
1703,PC-100852,hub_out,RD-102,2026-07-04 06:44:41,
1704,PC-100852,delivered,RD-102,2026-07-05 09:59:23,
1705,PC-100853,hub_out,RD-105,2026-07-03 08:45:34,
1706,PC-100853,delivered,RD-105,2026-07-05 16:18:51,
1707,PC-100854,hub_out,RD-101,2026-07-04 06:07:02,
1708,PC-100854,delivered,RD-101,2026-07-05 15:28:49,
1709,PC-100855,hub_out,RD-101,2026-07-04 06:20:49,
1710,PC-100855,delivered,RD-101,2026-07-05 09:15:39,
1711,PC-100856,hub_out,RD-101,2026-07-03 02:13:13,
1712,PC-100856,delivered,RD-101,2026-07-05 10:22:05,
1713,PC-100857,hub_out,RD-108,2026-07-03 14:46:07,
1714,PC-100857,delivered,RD-108,2026-07-05 15:27:09,
1715,PC-100858,hub_out,RD-105,2026-07-04 06:53:48,
1716,PC-100858,delivered,RD-105,2026-07-05 12:49:02,
1717,PC-100859,hub_out,RD-103,2026-07-02 23:29:40,
1718,PC-100859,delivered,RD-103,2026-07-05 12:20:24,
1719,PC-100860,hub_out,RD-102,2026-07-03 00:15:01,
1720,PC-100860,delivered,RD-102,2026-07-05 11:16:07,
1721,PC-100861,hub_out,RD-102,2026-07-04 01:12:25,
1722,PC-100861,delivered,RD-102,2026-07-05 11:11:01,
1723,PC-100862,hub_out,RD-131,2026-07-03 11:59:31,
1724,PC-100862,delivered,RD-131,2026-07-05 18:18:43,
1725,PC-100863,hub_out,RD-102,2026-07-02 22:56:09,
1726,PC-100863,delivered,RD-102,2026-07-05 10:26:50,
1727,PC-100864,hub_out,RD-108,2026-07-03 19:48:03,
1728,PC-100864,delivered,RD-108,2026-07-05 19:45:12,
1729,PC-100865,hub_out,RD-131,2026-07-04 19:36:29,
1730,PC-100865,delivered,RD-131,2026-07-05 18:10:49,
1731,PC-100866,hub_out,RD-102,2026-07-04 03:41:37,
1732,PC-100866,delivered,RD-102,2026-07-05 11:37:35,
1733,PC-100867,hub_out,RD-101,2026-07-04 13:48:11,
1734,PC-100867,delivered,RD-101,2026-07-05 15:42:52,
1735,PC-100868,hub_out,RD-105,2026-07-03 04:12:25,
1736,PC-100868,delivered,RD-105,2026-07-05 17:01:41,
1737,PC-100869,hub_out,RD-105,2026-07-03 03:33:44,
1738,PC-100869,delivered,RD-105,2026-07-05 10:56:32,
1739,PC-100870,hub_out,RD-131,2026-07-03 08:32:43,
1740,PC-100870,delivered,RD-131,2026-07-05 13:30:14,
1741,PC-100871,hub_out,RD-107,2026-07-03 12:34:22,
1742,PC-100871,delivered,RD-107,2026-07-05 14:39:34,
1743,PC-100872,hub_out,RD-107,2026-07-03 18:11:09,
1744,PC-100872,delivered,RD-107,2026-07-05 11:39:23,
1745,PC-100873,hub_out,RD-103,2026-07-04 11:02:26,
1746,PC-100873,delivered,RD-103,2026-07-05 12:45:26,
1747,PC-100874,hub_out,RD-101,2026-07-03 17:22:16,
1748,PC-100874,delivered,RD-101,2026-07-05 10:19:59,
1749,PC-100875,hub_out,RD-105,2026-07-04 11:22:44,
1750,PC-100875,delivered,RD-105,2026-07-05 13:15:06,
1751,PC-100876,hub_out,RD-101,2026-07-03 04:20:10,
1752,PC-100876,delivered,RD-101,2026-07-05 17:23:29,
1753,PC-100877,hub_out,RD-105,2026-07-03 16:39:08,
1754,PC-100877,delivered,RD-105,2026-07-05 10:45:07,
1755,PC-100878,hub_out,RD-114,2026-07-03 19:18:24,
1756,PC-100878,delivered,RD-114,2026-07-05 12:22:58,
1757,PC-100879,hub_out,RD-107,2026-07-03 07:02:42,
1758,PC-100879,delivered,RD-107,2026-07-05 15:32:25,
1759,PC-100880,hub_out,RD-102,2026-07-04 19:28:42,
1760,PC-100880,delivered,RD-102,2026-07-05 15:01:54,
1761,PC-100881,hub_out,RD-107,2026-07-04 02:37:55,
1762,PC-100881,delivered,RD-107,2026-07-05 12:15:30,
1763,PC-100882,hub_out,RD-103,2026-07-04 04:29:10,
1764,PC-100882,delivered,RD-103,2026-07-05 09:19:34,
1765,PC-100883,hub_out,RD-105,2026-07-04 08:55:23,
1766,PC-100883,delivered,RD-105,2026-07-05 11:16:35,
1767,PC-100884,hub_out,RD-103,2026-07-03 22:56:23,
1768,PC-100884,delivered,RD-103,2026-07-05 15:16:56,
1769,PC-100885,hub_out,RD-101,2026-07-03 23:16:15,
1770,PC-100885,delivered,RD-101,2026-07-05 17:34:39,
1771,PC-100886,hub_out,RD-107,2026-07-03 17:48:23,
1772,PC-100886,delivered,RD-107,2026-07-05 09:59:04,
1773,PC-100887,hub_out,RD-105,2026-07-03 09:24:06,
1774,PC-100887,delivered,RD-105,2026-07-05 15:42:19,
1775,PC-100888,hub_out,RD-102,2026-07-04 10:56:56,
1776,PC-100888,delivered,RD-102,2026-07-05 19:31:03,
1777,PC-100889,hub_out,RD-108,2026-07-04 19:38:33,
1778,PC-100889,delivered,RD-108,2026-07-05 17:17:01,
1779,PC-100890,hub_out,RD-107,2026-07-03 03:54:25,
1780,PC-100890,delivered,RD-107,2026-07-05 09:03:55,
1781,PC-100891,hub_out,RD-101,2026-07-03 18:18:34,
1782,PC-100891,delivered,RD-101,2026-07-05 14:54:07,
1783,PC-100892,hub_out,RD-101,2026-07-02 23:42:12,
1784,PC-100892,delivered,RD-101,2026-07-05 10:07:15,
1785,PC-100893,hub_out,RD-101,2026-07-03 05:34:53,
1786,PC-100893,delivered,RD-101,2026-07-05 10:08:17,
1787,PC-100894,hub_out,RD-131,2026-07-04 01:03:41,
1788,PC-100894,delivered,RD-131,2026-07-05 17:57:50,
1789,PC-100895,hub_out,RD-114,2026-07-04 08:52:17,
1790,PC-100895,delivered,RD-114,2026-07-05 18:43:30,
1791,PC-100896,hub_out,RD-108,2026-07-03 14:09:45,
1792,PC-100896,delivered,RD-108,2026-07-05 19:07:16,
1793,PC-100897,hub_out,RD-105,2026-07-03 15:14:19,
1794,PC-100897,delivered,RD-105,2026-07-05 16:01:45,
1795,PC-100898,hub_out,RD-103,2026-07-02 22:32:06,
1796,PC-100898,delivered,RD-103,2026-07-05 10:10:39,
1797,PC-100899,hub_out,RD-108,2026-07-04 14:21:31,
1798,PC-100899,delivered,RD-108,2026-07-05 18:45:53,
1799,PC-100900,hub_out,RD-114,2026-07-04 00:25:23,
1800,PC-100900,delivered,RD-114,2026-07-05 10:55:34,
1801,PC-100901,hub_out,RD-114,2026-07-04 12:24:16,
1802,PC-100901,delivered,RD-114,2026-07-05 16:20:31,
1803,PC-100902,hub_out,RD-107,2026-07-03 04:18:58,
1804,PC-100902,delivered,RD-107,2026-07-05 10:43:28,
1805,PC-100903,hub_out,RD-108,2026-07-04 02:23:34,
1806,PC-100903,delivered,RD-108,2026-07-05 12:07:31,
1807,PC-100904,hub_out,RD-101,2026-07-04 14:51:20,
1808,PC-100904,delivered,RD-101,2026-07-05 15:43:56,
1809,PC-100905,hub_out,RD-105,2026-07-04 07:48:21,
1810,PC-100905,failed_attempt,RD-105,2026-07-05 11:37:03,shop closed
1811,PC-100906,hub_out,RD-108,2026-07-04 17:06:26,
1812,PC-100906,failed_attempt,RD-108,2026-07-05 09:29:28,customer refused
1813,PC-100907,hub_out,RD-102,2026-07-04 21:39:45,
1814,PC-100907,failed_attempt,RD-102,2026-07-05 18:45:40,cod not ready
1815,PC-100908,hub_out,RD-105,2026-07-04 22:34:50,
1816,PC-100908,failed_attempt,RD-105,2026-07-05 16:01:37,customer unreachable
1817,PC-100909,hub_out,RD-131,2026-07-04 22:23:39,
1818,PC-100909,failed_attempt,RD-131,2026-07-05 18:00:31,address not found
1819,PC-100910,hub_out,RD-103,2026-07-04 10:10:46,
1820,PC-100910,failed_attempt,RD-103,2026-07-05 09:15:55,shop closed
1821,PC-100911,hub_out,RD-107,2026-07-05 16:12:59,
1822,PC-100911,failed_attempt,RD-107,2026-07-05 19:57:24,address not found
1823,PC-100912,hub_out,RD-108,2026-07-05 00:15:18,
1824,PC-100912,failed_attempt,RD-108,2026-07-05 10:21:12,cod not ready
1825,PC-100913,hub_out,RD-103,2026-07-05 04:32:56,
1826,PC-100913,failed_attempt,RD-103,2026-07-05 11:09:04,address not found
1827,PC-100914,hub_out,RD-107,2026-07-04 23:42:43,
1828,PC-100914,failed_attempt,RD-107,2026-07-05 17:24:30,cod not ready
1829,PC-100915,hub_out,RD-101,2026-07-05 02:16:22,
1830,PC-100915,failed_attempt,RD-101,2026-07-05 13:26:45,shop closed
1831,PC-100916,hub_out,RD-114,2026-07-05 04:35:21,
1832,PC-100916,failed_attempt,RD-114,2026-07-05 10:10:46,cod not ready
1833,PC-100917,hub_out,RD-105,2026-07-04 16:06:38,
1834,PC-100917,failed_attempt,RD-105,2026-07-05 15:56:32,customer unreachable
1835,PC-100918,hub_out,RD-103,2026-07-04 20:27:17,
1836,PC-100918,failed_attempt,RD-103,2026-07-05 18:02:19,address not found
1837,PC-100919,hub_out,RD-101,2026-07-05 07:51:47,
1838,PC-100919,failed_attempt,RD-101,2026-07-05 16:15:08,shop closed
1839,PC-100920,hub_out,RD-114,2026-07-05 11:00:39,
1840,PC-100920,failed_attempt,RD-114,2026-07-05 16:54:27,cod not ready
1841,PC-100921,hub_out,RD-105,2026-07-04 05:05:18,
1842,PC-100921,failed_attempt,RD-105,2026-07-05 09:35:47,customer refused
1843,PC-100922,hub_out,RD-108,2026-07-04 23:35:33,
1844,PC-100922,failed_attempt,RD-108,2026-07-05 12:14:26,address not found
1845,PC-100923,hub_out,RD-102,2026-07-05 03:26:38,
1846,PC-100923,failed_attempt,RD-102,2026-07-05 09:42:44,shop closed
1847,PC-100924,hub_out,RD-102,2026-07-05 07:55:29,
1848,PC-100924,failed_attempt,RD-102,2026-07-05 15:07:38,shop closed
1849,PC-100925,hub_out,RD-102,2026-07-04 12:35:12,
1850,PC-100925,failed_attempt,RD-102,2026-07-05 12:01:55,cod not ready
1851,PC-100926,hub_out,RD-114,2026-07-04 20:07:00,
1852,PC-100926,failed_attempt,RD-114,2026-07-05 19:19:47,cod not ready
1853,PC-100927,hub_out,RD-103,2026-07-04 22:07:49,
1854,PC-100927,failed_attempt,RD-103,2026-07-05 18:15:26,cod not ready
1855,PC-100928,hub_out,RD-103,2026-07-04 22:07:11,
1856,PC-100928,failed_attempt,RD-103,2026-07-05 10:08:43,customer refused
1857,PC-100929,hub_out,RD-103,2026-07-04 14:33:16,
1858,PC-100929,failed_attempt,RD-103,2026-07-05 17:15:07,address not found
1859,PC-100930,hub_out,RD-108,2026-07-05 06:40:59,
1860,PC-100930,failed_attempt,RD-108,2026-07-05 12:45:08,cod not ready
1861,PC-100931,hub_out,RD-114,2026-07-04 19:10:41,
1862,PC-100931,failed_attempt,RD-114,2026-07-05 16:55:29,cod not ready
1863,PC-100932,hub_out,RD-108,2026-07-05 05:23:17,
1864,PC-100932,failed_attempt,RD-108,2026-07-05 15:49:56,address not found
1865,PC-100933,hub_out,RD-108,2026-07-05 20:38:03,
1866,PC-100933,delivered,RD-108,2026-07-06 18:43:33,
1867,PC-100934,hub_out,RD-108,2026-07-04 20:50:44,
1868,PC-100934,delivered,RD-108,2026-07-06 12:43:20,
1869,PC-100935,hub_out,RD-131,2026-07-04 14:55:33,
1870,PC-100935,delivered,RD-131,2026-07-06 16:36:35,
1871,PC-100936,hub_out,RD-107,2026-07-05 16:53:50,
1872,PC-100936,delivered,RD-107,2026-07-06 15:04:52,
1873,PC-100937,hub_out,RD-131,2026-07-04 11:33:29,
1874,PC-100937,delivered,RD-131,2026-07-06 11:00:41,
1875,PC-100938,hub_out,RD-102,2026-07-05 08:13:09,
1876,PC-100938,delivered,RD-102,2026-07-06 13:48:44,
1877,PC-100939,hub_out,RD-102,2026-07-05 08:40:42,
1878,PC-100939,delivered,RD-102,2026-07-06 18:15:33,
1879,PC-100940,hub_out,RD-107,2026-07-04 05:35:36,
1880,PC-100940,delivered,RD-107,2026-07-06 13:15:37,
1881,PC-100941,hub_out,RD-105,2026-07-04 06:10:12,
1882,PC-100941,delivered,RD-105,2026-07-06 13:38:56,
1883,PC-100942,hub_out,RD-102,2026-07-05 12:27:48,
1884,PC-100942,delivered,RD-102,2026-07-06 18:17:06,
1885,PC-100943,hub_out,RD-102,2026-07-05 04:15:01,
1886,PC-100943,delivered,RD-102,2026-07-06 18:51:17,
1887,PC-100944,hub_out,RD-131,2026-07-04 09:09:29,
1888,PC-100944,delivered,RD-131,2026-07-06 14:45:53,
1889,PC-100945,hub_out,RD-107,2026-07-05 08:42:34,
1890,PC-100945,delivered,RD-107,2026-07-06 14:22:15,
1891,PC-100946,hub_out,RD-102,2026-07-04 16:22:10,
1892,PC-100946,delivered,RD-102,2026-07-06 12:19:07,
1893,PC-100947,hub_out,RD-108,2026-07-04 07:09:18,
1894,PC-100947,delivered,RD-108,2026-07-06 18:56:45,
1895,PC-100948,hub_out,RD-114,2026-07-04 02:59:36,
1896,PC-100948,delivered,RD-114,2026-07-06 10:01:20,
1897,PC-100949,hub_out,RD-105,2026-07-05 14:00:49,
1898,PC-100949,delivered,RD-105,2026-07-06 14:56:15,
1899,PC-100950,hub_out,RD-102,2026-07-04 20:12:49,
1900,PC-100950,delivered,RD-102,2026-07-06 15:18:10,
1901,PC-100951,hub_out,RD-131,2026-07-05 08:02:53,
1902,PC-100951,delivered,RD-131,2026-07-06 09:32:15,
1903,PC-100952,hub_out,RD-105,2026-07-05 08:34:14,
1904,PC-100952,delivered,RD-105,2026-07-06 16:46:36,
1905,PC-100953,hub_out,RD-107,2026-07-05 04:31:46,
1906,PC-100953,delivered,RD-107,2026-07-06 14:49:58,
1907,PC-100954,hub_out,RD-101,2026-07-04 03:27:16,
1908,PC-100954,delivered,RD-101,2026-07-06 13:47:38,
1909,PC-100955,hub_out,RD-131,2026-07-04 22:59:36,
1910,PC-100955,delivered,RD-131,2026-07-06 17:38:27,
1911,PC-100956,hub_out,RD-131,2026-07-05 04:50:15,
1912,PC-100956,delivered,RD-131,2026-07-06 18:30:23,
1913,PC-100957,hub_out,RD-103,2026-07-05 17:12:17,
1914,PC-100957,delivered,RD-103,2026-07-06 17:30:42,
1915,PC-100958,hub_out,RD-103,2026-07-04 17:50:40,
1916,PC-100958,delivered,RD-103,2026-07-06 13:50:45,
1917,PC-100959,hub_out,RD-101,2026-07-04 13:36:04,
1918,PC-100959,delivered,RD-101,2026-07-06 16:31:33,
1919,PC-100960,hub_out,RD-105,2026-07-04 11:55:55,
1920,PC-100960,delivered,RD-105,2026-07-06 18:20:24,
1921,PC-100961,hub_out,RD-105,2026-07-04 18:18:48,
1922,PC-100961,delivered,RD-105,2026-07-06 14:34:02,
1923,PC-100962,hub_out,RD-107,2026-07-04 03:56:09,
1924,PC-100962,delivered,RD-107,2026-07-06 15:20:45,
1925,PC-100963,hub_out,RD-114,2026-07-04 14:19:29,
1926,PC-100963,delivered,RD-114,2026-07-06 10:49:05,
1927,PC-100964,hub_out,RD-107,2026-07-04 02:39:56,
1928,PC-100964,delivered,RD-107,2026-07-06 15:32:29,
1929,PC-100965,hub_out,RD-105,2026-07-04 06:34:41,
1930,PC-100965,delivered,RD-105,2026-07-06 17:48:16,
1931,PC-100966,hub_out,RD-131,2026-07-04 19:33:18,
1932,PC-100966,delivered,RD-131,2026-07-06 15:33:30,
1933,PC-100967,hub_out,RD-107,2026-07-04 10:40:51,
1934,PC-100967,delivered,RD-107,2026-07-06 19:43:04,
1935,PC-100968,hub_out,RD-102,2026-07-04 11:25:41,
1936,PC-100968,delivered,RD-102,2026-07-06 13:31:12,
1937,PC-100969,hub_out,RD-114,2026-07-05 08:43:38,
1938,PC-100969,delivered,RD-114,2026-07-06 10:44:51,
1939,PC-100970,hub_out,RD-101,2026-07-05 07:26:28,
1940,PC-100970,delivered,RD-101,2026-07-06 10:32:59,
1941,PC-100971,hub_out,RD-131,2026-07-05 04:47:49,
1942,PC-100971,delivered,RD-131,2026-07-06 18:22:45,
1943,PC-100972,hub_out,RD-114,2026-07-04 11:25:36,
1944,PC-100972,delivered,RD-114,2026-07-06 15:34:50,
1945,PC-100973,hub_out,RD-107,2026-07-04 22:37:21,
1946,PC-100973,delivered,RD-107,2026-07-06 09:58:32,
1947,PC-100974,hub_out,RD-102,2026-07-06 01:01:50,
1948,PC-100974,delivered,RD-102,2026-07-06 19:38:09,
1949,PC-100975,hub_out,RD-105,2026-07-05 13:17:46,
1950,PC-100975,delivered,RD-105,2026-07-06 14:53:33,
1951,PC-100976,hub_out,RD-101,2026-07-04 23:26:55,
1952,PC-100976,delivered,RD-101,2026-07-06 16:41:41,
1953,PC-100977,hub_out,RD-108,2026-07-05 14:53:51,
1954,PC-100977,delivered,RD-108,2026-07-06 10:17:17,
1955,PC-100978,hub_out,RD-107,2026-07-05 10:45:37,
1956,PC-100978,delivered,RD-107,2026-07-06 18:02:52,
1957,PC-100979,hub_out,RD-105,2026-07-05 17:31:20,
1958,PC-100979,delivered,RD-105,2026-07-06 17:46:00,
1959,PC-100980,hub_out,RD-101,2026-07-04 20:33:19,
1960,PC-100980,delivered,RD-101,2026-07-06 12:31:41,
1961,PC-100981,hub_out,RD-105,2026-07-05 04:59:22,
1962,PC-100981,delivered,RD-105,2026-07-06 14:17:01,
1963,PC-100982,hub_out,RD-102,2026-07-04 14:04:04,
1964,PC-100982,delivered,RD-102,2026-07-06 10:37:18,
1965,PC-100983,hub_out,RD-102,2026-07-04 17:47:44,
1966,PC-100983,delivered,RD-102,2026-07-06 09:36:01,
1967,PC-100984,hub_out,RD-131,2026-07-06 00:05:17,
1968,PC-100984,delivered,RD-131,2026-07-06 19:53:12,
1969,PC-100985,hub_out,RD-105,2026-07-04 14:30:23,
1970,PC-100985,delivered,RD-105,2026-07-06 16:29:46,
1971,PC-100986,hub_out,RD-131,2026-07-05 14:25:06,
1972,PC-100986,delivered,RD-131,2026-07-06 18:25:58,
1973,PC-100987,hub_out,RD-107,2026-07-05 17:57:38,
1974,PC-100987,delivered,RD-107,2026-07-06 19:03:29,
1975,PC-100988,hub_out,RD-102,2026-07-05 09:12:15,
1976,PC-100988,delivered,RD-102,2026-07-06 15:24:26,
1977,PC-100989,hub_out,RD-107,2026-07-05 10:12:28,
1978,PC-100989,delivered,RD-107,2026-07-06 15:32:18,
1979,PC-100990,hub_out,RD-105,2026-07-04 14:36:39,
1980,PC-100990,delivered,RD-105,2026-07-06 11:20:12,
1981,PC-100991,hub_out,RD-103,2026-07-04 01:30:02,
1982,PC-100991,delivered,RD-103,2026-07-06 09:25:47,
1983,PC-100992,hub_out,RD-108,2026-07-05 06:29:09,
1984,PC-100992,delivered,RD-108,2026-07-06 16:31:26,
1985,PC-100993,hub_out,RD-108,2026-07-04 08:20:17,
1986,PC-100993,delivered,RD-108,2026-07-06 10:45:26,
1987,PC-100994,hub_out,RD-114,2026-07-04 19:19:15,
1988,PC-100994,delivered,RD-114,2026-07-06 10:14:01,
1989,PC-100995,hub_out,RD-131,2026-07-05 12:20:26,
1990,PC-100995,delivered,RD-131,2026-07-06 14:22:30,
1991,PC-100996,hub_out,RD-101,2026-07-05 13:16:32,
1992,PC-100996,delivered,RD-101,2026-07-06 10:54:58,
1993,PC-100997,hub_out,RD-103,2026-07-04 16:54:15,
1994,PC-100997,delivered,RD-103,2026-07-06 18:52:55,
1995,PC-100998,hub_out,RD-114,2026-07-05 04:16:24,
1996,PC-100998,delivered,RD-114,2026-07-06 18:46:31,
1997,PC-100999,hub_out,RD-101,2026-07-04 10:08:10,
1998,PC-100999,delivered,RD-101,2026-07-06 17:39:08,
1999,PC-101000,hub_out,RD-114,2026-07-03 01:23:10,
2000,PC-101000,delivered,RD-114,2026-07-06 10:57:54,
2001,PC-101001,hub_out,RD-103,2026-07-04 08:08:29,
2002,PC-101001,delivered,RD-103,2026-07-06 16:17:22,
2003,PC-101002,hub_out,RD-114,2026-07-05 09:31:30,
2004,PC-101002,delivered,RD-114,2026-07-06 18:02:32,
2005,PC-101003,hub_out,RD-114,2026-07-04 15:14:58,
2006,PC-101003,delivered,RD-114,2026-07-06 10:58:44,
2007,PC-101004,hub_out,RD-131,2026-07-05 00:28:31,
2008,PC-101004,delivered,RD-131,2026-07-06 16:37:45,
2009,PC-101005,hub_out,RD-114,2026-07-05 20:26:08,
2010,PC-101005,delivered,RD-114,2026-07-06 18:58:11,
2011,PC-101006,hub_out,RD-101,2026-07-04 19:44:56,
2012,PC-101006,delivered,RD-101,2026-07-06 18:44:53,
2013,PC-101007,hub_out,RD-105,2026-07-05 20:46:44,
2014,PC-101007,delivered,RD-105,2026-07-06 19:27:31,
2015,PC-101008,hub_out,RD-114,2026-07-04 09:19:37,
2016,PC-101008,delivered,RD-114,2026-07-06 11:01:34,
2017,PC-101009,hub_out,RD-101,2026-07-05 03:02:03,
2018,PC-101009,delivered,RD-101,2026-07-06 19:01:55,
2019,PC-101010,hub_out,RD-102,2026-07-05 19:02:14,
2020,PC-101010,delivered,RD-102,2026-07-06 17:40:29,
2021,PC-101011,hub_out,RD-114,2026-07-05 04:10:51,
2022,PC-101011,delivered,RD-114,2026-07-06 19:19:30,
2023,PC-101012,hub_out,RD-108,2026-07-04 07:15:17,
2024,PC-101012,delivered,RD-108,2026-07-06 09:12:56,
2025,PC-101013,hub_out,RD-103,2026-07-04 17:49:03,
2026,PC-101013,delivered,RD-103,2026-07-06 19:29:44,
2027,PC-101014,hub_out,RD-102,2026-07-04 05:37:31,
2028,PC-101014,delivered,RD-102,2026-07-06 11:13:03,
2029,PC-101015,hub_out,RD-103,2026-07-04 15:46:06,
2030,PC-101015,delivered,RD-103,2026-07-06 10:16:44,
2031,PC-101016,hub_out,RD-101,2026-07-04 23:12:52,
2032,PC-101016,delivered,RD-101,2026-07-06 16:48:48,
2033,PC-101017,hub_out,RD-103,2026-07-05 15:43:58,
2034,PC-101017,delivered,RD-103,2026-07-06 12:54:18,
2035,PC-101018,hub_out,RD-101,2026-07-05 06:14:19,
2036,PC-101018,delivered,RD-101,2026-07-06 15:48:26,
2037,PC-101019,hub_out,RD-105,2026-07-05 10:30:41,
2038,PC-101019,delivered,RD-105,2026-07-06 13:38:07,
2039,PC-101020,hub_out,RD-103,2026-07-04 10:55:55,
2040,PC-101020,delivered,RD-103,2026-07-06 13:43:26,
2041,PC-101021,hub_out,RD-101,2026-07-05 09:43:55,
2042,PC-101021,delivered,RD-101,2026-07-06 12:43:09,
2043,PC-101022,hub_out,RD-103,2026-07-05 19:02:53,
2044,PC-101022,delivered,RD-103,2026-07-06 15:27:04,
2045,PC-101023,hub_out,RD-103,2026-07-05 10:10:49,
2046,PC-101023,delivered,RD-103,2026-07-06 12:12:18,
2047,PC-101024,hub_out,RD-103,2026-07-05 18:17:50,
2048,PC-101024,delivered,RD-103,2026-07-06 16:01:59,
2049,PC-101025,hub_out,RD-103,2026-07-04 13:50:46,
2050,PC-101025,delivered,RD-103,2026-07-06 10:34:42,
2051,PC-101026,hub_out,RD-103,2026-07-04 15:09:21,
2052,PC-101026,delivered,RD-103,2026-07-06 11:39:32,
2053,PC-101027,hub_out,RD-102,2026-07-05 12:15:54,
2054,PC-101027,delivered,RD-102,2026-07-06 12:53:12,
2055,PC-101028,hub_out,RD-114,2026-07-05 01:39:45,
2056,PC-101028,delivered,RD-114,2026-07-06 10:05:13,
2057,PC-101029,hub_out,RD-108,2026-07-05 18:51:43,
2058,PC-101029,delivered,RD-108,2026-07-06 16:53:42,
2059,PC-101030,hub_out,RD-108,2026-07-04 12:15:54,
2060,PC-101030,delivered,RD-108,2026-07-06 16:42:56,
2061,PC-101031,hub_out,RD-131,2026-07-05 10:49:41,
2062,PC-101031,delivered,RD-131,2026-07-06 12:43:25,
2063,PC-101032,hub_out,RD-103,2026-07-04 12:54:52,
2064,PC-101032,delivered,RD-103,2026-07-06 10:59:18,
2065,PC-101033,hub_out,RD-102,2026-07-04 00:15:13,
2066,PC-101033,delivered,RD-102,2026-07-06 12:16:20,
2067,PC-101034,hub_out,RD-101,2026-07-04 15:05:21,
2068,PC-101034,delivered,RD-101,2026-07-06 14:05:28,
2069,PC-101035,hub_out,RD-114,2026-07-04 09:24:27,
2070,PC-101035,delivered,RD-114,2026-07-06 18:27:25,
2071,PC-101036,hub_out,RD-101,2026-07-05 01:13:54,
2072,PC-101036,delivered,RD-101,2026-07-06 15:54:48,
2073,PC-101037,hub_out,RD-108,2026-07-05 09:45:51,
2074,PC-101037,delivered,RD-108,2026-07-06 15:26:05,
2075,PC-101038,hub_out,RD-103,2026-07-03 20:58:47,
2076,PC-101038,delivered,RD-103,2026-07-06 09:01:09,
2077,PC-101039,hub_out,RD-131,2026-07-05 07:38:40,
2078,PC-101039,delivered,RD-131,2026-07-06 15:12:56,
2079,PC-101040,hub_out,RD-108,2026-07-05 08:02:05,
2080,PC-101040,delivered,RD-108,2026-07-06 12:11:08,
2081,PC-101041,hub_out,RD-101,2026-07-04 08:54:16,
2082,PC-101041,delivered,RD-101,2026-07-06 10:20:39,
2083,PC-101042,hub_out,RD-102,2026-07-05 04:28:16,
2084,PC-101042,delivered,RD-102,2026-07-06 12:51:15,
2085,PC-101043,hub_out,RD-114,2026-07-04 23:39:36,
2086,PC-101043,delivered,RD-114,2026-07-06 09:46:34,
2087,PC-101044,hub_out,RD-105,2026-07-04 07:35:02,
2088,PC-101044,delivered,RD-105,2026-07-06 18:34:58,
2089,PC-101045,hub_out,RD-131,2026-07-04 16:03:29,
2090,PC-101045,delivered,RD-131,2026-07-06 16:30:03,
2091,PC-101046,hub_out,RD-101,2026-07-04 13:23:19,
2092,PC-101046,delivered,RD-101,2026-07-06 09:41:26,
2093,PC-101047,hub_out,RD-108,2026-07-04 08:25:20,
2094,PC-101047,delivered,RD-108,2026-07-06 14:36:46,
2095,PC-101048,hub_out,RD-131,2026-07-05 17:39:50,
2096,PC-101048,delivered,RD-131,2026-07-06 19:23:47,
2097,PC-101049,hub_out,RD-107,2026-07-05 12:04:27,
2098,PC-101049,delivered,RD-107,2026-07-06 10:31:04,
2099,PC-101050,hub_out,RD-101,2026-07-04 12:39:53,
2100,PC-101050,delivered,RD-101,2026-07-06 10:36:34,
2101,PC-101051,hub_out,RD-103,2026-07-05 16:17:27,
2102,PC-101051,delivered,RD-103,2026-07-06 13:32:49,
2103,PC-101052,hub_out,RD-101,2026-07-05 01:10:55,
2104,PC-101052,delivered,RD-101,2026-07-06 10:54:39,
2105,PC-101053,hub_out,RD-105,2026-07-05 15:51:07,
2106,PC-101053,delivered,RD-105,2026-07-06 17:48:11,
2107,PC-101054,hub_out,RD-101,2026-07-05 18:36:11,
2108,PC-101054,failed_attempt,RD-101,2026-07-06 09:51:59,customer refused
2109,PC-101055,hub_out,RD-103,2026-07-06 01:23:36,
2110,PC-101055,failed_attempt,RD-103,2026-07-06 09:54:55,cod not ready
2111,PC-101056,hub_out,RD-101,2026-07-06 04:30:51,
2112,PC-101056,failed_attempt,RD-101,2026-07-06 10:21:47,customer unreachable
2113,PC-101057,hub_out,RD-105,2026-07-06 02:09:37,
2114,PC-101057,failed_attempt,RD-105,2026-07-06 15:46:25,customer unreachable
2115,PC-101058,hub_out,RD-108,2026-07-05 12:06:25,
2116,PC-101058,failed_attempt,RD-108,2026-07-06 15:24:41,customer refused
2117,PC-101059,hub_out,RD-102,2026-07-06 03:51:16,
2118,PC-101059,failed_attempt,RD-102,2026-07-06 15:25:48,shop closed
2119,PC-101060,hub_out,RD-103,2026-07-05 15:39:08,
2120,PC-101060,failed_attempt,RD-103,2026-07-06 16:53:02,address not found
2121,PC-101061,hub_out,RD-101,2026-07-06 08:17:04,
2122,PC-101061,failed_attempt,RD-101,2026-07-06 13:55:04,customer refused
2123,PC-101062,hub_out,RD-107,2026-07-05 23:03:45,
2124,PC-101062,failed_attempt,RD-107,2026-07-06 09:27:45,address not found
2125,PC-101063,hub_out,RD-101,2026-07-06 01:12:59,
2126,PC-101063,failed_attempt,RD-101,2026-07-06 10:38:02,customer refused
2127,PC-101064,hub_out,RD-108,2026-07-05 19:48:50,
2128,PC-101064,failed_attempt,RD-108,2026-07-06 19:27:12,cod not ready
2129,PC-101065,hub_out,RD-114,2026-07-06 01:29:17,
2130,PC-101065,failed_attempt,RD-114,2026-07-06 11:06:44,shop closed
2131,PC-101066,hub_out,RD-114,2026-07-05 10:26:45,
2132,PC-101066,failed_attempt,RD-114,2026-07-06 11:47:30,customer refused
2133,PC-101067,hub_out,RD-105,2026-07-05 21:50:27,
2134,PC-101067,failed_attempt,RD-105,2026-07-06 10:28:44,shop closed
2135,PC-101068,hub_out,RD-105,2026-07-05 12:48:31,
2136,PC-101068,failed_attempt,RD-105,2026-07-06 09:55:04,shop closed
2137,PC-101069,hub_out,RD-107,2026-07-06 02:06:06,
2138,PC-101069,failed_attempt,RD-107,2026-07-06 12:52:24,customer refused
2139,PC-101070,hub_out,RD-108,2026-07-05 09:10:24,
2140,PC-101070,failed_attempt,RD-108,2026-07-06 10:03:10,shop closed
2141,PC-101071,hub_out,RD-103,2026-07-06 04:11:29,
2142,PC-101071,failed_attempt,RD-103,2026-07-06 19:52:59,cod not ready
2143,PC-101072,hub_out,RD-114,2026-07-05 11:05:19,
2144,PC-101072,failed_attempt,RD-114,2026-07-06 09:26:40,shop closed
2145,PC-101073,hub_out,RD-108,2026-07-06 05:17:47,
2146,PC-101073,failed_attempt,RD-108,2026-07-06 12:40:50,customer refused
2147,PC-101074,hub_out,RD-102,2026-07-05 23:02:37,
2148,PC-101074,failed_attempt,RD-102,2026-07-06 10:24:59,customer refused
2149,PC-101075,hub_out,RD-108,2026-07-06 06:40:42,
2150,PC-101075,failed_attempt,RD-108,2026-07-06 18:33:39,customer unreachable
2151,PC-101076,hub_out,RD-114,2026-07-05 16:25:06,
2152,PC-101076,failed_attempt,RD-114,2026-07-06 15:13:22,customer refused
2153,PC-101077,hub_out,RD-107,2026-07-06 00:56:08,
2154,PC-101077,failed_attempt,RD-107,2026-07-06 09:25:29,shop closed
2155,PC-101078,hub_out,RD-105,2026-06-30 19:47:30,
2156,PC-101078,delivered,RD-105,2026-07-02 10:25:50,
2157,PC-101079,hub_out,RD-102,2026-06-30 16:17:25,
2158,PC-101079,delivered,RD-102,2026-07-02 17:44:59,
2159,PC-101080,hub_out,RD-107,2026-07-02 06:21:24,
2160,PC-101080,delivered,RD-107,2026-07-02 17:06:52,
2161,PC-101081,hub_out,RD-108,2026-06-30 18:22:49,
2162,PC-101081,delivered,RD-108,2026-07-02 12:30:29,
2163,PC-101082,hub_out,RD-103,2026-06-30 12:55:27,
2164,PC-101082,delivered,RD-103,2026-07-02 12:37:15,
2165,PC-101083,hub_out,RD-101,2026-06-30 14:00:37,
2166,PC-101083,delivered,RD-101,2026-07-02 10:17:24,
2167,PC-101084,hub_out,RD-107,2026-07-01 16:30:53,
2168,PC-101084,delivered,RD-107,2026-07-02 19:50:49,
2169,PC-101085,hub_out,RD-108,2026-07-01 23:53:20,
2170,PC-101085,delivered,RD-108,2026-07-02 18:14:40,
2171,PC-101086,hub_out,RD-103,2026-07-01 01:03:41,
2172,PC-101086,delivered,RD-103,2026-07-02 13:46:53,
2173,PC-101087,hub_out,RD-103,2026-07-01 20:11:15,
2174,PC-101087,delivered,RD-103,2026-07-02 10:39:58,
2175,PC-101088,hub_out,RD-105,2026-07-01 04:29:47,
2176,PC-101088,delivered,RD-105,2026-07-02 09:00:26,
2177,PC-101089,hub_out,RD-108,2026-07-01 04:51:01,
2178,PC-101089,delivered,RD-108,2026-07-02 12:01:43,
2179,PC-101090,hub_out,RD-102,2026-07-01 18:42:51,
2180,PC-101090,delivered,RD-102,2026-07-02 15:41:18,
2181,PC-101091,hub_out,RD-107,2026-07-02 03:25:38,
2182,PC-101091,delivered,RD-107,2026-07-02 18:22:00,
2183,PC-101092,hub_out,RD-102,2026-07-01 05:46:58,
2184,PC-101092,delivered,RD-102,2026-07-02 12:16:31,
2185,PC-101093,hub_out,RD-114,2026-06-30 23:29:10,
2186,PC-101093,delivered,RD-114,2026-07-02 15:14:36,
2187,PC-101094,hub_out,RD-105,2026-06-30 18:24:57,
2188,PC-101094,delivered,RD-105,2026-07-02 14:01:35,
2189,PC-101095,hub_out,RD-108,2026-07-01 03:54:28,
2190,PC-101095,delivered,RD-108,2026-07-02 13:59:50,
2191,PC-101096,hub_out,RD-101,2026-07-02 02:20:36,
2192,PC-101096,delivered,RD-101,2026-07-02 19:58:34,
2193,PC-101097,hub_out,RD-108,2026-06-30 20:13:18,
2194,PC-101097,delivered,RD-108,2026-07-02 12:53:44,
2195,PC-101098,hub_out,RD-102,2026-07-01 16:59:53,
2196,PC-101098,delivered,RD-102,2026-07-02 13:13:30,
2197,PC-101099,hub_out,RD-108,2026-07-01 19:44:50,
2198,PC-101099,delivered,RD-108,2026-07-02 17:58:12,
2199,PC-101100,hub_out,RD-114,2026-07-01 03:04:43,
2200,PC-101100,delivered,RD-114,2026-07-02 14:17:08,
2201,PC-101101,hub_out,RD-108,2026-07-02 05:14:54,
2202,PC-101101,delivered,RD-108,2026-07-02 19:26:38,
2203,PC-101102,hub_out,RD-108,2026-06-30 13:57:13,
2204,PC-101102,delivered,RD-108,2026-07-02 11:30:21,
2205,PC-101103,hub_out,RD-105,2026-07-01 21:56:31,
2206,PC-101103,delivered,RD-105,2026-07-02 09:20:15,
2207,PC-101104,hub_out,RD-102,2026-07-01 18:24:37,
2208,PC-101104,delivered,RD-102,2026-07-02 18:10:11,
2209,PC-101105,hub_out,RD-105,2026-07-01 17:36:05,
2210,PC-101105,delivered,RD-105,2026-07-02 13:48:45,
2211,PC-101106,hub_out,RD-131,2026-07-01 10:51:34,
2212,PC-101106,delivered,RD-131,2026-07-02 19:50:46,
2213,PC-101107,hub_out,RD-103,2026-06-30 23:54:46,
2214,PC-101107,delivered,RD-103,2026-07-02 19:00:14,
2215,PC-101108,hub_out,RD-131,2026-07-01 21:57:38,
2216,PC-101108,delivered,RD-131,2026-07-02 15:01:52,
2217,PC-101109,hub_out,RD-101,2026-07-01 11:42:52,
2218,PC-101109,delivered,RD-101,2026-07-02 15:16:13,
2219,PC-101110,hub_out,RD-108,2026-07-01 03:17:36,
2220,PC-101110,delivered,RD-108,2026-07-02 17:41:20,
2221,PC-101111,hub_out,RD-105,2026-07-01 04:58:30,
2222,PC-101111,delivered,RD-105,2026-07-02 09:02:25,
2223,PC-101112,hub_out,RD-102,2026-07-01 05:24:23,
2224,PC-101112,delivered,RD-102,2026-07-02 18:56:37,
2225,PC-101113,hub_out,RD-102,2026-06-30 22:22:56,
2226,PC-101113,delivered,RD-102,2026-07-02 16:14:00,
2227,PC-101114,hub_out,RD-102,2026-07-01 07:57:10,
2228,PC-101114,delivered,RD-102,2026-07-02 19:23:53,
2229,PC-101115,hub_out,RD-107,2026-06-30 17:47:10,
2230,PC-101115,delivered,RD-107,2026-07-02 18:57:36,
2231,PC-101116,hub_out,RD-105,2026-07-01 11:59:29,
2232,PC-101116,delivered,RD-105,2026-07-02 15:18:38,
2233,PC-101117,hub_out,RD-114,2026-06-30 13:18:45,
2234,PC-101117,delivered,RD-114,2026-07-02 16:16:34,
2235,PC-101118,hub_out,RD-105,2026-07-01 01:25:00,
2236,PC-101118,delivered,RD-105,2026-07-02 17:37:53,
2237,PC-101119,hub_out,RD-103,2026-07-01 10:39:04,
2238,PC-101119,delivered,RD-103,2026-07-02 16:51:02,
2239,PC-101120,hub_out,RD-107,2026-07-01 09:11:19,
2240,PC-101120,delivered,RD-107,2026-07-02 15:03:34,
2241,PC-101121,hub_out,RD-107,2026-07-01 14:03:16,
2242,PC-101121,delivered,RD-107,2026-07-02 19:31:29,
2243,PC-101122,hub_out,RD-108,2026-07-01 16:57:52,
2244,PC-101122,delivered,RD-108,2026-07-02 18:23:04,
2245,PC-101123,hub_out,RD-102,2026-06-30 13:00:25,
2246,PC-101123,delivered,RD-102,2026-07-02 09:37:15,
2247,PC-101124,hub_out,RD-103,2026-06-30 18:54:56,
2248,PC-101124,delivered,RD-103,2026-07-02 11:56:54,
2249,PC-101125,hub_out,RD-131,2026-07-01 23:23:07,
2250,PC-101125,delivered,RD-131,2026-07-02 10:15:35,
2251,PC-101126,hub_out,RD-108,2026-07-02 01:19:16,
2252,PC-101126,delivered,RD-108,2026-07-02 13:28:35,
2253,PC-101127,hub_out,RD-114,2026-07-01 14:09:30,
2254,PC-101127,delivered,RD-114,2026-07-02 10:21:13,
2255,PC-101128,hub_out,RD-107,2026-07-01 18:36:42,
2256,PC-101128,delivered,RD-107,2026-07-02 18:33:54,
2257,PC-101129,hub_out,RD-101,2026-07-01 16:37:55,
2258,PC-101129,delivered,RD-101,2026-07-02 13:38:52,
2259,PC-101130,hub_out,RD-103,2026-06-30 19:01:00,
2260,PC-101130,delivered,RD-103,2026-07-02 11:39:16,
2261,PC-101131,hub_out,RD-108,2026-07-01 21:07:56,
2262,PC-101131,delivered,RD-108,2026-07-02 12:54:48,
2263,PC-101132,hub_out,RD-101,2026-07-01 09:32:03,
2264,PC-101132,delivered,RD-101,2026-07-02 13:15:01,
2265,PC-101133,hub_out,RD-101,2026-06-30 18:36:21,
2266,PC-101133,delivered,RD-101,2026-07-02 16:06:21,
2267,PC-101134,hub_out,RD-107,2026-07-01 00:43:38,
2268,PC-101134,delivered,RD-107,2026-07-02 18:54:45,
2269,PC-101135,hub_out,RD-103,2026-07-02 01:01:52,
2270,PC-101135,delivered,RD-103,2026-07-02 18:05:34,
2271,PC-101136,hub_out,RD-102,2026-07-02 02:04:07,
2272,PC-101136,delivered,RD-102,2026-07-02 16:48:57,
2273,PC-101137,hub_out,RD-108,2026-07-01 02:30:14,
2274,PC-101137,delivered,RD-108,2026-07-02 09:07:05,
2275,PC-101138,hub_out,RD-131,2026-07-01 22:45:56,
2276,PC-101138,delivered,RD-131,2026-07-02 13:47:16,
2277,PC-101139,hub_out,RD-105,2026-06-30 09:36:41,
2278,PC-101139,delivered,RD-105,2026-07-02 11:31:29,
2279,PC-101140,hub_out,RD-108,2026-07-01 00:02:19,
2280,PC-101140,delivered,RD-108,2026-07-02 17:53:28,
2281,PC-101141,hub_out,RD-107,2026-07-02 11:13:46,
2282,PC-101141,delivered,RD-107,2026-07-02 19:35:30,
2283,PC-101142,hub_out,RD-102,2026-07-01 05:09:12,
2284,PC-101142,delivered,RD-102,2026-07-02 17:23:59,
2285,PC-101143,hub_out,RD-105,2026-06-30 20:17:00,
2286,PC-101143,delivered,RD-105,2026-07-02 13:17:33,
2287,PC-101144,hub_out,RD-108,2026-07-02 03:18:57,
2288,PC-101144,delivered,RD-108,2026-07-02 16:46:26,
2289,PC-101145,hub_out,RD-114,2026-06-30 22:36:27,
2290,PC-101145,delivered,RD-114,2026-07-02 14:35:22,
2291,PC-101146,hub_out,RD-108,2026-07-02 07:16:39,
2292,PC-101146,delivered,RD-108,2026-07-02 19:28:26,
2293,PC-101147,hub_out,RD-105,2026-07-01 01:04:26,
2294,PC-101147,delivered,RD-105,2026-07-02 09:54:03,
2295,PC-101148,hub_out,RD-131,2026-07-01 03:18:01,
2296,PC-101148,delivered,RD-131,2026-07-02 09:36:59,
2297,PC-101149,hub_out,RD-105,2026-07-01 00:21:53,
2298,PC-101149,delivered,RD-105,2026-07-02 13:20:40,
2299,PC-101150,hub_out,RD-114,2026-07-01 02:37:01,
2300,PC-101150,delivered,RD-114,2026-07-02 11:27:27,
2301,PC-101151,hub_out,RD-105,2026-07-01 19:55:18,
2302,PC-101151,delivered,RD-105,2026-07-02 17:45:53,
2303,PC-101152,hub_out,RD-107,2026-07-01 02:59:48,
2304,PC-101152,delivered,RD-107,2026-07-02 17:00:04,
2305,PC-101153,hub_out,RD-114,2026-07-01 04:50:53,
2306,PC-101153,delivered,RD-114,2026-07-02 18:35:56,
2307,PC-101154,hub_out,RD-108,2026-07-01 18:08:16,
2308,PC-101154,delivered,RD-108,2026-07-02 13:41:26,
2309,PC-101155,hub_out,RD-103,2026-06-30 11:08:30,
2310,PC-101155,delivered,RD-103,2026-07-02 10:20:04,
2311,PC-101156,hub_out,RD-108,2026-07-02 02:51:34,
2312,PC-101156,delivered,RD-108,2026-07-02 16:15:41,
2313,PC-101157,hub_out,RD-108,2026-06-30 08:01:20,
2314,PC-101157,delivered,RD-108,2026-07-02 10:36:58,
2315,PC-101158,hub_out,RD-103,2026-06-30 10:45:20,
2316,PC-101158,delivered,RD-103,2026-07-02 09:47:51,
2317,PC-101159,hub_out,RD-105,2026-07-02 01:05:39,
2318,PC-101159,delivered,RD-105,2026-07-02 13:40:30,
2319,PC-101160,hub_out,RD-108,2026-06-30 13:44:16,
2320,PC-101160,delivered,RD-108,2026-07-02 14:51:21,
2321,PC-101161,hub_out,RD-131,2026-07-02 03:12:46,
2322,PC-101161,delivered,RD-131,2026-07-02 18:23:24,
2323,PC-101162,hub_out,RD-108,2026-07-01 17:09:26,
2324,PC-101162,delivered,RD-108,2026-07-02 16:29:23,
2325,PC-101163,hub_out,RD-107,2026-06-30 16:52:30,
2326,PC-101163,delivered,RD-107,2026-07-02 09:19:19,
2327,PC-101164,hub_out,RD-103,2026-06-30 21:45:22,
2328,PC-101164,delivered,RD-103,2026-07-02 17:11:31,
2329,PC-101165,hub_out,RD-102,2026-06-30 21:40:12,
2330,PC-101165,delivered,RD-102,2026-07-02 18:06:27,
2331,PC-101166,hub_out,RD-114,2026-06-30 06:29:38,
2332,PC-101166,delivered,RD-114,2026-07-02 10:42:38,
2333,PC-101167,hub_out,RD-103,2026-07-01 13:18:38,
2334,PC-101167,delivered,RD-103,2026-07-02 17:55:30,
2335,PC-101168,hub_out,RD-105,2026-07-01 14:05:54,
2336,PC-101168,delivered,RD-105,2026-07-02 15:40:59,
2337,PC-101169,hub_out,RD-131,2026-06-30 15:17:09,
2338,PC-101169,delivered,RD-131,2026-07-02 16:29:42,
2339,PC-101170,hub_out,RD-114,2026-07-01 09:07:27,
2340,PC-101170,delivered,RD-114,2026-07-02 11:23:18,
2341,PC-101171,hub_out,RD-131,2026-07-01 13:02:51,
2342,PC-101171,delivered,RD-131,2026-07-02 17:43:22,
2343,PC-101172,hub_out,RD-102,2026-07-01 21:48:06,
2344,PC-101172,delivered,RD-102,2026-07-02 12:06:03,
2345,PC-101173,hub_out,RD-108,2026-06-30 15:15:00,
2346,PC-101173,delivered,RD-108,2026-07-02 12:50:36,
2347,PC-101174,hub_out,RD-102,2026-06-30 23:45:20,
2348,PC-101174,delivered,RD-102,2026-07-02 18:28:25,
2349,PC-101175,hub_out,RD-102,2026-06-30 13:56:37,
2350,PC-101175,delivered,RD-102,2026-07-02 09:30:08,
2351,PC-101176,hub_out,RD-107,2026-07-02 02:18:49,
2352,PC-101176,delivered,RD-107,2026-07-02 16:20:44,
2353,PC-101177,hub_out,RD-108,2026-06-30 12:31:13,
2354,PC-101177,delivered,RD-108,2026-07-02 13:27:39,
2355,PC-101178,hub_out,RD-105,2026-07-01 14:56:19,
2356,PC-101178,delivered,RD-105,2026-07-02 12:22:46,
2357,PC-101179,hub_out,RD-103,2026-07-02 00:59:33,
2358,PC-101179,delivered,RD-103,2026-07-02 14:10:59,
2359,PC-101180,hub_out,RD-105,2026-07-01 16:36:57,
2360,PC-101180,delivered,RD-105,2026-07-02 17:37:32,
2361,PC-101181,hub_out,RD-103,2026-06-30 22:36:26,
2362,PC-101181,delivered,RD-103,2026-07-02 15:44:55,
2363,PC-101182,hub_out,RD-131,2026-07-01 22:01:25,
2364,PC-101182,delivered,RD-131,2026-07-02 17:37:17,
2365,PC-101183,hub_out,RD-103,2026-06-30 23:50:01,
2366,PC-101183,delivered,RD-103,2026-07-02 12:41:16,
2367,PC-101184,hub_out,RD-105,2026-07-01 02:03:50,
2368,PC-101184,delivered,RD-105,2026-07-02 14:33:06,
2369,PC-101185,hub_out,RD-101,2026-07-02 02:53:44,
2370,PC-101185,delivered,RD-101,2026-07-02 18:22:10,
2371,PC-101186,hub_out,RD-103,2026-07-01 22:07:08,
2372,PC-101186,delivered,RD-103,2026-07-02 13:07:56,
2373,PC-101187,hub_out,RD-105,2026-07-01 16:28:58,
2374,PC-101187,delivered,RD-105,2026-07-02 09:58:39,
2375,PC-101188,hub_out,RD-102,2026-07-02 00:08:48,
2376,PC-101188,delivered,RD-102,2026-07-02 15:29:25,
2377,PC-101189,hub_out,RD-108,2026-06-30 22:04:26,
2378,PC-101189,delivered,RD-108,2026-07-02 12:26:40,
2379,PC-101190,hub_out,RD-114,2026-06-30 09:08:23,
2380,PC-101190,delivered,RD-114,2026-07-02 10:25:54,
2381,PC-101191,hub_out,RD-131,2026-07-01 05:05:25,
2382,PC-101191,delivered,RD-131,2026-07-02 18:12:03,
2383,PC-101192,hub_out,RD-114,2026-07-01 20:52:41,
2384,PC-101192,delivered,RD-114,2026-07-02 12:04:32,
2385,PC-101193,hub_out,RD-101,2026-06-30 22:58:12,
2386,PC-101193,delivered,RD-101,2026-07-02 13:35:53,
2387,PC-101194,hub_out,RD-101,2026-07-02 00:03:04,
2388,PC-101194,delivered,RD-101,2026-07-02 18:24:38,
2389,PC-101195,hub_out,RD-105,2026-07-01 04:58:03,
2390,PC-101195,delivered,RD-105,2026-07-02 14:57:44,
2391,PC-101196,hub_out,RD-102,2026-07-01 00:48:33,
2392,PC-101196,delivered,RD-102,2026-07-02 15:17:53,
2393,PC-101197,hub_out,RD-108,2026-07-01 08:04:17,
2394,PC-101197,delivered,RD-108,2026-07-02 16:30:45,
2395,PC-101198,hub_out,RD-103,2026-07-01 00:53:27,
2396,PC-101198,delivered,RD-103,2026-07-02 10:07:10,
2397,PC-101199,hub_out,RD-101,2026-06-30 23:26:00,
2398,PC-101199,delivered,RD-101,2026-07-02 10:07:09,
2399,PC-101200,hub_out,RD-114,2026-07-01 19:26:06,
2400,PC-101200,delivered,RD-114,2026-07-02 14:55:56,
2401,PC-101201,hub_out,RD-131,2026-06-30 17:43:53,
2402,PC-101201,delivered,RD-131,2026-07-02 11:09:11,
2403,PC-101202,hub_out,RD-108,2026-07-01 10:54:29,
2404,PC-101202,delivered,RD-108,2026-07-02 09:31:54,
2405,PC-101203,hub_out,RD-101,2026-07-01 12:51:43,
2406,PC-101203,delivered,RD-101,2026-07-02 17:54:59,
2407,PC-101204,hub_out,RD-105,2026-06-30 09:30:57,
2408,PC-101204,delivered,RD-105,2026-07-02 12:17:02,
2409,PC-101205,hub_out,RD-131,2026-07-01 03:20:08,
2410,PC-101205,delivered,RD-131,2026-07-02 19:19:12,
2411,PC-101206,hub_out,RD-105,2026-07-02 02:07:47,
2412,PC-101206,delivered,RD-105,2026-07-02 18:20:32,
2413,PC-101207,hub_out,RD-102,2026-07-01 16:30:25,
2414,PC-101207,delivered,RD-102,2026-07-02 16:52:40,
2415,PC-101208,hub_out,RD-107,2026-07-01 21:33:24,
2416,PC-101208,delivered,RD-107,2026-07-02 11:38:55,
2417,PC-101209,hub_out,RD-107,2026-06-30 10:27:31,
2418,PC-101209,delivered,RD-107,2026-07-02 10:06:39,
2419,PC-101210,hub_out,RD-103,2026-07-01 14:55:48,
2420,PC-101210,delivered,RD-103,2026-07-02 16:10:50,
2421,PC-101211,hub_out,RD-105,2026-07-01 06:47:15,
2422,PC-101211,delivered,RD-105,2026-07-02 16:22:36,
2423,PC-101212,hub_out,RD-103,2026-07-01 02:24:08,
2424,PC-101212,delivered,RD-103,2026-07-02 16:27:09,
2425,PC-101213,hub_out,RD-108,2026-07-01 07:35:10,
2426,PC-101213,delivered,RD-108,2026-07-02 19:48:08,
2427,PC-101214,hub_out,RD-114,2026-07-01 20:50:01,
2428,PC-101214,delivered,RD-114,2026-07-02 16:09:57,
2429,PC-101215,hub_out,RD-114,2026-07-01 00:03:25,
2430,PC-101215,delivered,RD-114,2026-07-02 13:10:20,
2431,PC-101216,hub_out,RD-101,2026-07-01 15:40:26,
2432,PC-101216,delivered,RD-101,2026-07-02 12:06:33,
2433,PC-101217,hub_out,RD-131,2026-06-30 05:44:30,
2434,PC-101217,delivered,RD-131,2026-07-02 09:14:21,
2435,PC-101218,hub_out,RD-102,2026-07-01 14:51:04,
2436,PC-101218,delivered,RD-102,2026-07-02 19:18:32,
2437,PC-101219,hub_out,RD-101,2026-07-01 12:37:37,
2438,PC-101219,delivered,RD-101,2026-07-02 10:44:21,
2439,PC-101220,hub_out,RD-101,2026-07-01 14:54:47,
2440,PC-101220,delivered,RD-101,2026-07-02 09:04:08,
2441,PC-101221,hub_out,RD-108,2026-07-02 08:32:29,
2442,PC-101221,delivered,RD-108,2026-07-02 19:51:45,
2443,PC-101222,hub_out,RD-114,2026-07-01 11:40:43,
2444,PC-101222,delivered,RD-114,2026-07-02 19:50:18,
2445,PC-101223,hub_out,RD-105,2026-07-02 04:54:41,
2446,PC-101223,delivered,RD-105,2026-07-02 15:36:00,
2447,PC-101224,hub_out,RD-114,2026-07-01 10:18:41,
2448,PC-101224,delivered,RD-114,2026-07-02 19:59:20,
2449,PC-101225,hub_out,RD-114,2026-07-01 04:16:04,
2450,PC-101225,delivered,RD-114,2026-07-02 18:14:26,
2451,PC-101226,hub_out,RD-105,2026-06-30 14:14:57,
2452,PC-101226,delivered,RD-105,2026-07-02 10:28:55,
2453,PC-101227,hub_out,RD-102,2026-07-01 02:30:24,
2454,PC-101227,delivered,RD-102,2026-07-02 17:20:16,
2455,PC-101228,hub_out,RD-108,2026-07-01 03:02:25,
2456,PC-101228,delivered,RD-108,2026-07-02 14:34:35,
2457,PC-101229,hub_out,RD-101,2026-07-01 19:14:54,
2458,PC-101229,delivered,RD-101,2026-07-02 19:29:38,
2459,PC-101230,hub_out,RD-102,2026-06-30 17:29:57,
2460,PC-101230,delivered,RD-102,2026-07-02 16:35:38,
2461,PC-101231,hub_out,RD-103,2026-07-01 02:32:24,
2462,PC-101231,delivered,RD-103,2026-07-02 14:48:38,
2463,PC-101232,hub_out,RD-107,2026-06-30 23:36:12,
2464,PC-101232,delivered,RD-107,2026-07-02 18:18:03,
2465,PC-101233,hub_out,RD-131,2026-07-01 01:47:13,
2466,PC-101233,delivered,RD-131,2026-07-02 17:36:55,
2467,PC-101234,hub_out,RD-131,2026-07-01 10:07:47,
2468,PC-101234,delivered,RD-131,2026-07-02 12:08:51,
2469,PC-101235,hub_out,RD-101,2026-07-02 05:04:19,
2470,PC-101235,delivered,RD-101,2026-07-02 14:38:15,
2471,PC-101236,hub_out,RD-102,2026-07-01 18:09:20,
2472,PC-101236,delivered,RD-102,2026-07-02 11:40:38,
2473,PC-101237,hub_out,RD-103,2026-07-01 13:15:36,
2474,PC-101237,delivered,RD-103,2026-07-02 16:49:07,
2475,PC-101238,hub_out,RD-107,2026-07-01 23:38:42,
2476,PC-101238,delivered,RD-107,2026-07-02 16:53:16,
2477,PC-101239,hub_out,RD-107,2026-07-01 07:37:45,
2478,PC-101239,delivered,RD-107,2026-07-02 13:27:46,
2479,PC-101240,hub_out,RD-105,2026-06-30 17:24:01,
2480,PC-101240,delivered,RD-105,2026-07-02 10:02:40,
2481,PC-101241,hub_out,RD-108,2026-07-02 08:29:05,
2482,PC-101241,delivered,RD-108,2026-07-02 19:46:47,
2483,PC-101242,hub_out,RD-105,2026-06-30 13:09:24,
2484,PC-101242,delivered,RD-105,2026-07-02 12:36:06,
2485,PC-101243,hub_out,RD-107,2026-07-01 05:32:21,
2486,PC-101243,delivered,RD-107,2026-07-02 10:17:33,
2487,PC-101244,hub_out,RD-103,2026-07-01 01:59:09,
2488,PC-101244,delivered,RD-103,2026-07-02 18:50:42,
2489,PC-101245,hub_out,RD-102,2026-07-01 08:27:58,
2490,PC-101245,delivered,RD-102,2026-07-02 10:45:38,
2491,PC-101246,hub_out,RD-107,2026-07-02 09:12:34,
2492,PC-101246,delivered,RD-107,2026-07-02 19:44:52,
2493,PC-101247,hub_out,RD-114,2026-07-01 01:42:37,
2494,PC-101247,delivered,RD-114,2026-07-02 11:10:46,
2495,PC-101248,hub_out,RD-108,2026-07-01 02:32:07,
2496,PC-101248,delivered,RD-108,2026-07-02 12:31:26,
2497,PC-101249,hub_out,RD-114,2026-07-01 09:04:42,
2498,PC-101249,delivered,RD-114,2026-07-02 19:05:06,
2499,PC-101250,hub_out,RD-108,2026-06-30 18:53:26,
2500,PC-101250,delivered,RD-108,2026-07-02 15:44:30,
2501,PC-101251,hub_out,RD-102,2026-06-30 20:01:12,
2502,PC-101251,delivered,RD-102,2026-07-02 12:48:23,
2503,PC-101252,hub_out,RD-107,2026-07-02 08:25:42,
2504,PC-101252,delivered,RD-107,2026-07-02 19:14:24,
2505,PC-101253,hub_out,RD-103,2026-07-01 13:45:43,
2506,PC-101253,delivered,RD-103,2026-07-02 15:49:22,
2507,PC-101254,hub_out,RD-102,2026-06-30 22:45:53,
2508,PC-101254,delivered,RD-102,2026-07-02 09:28:40,
2509,PC-101255,hub_out,RD-114,2026-07-01 13:42:20,
2510,PC-101255,delivered,RD-114,2026-07-02 17:39:34,
2511,PC-101256,hub_out,RD-131,2026-06-30 14:05:41,
2512,PC-101256,delivered,RD-131,2026-07-02 17:19:38,
2513,PC-101257,hub_out,RD-114,2026-07-01 04:09:10,
2514,PC-101257,delivered,RD-114,2026-07-02 19:53:51,
2515,PC-101258,hub_out,RD-108,2026-07-01 20:36:23,
2516,PC-101258,delivered,RD-108,2026-07-02 17:03:17,
2517,PC-101259,hub_out,RD-131,2026-06-30 17:11:10,
2518,PC-101259,delivered,RD-131,2026-07-02 18:30:00,
2519,PC-101260,hub_out,RD-131,2026-06-30 19:32:50,
2520,PC-101260,delivered,RD-131,2026-07-02 18:21:59,
2521,PC-101261,hub_out,RD-102,2026-07-02 05:18:27,
2522,PC-101261,delivered,RD-102,2026-07-02 16:19:01,
2523,PC-101262,hub_out,RD-108,2026-07-02 02:41:48,
2524,PC-101262,delivered,RD-108,2026-07-02 12:13:10,
2525,PC-101263,hub_out,RD-103,2026-07-01 03:27:50,
2526,PC-101263,delivered,RD-103,2026-07-02 13:38:11,
2527,PC-101264,hub_out,RD-114,2026-07-01 21:42:00,
2528,PC-101264,delivered,RD-114,2026-07-02 19:51:59,
2529,PC-101265,hub_out,RD-102,2026-07-01 01:50:00,
2530,PC-101265,delivered,RD-102,2026-07-02 09:28:06,
2531,PC-101266,hub_out,RD-131,2026-07-01 16:12:57,
2532,PC-101266,delivered,RD-131,2026-07-02 17:08:46,
2533,PC-101267,hub_out,RD-108,2026-07-01 13:46:23,
2534,PC-101267,delivered,RD-108,2026-07-02 14:12:08,
2535,PC-101268,hub_out,RD-101,2026-07-01 08:11:20,
2536,PC-101268,delivered,RD-101,2026-07-02 10:05:13,
2537,PC-101269,hub_out,RD-102,2026-07-01 05:12:00,
2538,PC-101269,delivered,RD-102,2026-07-02 12:20:40,
2539,PC-101270,hub_out,RD-114,2026-06-30 14:21:58,
2540,PC-101270,delivered,RD-114,2026-07-02 15:06:12,
2541,PC-101271,hub_out,RD-105,2026-07-01 07:05:04,
2542,PC-101271,delivered,RD-105,2026-07-02 17:11:50,
2543,PC-101272,hub_out,RD-107,2026-07-01 08:58:41,
2544,PC-101272,delivered,RD-107,2026-07-02 15:30:33,
2545,PC-101273,hub_out,RD-105,2026-07-01 10:23:51,
2546,PC-101273,failed_attempt,RD-105,2026-07-02 12:37:12,customer unreachable
2547,PC-101274,hub_out,RD-114,2026-07-01 12:42:45,
2548,PC-101274,failed_attempt,RD-114,2026-07-02 15:38:15,address not found
2549,PC-101275,hub_out,RD-108,2026-07-02 05:57:23,
2550,PC-101275,failed_attempt,RD-108,2026-07-02 16:24:26,address not found
2551,PC-101276,hub_out,RD-114,2026-07-02 15:03:25,
2552,PC-101276,failed_attempt,RD-114,2026-07-02 17:28:09,customer unreachable
2553,PC-101277,hub_out,RD-102,2026-07-01 23:18:10,
2554,PC-101277,failed_attempt,RD-102,2026-07-02 12:16:47,customer refused
2555,PC-101278,hub_out,RD-102,2026-07-02 03:42:50,
2556,PC-101278,failed_attempt,RD-102,2026-07-02 10:45:04,cod not ready
2557,PC-101279,hub_out,RD-107,2026-07-01 22:08:02,
2558,PC-101279,failed_attempt,RD-107,2026-07-02 12:24:07,cod not ready
2559,PC-101280,hub_out,RD-102,2026-07-02 03:53:57,
2560,PC-101280,failed_attempt,RD-102,2026-07-02 19:01:32,customer refused
2561,PC-101281,hub_out,RD-102,2026-07-01 15:30:19,
2562,PC-101281,failed_attempt,RD-102,2026-07-02 15:19:12,customer refused
2563,PC-101282,hub_out,RD-102,2026-07-01 23:36:11,
2564,PC-101282,failed_attempt,RD-102,2026-07-02 18:28:32,cod not ready
2565,PC-101283,hub_out,RD-107,2026-07-01 11:47:28,
2566,PC-101283,failed_attempt,RD-107,2026-07-02 13:31:45,customer refused
2567,PC-101284,hub_out,RD-103,2026-07-02 01:03:33,
2568,PC-101284,failed_attempt,RD-103,2026-07-02 11:57:43,shop closed
2569,PC-101285,hub_out,RD-103,2026-07-01 15:08:31,
2570,PC-101285,failed_attempt,RD-103,2026-07-02 10:37:15,cod not ready
2571,PC-101286,hub_out,RD-105,2026-07-02 03:47:56,
2572,PC-101286,failed_attempt,RD-105,2026-07-02 16:36:48,customer unreachable
2573,PC-101287,hub_out,RD-108,2026-07-02 07:04:49,
2574,PC-101287,failed_attempt,RD-108,2026-07-02 14:12:00,customer refused
2575,PC-101288,hub_out,RD-102,2026-07-01 16:32:43,
2576,PC-101288,failed_attempt,RD-102,2026-07-02 17:58:11,customer refused
2577,PC-101289,hub_out,RD-114,2026-07-01 20:45:40,
2578,PC-101289,failed_attempt,RD-114,2026-07-02 09:53:19,address not found
2579,PC-101290,hub_out,RD-107,2026-07-01 21:30:01,
2580,PC-101290,failed_attempt,RD-107,2026-07-02 15:34:32,customer unreachable
2581,PC-101291,hub_out,RD-114,2026-07-02 03:30:00,
2582,PC-101291,failed_attempt,RD-114,2026-07-02 19:43:52,customer refused
2583,PC-101292,hub_out,RD-108,2026-07-01 15:51:40,
2584,PC-101292,failed_attempt,RD-108,2026-07-02 15:07:01,customer unreachable
2585,PC-101293,hub_out,RD-105,2026-07-01 18:06:19,
2586,PC-101293,failed_attempt,RD-105,2026-07-02 09:07:46,address not found
2587,PC-101294,hub_out,RD-107,2026-07-01 11:28:54,
2588,PC-101294,failed_attempt,RD-107,2026-07-02 11:22:13,shop closed
2589,PC-101295,hub_out,RD-131,2026-07-02 08:11:49,
2590,PC-101295,failed_attempt,RD-131,2026-07-02 14:03:43,cod not ready
2591,PC-101296,hub_out,RD-101,2026-07-02 05:41:15,
2592,PC-101296,failed_attempt,RD-101,2026-07-02 11:07:15,cod not ready
2593,PC-101297,hub_out,RD-108,2026-07-02 20:29:59,
2594,PC-101297,delivered,RD-108,2026-07-03 12:35:43,
2595,PC-101298,hub_out,RD-102,2026-07-03 09:03:59,
2596,PC-101298,delivered,RD-102,2026-07-03 13:54:17,
2597,PC-101299,hub_out,RD-108,2026-07-02 13:37:10,
2598,PC-101299,delivered,RD-108,2026-07-03 11:57:48,
2599,PC-101300,hub_out,RD-131,2026-07-03 00:56:44,
2600,PC-101300,delivered,RD-131,2026-07-03 17:44:17,
2601,PC-101301,hub_out,RD-101,2026-07-01 09:42:49,
2602,PC-101301,delivered,RD-101,2026-07-03 09:43:24,
2603,PC-101302,hub_out,RD-108,2026-07-01 22:24:31,
2604,PC-101302,delivered,RD-108,2026-07-03 15:34:33,
2605,PC-101303,hub_out,RD-102,2026-07-02 01:12:15,
2606,PC-101303,delivered,RD-102,2026-07-03 19:11:41,
2607,PC-101304,hub_out,RD-101,2026-07-02 11:26:48,
2608,PC-101304,delivered,RD-101,2026-07-03 10:24:05,
2609,PC-101305,hub_out,RD-108,2026-07-03 03:32:30,
2610,PC-101305,delivered,RD-108,2026-07-03 18:16:46,
2611,PC-101306,hub_out,RD-103,2026-07-01 22:39:24,
2612,PC-101306,delivered,RD-103,2026-07-03 12:10:06,
2613,PC-101307,hub_out,RD-108,2026-07-02 23:49:00,
2614,PC-101307,delivered,RD-108,2026-07-03 11:43:32,
2615,PC-101308,hub_out,RD-131,2026-07-02 08:14:20,
2616,PC-101308,delivered,RD-131,2026-07-03 13:59:07,
2617,PC-101309,hub_out,RD-108,2026-07-02 11:56:32,
2618,PC-101309,delivered,RD-108,2026-07-03 19:53:16,
2619,PC-101310,hub_out,RD-102,2026-07-02 19:00:06,
2620,PC-101310,delivered,RD-102,2026-07-03 11:41:06,
2621,PC-101311,hub_out,RD-131,2026-07-01 08:55:19,
2622,PC-101311,delivered,RD-131,2026-07-03 11:01:13,
2623,PC-101312,hub_out,RD-102,2026-07-02 18:18:57,
2624,PC-101312,delivered,RD-102,2026-07-03 18:57:01,
2625,PC-101313,hub_out,RD-131,2026-07-03 02:06:58,
2626,PC-101313,delivered,RD-131,2026-07-03 14:28:38,
2627,PC-101314,hub_out,RD-114,2026-07-02 20:41:20,
2628,PC-101314,delivered,RD-114,2026-07-03 10:22:59,
2629,PC-101315,hub_out,RD-103,2026-07-02 03:45:27,
2630,PC-101315,delivered,RD-103,2026-07-03 09:25:58,
2631,PC-101316,hub_out,RD-114,2026-07-02 10:38:25,
2632,PC-101316,delivered,RD-114,2026-07-03 19:03:25,
2633,PC-101317,hub_out,RD-101,2026-07-01 18:35:15,
2634,PC-101317,delivered,RD-101,2026-07-03 11:12:28,
2635,PC-101318,hub_out,RD-102,2026-07-02 19:29:19,
2636,PC-101318,delivered,RD-102,2026-07-03 19:52:52,
2637,PC-101319,hub_out,RD-107,2026-07-02 23:44:10,
2638,PC-101319,delivered,RD-107,2026-07-03 15:49:47,
2639,PC-101320,hub_out,RD-103,2026-07-02 17:42:20,
2640,PC-101320,delivered,RD-103,2026-07-03 19:00:25,
2641,PC-101321,hub_out,RD-101,2026-07-03 02:19:29,
2642,PC-101321,delivered,RD-101,2026-07-03 13:35:31,
2643,PC-101322,hub_out,RD-107,2026-07-01 11:22:03,
2644,PC-101322,delivered,RD-107,2026-07-03 09:35:36,
2645,PC-101323,hub_out,RD-101,2026-07-02 09:22:55,
2646,PC-101323,delivered,RD-101,2026-07-03 15:59:14,
2647,PC-101324,hub_out,RD-108,2026-07-02 13:46:22,
2648,PC-101324,delivered,RD-108,2026-07-03 11:35:24,
2649,PC-101325,hub_out,RD-131,2026-07-02 00:27:33,
2650,PC-101325,delivered,RD-131,2026-07-03 09:28:24,
2651,PC-101326,hub_out,RD-105,2026-07-02 21:10:07,
2652,PC-101326,delivered,RD-105,2026-07-03 15:14:24,
2653,PC-101327,hub_out,RD-103,2026-07-01 13:28:48,
2654,PC-101327,delivered,RD-103,2026-07-03 09:29:39,
2655,PC-101328,hub_out,RD-102,2026-07-03 00:55:48,
2656,PC-101328,delivered,RD-102,2026-07-03 16:06:22,
2657,PC-101329,hub_out,RD-108,2026-07-01 08:53:33,
2658,PC-101329,delivered,RD-108,2026-07-03 09:53:21,
2659,PC-101330,hub_out,RD-101,2026-07-01 22:19:05,
2660,PC-101330,delivered,RD-101,2026-07-03 19:36:21,
2661,PC-101331,hub_out,RD-101,2026-07-02 11:45:08,
2662,PC-101331,delivered,RD-101,2026-07-03 10:33:58,
2663,PC-101332,hub_out,RD-131,2026-07-01 13:33:51,
2664,PC-101332,delivered,RD-131,2026-07-03 10:12:38,
2665,PC-101333,hub_out,RD-131,2026-07-02 15:42:41,
2666,PC-101333,delivered,RD-131,2026-07-03 18:30:25,
2667,PC-101334,hub_out,RD-102,2026-07-02 02:30:38,
2668,PC-101334,delivered,RD-102,2026-07-03 15:15:33,
2669,PC-101335,hub_out,RD-101,2026-07-01 08:39:28,
2670,PC-101335,delivered,RD-101,2026-07-03 10:19:42,
2671,PC-101336,hub_out,RD-105,2026-07-02 00:59:43,
2672,PC-101336,delivered,RD-105,2026-07-03 13:43:45,
2673,PC-101337,hub_out,RD-131,2026-07-02 14:53:31,
2674,PC-101337,delivered,RD-131,2026-07-03 15:18:57,
2675,PC-101338,hub_out,RD-131,2026-07-02 14:39:36,
2676,PC-101338,delivered,RD-131,2026-07-03 11:16:21,
2677,PC-101339,hub_out,RD-108,2026-07-01 19:16:22,
2678,PC-101339,delivered,RD-108,2026-07-03 16:42:50,
2679,PC-101340,hub_out,RD-102,2026-07-02 12:46:30,
2680,PC-101340,delivered,RD-102,2026-07-03 11:39:01,
2681,PC-101341,hub_out,RD-131,2026-07-02 05:39:18,
2682,PC-101341,delivered,RD-131,2026-07-03 09:56:54,
2683,PC-101342,hub_out,RD-102,2026-07-02 21:42:55,
2684,PC-101342,delivered,RD-102,2026-07-03 17:33:23,
2685,PC-101343,hub_out,RD-101,2026-07-03 08:01:00,
2686,PC-101343,delivered,RD-101,2026-07-03 19:13:49,
2687,PC-101344,hub_out,RD-114,2026-07-02 15:03:01,
2688,PC-101344,delivered,RD-114,2026-07-03 13:27:59,
2689,PC-101345,hub_out,RD-114,2026-07-02 19:20:43,
2690,PC-101345,delivered,RD-114,2026-07-03 18:31:28,
2691,PC-101346,hub_out,RD-108,2026-07-01 13:28:20,
2692,PC-101346,delivered,RD-108,2026-07-03 17:58:40,
2693,PC-101347,hub_out,RD-103,2026-07-02 08:05:08,
2694,PC-101347,delivered,RD-103,2026-07-03 09:21:17,
2695,PC-101348,hub_out,RD-108,2026-07-02 10:51:54,
2696,PC-101348,delivered,RD-108,2026-07-03 16:39:22,
2697,PC-101349,hub_out,RD-131,2026-07-03 03:08:32,
2698,PC-101349,delivered,RD-131,2026-07-03 12:07:59,
2699,PC-101350,hub_out,RD-114,2026-07-02 11:22:21,
2700,PC-101350,delivered,RD-114,2026-07-03 19:40:15,
2701,PC-101351,hub_out,RD-108,2026-07-02 12:46:22,
2702,PC-101351,delivered,RD-108,2026-07-03 15:45:52,
2703,PC-101352,hub_out,RD-114,2026-07-02 05:26:09,
2704,PC-101352,delivered,RD-114,2026-07-03 14:57:54,
2705,PC-101353,hub_out,RD-114,2026-07-03 03:25:25,
2706,PC-101353,delivered,RD-114,2026-07-03 16:24:00,
2707,PC-101354,hub_out,RD-107,2026-07-02 15:36:24,
2708,PC-101354,delivered,RD-107,2026-07-03 12:24:40,
2709,PC-101355,hub_out,RD-103,2026-07-03 05:55:59,
2710,PC-101355,delivered,RD-103,2026-07-03 19:55:35,
2711,PC-101356,hub_out,RD-108,2026-07-03 02:21:08,
2712,PC-101356,delivered,RD-108,2026-07-03 19:17:53,
2713,PC-101357,hub_out,RD-105,2026-07-02 02:23:51,
2714,PC-101357,delivered,RD-105,2026-07-03 14:18:42,
2715,PC-101358,hub_out,RD-107,2026-07-02 11:10:25,
2716,PC-101358,delivered,RD-107,2026-07-03 13:42:47,
2717,PC-101359,hub_out,RD-101,2026-07-02 13:30:14,
2718,PC-101359,delivered,RD-101,2026-07-03 16:15:38,
2719,PC-101360,hub_out,RD-105,2026-07-01 18:25:52,
2720,PC-101360,delivered,RD-105,2026-07-03 14:13:00,
2721,PC-101361,hub_out,RD-103,2026-07-02 06:56:22,
2722,PC-101361,delivered,RD-103,2026-07-03 09:48:24,
2723,PC-101362,hub_out,RD-114,2026-07-02 06:50:12,
2724,PC-101362,delivered,RD-114,2026-07-03 09:27:08,
2725,PC-101363,hub_out,RD-102,2026-07-01 18:06:43,
2726,PC-101363,delivered,RD-102,2026-07-03 16:36:37,
2727,PC-101364,hub_out,RD-105,2026-07-02 23:42:53,
2728,PC-101364,delivered,RD-105,2026-07-03 11:22:05,
2729,PC-101365,hub_out,RD-102,2026-07-01 12:15:11,
2730,PC-101365,delivered,RD-102,2026-07-03 15:15:37,
2731,PC-101366,hub_out,RD-108,2026-07-03 02:24:38,
2732,PC-101366,delivered,RD-108,2026-07-03 14:28:03,
2733,PC-101367,hub_out,RD-107,2026-07-02 20:41:34,
2734,PC-101367,delivered,RD-107,2026-07-03 14:44:53,
2735,PC-101368,hub_out,RD-102,2026-07-01 10:49:11,
2736,PC-101368,delivered,RD-102,2026-07-03 11:12:04,
2737,PC-101369,hub_out,RD-101,2026-07-01 13:45:22,
2738,PC-101369,delivered,RD-101,2026-07-03 14:32:22,
2739,PC-101370,hub_out,RD-103,2026-07-02 02:21:58,
2740,PC-101370,delivered,RD-103,2026-07-03 11:13:22,
2741,PC-101371,hub_out,RD-101,2026-07-02 15:51:12,
2742,PC-101371,delivered,RD-101,2026-07-03 10:59:34,
2743,PC-101372,hub_out,RD-107,2026-07-02 04:34:19,
2744,PC-101372,delivered,RD-107,2026-07-03 10:25:01,
2745,PC-101373,hub_out,RD-102,2026-07-03 03:58:20,
2746,PC-101373,delivered,RD-102,2026-07-03 14:35:17,
2747,PC-101374,hub_out,RD-107,2026-07-02 09:04:43,
2748,PC-101374,delivered,RD-107,2026-07-03 18:35:25,
2749,PC-101375,hub_out,RD-101,2026-07-02 07:28:12,
2750,PC-101375,delivered,RD-101,2026-07-03 12:49:48,
2751,PC-101376,hub_out,RD-114,2026-07-03 00:50:54,
2752,PC-101376,delivered,RD-114,2026-07-03 14:02:04,
2753,PC-101377,hub_out,RD-114,2026-07-02 04:19:26,
2754,PC-101377,delivered,RD-114,2026-07-03 14:21:46,
2755,PC-101378,hub_out,RD-108,2026-07-02 10:33:48,
2756,PC-101378,delivered,RD-108,2026-07-03 18:18:36,
2757,PC-101379,hub_out,RD-114,2026-07-02 07:03:33,
2758,PC-101379,delivered,RD-114,2026-07-03 10:50:12,
2759,PC-101380,hub_out,RD-107,2026-07-01 16:47:23,
2760,PC-101380,delivered,RD-107,2026-07-03 19:12:18,
2761,PC-101381,hub_out,RD-103,2026-07-02 03:44:03,
2762,PC-101381,delivered,RD-103,2026-07-03 13:24:49,
2763,PC-101382,hub_out,RD-108,2026-07-02 08:19:06,
2764,PC-101382,delivered,RD-108,2026-07-03 11:28:28,
2765,PC-101383,hub_out,RD-102,2026-07-02 03:01:04,
2766,PC-101383,delivered,RD-102,2026-07-03 19:02:11,
2767,PC-101384,hub_out,RD-101,2026-07-02 17:14:50,
2768,PC-101384,delivered,RD-101,2026-07-03 09:52:52,
2769,PC-101385,hub_out,RD-114,2026-07-01 19:03:23,
2770,PC-101385,delivered,RD-114,2026-07-03 10:49:33,
2771,PC-101386,hub_out,RD-105,2026-07-01 08:34:57,
2772,PC-101386,delivered,RD-105,2026-07-03 09:41:47,
2773,PC-101387,hub_out,RD-101,2026-07-02 03:53:44,
2774,PC-101387,delivered,RD-101,2026-07-03 12:32:41,
2775,PC-101388,hub_out,RD-105,2026-07-03 02:30:27,
2776,PC-101388,delivered,RD-105,2026-07-03 18:15:19,
2777,PC-101389,hub_out,RD-102,2026-07-03 03:01:26,
2778,PC-101389,delivered,RD-102,2026-07-03 14:23:26,
2779,PC-101390,hub_out,RD-101,2026-07-02 17:52:35,
2780,PC-101390,delivered,RD-101,2026-07-03 19:21:37,
2781,PC-101391,hub_out,RD-103,2026-07-03 02:34:25,
2782,PC-101391,delivered,RD-103,2026-07-03 19:07:35,
2783,PC-101392,hub_out,RD-114,2026-07-02 05:24:23,
2784,PC-101392,delivered,RD-114,2026-07-03 12:28:07,
2785,PC-101393,hub_out,RD-131,2026-07-01 10:32:31,
2786,PC-101393,delivered,RD-131,2026-07-03 09:15:43,
2787,PC-101394,hub_out,RD-108,2026-07-02 14:53:29,
2788,PC-101394,delivered,RD-108,2026-07-03 14:50:18,
2789,PC-101395,hub_out,RD-102,2026-07-02 16:31:42,
2790,PC-101395,delivered,RD-102,2026-07-03 19:11:29,
2791,PC-101396,hub_out,RD-108,2026-07-02 23:27:25,
2792,PC-101396,delivered,RD-108,2026-07-03 11:22:50,
2793,PC-101397,hub_out,RD-114,2026-07-02 09:08:21,
2794,PC-101397,delivered,RD-114,2026-07-03 10:04:50,
2795,PC-101398,hub_out,RD-101,2026-07-02 00:07:25,
2796,PC-101398,delivered,RD-101,2026-07-03 10:11:49,
2797,PC-101399,hub_out,RD-114,2026-07-02 06:11:16,
2798,PC-101399,delivered,RD-114,2026-07-03 15:17:39,
2799,PC-101400,hub_out,RD-105,2026-07-02 11:54:19,
2800,PC-101400,delivered,RD-105,2026-07-03 12:23:26,
2801,PC-101401,hub_out,RD-103,2026-07-02 16:19:58,
2802,PC-101401,delivered,RD-103,2026-07-03 19:55:23,
2803,PC-101402,hub_out,RD-114,2026-07-02 21:47:21,
2804,PC-101402,delivered,RD-114,2026-07-03 12:37:24,
2805,PC-101403,hub_out,RD-105,2026-07-01 16:53:08,
2806,PC-101403,delivered,RD-105,2026-07-03 12:54:07,
2807,PC-101404,hub_out,RD-114,2026-07-02 12:09:24,
2808,PC-101404,delivered,RD-114,2026-07-03 17:10:04,
2809,PC-101405,hub_out,RD-107,2026-07-02 07:31:39,
2810,PC-101405,delivered,RD-107,2026-07-03 14:37:19,
2811,PC-101406,hub_out,RD-102,2026-07-02 15:26:36,
2812,PC-101406,delivered,RD-102,2026-07-03 16:31:42,
2813,PC-101407,hub_out,RD-101,2026-07-01 07:34:53,
2814,PC-101407,delivered,RD-101,2026-07-03 10:45:45,
2815,PC-101408,hub_out,RD-102,2026-07-02 09:57:11,
2816,PC-101408,delivered,RD-102,2026-07-03 10:30:10,
2817,PC-101409,hub_out,RD-105,2026-07-02 04:30:48,
2818,PC-101409,delivered,RD-105,2026-07-03 09:31:14,
2819,PC-101410,hub_out,RD-105,2026-07-01 11:14:14,
2820,PC-101410,delivered,RD-105,2026-07-03 09:51:13,
2821,PC-101411,hub_out,RD-101,2026-07-01 19:31:27,
2822,PC-101411,delivered,RD-101,2026-07-03 12:39:01,
2823,PC-101412,hub_out,RD-105,2026-07-02 00:23:28,
2824,PC-101412,delivered,RD-105,2026-07-03 14:56:05,
2825,PC-101413,hub_out,RD-108,2026-07-03 04:57:43,
2826,PC-101413,delivered,RD-108,2026-07-03 14:56:16,
2827,PC-101414,hub_out,RD-103,2026-07-03 00:43:28,
2828,PC-101414,delivered,RD-103,2026-07-03 14:24:49,
2829,PC-101415,hub_out,RD-101,2026-07-01 12:58:35,
2830,PC-101415,delivered,RD-101,2026-07-03 14:16:01,
2831,PC-101416,hub_out,RD-105,2026-07-02 03:37:27,
2832,PC-101416,delivered,RD-105,2026-07-03 17:04:05,
2833,PC-101417,hub_out,RD-108,2026-07-02 05:55:12,
2834,PC-101417,delivered,RD-108,2026-07-03 11:47:48,
2835,PC-101418,hub_out,RD-114,2026-07-01 10:53:28,
2836,PC-101418,delivered,RD-114,2026-07-03 13:46:02,
2837,PC-101419,hub_out,RD-108,2026-07-01 13:56:59,
2838,PC-101419,delivered,RD-108,2026-07-03 10:00:45,
2839,PC-101420,hub_out,RD-107,2026-07-01 15:29:00,
2840,PC-101420,delivered,RD-107,2026-07-03 14:14:59,
2841,PC-101421,hub_out,RD-103,2026-07-02 03:31:49,
2842,PC-101421,delivered,RD-103,2026-07-03 18:42:23,
2843,PC-101422,hub_out,RD-107,2026-07-01 21:18:22,
2844,PC-101422,delivered,RD-107,2026-07-03 12:44:36,
2845,PC-101423,hub_out,RD-105,2026-07-02 19:57:30,
2846,PC-101423,delivered,RD-105,2026-07-03 15:38:22,
2847,PC-101424,hub_out,RD-105,2026-07-02 05:24:49,
2848,PC-101424,delivered,RD-105,2026-07-03 09:44:35,
2849,PC-101425,hub_out,RD-107,2026-07-01 07:04:01,
2850,PC-101425,delivered,RD-107,2026-07-03 11:27:13,
2851,PC-101426,hub_out,RD-131,2026-07-02 12:02:51,
2852,PC-101426,delivered,RD-131,2026-07-03 15:07:17,
2853,PC-101427,hub_out,RD-102,2026-07-01 11:41:05,
2854,PC-101427,delivered,RD-102,2026-07-03 10:53:14,
2855,PC-101428,hub_out,RD-103,2026-07-01 19:01:55,
2856,PC-101428,delivered,RD-103,2026-07-03 17:10:45,
2857,PC-101429,hub_out,RD-108,2026-07-01 21:20:07,
2858,PC-101429,delivered,RD-108,2026-07-03 10:53:53,
2859,PC-101430,hub_out,RD-102,2026-07-01 22:57:15,
2860,PC-101430,delivered,RD-102,2026-07-03 18:53:25,
2861,PC-101431,hub_out,RD-114,2026-07-02 05:26:39,
2862,PC-101431,delivered,RD-114,2026-07-03 13:18:32,
2863,PC-101432,hub_out,RD-107,2026-07-02 12:17:46,
2864,PC-101432,delivered,RD-107,2026-07-03 17:28:50,
2865,PC-101433,hub_out,RD-103,2026-07-02 05:15:26,
2866,PC-101433,delivered,RD-103,2026-07-03 18:14:21,
2867,PC-101434,hub_out,RD-131,2026-07-03 03:13:19,
2868,PC-101434,delivered,RD-131,2026-07-03 17:13:04,
2869,PC-101435,hub_out,RD-101,2026-07-01 20:32:51,
2870,PC-101435,delivered,RD-101,2026-07-03 13:10:03,
2871,PC-101436,hub_out,RD-108,2026-07-02 13:17:47,
2872,PC-101436,delivered,RD-108,2026-07-03 09:43:44,
2873,PC-101437,hub_out,RD-103,2026-07-03 04:37:24,
2874,PC-101437,delivered,RD-103,2026-07-03 17:40:57,
2875,PC-101438,hub_out,RD-102,2026-07-01 19:52:51,
2876,PC-101438,delivered,RD-102,2026-07-03 16:47:13,
2877,PC-101439,hub_out,RD-108,2026-07-02 04:51:48,
2878,PC-101439,delivered,RD-108,2026-07-03 18:08:55,
2879,PC-101440,hub_out,RD-102,2026-07-03 05:19:33,
2880,PC-101440,delivered,RD-102,2026-07-03 18:34:42,
2881,PC-101441,hub_out,RD-108,2026-07-01 17:44:43,
2882,PC-101441,delivered,RD-108,2026-07-03 18:19:46,
2883,PC-101442,hub_out,RD-105,2026-07-01 19:19:49,
2884,PC-101442,delivered,RD-105,2026-07-03 10:44:41,
2885,PC-101443,hub_out,RD-103,2026-07-01 22:22:55,
2886,PC-101443,delivered,RD-103,2026-07-03 14:59:53,
2887,PC-101444,hub_out,RD-102,2026-07-01 22:54:16,
2888,PC-101444,delivered,RD-102,2026-07-03 19:26:27,
2889,PC-101445,hub_out,RD-105,2026-07-02 09:16:26,
2890,PC-101445,delivered,RD-105,2026-07-03 13:41:26,
2891,PC-101446,hub_out,RD-101,2026-07-03 05:44:49,
2892,PC-101446,delivered,RD-101,2026-07-03 15:50:03,
2893,PC-101447,hub_out,RD-108,2026-07-02 00:48:59,
2894,PC-101447,delivered,RD-108,2026-07-03 19:57:49,
2895,PC-101448,hub_out,RD-114,2026-07-02 23:36:08,
2896,PC-101448,delivered,RD-114,2026-07-03 19:45:12,
2897,PC-101449,hub_out,RD-107,2026-07-02 10:01:14,
2898,PC-101449,delivered,RD-107,2026-07-03 16:43:20,
2899,PC-101450,hub_out,RD-105,2026-07-01 10:57:56,
2900,PC-101450,delivered,RD-105,2026-07-03 12:39:13,
2901,PC-101451,hub_out,RD-105,2026-07-02 00:03:28,
2902,PC-101451,delivered,RD-105,2026-07-03 11:12:07,
2903,PC-101452,hub_out,RD-108,2026-07-01 13:14:07,
2904,PC-101452,delivered,RD-108,2026-07-03 13:20:18,
2905,PC-101453,hub_out,RD-101,2026-07-02 14:03:27,
2906,PC-101453,delivered,RD-101,2026-07-03 19:29:57,
2907,PC-101454,hub_out,RD-107,2026-07-01 18:56:31,
2908,PC-101454,delivered,RD-107,2026-07-03 16:10:26,
2909,PC-101455,hub_out,RD-108,2026-07-01 17:09:45,
2910,PC-101455,delivered,RD-108,2026-07-03 11:13:53,
2911,PC-101456,hub_out,RD-103,2026-07-02 03:12:11,
2912,PC-101456,delivered,RD-103,2026-07-03 13:57:11,
2913,PC-101457,hub_out,RD-131,2026-07-03 06:29:06,
2914,PC-101457,delivered,RD-131,2026-07-03 17:35:35,
2915,PC-101458,hub_out,RD-105,2026-07-02 12:23:44,
2916,PC-101458,delivered,RD-105,2026-07-03 17:28:57,
2917,PC-101459,hub_out,RD-114,2026-07-02 03:18:36,
2918,PC-101459,delivered,RD-114,2026-07-03 15:38:42,
2919,PC-101460,hub_out,RD-103,2026-07-02 12:31:33,
2920,PC-101460,delivered,RD-103,2026-07-03 14:34:03,
2921,PC-101461,hub_out,RD-105,2026-07-01 09:48:22,
2922,PC-101461,delivered,RD-105,2026-07-03 12:33:07,
2923,PC-101462,hub_out,RD-103,2026-07-02 09:13:45,
2924,PC-101462,delivered,RD-103,2026-07-03 09:18:46,
2925,PC-101463,hub_out,RD-107,2026-07-02 01:50:21,
2926,PC-101463,delivered,RD-107,2026-07-03 09:23:58,
2927,PC-101464,hub_out,RD-102,2026-07-03 05:16:49,
2928,PC-101464,delivered,RD-102,2026-07-03 15:20:03,
2929,PC-101465,hub_out,RD-107,2026-07-01 20:32:15,
2930,PC-101465,delivered,RD-107,2026-07-03 15:43:14,
2931,PC-101466,hub_out,RD-131,2026-07-02 20:49:42,
2932,PC-101466,delivered,RD-131,2026-07-03 16:31:32,
2933,PC-101467,hub_out,RD-102,2026-07-01 23:16:57,
2934,PC-101467,delivered,RD-102,2026-07-03 18:14:46,
2935,PC-101468,hub_out,RD-107,2026-07-02 12:57:08,
2936,PC-101468,delivered,RD-107,2026-07-03 14:41:54,
2937,PC-101469,hub_out,RD-108,2026-07-01 22:07:55,
2938,PC-101469,delivered,RD-108,2026-07-03 12:28:53,
2939,PC-101470,hub_out,RD-101,2026-07-03 03:46:19,
2940,PC-101470,delivered,RD-101,2026-07-03 19:58:02,
2941,PC-101471,hub_out,RD-101,2026-07-02 13:45:46,
2942,PC-101471,delivered,RD-101,2026-07-03 13:13:39,
2943,PC-101472,hub_out,RD-131,2026-07-02 08:37:55,
2944,PC-101472,delivered,RD-131,2026-07-03 18:34:34,
2945,PC-101473,hub_out,RD-131,2026-07-03 01:18:42,
2946,PC-101473,delivered,RD-131,2026-07-03 11:15:00,
2947,PC-101474,hub_out,RD-131,2026-07-02 14:03:45,
2948,PC-101474,delivered,RD-131,2026-07-03 18:36:12,
2949,PC-101475,hub_out,RD-101,2026-07-01 16:13:40,
2950,PC-101475,delivered,RD-101,2026-07-03 14:32:57,
2951,PC-101476,hub_out,RD-108,2026-07-02 10:48:14,
2952,PC-101476,delivered,RD-108,2026-07-03 17:24:42,
2953,PC-101477,hub_out,RD-105,2026-07-01 14:27:21,
2954,PC-101477,delivered,RD-105,2026-07-03 10:57:30,
2955,PC-101478,hub_out,RD-114,2026-07-02 04:00:29,
2956,PC-101478,delivered,RD-114,2026-07-03 16:09:18,
2957,PC-101479,hub_out,RD-107,2026-07-03 04:34:06,
2958,PC-101479,delivered,RD-107,2026-07-03 17:03:32,
2959,PC-101480,hub_out,RD-103,2026-07-02 15:42:00,
2960,PC-101480,delivered,RD-103,2026-07-03 11:12:27,
2961,PC-101481,hub_out,RD-108,2026-07-02 18:01:38,
2962,PC-101481,delivered,RD-108,2026-07-03 10:06:13,
2963,PC-101482,hub_out,RD-102,2026-07-01 21:44:22,
2964,PC-101482,delivered,RD-102,2026-07-03 18:10:18,
2965,PC-101483,hub_out,RD-107,2026-07-01 18:17:16,
2966,PC-101483,delivered,RD-107,2026-07-03 16:57:12,
2967,PC-101484,hub_out,RD-114,2026-07-03 04:03:45,
2968,PC-101484,delivered,RD-114,2026-07-03 16:38:43,
2969,PC-101485,hub_out,RD-131,2026-07-02 15:40:02,
2970,PC-101485,delivered,RD-131,2026-07-03 10:52:36,
2971,PC-101486,hub_out,RD-103,2026-07-02 06:25:25,
2972,PC-101486,delivered,RD-103,2026-07-03 17:34:54,
2973,PC-101487,hub_out,RD-101,2026-07-02 18:34:23,
2974,PC-101487,delivered,RD-101,2026-07-03 19:53:18,
2975,PC-101488,hub_out,RD-114,2026-07-01 20:31:44,
2976,PC-101488,delivered,RD-114,2026-07-03 09:51:15,
2977,PC-101489,hub_out,RD-103,2026-07-01 17:28:40,
2978,PC-101489,delivered,RD-103,2026-07-03 12:44:22,
2979,PC-101490,hub_out,RD-108,2026-07-02 13:03:54,
2980,PC-101490,delivered,RD-108,2026-07-03 15:36:44,
2981,PC-101491,hub_out,RD-102,2026-07-02 11:24:37,
2982,PC-101491,delivered,RD-102,2026-07-03 15:39:43,
2983,PC-101492,hub_out,RD-102,2026-07-02 04:08:59,
2984,PC-101492,delivered,RD-102,2026-07-03 17:40:39,
2985,PC-101493,hub_out,RD-101,2026-07-02 17:36:16,
2986,PC-101493,delivered,RD-101,2026-07-03 19:24:51,
2987,PC-101494,hub_out,RD-102,2026-07-01 10:12:20,
2988,PC-101494,delivered,RD-102,2026-07-03 10:41:55,
2989,PC-101495,hub_out,RD-108,2026-07-02 01:24:39,
2990,PC-101495,delivered,RD-108,2026-07-03 13:58:02,
2991,PC-101496,hub_out,RD-103,2026-07-02 06:16:54,
2992,PC-101496,delivered,RD-103,2026-07-03 18:15:45,
2993,PC-101497,hub_out,RD-102,2026-07-02 13:56:47,
2994,PC-101497,delivered,RD-102,2026-07-03 11:22:54,
2995,PC-101498,hub_out,RD-114,2026-07-02 22:15:30,
2996,PC-101498,delivered,RD-114,2026-07-03 12:56:14,
2997,PC-101499,hub_out,RD-101,2026-07-01 14:28:29,
2998,PC-101499,delivered,RD-101,2026-07-03 09:02:36,
2999,PC-101500,hub_out,RD-105,2026-07-02 18:47:14,
3000,PC-101500,delivered,RD-105,2026-07-03 17:47:18,
3001,PC-101501,hub_out,RD-103,2026-07-02 16:02:32,
3002,PC-101501,delivered,RD-103,2026-07-03 11:32:52,
3003,PC-101502,hub_out,RD-108,2026-07-02 05:51:10,
3004,PC-101502,delivered,RD-108,2026-07-03 09:42:58,
3005,PC-101503,hub_out,RD-105,2026-07-01 17:24:41,
3006,PC-101503,delivered,RD-105,2026-07-03 11:24:59,
3007,PC-101504,hub_out,RD-105,2026-07-02 19:51:27,
3008,PC-101504,delivered,RD-105,2026-07-03 09:48:58,
3009,PC-101505,hub_out,RD-107,2026-07-02 07:09:54,
3010,PC-101505,delivered,RD-107,2026-07-03 17:59:33,
3011,PC-101506,hub_out,RD-103,2026-07-02 13:57:08,
3012,PC-101506,delivered,RD-103,2026-07-03 14:14:12,
3013,PC-101507,hub_out,RD-102,2026-07-01 11:07:19,
3014,PC-101507,delivered,RD-102,2026-07-03 10:45:20,
3015,PC-101508,hub_out,RD-101,2026-07-02 10:05:30,
3016,PC-101508,delivered,RD-101,2026-07-03 16:21:43,
3017,PC-101509,hub_out,RD-107,2026-07-02 06:10:59,
3018,PC-101509,delivered,RD-107,2026-07-03 09:15:50,
3019,PC-101510,hub_out,RD-108,2026-07-01 11:58:32,
3020,PC-101510,delivered,RD-108,2026-07-03 13:47:35,
3021,PC-101511,hub_out,RD-103,2026-07-01 19:15:20,
3022,PC-101511,delivered,RD-103,2026-07-03 12:13:19,
3023,PC-101512,hub_out,RD-131,2026-07-01 16:55:59,
3024,PC-101512,delivered,RD-131,2026-07-03 17:57:35,
3025,PC-101513,hub_out,RD-131,2026-07-01 22:49:30,
3026,PC-101513,delivered,RD-131,2026-07-03 13:36:13,
3027,PC-101514,hub_out,RD-131,2026-07-02 07:24:37,
3028,PC-101514,delivered,RD-131,2026-07-03 09:30:58,
3029,PC-101515,hub_out,RD-114,2026-07-01 19:35:14,
3030,PC-101515,delivered,RD-114,2026-07-03 10:24:12,
3031,PC-101516,hub_out,RD-114,2026-07-01 22:16:00,
3032,PC-101516,delivered,RD-114,2026-07-03 18:31:26,
3033,PC-101517,hub_out,RD-103,2026-07-03 02:33:18,
3034,PC-101517,delivered,RD-103,2026-07-03 11:37:33,
3035,PC-101518,hub_out,RD-108,2026-07-02 12:03:06,
3036,PC-101518,delivered,RD-108,2026-07-03 13:53:26,
3037,PC-101519,hub_out,RD-105,2026-07-02 02:58:52,
3038,PC-101519,delivered,RD-105,2026-07-03 10:59:31,
3039,PC-101520,hub_out,RD-102,2026-07-02 03:36:08,
3040,PC-101520,delivered,RD-102,2026-07-03 15:03:12,
3041,PC-101521,hub_out,RD-105,2026-07-02 03:18:02,
3042,PC-101521,delivered,RD-105,2026-07-03 11:35:51,
3043,PC-101522,hub_out,RD-103,2026-07-02 17:59:39,
3044,PC-101522,delivered,RD-103,2026-07-03 17:05:39,
3045,PC-101523,hub_out,RD-114,2026-07-02 16:59:58,
3046,PC-101523,delivered,RD-114,2026-07-03 11:58:50,
3047,PC-101524,hub_out,RD-103,2026-07-02 06:16:51,
3048,PC-101524,delivered,RD-103,2026-07-03 13:46:23,
3049,PC-101525,hub_out,RD-108,2026-07-02 21:47:00,
3050,PC-101525,delivered,RD-108,2026-07-03 14:15:30,
3051,PC-101526,hub_out,RD-107,2026-07-01 13:29:18,
3052,PC-101526,delivered,RD-107,2026-07-03 10:43:22,
3053,PC-101527,hub_out,RD-131,2026-07-02 02:50:20,
3054,PC-101527,delivered,RD-131,2026-07-03 19:24:00,
3055,PC-101528,hub_out,RD-107,2026-07-02 10:05:42,
3056,PC-101528,delivered,RD-107,2026-07-03 19:54:21,
3057,PC-101529,hub_out,RD-107,2026-07-01 19:08:58,
3058,PC-101529,delivered,RD-107,2026-07-03 15:45:46,
3059,PC-101530,hub_out,RD-108,2026-07-02 10:08:50,
3060,PC-101530,delivered,RD-108,2026-07-03 16:11:11,
3061,PC-101531,hub_out,RD-105,2026-07-02 10:08:31,
3062,PC-101531,delivered,RD-105,2026-07-03 11:53:21,
3063,PC-101532,hub_out,RD-107,2026-07-02 09:39:51,
3064,PC-101532,delivered,RD-107,2026-07-03 16:53:09,
3065,PC-101533,hub_out,RD-101,2026-07-01 08:16:36,
3066,PC-101533,delivered,RD-101,2026-07-03 10:32:37,
3067,PC-101534,hub_out,RD-103,2026-07-02 13:44:34,
3068,PC-101534,delivered,RD-103,2026-07-03 18:03:22,
3069,PC-101535,hub_out,RD-102,2026-07-03 00:41:25,
3070,PC-101535,delivered,RD-102,2026-07-03 11:40:34,
3071,PC-101536,hub_out,RD-131,2026-07-01 09:43:37,
3072,PC-101536,delivered,RD-131,2026-07-03 12:51:24,
3073,PC-101537,hub_out,RD-131,2026-07-01 15:29:17,
3074,PC-101537,delivered,RD-131,2026-07-03 16:40:55,
3075,PC-101538,hub_out,RD-108,2026-07-02 08:44:27,
3076,PC-101538,delivered,RD-108,2026-07-03 19:02:20,
3077,PC-101539,hub_out,RD-131,2026-07-02 00:47:39,
3078,PC-101539,delivered,RD-131,2026-07-03 09:36:38,
3079,PC-101540,hub_out,RD-101,2026-07-02 02:21:03,
3080,PC-101540,delivered,RD-101,2026-07-03 17:36:41,
3081,PC-101541,hub_out,RD-105,2026-07-01 20:06:15,
3082,PC-101541,delivered,RD-105,2026-07-03 11:54:12,
3083,PC-101542,hub_out,RD-114,2026-07-02 14:07:29,
3084,PC-101542,delivered,RD-114,2026-07-03 16:11:48,
3085,PC-101543,hub_out,RD-102,2026-07-02 12:21:19,
3086,PC-101543,delivered,RD-102,2026-07-03 12:21:55,
3087,PC-101544,hub_out,RD-114,2026-07-03 00:28:39,
3088,PC-101544,failed_attempt,RD-114,2026-07-03 18:29:44,cod not ready
3089,PC-101545,hub_out,RD-102,2026-07-02 19:15:35,
3090,PC-101545,failed_attempt,RD-102,2026-07-03 10:46:06,cod not ready
3091,PC-101546,hub_out,RD-114,2026-07-03 00:22:39,
3092,PC-101546,failed_attempt,RD-114,2026-07-03 15:23:57,address not found
3093,PC-101547,hub_out,RD-102,2026-07-02 17:47:14,
3094,PC-101547,failed_attempt,RD-102,2026-07-03 11:52:55,address not found
3095,PC-101548,hub_out,RD-101,2026-07-02 23:16:10,
3096,PC-101548,failed_attempt,RD-101,2026-07-03 18:43:43,customer unreachable
3097,PC-101549,hub_out,RD-108,2026-07-03 08:37:06,
3098,PC-101549,failed_attempt,RD-108,2026-07-03 14:40:54,shop closed
3099,PC-101550,hub_out,RD-101,2026-07-03 09:07:33,
3100,PC-101550,failed_attempt,RD-101,2026-07-03 17:19:52,cod not ready
3101,PC-101551,hub_out,RD-105,2026-07-03 04:05:24,
3102,PC-101551,failed_attempt,RD-105,2026-07-03 13:49:49,cod not ready
3103,PC-101552,hub_out,RD-103,2026-07-02 13:52:05,
3104,PC-101552,failed_attempt,RD-103,2026-07-03 15:11:21,customer unreachable
3105,PC-101553,hub_out,RD-101,2026-07-02 23:40:50,
3106,PC-101553,failed_attempt,RD-101,2026-07-03 11:19:58,cod not ready
3107,PC-101554,hub_out,RD-107,2026-07-06 00:05:07,
3108,PC-101554,delivered,RD-107,2026-07-07 16:29:59,
3109,PC-101555,hub_out,RD-131,2026-07-06 23:48:31,
3110,PC-101555,delivered,RD-131,2026-07-07 14:14:39,
3111,PC-101556,hub_out,RD-107,2026-07-06 14:32:53,
3112,PC-101556,delivered,RD-107,2026-07-07 19:12:57,
3113,PC-101557,hub_out,RD-131,2026-07-06 07:43:09,
3114,PC-101557,delivered,RD-131,2026-07-07 15:38:11,
3115,PC-101558,hub_out,RD-105,2026-07-05 14:24:53,
3116,PC-101558,delivered,RD-105,2026-07-07 12:01:49,
3117,PC-101559,hub_out,RD-101,2026-07-06 15:26:53,
3118,PC-101559,delivered,RD-101,2026-07-07 13:15:17,
3119,PC-101560,hub_out,RD-105,2026-07-05 23:06:49,
3120,PC-101560,delivered,RD-105,2026-07-07 16:29:46,
3121,PC-101561,hub_out,RD-131,2026-07-06 11:20:15,
3122,PC-101561,delivered,RD-131,2026-07-07 10:23:07,
3123,PC-101562,hub_out,RD-103,2026-07-05 22:04:06,
3124,PC-101562,delivered,RD-103,2026-07-07 14:57:49,
3125,PC-101563,hub_out,RD-103,2026-07-06 02:26:40,
3126,PC-101563,delivered,RD-103,2026-07-07 15:39:17,
3127,PC-101564,hub_out,RD-103,2026-07-06 07:31:17,
3128,PC-101564,delivered,RD-103,2026-07-07 11:33:52,
3129,PC-101565,hub_out,RD-101,2026-07-06 10:04:01,
3130,PC-101565,delivered,RD-101,2026-07-07 18:15:26,
3131,PC-101566,hub_out,RD-105,2026-07-06 23:59:36,
3132,PC-101566,delivered,RD-105,2026-07-07 14:31:44,
3133,PC-101567,hub_out,RD-108,2026-07-06 10:44:50,
3134,PC-101567,delivered,RD-108,2026-07-07 14:51:05,
3135,PC-101568,hub_out,RD-103,2026-07-06 12:01:53,
3136,PC-101568,delivered,RD-103,2026-07-07 18:57:36,
3137,PC-101569,hub_out,RD-131,2026-07-06 10:20:23,
3138,PC-101569,delivered,RD-131,2026-07-07 19:17:28,
3139,PC-101570,hub_out,RD-114,2026-07-05 17:59:49,
3140,PC-101570,delivered,RD-114,2026-07-07 18:45:16,
3141,PC-101571,hub_out,RD-114,2026-07-07 01:37:09,
3142,PC-101571,delivered,RD-114,2026-07-07 17:53:23,
3143,PC-101572,hub_out,RD-101,2026-07-06 04:44:21,
3144,PC-101572,delivered,RD-101,2026-07-07 09:14:31,
3145,PC-101573,hub_out,RD-102,2026-07-06 04:58:56,
3146,PC-101573,delivered,RD-102,2026-07-07 14:45:46,
3147,PC-101574,hub_out,RD-107,2026-07-05 18:57:27,
3148,PC-101574,delivered,RD-107,2026-07-07 11:15:18,
3149,PC-101575,hub_out,RD-131,2026-07-06 22:12:03,
3150,PC-101575,delivered,RD-131,2026-07-07 15:41:51,
3151,PC-101576,hub_out,RD-114,2026-07-06 20:14:03,
3152,PC-101576,delivered,RD-114,2026-07-07 11:18:48,
3153,PC-101577,hub_out,RD-101,2026-07-05 08:25:46,
3154,PC-101577,delivered,RD-101,2026-07-07 11:13:02,
3155,PC-101578,hub_out,RD-103,2026-07-07 02:44:13,
3156,PC-101578,delivered,RD-103,2026-07-07 12:23:47,
3157,PC-101579,hub_out,RD-131,2026-07-06 11:07:31,
3158,PC-101579,delivered,RD-131,2026-07-07 18:21:32,
3159,PC-101580,hub_out,RD-101,2026-07-06 07:52:34,
3160,PC-101580,delivered,RD-101,2026-07-07 18:27:31,
3161,PC-101581,hub_out,RD-105,2026-07-06 17:08:56,
3162,PC-101581,delivered,RD-105,2026-07-07 19:56:19,
3163,PC-101582,hub_out,RD-131,2026-07-06 19:21:22,
3164,PC-101582,delivered,RD-131,2026-07-07 12:54:58,
3165,PC-101583,hub_out,RD-102,2026-07-06 14:46:01,
3166,PC-101583,delivered,RD-102,2026-07-07 14:58:35,
3167,PC-101584,hub_out,RD-102,2026-07-06 01:36:03,
3168,PC-101584,delivered,RD-102,2026-07-07 15:18:34,
3169,PC-101585,hub_out,RD-114,2026-07-07 00:31:20,
3170,PC-101585,delivered,RD-114,2026-07-07 14:24:08,
3171,PC-101586,hub_out,RD-101,2026-07-06 07:08:23,
3172,PC-101586,delivered,RD-101,2026-07-07 16:30:16,
3173,PC-101587,hub_out,RD-131,2026-07-06 10:52:21,
3174,PC-101587,delivered,RD-131,2026-07-07 09:03:12,
3175,PC-101588,hub_out,RD-108,2026-07-06 07:24:13,
3176,PC-101588,delivered,RD-108,2026-07-07 10:39:04,
3177,PC-101589,hub_out,RD-114,2026-07-05 20:50:53,
3178,PC-101589,delivered,RD-114,2026-07-07 15:51:31,
3179,PC-101590,hub_out,RD-103,2026-07-06 21:38:50,
3180,PC-101590,delivered,RD-103,2026-07-07 11:35:42,
3181,PC-101591,hub_out,RD-101,2026-07-05 18:58:31,
3182,PC-101591,delivered,RD-101,2026-07-07 12:38:06,
3183,PC-101592,hub_out,RD-101,2026-07-05 22:06:54,
3184,PC-101592,delivered,RD-101,2026-07-07 15:38:34,
3185,PC-101593,hub_out,RD-131,2026-07-06 01:58:23,
3186,PC-101593,delivered,RD-131,2026-07-07 17:45:56,
3187,PC-101594,hub_out,RD-101,2026-07-05 23:54:59,
3188,PC-101594,delivered,RD-101,2026-07-07 12:19:18,
3189,PC-101595,hub_out,RD-114,2026-07-06 23:35:21,
3190,PC-101595,delivered,RD-114,2026-07-07 09:56:40,
3191,PC-101596,hub_out,RD-101,2026-07-06 22:26:55,
3192,PC-101596,delivered,RD-101,2026-07-07 12:45:48,
3193,PC-101597,hub_out,RD-107,2026-07-05 22:52:15,
3194,PC-101597,delivered,RD-107,2026-07-07 16:30:17,
3195,PC-101598,hub_out,RD-103,2026-07-06 03:00:13,
3196,PC-101598,delivered,RD-103,2026-07-07 19:38:46,
3197,PC-101599,hub_out,RD-102,2026-07-06 00:10:04,
3198,PC-101599,delivered,RD-102,2026-07-07 09:33:05,
3199,PC-101600,hub_out,RD-101,2026-07-06 02:10:35,
3200,PC-101600,delivered,RD-101,2026-07-07 14:07:25,
3201,PC-101601,hub_out,RD-114,2026-07-07 04:01:11,
3202,PC-101601,delivered,RD-114,2026-07-07 18:00:40,
3203,PC-101602,hub_out,RD-103,2026-07-05 21:49:56,
3204,PC-101602,delivered,RD-103,2026-07-07 19:42:53,
3205,PC-101603,hub_out,RD-105,2026-07-05 18:31:40,
3206,PC-101603,delivered,RD-105,2026-07-07 15:41:51,
3207,PC-101604,hub_out,RD-114,2026-07-06 13:51:04,
3208,PC-101604,delivered,RD-114,2026-07-07 17:57:36,
3209,PC-101605,hub_out,RD-102,2026-07-06 09:45:59,
3210,PC-101605,delivered,RD-102,2026-07-07 18:06:51,
3211,PC-101606,hub_out,RD-107,2026-07-06 16:55:55,
3212,PC-101606,delivered,RD-107,2026-07-07 19:29:20,
3213,PC-101607,hub_out,RD-107,2026-07-05 12:41:58,
3214,PC-101607,delivered,RD-107,2026-07-07 14:53:53,
3215,PC-101608,hub_out,RD-107,2026-07-05 16:30:48,
3216,PC-101608,delivered,RD-107,2026-07-07 19:29:29,
3217,PC-101609,hub_out,RD-102,2026-07-05 21:45:31,
3218,PC-101609,delivered,RD-102,2026-07-07 19:36:23,
3219,PC-101610,hub_out,RD-101,2026-07-05 23:23:10,
3220,PC-101610,delivered,RD-101,2026-07-07 13:55:15,
3221,PC-101611,hub_out,RD-101,2026-07-06 21:22:35,
3222,PC-101611,delivered,RD-101,2026-07-07 15:10:24,
3223,PC-101612,hub_out,RD-108,2026-07-06 04:08:50,
3224,PC-101612,delivered,RD-108,2026-07-07 11:34:21,
3225,PC-101613,hub_out,RD-105,2026-07-06 14:14:57,
3226,PC-101613,delivered,RD-105,2026-07-07 16:40:36,
3227,PC-101614,hub_out,RD-107,2026-07-05 14:26:56,
3228,PC-101614,delivered,RD-107,2026-07-07 13:57:14,
3229,PC-101615,hub_out,RD-105,2026-07-05 13:22:38,
3230,PC-101615,delivered,RD-105,2026-07-07 11:00:57,
3231,PC-101616,hub_out,RD-131,2026-07-05 16:06:46,
3232,PC-101616,delivered,RD-131,2026-07-07 18:12:15,
3233,PC-101617,hub_out,RD-114,2026-07-05 20:46:45,
3234,PC-101617,delivered,RD-114,2026-07-07 10:39:16,
3235,PC-101618,hub_out,RD-105,2026-07-05 18:11:35,
3236,PC-101618,delivered,RD-105,2026-07-07 13:52:53,
3237,PC-101619,hub_out,RD-105,2026-07-05 14:43:54,
3238,PC-101619,delivered,RD-105,2026-07-07 13:46:57,
3239,PC-101620,hub_out,RD-105,2026-07-05 20:59:39,
3240,PC-101620,delivered,RD-105,2026-07-07 10:19:39,
3241,PC-101621,hub_out,RD-131,2026-07-05 21:10:41,
3242,PC-101621,delivered,RD-131,2026-07-07 18:54:00,
3243,PC-101622,hub_out,RD-107,2026-07-05 19:54:21,
3244,PC-101622,delivered,RD-107,2026-07-07 10:56:24,
3245,PC-101623,hub_out,RD-107,2026-07-05 16:55:51,
3246,PC-101623,delivered,RD-107,2026-07-07 18:45:21,
3247,PC-101624,hub_out,RD-108,2026-07-06 10:56:49,
3248,PC-101624,delivered,RD-108,2026-07-07 12:00:27,
3249,PC-101625,hub_out,RD-107,2026-07-05 21:21:33,
3250,PC-101625,delivered,RD-107,2026-07-07 10:16:35,
3251,PC-101626,hub_out,RD-105,2026-07-05 18:58:00,
3252,PC-101626,delivered,RD-105,2026-07-07 18:37:12,
3253,PC-101627,hub_out,RD-102,2026-07-05 11:12:33,
3254,PC-101627,delivered,RD-102,2026-07-07 09:07:49,
3255,PC-101628,hub_out,RD-108,2026-07-07 00:36:43,
3256,PC-101628,delivered,RD-108,2026-07-07 14:56:09,
3257,PC-101629,hub_out,RD-105,2026-07-06 23:38:12,
3258,PC-101629,delivered,RD-105,2026-07-07 19:14:11,
3259,PC-101630,hub_out,RD-114,2026-07-05 21:01:34,
3260,PC-101630,delivered,RD-114,2026-07-07 09:46:43,
3261,PC-101631,hub_out,RD-105,2026-07-05 20:43:41,
3262,PC-101631,delivered,RD-105,2026-07-07 13:09:11,
3263,PC-101632,hub_out,RD-102,2026-07-06 13:17:27,
3264,PC-101632,delivered,RD-102,2026-07-07 10:10:34,
3265,PC-101633,hub_out,RD-108,2026-07-06 01:36:05,
3266,PC-101633,delivered,RD-108,2026-07-07 19:57:44,
3267,PC-101634,hub_out,RD-108,2026-07-06 03:38:08,
3268,PC-101634,delivered,RD-108,2026-07-07 09:06:23,
3269,PC-101635,hub_out,RD-101,2026-07-06 07:32:18,
3270,PC-101635,delivered,RD-101,2026-07-07 16:38:17,
3271,PC-101636,hub_out,RD-103,2026-07-06 00:29:10,
3272,PC-101636,delivered,RD-103,2026-07-07 13:47:11,
3273,PC-101637,hub_out,RD-103,2026-07-06 17:39:53,
3274,PC-101637,delivered,RD-103,2026-07-07 16:28:44,
3275,PC-101638,hub_out,RD-102,2026-07-06 11:54:05,
3276,PC-101638,delivered,RD-102,2026-07-07 09:04:34,
3277,PC-101639,hub_out,RD-102,2026-07-07 03:55:48,
3278,PC-101639,delivered,RD-102,2026-07-07 16:56:17,
3279,PC-101640,hub_out,RD-103,2026-07-05 06:34:39,
3280,PC-101640,delivered,RD-103,2026-07-07 09:54:12,
3281,PC-101641,hub_out,RD-131,2026-07-05 22:40:01,
3282,PC-101641,delivered,RD-131,2026-07-07 19:00:28,
3283,PC-101642,hub_out,RD-102,2026-07-06 07:56:13,
3284,PC-101642,delivered,RD-102,2026-07-07 15:47:00,
3285,PC-101643,hub_out,RD-114,2026-07-06 01:50:32,
3286,PC-101643,delivered,RD-114,2026-07-07 11:02:45,
3287,PC-101644,hub_out,RD-103,2026-07-06 22:16:34,
3288,PC-101644,delivered,RD-103,2026-07-07 14:40:32,
3289,PC-101645,hub_out,RD-107,2026-07-06 02:07:49,
3290,PC-101645,delivered,RD-107,2026-07-07 12:58:19,
3291,PC-101646,hub_out,RD-103,2026-07-06 17:31:46,
3292,PC-101646,delivered,RD-103,2026-07-07 11:46:22,
3293,PC-101647,hub_out,RD-114,2026-07-06 07:11:59,
3294,PC-101647,delivered,RD-114,2026-07-07 17:54:27,
3295,PC-101648,hub_out,RD-101,2026-07-07 01:48:21,
3296,PC-101648,delivered,RD-101,2026-07-07 13:06:38,
3297,PC-101649,hub_out,RD-105,2026-07-06 04:35:55,
3298,PC-101649,delivered,RD-105,2026-07-07 09:00:04,
3299,PC-101650,hub_out,RD-103,2026-07-07 01:39:40,
3300,PC-101650,delivered,RD-103,2026-07-07 10:48:27,
3301,PC-101651,hub_out,RD-103,2026-07-05 15:06:47,
3302,PC-101651,delivered,RD-103,2026-07-07 14:20:21,
3303,PC-101652,hub_out,RD-114,2026-07-06 16:04:30,
3304,PC-101652,delivered,RD-114,2026-07-07 16:17:58,
3305,PC-101653,hub_out,RD-102,2026-07-07 02:50:58,
3306,PC-101653,delivered,RD-102,2026-07-07 18:26:27,
3307,PC-101654,hub_out,RD-108,2026-07-07 06:08:01,
3308,PC-101654,delivered,RD-108,2026-07-07 17:45:52,
3309,PC-101655,hub_out,RD-131,2026-07-06 19:42:46,
3310,PC-101655,delivered,RD-131,2026-07-07 17:51:48,
3311,PC-101656,hub_out,RD-105,2026-07-05 15:11:54,
3312,PC-101656,delivered,RD-105,2026-07-07 11:45:57,
3313,PC-101657,hub_out,RD-102,2026-07-05 20:26:17,
3314,PC-101657,delivered,RD-102,2026-07-07 14:02:52,
3315,PC-101658,hub_out,RD-131,2026-07-06 16:28:33,
3316,PC-101658,delivered,RD-131,2026-07-07 13:39:39,
3317,PC-101659,hub_out,RD-107,2026-07-07 06:52:46,
3318,PC-101659,delivered,RD-107,2026-07-07 17:03:24,
3319,PC-101660,hub_out,RD-131,2026-07-06 22:14:19,
3320,PC-101660,delivered,RD-131,2026-07-07 16:26:15,
3321,PC-101661,hub_out,RD-101,2026-07-07 00:42:43,
3322,PC-101661,delivered,RD-101,2026-07-07 17:54:42,
3323,PC-101662,hub_out,RD-107,2026-07-06 08:33:30,
3324,PC-101662,delivered,RD-107,2026-07-07 17:12:13,
3325,PC-101663,hub_out,RD-103,2026-07-07 01:46:18,
3326,PC-101663,delivered,RD-103,2026-07-07 17:58:54,
3327,PC-101664,hub_out,RD-107,2026-07-05 21:09:44,
3328,PC-101664,delivered,RD-107,2026-07-07 12:02:28,
3329,PC-101665,hub_out,RD-108,2026-07-06 11:30:03,
3330,PC-101665,delivered,RD-108,2026-07-07 19:38:39,
3331,PC-101666,hub_out,RD-107,2026-07-06 14:08:39,
3332,PC-101666,delivered,RD-107,2026-07-07 09:11:41,
3333,PC-101667,hub_out,RD-101,2026-07-06 04:56:44,
3334,PC-101667,delivered,RD-101,2026-07-07 15:07:34,
3335,PC-101668,hub_out,RD-102,2026-07-05 16:36:42,
3336,PC-101668,delivered,RD-102,2026-07-07 14:19:33,
3337,PC-101669,hub_out,RD-107,2026-07-05 20:05:28,
3338,PC-101669,delivered,RD-107,2026-07-07 09:43:31,
3339,PC-101670,hub_out,RD-131,2026-07-06 12:57:04,
3340,PC-101670,delivered,RD-131,2026-07-07 12:52:09,
3341,PC-101671,hub_out,RD-107,2026-07-05 18:50:07,
3342,PC-101671,delivered,RD-107,2026-07-07 11:46:39,
3343,PC-101672,hub_out,RD-131,2026-07-06 23:38:42,
3344,PC-101672,delivered,RD-131,2026-07-07 18:17:50,
3345,PC-101673,hub_out,RD-131,2026-07-06 11:02:25,
3346,PC-101673,delivered,RD-131,2026-07-07 11:12:55,
3347,PC-101674,hub_out,RD-101,2026-07-06 05:54:16,
3348,PC-101674,delivered,RD-101,2026-07-07 10:11:11,
3349,PC-101675,hub_out,RD-131,2026-07-05 12:03:55,
3350,PC-101675,delivered,RD-131,2026-07-07 10:51:19,
3351,PC-101676,hub_out,RD-114,2026-07-05 15:37:39,
3352,PC-101676,delivered,RD-114,2026-07-07 09:45:10,
3353,PC-101677,hub_out,RD-103,2026-07-06 11:50:01,
3354,PC-101677,delivered,RD-103,2026-07-07 12:26:50,
3355,PC-101678,hub_out,RD-131,2026-07-07 04:49:41,
3356,PC-101678,delivered,RD-131,2026-07-07 13:03:49,
3357,PC-101679,hub_out,RD-114,2026-07-06 06:46:55,
3358,PC-101679,delivered,RD-114,2026-07-07 11:27:39,
3359,PC-101680,hub_out,RD-101,2026-07-07 02:43:20,
3360,PC-101680,delivered,RD-101,2026-07-07 14:37:02,
3361,PC-101681,hub_out,RD-101,2026-07-05 15:20:23,
3362,PC-101681,delivered,RD-101,2026-07-07 14:30:17,
3363,PC-101682,hub_out,RD-101,2026-07-06 16:36:20,
3364,PC-101682,delivered,RD-101,2026-07-07 17:00:23,
3365,PC-101683,hub_out,RD-101,2026-07-05 19:19:45,
3366,PC-101683,delivered,RD-101,2026-07-07 19:16:33,
3367,PC-101684,hub_out,RD-108,2026-07-05 15:21:21,
3368,PC-101684,delivered,RD-108,2026-07-07 15:28:32,
3369,PC-101685,hub_out,RD-131,2026-07-06 20:06:32,
3370,PC-101685,delivered,RD-131,2026-07-07 12:18:37,
3371,PC-101686,hub_out,RD-105,2026-07-05 21:35:38,
3372,PC-101686,delivered,RD-105,2026-07-07 10:06:40,
3373,PC-101687,hub_out,RD-103,2026-07-06 16:26:50,
3374,PC-101687,delivered,RD-103,2026-07-07 13:08:56,
3375,PC-101688,hub_out,RD-101,2026-07-05 21:20:03,
3376,PC-101688,delivered,RD-101,2026-07-07 19:39:08,
3377,PC-101689,hub_out,RD-102,2026-07-07 00:10:55,
3378,PC-101689,delivered,RD-102,2026-07-07 17:51:41,
3379,PC-101690,hub_out,RD-105,2026-07-06 10:54:09,
3380,PC-101690,delivered,RD-105,2026-07-07 16:09:50,
3381,PC-101691,hub_out,RD-131,2026-07-07 03:28:44,
3382,PC-101691,delivered,RD-131,2026-07-07 18:17:38,
3383,PC-101692,hub_out,RD-102,2026-07-06 11:52:45,
3384,PC-101692,delivered,RD-102,2026-07-07 10:15:36,
3385,PC-101693,hub_out,RD-102,2026-07-07 07:04:46,
3386,PC-101693,delivered,RD-102,2026-07-07 19:52:11,
3387,PC-101694,hub_out,RD-102,2026-07-05 19:05:45,
3388,PC-101694,delivered,RD-102,2026-07-07 19:24:00,
3389,PC-101695,hub_out,RD-131,2026-07-07 01:12:23,
3390,PC-101695,delivered,RD-131,2026-07-07 11:47:33,
3391,PC-101696,hub_out,RD-105,2026-07-06 11:54:35,
3392,PC-101696,delivered,RD-105,2026-07-07 18:48:38,
3393,PC-101697,hub_out,RD-102,2026-07-05 23:53:49,
3394,PC-101697,delivered,RD-102,2026-07-07 14:10:43,
3395,PC-101698,hub_out,RD-107,2026-07-05 23:08:43,
3396,PC-101698,delivered,RD-107,2026-07-07 09:51:16,
3397,PC-101699,hub_out,RD-102,2026-07-05 23:56:19,
3398,PC-101699,delivered,RD-102,2026-07-07 18:27:16,
3399,PC-101700,hub_out,RD-102,2026-07-05 15:36:24,
3400,PC-101700,delivered,RD-102,2026-07-07 18:27:33,
3401,PC-101701,hub_out,RD-105,2026-07-06 08:27:28,
3402,PC-101701,delivered,RD-105,2026-07-07 18:00:13,
3403,PC-101702,hub_out,RD-131,2026-07-06 01:36:48,
3404,PC-101702,delivered,RD-131,2026-07-07 13:51:59,
3405,PC-101703,hub_out,RD-108,2026-07-05 19:49:34,
3406,PC-101703,delivered,RD-108,2026-07-07 10:18:15,
3407,PC-101704,hub_out,RD-131,2026-07-05 07:10:58,
3408,PC-101704,delivered,RD-131,2026-07-07 10:50:59,
3409,PC-101705,hub_out,RD-105,2026-07-06 19:38:13,
3410,PC-101705,delivered,RD-105,2026-07-07 13:09:50,
3411,PC-101706,hub_out,RD-114,2026-07-06 00:56:12,
3412,PC-101706,delivered,RD-114,2026-07-07 19:47:43,
3413,PC-101707,hub_out,RD-105,2026-07-06 11:52:49,
3414,PC-101707,delivered,RD-105,2026-07-07 16:57:57,
3415,PC-101708,hub_out,RD-114,2026-07-07 06:29:42,
3416,PC-101708,delivered,RD-114,2026-07-07 17:15:00,
3417,PC-101709,hub_out,RD-107,2026-07-05 12:33:45,
3418,PC-101709,delivered,RD-107,2026-07-07 13:57:00,
3419,PC-101710,hub_out,RD-131,2026-07-06 03:14:48,
3420,PC-101710,delivered,RD-131,2026-07-07 14:00:45,
3421,PC-101711,hub_out,RD-105,2026-07-06 22:21:56,
3422,PC-101711,delivered,RD-105,2026-07-07 10:49:04,
3423,PC-101712,hub_out,RD-102,2026-07-06 04:33:12,
3424,PC-101712,delivered,RD-102,2026-07-07 12:04:13,
3425,PC-101713,hub_out,RD-103,2026-07-05 17:40:41,
3426,PC-101713,delivered,RD-103,2026-07-07 16:49:21,
3427,PC-101714,hub_out,RD-103,2026-07-05 15:44:30,
3428,PC-101714,delivered,RD-103,2026-07-07 09:51:26,
3429,PC-101715,hub_out,RD-105,2026-07-06 06:45:45,
3430,PC-101715,delivered,RD-105,2026-07-07 09:25:53,
3431,PC-101716,hub_out,RD-105,2026-07-06 04:36:06,
3432,PC-101716,delivered,RD-105,2026-07-07 15:09:27,
3433,PC-101717,hub_out,RD-107,2026-07-06 00:30:24,
3434,PC-101717,delivered,RD-107,2026-07-07 19:06:57,
3435,PC-101718,hub_out,RD-102,2026-07-06 22:06:48,
3436,PC-101718,delivered,RD-102,2026-07-07 12:39:51,
3437,PC-101719,hub_out,RD-103,2026-07-05 12:16:47,
3438,PC-101719,delivered,RD-103,2026-07-07 16:38:31,
3439,PC-101720,hub_out,RD-101,2026-07-06 16:55:32,
3440,PC-101720,delivered,RD-101,2026-07-07 12:24:34,
3441,PC-101721,hub_out,RD-114,2026-07-06 20:30:20,
3442,PC-101721,delivered,RD-114,2026-07-07 19:44:35,
3443,PC-101722,hub_out,RD-131,2026-07-05 21:25:40,
3444,PC-101722,delivered,RD-131,2026-07-07 14:13:58,
3445,PC-101723,hub_out,RD-107,2026-07-05 13:41:38,
3446,PC-101723,delivered,RD-107,2026-07-07 12:11:46,
3447,PC-101724,hub_out,RD-108,2026-07-05 16:53:00,
3448,PC-101724,delivered,RD-108,2026-07-07 13:06:40,
3449,PC-101725,hub_out,RD-103,2026-07-06 00:05:18,
3450,PC-101725,delivered,RD-103,2026-07-07 13:12:37,
3451,PC-101726,hub_out,RD-107,2026-07-06 13:26:55,
3452,PC-101726,delivered,RD-107,2026-07-07 15:13:08,
3453,PC-101727,hub_out,RD-101,2026-07-05 21:00:41,
3454,PC-101727,delivered,RD-101,2026-07-07 17:50:52,
3455,PC-101728,hub_out,RD-103,2026-07-07 02:35:33,
3456,PC-101728,delivered,RD-103,2026-07-07 19:43:05,
3457,PC-101729,hub_out,RD-101,2026-07-06 11:31:14,
3458,PC-101729,delivered,RD-101,2026-07-07 16:44:06,
3459,PC-101730,hub_out,RD-102,2026-07-05 21:17:52,
3460,PC-101730,delivered,RD-102,2026-07-07 16:15:48,
3461,PC-101731,hub_out,RD-131,2026-07-05 12:56:13,
3462,PC-101731,delivered,RD-131,2026-07-07 12:24:48,
3463,PC-101732,hub_out,RD-103,2026-07-06 17:08:01,
3464,PC-101732,delivered,RD-103,2026-07-07 16:10:30,
3465,PC-101733,hub_out,RD-107,2026-07-05 19:36:06,
3466,PC-101733,delivered,RD-107,2026-07-07 10:49:12,
3467,PC-101734,hub_out,RD-103,2026-07-06 21:09:31,
3468,PC-101734,delivered,RD-103,2026-07-07 12:21:59,
3469,PC-101735,hub_out,RD-101,2026-07-06 02:54:48,
3470,PC-101735,delivered,RD-101,2026-07-07 16:52:04,
3471,PC-101736,hub_out,RD-114,2026-07-06 18:30:41,
3472,PC-101736,delivered,RD-114,2026-07-07 18:26:42,
3473,PC-101737,hub_out,RD-103,2026-07-06 05:34:36,
3474,PC-101737,delivered,RD-103,2026-07-07 18:20:17,
3475,PC-101738,hub_out,RD-103,2026-07-05 16:37:00,
3476,PC-101738,delivered,RD-103,2026-07-07 13:37:48,
3477,PC-101739,hub_out,RD-107,2026-07-06 14:48:45,
3478,PC-101739,delivered,RD-107,2026-07-07 11:32:09,
3479,PC-101740,hub_out,RD-105,2026-07-06 13:35:18,
3480,PC-101740,delivered,RD-105,2026-07-07 09:25:13,
3481,PC-101741,hub_out,RD-131,2026-07-06 03:44:40,
3482,PC-101741,delivered,RD-131,2026-07-07 13:22:57,
3483,PC-101742,hub_out,RD-107,2026-07-06 01:07:00,
3484,PC-101742,delivered,RD-107,2026-07-07 10:00:56,
3485,PC-101743,hub_out,RD-105,2026-07-05 21:23:20,
3486,PC-101743,delivered,RD-105,2026-07-07 18:09:09,
3487,PC-101744,hub_out,RD-105,2026-07-05 21:47:26,
3488,PC-101744,delivered,RD-105,2026-07-07 12:35:47,
3489,PC-101745,hub_out,RD-131,2026-07-05 16:32:34,
3490,PC-101745,delivered,RD-131,2026-07-07 12:04:02,
3491,PC-101746,hub_out,RD-102,2026-07-06 23:43:55,
3492,PC-101746,delivered,RD-102,2026-07-07 15:50:36,
3493,PC-101747,hub_out,RD-131,2026-07-07 04:40:33,
3494,PC-101747,delivered,RD-131,2026-07-07 17:23:35,
3495,PC-101748,hub_out,RD-102,2026-07-06 04:12:52,
3496,PC-101748,delivered,RD-102,2026-07-07 19:40:41,
3497,PC-101749,hub_out,RD-105,2026-07-06 05:28:12,
3498,PC-101749,delivered,RD-105,2026-07-07 19:38:01,
3499,PC-101750,hub_out,RD-131,2026-07-06 02:38:38,
3500,PC-101750,delivered,RD-131,2026-07-07 12:12:32,
3501,PC-101751,hub_out,RD-131,2026-07-05 15:13:03,
3502,PC-101751,delivered,RD-131,2026-07-07 11:59:24,
3503,PC-101752,hub_out,RD-103,2026-07-06 22:07:42,
3504,PC-101752,delivered,RD-103,2026-07-07 11:43:14,
3505,PC-101753,hub_out,RD-114,2026-07-06 17:17:48,
3506,PC-101753,delivered,RD-114,2026-07-07 09:12:24,
3507,PC-101754,hub_out,RD-105,2026-07-07 09:28:28,
3508,PC-101754,delivered,RD-105,2026-07-07 18:58:47,
3509,PC-101755,hub_out,RD-101,2026-07-06 06:28:51,
3510,PC-101755,delivered,RD-101,2026-07-07 18:17:09,
3511,PC-101756,hub_out,RD-105,2026-07-06 12:45:36,
3512,PC-101756,delivered,RD-105,2026-07-07 16:40:56,
3513,PC-101757,hub_out,RD-108,2026-07-07 02:35:35,
3514,PC-101757,delivered,RD-108,2026-07-07 14:08:44,
3515,PC-101758,hub_out,RD-107,2026-07-06 19:01:45,
3516,PC-101758,delivered,RD-107,2026-07-07 11:42:29,
3517,PC-101759,hub_out,RD-108,2026-07-06 23:46:36,
3518,PC-101759,delivered,RD-108,2026-07-07 10:09:19,
3519,PC-101760,hub_out,RD-131,2026-07-06 06:08:58,
3520,PC-101760,delivered,RD-131,2026-07-07 14:56:06,
3521,PC-101761,hub_out,RD-102,2026-07-06 20:23:53,
3522,PC-101761,delivered,RD-102,2026-07-07 18:12:27,
3523,PC-101762,hub_out,RD-108,2026-07-05 18:49:47,
3524,PC-101762,delivered,RD-108,2026-07-07 15:28:49,
3525,PC-101763,hub_out,RD-108,2026-07-06 00:02:13,
3526,PC-101763,delivered,RD-108,2026-07-07 18:22:30,
3527,PC-101764,hub_out,RD-103,2026-07-05 18:36:35,
3528,PC-101764,delivered,RD-103,2026-07-07 17:09:12,
3529,PC-101765,hub_out,RD-108,2026-07-06 13:35:08,
3530,PC-101765,delivered,RD-108,2026-07-07 11:20:25,
3531,PC-101766,hub_out,RD-131,2026-07-05 22:54:08,
3532,PC-101766,delivered,RD-131,2026-07-07 12:09:41,
3533,PC-101767,hub_out,RD-105,2026-07-06 20:23:07,
3534,PC-101767,delivered,RD-105,2026-07-07 15:01:31,
3535,PC-101768,hub_out,RD-102,2026-07-06 23:16:14,
3536,PC-101768,delivered,RD-102,2026-07-07 12:10:28,
3537,PC-101769,hub_out,RD-105,2026-07-07 00:23:06,
3538,PC-101769,delivered,RD-105,2026-07-07 13:05:09,
3539,PC-101770,hub_out,RD-101,2026-07-06 03:34:01,
3540,PC-101770,delivered,RD-101,2026-07-07 10:08:18,
3541,PC-101771,hub_out,RD-105,2026-07-06 02:05:49,
3542,PC-101771,delivered,RD-105,2026-07-07 09:50:54,
3543,PC-101772,hub_out,RD-108,2026-07-06 14:20:00,
3544,PC-101772,delivered,RD-108,2026-07-07 09:18:03,
3545,PC-101773,hub_out,RD-103,2026-07-06 15:39:00,
3546,PC-101773,delivered,RD-103,2026-07-07 18:23:29,
3547,PC-101774,hub_out,RD-114,2026-07-06 23:29:28,
3548,PC-101774,delivered,RD-114,2026-07-07 19:52:25,
3549,PC-101775,hub_out,RD-114,2026-07-06 14:19:34,
3550,PC-101775,delivered,RD-114,2026-07-07 10:43:29,
3551,PC-101776,hub_out,RD-105,2026-07-06 09:03:57,
3552,PC-101776,delivered,RD-105,2026-07-07 18:14:22,
3553,PC-101777,hub_out,RD-105,2026-07-06 21:58:10,
3554,PC-101777,delivered,RD-105,2026-07-07 17:15:50,
3555,PC-101778,hub_out,RD-102,2026-07-06 11:49:53,
3556,PC-101778,delivered,RD-102,2026-07-07 10:36:03,
3557,PC-101779,hub_out,RD-108,2026-07-06 18:25:45,
3558,PC-101779,delivered,RD-108,2026-07-07 18:53:38,
3559,PC-101780,hub_out,RD-101,2026-07-06 10:07:13,
3560,PC-101780,delivered,RD-101,2026-07-07 17:19:30,
3561,PC-101781,hub_out,RD-105,2026-07-06 18:43:17,
3562,PC-101781,delivered,RD-105,2026-07-07 18:26:32,
3563,PC-101782,hub_out,RD-131,2026-07-06 02:44:59,
3564,PC-101782,delivered,RD-131,2026-07-07 09:18:39,
3565,PC-101783,hub_out,RD-108,2026-07-05 10:51:39,
3566,PC-101783,delivered,RD-108,2026-07-07 13:08:25,
3567,PC-101784,hub_out,RD-101,2026-07-07 07:46:33,
3568,PC-101784,delivered,RD-101,2026-07-07 19:11:39,
3569,PC-101785,hub_out,RD-108,2026-07-06 00:54:58,
3570,PC-101785,delivered,RD-108,2026-07-07 09:09:07,
3571,PC-101786,hub_out,RD-131,2026-07-05 18:47:24,
3572,PC-101786,delivered,RD-131,2026-07-07 11:54:28,
3573,PC-101787,hub_out,RD-102,2026-07-05 19:56:02,
3574,PC-101787,delivered,RD-102,2026-07-07 16:16:50,
3575,PC-101788,hub_out,RD-107,2026-07-07 04:17:40,
3576,PC-101788,delivered,RD-107,2026-07-07 17:02:27,
3577,PC-101789,hub_out,RD-108,2026-07-07 01:14:21,
3578,PC-101789,delivered,RD-108,2026-07-07 16:58:09,
3579,PC-101790,hub_out,RD-108,2026-07-05 13:40:36,
3580,PC-101790,delivered,RD-108,2026-07-07 13:57:54,
3581,PC-101791,hub_out,RD-107,2026-07-07 00:26:47,
3582,PC-101791,delivered,RD-107,2026-07-07 19:33:31,
3583,PC-101792,hub_out,RD-131,2026-07-06 06:48:11,
3584,PC-101792,delivered,RD-131,2026-07-07 09:20:48,
3585,PC-101793,hub_out,RD-102,2026-07-06 11:44:58,
3586,PC-101793,delivered,RD-102,2026-07-07 13:43:23,
3587,PC-101794,hub_out,RD-103,2026-07-06 12:06:42,
3588,PC-101794,delivered,RD-103,2026-07-07 19:22:22,
3589,PC-101795,hub_out,RD-107,2026-07-05 22:21:06,
3590,PC-101795,delivered,RD-107,2026-07-07 13:59:42,
3591,PC-101796,hub_out,RD-114,2026-07-05 16:26:36,
3592,PC-101796,delivered,RD-114,2026-07-07 17:13:42,
3593,PC-101797,hub_out,RD-107,2026-07-06 05:45:31,
3594,PC-101797,delivered,RD-107,2026-07-07 18:17:27,
3595,PC-101798,hub_out,RD-131,2026-07-06 19:33:10,
3596,PC-101798,delivered,RD-131,2026-07-07 16:26:24,
3597,PC-101799,hub_out,RD-103,2026-07-06 11:51:20,
3598,PC-101799,delivered,RD-103,2026-07-07 14:57:16,
3599,PC-101800,hub_out,RD-105,2026-07-06 18:27:08,
3600,PC-101800,delivered,RD-105,2026-07-07 12:19:30,
3601,PC-101801,hub_out,RD-103,2026-07-07 01:21:12,
3602,PC-101801,delivered,RD-103,2026-07-07 15:34:03,
3603,PC-101802,hub_out,RD-102,2026-07-06 18:05:34,
3604,PC-101802,delivered,RD-102,2026-07-07 17:19:03,
3605,PC-101803,hub_out,RD-131,2026-07-05 16:17:00,
3606,PC-101803,delivered,RD-131,2026-07-07 09:58:18,
3607,PC-101804,hub_out,RD-103,2026-07-06 12:23:07,
3608,PC-101804,failed_attempt,RD-103,2026-07-07 15:51:55,cod not ready
3609,PC-101805,hub_out,RD-103,2026-07-06 18:47:22,
3610,PC-101805,failed_attempt,RD-103,2026-07-07 12:52:35,cod not ready
3611,PC-101806,hub_out,RD-107,2026-07-07 13:33:12,
3612,PC-101806,failed_attempt,RD-107,2026-07-07 18:16:46,customer refused
3613,PC-101807,hub_out,RD-102,2026-07-06 19:01:58,
3614,PC-101807,failed_attempt,RD-102,2026-07-07 16:26:32,cod not ready
3615,PC-101808,hub_out,RD-107,2026-07-07 04:10:18,
3616,PC-101808,failed_attempt,RD-107,2026-07-07 15:59:03,customer unreachable
3617,PC-101809,hub_out,RD-105,2026-07-07 02:33:05,
3618,PC-101809,failed_attempt,RD-105,2026-07-07 13:04:40,customer refused
3619,PC-101810,hub_out,RD-108,2026-07-07 04:20:14,
3620,PC-101810,failed_attempt,RD-108,2026-07-07 09:23:10,cod not ready
3621,PC-101811,hub_out,RD-101,2026-07-07 05:39:39,
3622,PC-101811,failed_attempt,RD-101,2026-07-07 11:02:20,cod not ready
3623,PC-101812,hub_out,RD-107,2026-07-06 22:27:02,
3624,PC-101812,failed_attempt,RD-107,2026-07-07 18:42:34,cod not ready
3625,PC-101813,hub_out,RD-114,2026-07-07 06:07:43,
3626,PC-101813,failed_attempt,RD-114,2026-07-07 13:04:26,customer refused
3627,PC-101814,hub_out,RD-114,2026-07-06 19:11:02,
3628,PC-101814,failed_attempt,RD-114,2026-07-07 12:44:36,customer unreachable
3629,PC-101815,hub_out,RD-114,2026-07-07 02:13:15,
3630,PC-101815,failed_attempt,RD-114,2026-07-07 15:18:18,address not found
3631,PC-101816,hub_out,RD-101,2026-07-06 20:45:47,
3632,PC-101816,failed_attempt,RD-101,2026-07-07 14:15:50,customer refused
3633,PC-101817,hub_out,RD-114,2026-07-06 23:04:54,
3634,PC-101817,failed_attempt,RD-114,2026-07-07 12:05:28,customer unreachable
3635,PC-101818,hub_out,RD-103,2026-07-07 08:04:41,
3636,PC-101818,failed_attempt,RD-103,2026-07-07 18:51:51,cod not ready
3637,PC-101819,hub_out,RD-105,2026-07-06 22:55:57,
3638,PC-101819,failed_attempt,RD-105,2026-07-07 10:14:25,shop closed
3639,PC-101820,hub_out,RD-101,2026-07-07 04:46:13,
3640,PC-101820,failed_attempt,RD-101,2026-07-07 09:52:17,customer unreachable
3641,PC-101821,hub_out,RD-131,2026-07-06 13:54:36,
3642,PC-101821,failed_attempt,RD-131,2026-07-07 17:18:13,customer unreachable
3643,PC-101822,hub_out,RD-105,2026-07-03 03:37:30,
3644,PC-101822,delivered,RD-105,2026-07-04 16:19:14,
3645,PC-101823,hub_out,RD-108,2026-07-02 09:49:38,
3646,PC-101823,delivered,RD-108,2026-07-04 10:06:37,
3647,PC-101824,hub_out,RD-108,2026-07-03 19:27:33,
3648,PC-101824,delivered,RD-108,2026-07-04 15:53:35,
3649,PC-101825,hub_out,RD-108,2026-07-03 11:37:44,
3650,PC-101825,delivered,RD-108,2026-07-04 17:50:46,
3651,PC-101826,hub_out,RD-131,2026-07-03 02:17:47,
3652,PC-101826,delivered,RD-131,2026-07-04 09:16:05,
3653,PC-101827,hub_out,RD-103,2026-07-02 10:41:59,
3654,PC-101827,delivered,RD-103,2026-07-04 15:13:56,
3655,PC-101828,hub_out,RD-103,2026-07-02 22:19:41,
3656,PC-101828,delivered,RD-103,2026-07-04 13:37:01,
3657,PC-101829,hub_out,RD-102,2026-07-02 18:16:04,
3658,PC-101829,delivered,RD-102,2026-07-04 15:03:12,
3659,PC-101830,hub_out,RD-108,2026-07-03 16:33:49,
3660,PC-101830,delivered,RD-108,2026-07-04 12:24:58,
3661,PC-101831,hub_out,RD-105,2026-07-03 10:42:28,
3662,PC-101831,delivered,RD-105,2026-07-04 15:47:40,
3663,PC-101832,hub_out,RD-114,2026-07-02 12:30:51,
3664,PC-101832,delivered,RD-114,2026-07-04 11:58:46,
3665,PC-101833,hub_out,RD-101,2026-07-03 03:32:56,
3666,PC-101833,delivered,RD-101,2026-07-04 19:55:16,
3667,PC-101834,hub_out,RD-105,2026-07-03 21:36:39,
3668,PC-101834,delivered,RD-105,2026-07-04 13:21:29,
3669,PC-101835,hub_out,RD-131,2026-07-03 12:43:05,
3670,PC-101835,delivered,RD-131,2026-07-04 18:17:51,
3671,PC-101836,hub_out,RD-102,2026-07-03 02:42:57,
3672,PC-101836,delivered,RD-102,2026-07-04 16:28:25,
3673,PC-101837,hub_out,RD-102,2026-07-03 11:38:30,
3674,PC-101837,delivered,RD-102,2026-07-04 18:24:29,
3675,PC-101838,hub_out,RD-105,2026-07-04 00:46:55,
3676,PC-101838,delivered,RD-105,2026-07-04 16:40:46,
3677,PC-101839,hub_out,RD-105,2026-07-03 16:22:41,
3678,PC-101839,delivered,RD-105,2026-07-04 12:35:12,
3679,PC-101840,hub_out,RD-131,2026-07-03 02:12:33,
3680,PC-101840,delivered,RD-131,2026-07-04 12:11:14,
3681,PC-101841,hub_out,RD-103,2026-07-03 08:22:53,
3682,PC-101841,delivered,RD-103,2026-07-04 16:28:06,
3683,PC-101842,hub_out,RD-131,2026-07-02 19:14:52,
3684,PC-101842,delivered,RD-131,2026-07-04 09:44:23,
3685,PC-101843,hub_out,RD-107,2026-07-03 05:59:34,
3686,PC-101843,delivered,RD-107,2026-07-04 18:24:52,
3687,PC-101844,hub_out,RD-107,2026-07-03 19:08:51,
3688,PC-101844,delivered,RD-107,2026-07-04 19:04:03,
3689,PC-101845,hub_out,RD-107,2026-07-03 15:32:53,
3690,PC-101845,delivered,RD-107,2026-07-04 11:40:22,
3691,PC-101846,hub_out,RD-103,2026-07-02 20:24:23,
3692,PC-101846,delivered,RD-103,2026-07-04 19:13:58,
3693,PC-101847,hub_out,RD-107,2026-07-02 18:39:43,
3694,PC-101847,delivered,RD-107,2026-07-04 12:56:51,
3695,PC-101848,hub_out,RD-131,2026-07-03 03:36:10,
3696,PC-101848,delivered,RD-131,2026-07-04 13:59:43,
3697,PC-101849,hub_out,RD-103,2026-07-03 16:04:48,
3698,PC-101849,delivered,RD-103,2026-07-04 09:37:47,
3699,PC-101850,hub_out,RD-107,2026-07-03 17:36:14,
3700,PC-101850,delivered,RD-107,2026-07-04 11:32:39,
3701,PC-101851,hub_out,RD-103,2026-07-02 09:15:36,
3702,PC-101851,delivered,RD-103,2026-07-04 09:40:16,
3703,PC-101852,hub_out,RD-114,2026-07-03 22:35:16,
3704,PC-101852,delivered,RD-114,2026-07-04 10:57:31,
3705,PC-101853,hub_out,RD-114,2026-07-03 21:01:23,
3706,PC-101853,delivered,RD-114,2026-07-04 09:09:40,
3707,PC-101854,hub_out,RD-102,2026-07-03 11:48:14,
3708,PC-101854,delivered,RD-102,2026-07-04 10:36:13,
3709,PC-101855,hub_out,RD-108,2026-07-04 03:54:12,
3710,PC-101855,delivered,RD-108,2026-07-04 15:14:12,
3711,PC-101856,hub_out,RD-102,2026-07-03 14:30:44,
3712,PC-101856,delivered,RD-102,2026-07-04 12:55:26,
3713,PC-101857,hub_out,RD-105,2026-07-03 07:47:06,
3714,PC-101857,delivered,RD-105,2026-07-04 10:50:28,
3715,PC-101858,hub_out,RD-102,2026-07-03 06:18:23,
3716,PC-101858,delivered,RD-102,2026-07-04 19:10:54,
3717,PC-101859,hub_out,RD-107,2026-07-02 20:53:52,
3718,PC-101859,delivered,RD-107,2026-07-04 09:56:44,
3719,PC-101860,hub_out,RD-102,2026-07-03 19:01:54,
3720,PC-101860,delivered,RD-102,2026-07-04 18:27:22,
3721,PC-101861,hub_out,RD-103,2026-07-03 02:24:40,
3722,PC-101861,delivered,RD-103,2026-07-04 16:46:55,
3723,PC-101862,hub_out,RD-108,2026-07-03 00:49:59,
3724,PC-101862,delivered,RD-108,2026-07-04 19:17:30,
3725,PC-101863,hub_out,RD-105,2026-07-03 09:33:09,
3726,PC-101863,delivered,RD-105,2026-07-04 10:39:17,
3727,PC-101864,hub_out,RD-103,2026-07-03 02:36:15,
3728,PC-101864,delivered,RD-103,2026-07-04 13:50:48,
3729,PC-101865,hub_out,RD-103,2026-07-02 15:55:59,
3730,PC-101865,delivered,RD-103,2026-07-04 13:52:52,
3731,PC-101866,hub_out,RD-103,2026-07-03 03:35:07,
3732,PC-101866,delivered,RD-103,2026-07-04 12:27:47,
3733,PC-101867,hub_out,RD-131,2026-07-02 12:04:37,
3734,PC-101867,delivered,RD-131,2026-07-04 12:00:37,
3735,PC-101868,hub_out,RD-114,2026-07-04 05:24:26,
3736,PC-101868,delivered,RD-114,2026-07-04 19:08:55,
3737,PC-101869,hub_out,RD-105,2026-07-02 17:25:26,
3738,PC-101869,delivered,RD-105,2026-07-04 09:21:02,
3739,PC-101870,hub_out,RD-101,2026-07-04 06:12:36,
3740,PC-101870,delivered,RD-101,2026-07-04 16:49:16,
3741,PC-101871,hub_out,RD-108,2026-07-04 09:34:13,
3742,PC-101871,delivered,RD-108,2026-07-04 19:39:12,
3743,PC-101872,hub_out,RD-114,2026-07-02 18:54:48,
3744,PC-101872,delivered,RD-114,2026-07-04 13:32:55,
3745,PC-101873,hub_out,RD-103,2026-07-02 12:10:08,
3746,PC-101873,delivered,RD-103,2026-07-04 14:22:51,
3747,PC-101874,hub_out,RD-105,2026-07-02 21:09:29,
3748,PC-101874,delivered,RD-105,2026-07-04 10:36:31,
3749,PC-101875,hub_out,RD-103,2026-07-03 06:01:46,
3750,PC-101875,delivered,RD-103,2026-07-04 12:00:39,
3751,PC-101876,hub_out,RD-107,2026-07-03 10:17:01,
3752,PC-101876,delivered,RD-107,2026-07-04 18:40:06,
3753,PC-101877,hub_out,RD-105,2026-07-03 20:46:27,
3754,PC-101877,delivered,RD-105,2026-07-04 18:09:02,
3755,PC-101878,hub_out,RD-103,2026-07-03 17:48:16,
3756,PC-101878,delivered,RD-103,2026-07-04 19:22:17,
3757,PC-101879,hub_out,RD-114,2026-07-03 23:45:08,
3758,PC-101879,delivered,RD-114,2026-07-04 11:10:20,
3759,PC-101880,hub_out,RD-105,2026-07-03 08:07:19,
3760,PC-101880,delivered,RD-105,2026-07-04 15:59:04,
3761,PC-101881,hub_out,RD-108,2026-07-04 02:06:38,
3762,PC-101881,delivered,RD-108,2026-07-04 18:25:45,
3763,PC-101882,hub_out,RD-101,2026-07-03 20:32:56,
3764,PC-101882,delivered,RD-101,2026-07-04 12:36:39,
3765,PC-101883,hub_out,RD-105,2026-07-02 15:10:28,
3766,PC-101883,delivered,RD-105,2026-07-04 13:55:04,
3767,PC-101884,hub_out,RD-102,2026-07-03 16:21:19,
3768,PC-101884,delivered,RD-102,2026-07-04 12:45:22,
3769,PC-101885,hub_out,RD-102,2026-07-03 20:44:00,
3770,PC-101885,delivered,RD-102,2026-07-04 13:30:09,
3771,PC-101886,hub_out,RD-108,2026-07-04 02:39:03,
3772,PC-101886,delivered,RD-108,2026-07-04 11:52:27,
3773,PC-101887,hub_out,RD-103,2026-07-03 19:22:44,
3774,PC-101887,delivered,RD-103,2026-07-04 18:52:15,
3775,PC-101888,hub_out,RD-107,2026-07-02 23:28:25,
3776,PC-101888,delivered,RD-107,2026-07-04 15:30:32,
3777,PC-101889,hub_out,RD-105,2026-07-02 20:43:59,
3778,PC-101889,delivered,RD-105,2026-07-04 19:08:06,
3779,PC-101890,hub_out,RD-114,2026-07-02 16:39:09,
3780,PC-101890,delivered,RD-114,2026-07-04 17:23:30,
3781,PC-101891,hub_out,RD-114,2026-07-02 22:01:05,
3782,PC-101891,delivered,RD-114,2026-07-04 13:19:26,
3783,PC-101892,hub_out,RD-131,2026-07-03 06:56:35,
3784,PC-101892,delivered,RD-131,2026-07-04 09:23:24,
3785,PC-101893,hub_out,RD-108,2026-07-02 21:34:47,
3786,PC-101893,delivered,RD-108,2026-07-04 17:06:24,
3787,PC-101894,hub_out,RD-114,2026-07-03 20:07:22,
3788,PC-101894,delivered,RD-114,2026-07-04 14:03:25,
3789,PC-101895,hub_out,RD-108,2026-07-03 03:24:47,
3790,PC-101895,delivered,RD-108,2026-07-04 19:52:47,
3791,PC-101896,hub_out,RD-105,2026-07-03 20:11:59,
3792,PC-101896,delivered,RD-105,2026-07-04 13:40:22,
3793,PC-101897,hub_out,RD-103,2026-07-02 18:24:43,
3794,PC-101897,delivered,RD-103,2026-07-04 09:40:39,
3795,PC-101898,hub_out,RD-103,2026-07-03 11:31:27,
3796,PC-101898,delivered,RD-103,2026-07-04 16:55:17,
3797,PC-101899,hub_out,RD-102,2026-07-03 06:12:17,
3798,PC-101899,delivered,RD-102,2026-07-04 14:42:34,
3799,PC-101900,hub_out,RD-105,2026-07-03 22:43:58,
3800,PC-101900,delivered,RD-105,2026-07-04 09:31:47,
3801,PC-101901,hub_out,RD-103,2026-07-02 23:35:58,
3802,PC-101901,delivered,RD-103,2026-07-04 17:10:16,
3803,PC-101902,hub_out,RD-103,2026-07-03 06:17:29,
3804,PC-101902,delivered,RD-103,2026-07-04 19:11:59,
3805,PC-101903,hub_out,RD-105,2026-07-03 12:22:24,
3806,PC-101903,delivered,RD-105,2026-07-04 12:28:23,
3807,PC-101904,hub_out,RD-131,2026-07-03 04:45:42,
3808,PC-101904,delivered,RD-131,2026-07-04 09:22:07,
3809,PC-101905,hub_out,RD-102,2026-07-04 01:08:17,
3810,PC-101905,delivered,RD-102,2026-07-04 19:12:35,
3811,PC-101906,hub_out,RD-101,2026-07-03 01:51:20,
3812,PC-101906,delivered,RD-101,2026-07-04 18:12:10,
3813,PC-101907,hub_out,RD-102,2026-07-03 04:30:04,
3814,PC-101907,delivered,RD-102,2026-07-04 10:01:20,
3815,PC-101908,hub_out,RD-107,2026-07-04 07:56:20,
3816,PC-101908,delivered,RD-107,2026-07-04 19:12:28,
3817,PC-101909,hub_out,RD-108,2026-07-02 08:26:38,
3818,PC-101909,delivered,RD-108,2026-07-04 12:18:56,
3819,PC-101910,hub_out,RD-108,2026-07-03 02:12:16,
3820,PC-101910,delivered,RD-108,2026-07-04 16:46:31,
3821,PC-101911,hub_out,RD-108,2026-07-04 06:36:10,
3822,PC-101911,delivered,RD-108,2026-07-04 15:35:25,
3823,PC-101912,hub_out,RD-131,2026-07-02 23:12:20,
3824,PC-101912,delivered,RD-131,2026-07-04 17:22:59,
3825,PC-101913,hub_out,RD-101,2026-07-03 22:54:40,
3826,PC-101913,delivered,RD-101,2026-07-04 09:21:02,
3827,PC-101914,hub_out,RD-108,2026-07-02 23:34:43,
3828,PC-101914,delivered,RD-108,2026-07-04 14:15:07,
3829,PC-101915,hub_out,RD-131,2026-07-02 22:01:13,
3830,PC-101915,delivered,RD-131,2026-07-04 10:13:30,
3831,PC-101916,hub_out,RD-108,2026-07-03 15:13:26,
3832,PC-101916,delivered,RD-108,2026-07-04 17:06:35,
3833,PC-101917,hub_out,RD-107,2026-07-02 18:19:09,
3834,PC-101917,delivered,RD-107,2026-07-04 12:08:14,
3835,PC-101918,hub_out,RD-131,2026-07-03 08:35:15,
3836,PC-101918,delivered,RD-131,2026-07-04 14:12:23,
3837,PC-101919,hub_out,RD-108,2026-07-03 18:41:52,
3838,PC-101919,delivered,RD-108,2026-07-04 10:00:31,
3839,PC-101920,hub_out,RD-101,2026-07-02 20:27:58,
3840,PC-101920,delivered,RD-101,2026-07-04 10:55:35,
3841,PC-101921,hub_out,RD-101,2026-07-02 14:21:37,
3842,PC-101921,delivered,RD-101,2026-07-04 14:10:21,
3843,PC-101922,hub_out,RD-108,2026-07-03 10:21:53,
3844,PC-101922,delivered,RD-108,2026-07-04 18:43:37,
3845,PC-101923,hub_out,RD-114,2026-07-02 20:30:58,
3846,PC-101923,delivered,RD-114,2026-07-04 18:42:33,
3847,PC-101924,hub_out,RD-105,2026-07-02 21:02:35,
3848,PC-101924,delivered,RD-105,2026-07-04 18:55:10,
3849,PC-101925,hub_out,RD-131,2026-07-03 09:13:27,
3850,PC-101925,delivered,RD-131,2026-07-04 14:59:30,
3851,PC-101926,hub_out,RD-101,2026-07-03 17:14:26,
3852,PC-101926,delivered,RD-101,2026-07-04 09:55:00,
3853,PC-101927,hub_out,RD-101,2026-07-02 15:50:10,
3854,PC-101927,delivered,RD-101,2026-07-04 16:01:36,
3855,PC-101928,hub_out,RD-105,2026-07-04 04:01:45,
3856,PC-101928,delivered,RD-105,2026-07-04 15:59:19,
3857,PC-101929,hub_out,RD-107,2026-07-03 07:00:26,
3858,PC-101929,delivered,RD-107,2026-07-04 09:38:10,
3859,PC-101930,hub_out,RD-105,2026-07-03 02:20:35,
3860,PC-101930,delivered,RD-105,2026-07-04 15:20:28,
3861,PC-101931,hub_out,RD-114,2026-07-03 10:18:15,
3862,PC-101931,delivered,RD-114,2026-07-04 15:33:00,
3863,PC-101932,hub_out,RD-103,2026-07-02 11:23:23,
3864,PC-101932,delivered,RD-103,2026-07-04 14:59:22,
3865,PC-101933,hub_out,RD-107,2026-07-02 19:58:45,
3866,PC-101933,delivered,RD-107,2026-07-04 19:01:38,
3867,PC-101934,hub_out,RD-105,2026-07-04 05:13:43,
3868,PC-101934,delivered,RD-105,2026-07-04 16:18:05,
3869,PC-101935,hub_out,RD-108,2026-07-02 19:32:37,
3870,PC-101935,delivered,RD-108,2026-07-04 11:44:36,
3871,PC-101936,hub_out,RD-103,2026-07-04 00:58:56,
3872,PC-101936,delivered,RD-103,2026-07-04 14:22:54,
3873,PC-101937,hub_out,RD-102,2026-07-03 19:16:44,
3874,PC-101937,delivered,RD-102,2026-07-04 18:56:22,
3875,PC-101938,hub_out,RD-101,2026-07-03 08:41:22,
3876,PC-101938,delivered,RD-101,2026-07-04 11:05:07,
3877,PC-101939,hub_out,RD-105,2026-07-03 16:03:43,
3878,PC-101939,delivered,RD-105,2026-07-04 18:42:47,
3879,PC-101940,hub_out,RD-101,2026-07-02 22:31:09,
3880,PC-101940,delivered,RD-101,2026-07-04 16:27:37,
3881,PC-101941,hub_out,RD-114,2026-07-03 19:58:06,
3882,PC-101941,delivered,RD-114,2026-07-04 16:00:14,
3883,PC-101942,hub_out,RD-131,2026-07-03 15:38:30,
3884,PC-101942,delivered,RD-131,2026-07-04 13:24:32,
3885,PC-101943,hub_out,RD-131,2026-07-03 20:19:57,
3886,PC-101943,delivered,RD-131,2026-07-04 15:14:08,
3887,PC-101944,hub_out,RD-131,2026-07-03 14:57:23,
3888,PC-101944,delivered,RD-131,2026-07-04 17:35:54,
3889,PC-101945,hub_out,RD-101,2026-07-04 01:23:06,
3890,PC-101945,delivered,RD-101,2026-07-04 12:48:25,
3891,PC-101946,hub_out,RD-101,2026-07-03 01:14:33,
3892,PC-101946,delivered,RD-101,2026-07-04 18:33:01,
3893,PC-101947,hub_out,RD-108,2026-07-03 12:10:03,
3894,PC-101947,delivered,RD-108,2026-07-04 19:21:23,
3895,PC-101948,hub_out,RD-114,2026-07-02 19:08:01,
3896,PC-101948,delivered,RD-114,2026-07-04 14:50:56,
3897,PC-101949,hub_out,RD-114,2026-07-04 00:24:51,
3898,PC-101949,delivered,RD-114,2026-07-04 16:08:03,
3899,PC-101950,hub_out,RD-105,2026-07-03 17:19:22,
3900,PC-101950,delivered,RD-105,2026-07-04 10:22:43,
3901,PC-101951,hub_out,RD-102,2026-07-03 17:45:20,
3902,PC-101951,delivered,RD-102,2026-07-04 10:34:49,
3903,PC-101952,hub_out,RD-114,2026-07-04 08:01:35,
3904,PC-101952,delivered,RD-114,2026-07-04 17:21:06,
3905,PC-101953,hub_out,RD-108,2026-07-04 02:20:18,
3906,PC-101953,delivered,RD-108,2026-07-04 13:57:22,
3907,PC-101954,hub_out,RD-131,2026-07-03 02:01:09,
3908,PC-101954,delivered,RD-131,2026-07-04 16:11:01,
3909,PC-101955,hub_out,RD-103,2026-07-03 01:57:43,
3910,PC-101955,delivered,RD-103,2026-07-04 13:20:11,
3911,PC-101956,hub_out,RD-114,2026-07-02 16:03:39,
3912,PC-101956,delivered,RD-114,2026-07-04 11:46:55,
3913,PC-101957,hub_out,RD-101,2026-07-03 14:14:40,
3914,PC-101957,delivered,RD-101,2026-07-04 14:54:07,
3915,PC-101958,hub_out,RD-108,2026-07-04 03:52:49,
3916,PC-101958,delivered,RD-108,2026-07-04 13:47:42,
3917,PC-101959,hub_out,RD-114,2026-07-03 09:33:20,
3918,PC-101959,delivered,RD-114,2026-07-04 17:55:28,
3919,PC-101960,hub_out,RD-105,2026-07-04 02:11:12,
3920,PC-101960,delivered,RD-105,2026-07-04 18:46:53,
3921,PC-101961,hub_out,RD-105,2026-07-03 05:13:03,
3922,PC-101961,delivered,RD-105,2026-07-04 16:39:55,
3923,PC-101962,hub_out,RD-102,2026-07-02 12:15:50,
3924,PC-101962,delivered,RD-102,2026-07-04 09:54:04,
3925,PC-101963,hub_out,RD-114,2026-07-03 02:34:51,
3926,PC-101963,delivered,RD-114,2026-07-04 12:32:14,
3927,PC-101964,hub_out,RD-107,2026-07-03 08:53:45,
3928,PC-101964,delivered,RD-107,2026-07-04 16:56:21,
3929,PC-101965,hub_out,RD-102,2026-07-02 18:17:28,
3930,PC-101965,delivered,RD-102,2026-07-04 16:06:43,
3931,PC-101966,hub_out,RD-114,2026-07-03 11:32:08,
3932,PC-101966,delivered,RD-114,2026-07-04 19:53:09,
3933,PC-101967,hub_out,RD-102,2026-07-03 16:28:47,
3934,PC-101967,delivered,RD-102,2026-07-04 18:57:24,
3935,PC-101968,hub_out,RD-101,2026-07-04 04:15:12,
3936,PC-101968,delivered,RD-101,2026-07-04 19:28:02,
3937,PC-101969,hub_out,RD-131,2026-07-02 16:11:36,
3938,PC-101969,delivered,RD-131,2026-07-04 10:37:20,
3939,PC-101970,hub_out,RD-101,2026-07-03 17:45:09,
3940,PC-101970,delivered,RD-101,2026-07-04 11:29:55,
3941,PC-101971,hub_out,RD-103,2026-07-04 04:57:20,
3942,PC-101971,delivered,RD-103,2026-07-04 14:47:24,
3943,PC-101972,hub_out,RD-107,2026-07-04 03:11:22,
3944,PC-101972,delivered,RD-107,2026-07-04 15:59:13,
3945,PC-101973,hub_out,RD-101,2026-07-03 14:39:42,
3946,PC-101973,delivered,RD-101,2026-07-04 19:38:28,
3947,PC-101974,hub_out,RD-114,2026-07-03 10:25:31,
3948,PC-101974,delivered,RD-114,2026-07-04 13:56:28,
3949,PC-101975,hub_out,RD-108,2026-07-03 20:57:11,
3950,PC-101975,delivered,RD-108,2026-07-04 17:53:21,
3951,PC-101976,hub_out,RD-102,2026-07-03 11:20:20,
3952,PC-101976,delivered,RD-102,2026-07-04 19:47:27,
3953,PC-101977,hub_out,RD-105,2026-07-03 10:34:55,
3954,PC-101977,delivered,RD-105,2026-07-04 10:15:58,
3955,PC-101978,hub_out,RD-103,2026-07-02 12:11:01,
3956,PC-101978,delivered,RD-103,2026-07-04 14:32:20,
3957,PC-101979,hub_out,RD-131,2026-07-03 10:42:54,
3958,PC-101979,delivered,RD-131,2026-07-04 12:03:19,
3959,PC-101980,hub_out,RD-105,2026-07-02 20:03:18,
3960,PC-101980,delivered,RD-105,2026-07-04 14:40:10,
3961,PC-101981,hub_out,RD-102,2026-07-02 09:57:08,
3962,PC-101981,delivered,RD-102,2026-07-04 14:11:37,
3963,PC-101982,hub_out,RD-105,2026-07-04 04:14:36,
3964,PC-101982,delivered,RD-105,2026-07-04 17:04:32,
3965,PC-101983,hub_out,RD-101,2026-07-02 07:39:10,
3966,PC-101983,delivered,RD-101,2026-07-04 12:55:50,
3967,PC-101984,hub_out,RD-107,2026-07-02 11:30:49,
3968,PC-101984,delivered,RD-107,2026-07-04 10:18:34,
3969,PC-101985,hub_out,RD-108,2026-07-04 04:00:54,
3970,PC-101985,delivered,RD-108,2026-07-04 17:19:50,
3971,PC-101986,hub_out,RD-131,2026-07-02 23:33:16,
3972,PC-101986,delivered,RD-131,2026-07-04 09:28:24,
3973,PC-101987,hub_out,RD-108,2026-07-02 19:23:48,
3974,PC-101987,delivered,RD-108,2026-07-04 10:10:00,
3975,PC-101988,hub_out,RD-131,2026-07-02 11:56:12,
3976,PC-101988,delivered,RD-131,2026-07-04 10:07:40,
3977,PC-101989,hub_out,RD-103,2026-07-03 07:00:37,
3978,PC-101989,delivered,RD-103,2026-07-04 13:00:46,
3979,PC-101990,hub_out,RD-108,2026-07-02 20:47:57,
3980,PC-101990,delivered,RD-108,2026-07-04 11:44:20,
3981,PC-101991,hub_out,RD-131,2026-07-02 14:29:55,
3982,PC-101991,delivered,RD-131,2026-07-04 14:34:21,
3983,PC-101992,hub_out,RD-108,2026-07-03 23:58:21,
3984,PC-101992,delivered,RD-108,2026-07-04 09:09:58,
3985,PC-101993,hub_out,RD-114,2026-07-02 22:20:56,
3986,PC-101993,delivered,RD-114,2026-07-04 16:40:36,
3987,PC-101994,hub_out,RD-101,2026-07-02 22:52:42,
3988,PC-101994,delivered,RD-101,2026-07-04 16:17:26,
3989,PC-101995,hub_out,RD-105,2026-07-03 14:25:36,
3990,PC-101995,delivered,RD-105,2026-07-04 15:13:24,
3991,PC-101996,hub_out,RD-103,2026-07-04 01:54:21,
3992,PC-101996,delivered,RD-103,2026-07-04 16:34:04,
3993,PC-101997,hub_out,RD-114,2026-07-02 10:29:09,
3994,PC-101997,delivered,RD-114,2026-07-04 14:59:41,
3995,PC-101998,hub_out,RD-114,2026-07-02 19:36:42,
3996,PC-101998,delivered,RD-114,2026-07-04 17:52:27,
3997,PC-101999,hub_out,RD-101,2026-07-03 18:32:51,
3998,PC-101999,delivered,RD-101,2026-07-04 09:22:56,
3999,PC-102000,hub_out,RD-105,2026-07-03 21:28:03,
4000,PC-102000,delivered,RD-105,2026-07-04 09:40:38,
4001,PC-102001,hub_out,RD-131,2026-07-02 05:57:39,
4002,PC-102001,delivered,RD-131,2026-07-04 10:38:10,
4003,PC-102002,hub_out,RD-105,2026-07-02 17:11:30,
4004,PC-102002,delivered,RD-105,2026-07-04 15:56:56,
4005,PC-102003,hub_out,RD-103,2026-07-03 16:33:36,
4006,PC-102003,delivered,RD-103,2026-07-04 12:39:00,
4007,PC-102004,hub_out,RD-105,2026-07-03 21:20:31,
4008,PC-102004,delivered,RD-105,2026-07-04 13:44:41,
4009,PC-102005,hub_out,RD-101,2026-07-02 15:23:07,
4010,PC-102005,delivered,RD-101,2026-07-04 15:40:28,
4011,PC-102006,hub_out,RD-105,2026-07-03 01:57:53,
4012,PC-102006,delivered,RD-105,2026-07-04 18:45:22,
4013,PC-102007,hub_out,RD-131,2026-07-03 22:25:19,
4014,PC-102007,delivered,RD-131,2026-07-04 11:00:39,
4015,PC-102008,hub_out,RD-101,2026-07-02 08:57:04,
4016,PC-102008,delivered,RD-101,2026-07-04 09:17:13,
4017,PC-102009,hub_out,RD-131,2026-07-02 16:38:20,
4018,PC-102009,delivered,RD-131,2026-07-04 10:15:23,
4019,PC-102010,hub_out,RD-114,2026-07-03 13:24:37,
4020,PC-102010,delivered,RD-114,2026-07-04 12:06:49,
4021,PC-102011,hub_out,RD-131,2026-07-03 07:20:34,
4022,PC-102011,delivered,RD-131,2026-07-04 17:18:50,
4023,PC-102012,hub_out,RD-102,2026-07-02 14:39:29,
4024,PC-102012,delivered,RD-102,2026-07-04 18:21:44,
4025,PC-102013,hub_out,RD-101,2026-07-02 13:38:53,
4026,PC-102013,delivered,RD-101,2026-07-04 10:26:42,
4027,PC-102014,hub_out,RD-114,2026-07-03 12:43:00,
4028,PC-102014,delivered,RD-114,2026-07-04 09:20:02,
4029,PC-102015,hub_out,RD-114,2026-07-03 22:20:17,
4030,PC-102015,delivered,RD-114,2026-07-04 15:29:27,
4031,PC-102016,hub_out,RD-107,2026-07-03 09:42:15,
4032,PC-102016,delivered,RD-107,2026-07-04 15:42:00,
4033,PC-102017,hub_out,RD-101,2026-07-03 05:26:35,
4034,PC-102017,delivered,RD-101,2026-07-04 13:30:30,
4035,PC-102018,hub_out,RD-101,2026-07-02 15:46:43,
4036,PC-102018,delivered,RD-101,2026-07-04 19:39:10,
4037,PC-102019,hub_out,RD-103,2026-07-03 14:40:38,
4038,PC-102019,failed_attempt,RD-103,2026-07-04 15:42:26,customer unreachable
4039,PC-102020,hub_out,RD-114,2026-07-03 23:42:54,
4040,PC-102020,failed_attempt,RD-114,2026-07-04 17:40:27,shop closed
4041,PC-102021,hub_out,RD-108,2026-07-04 10:14:52,
4042,PC-102021,failed_attempt,RD-108,2026-07-04 14:03:44,shop closed
4043,PC-102022,hub_out,RD-101,2026-07-03 19:47:22,
4044,PC-102022,failed_attempt,RD-101,2026-07-04 15:58:13,shop closed
4045,PC-102023,hub_out,RD-108,2026-07-03 23:58:20,
4046,PC-102023,failed_attempt,RD-108,2026-07-04 17:58:04,shop closed
4047,PC-102024,hub_out,RD-114,2026-07-04 13:47:10,
4048,PC-102024,failed_attempt,RD-114,2026-07-04 18:15:39,shop closed
4049,PC-102025,hub_out,RD-101,2026-07-03 11:20:06,
4050,PC-102025,failed_attempt,RD-101,2026-07-04 09:56:58,customer unreachable
4051,PC-102026,hub_out,RD-107,2026-07-03 21:15:43,
4052,PC-102026,failed_attempt,RD-107,2026-07-04 10:20:21,shop closed
4053,PC-102027,hub_out,RD-102,2026-07-03 16:58:54,
4054,PC-102027,failed_attempt,RD-102,2026-07-04 11:32:37,shop closed
4055,PC-102028,hub_out,RD-107,2026-07-03 20:15:43,
4056,PC-102028,failed_attempt,RD-107,2026-07-04 14:53:59,customer unreachable
4057,PC-102029,hub_out,RD-108,2026-07-03 18:23:19,
4058,PC-102029,failed_attempt,RD-108,2026-07-04 15:39:42,customer unreachable
4059,PC-102030,hub_out,RD-114,2026-07-04 05:54:04,
4060,PC-102030,failed_attempt,RD-114,2026-07-04 10:34:14,shop closed
4061,PC-102031,hub_out,RD-103,2026-07-03 14:56:24,
4062,PC-102031,failed_attempt,RD-103,2026-07-04 12:31:54,customer unreachable
4063,PC-102032,hub_out,RD-131,2026-07-03 15:02:01,
4064,PC-102032,failed_attempt,RD-131,2026-07-04 18:49:27,cod not ready
4065,PC-102033,hub_out,RD-103,2026-07-03 12:44:44,
4066,PC-102033,failed_attempt,RD-103,2026-07-04 14:39:14,address not found
4067,PC-102034,hub_out,RD-101,2026-07-04 08:22:12,
4068,PC-102034,failed_attempt,RD-101,2026-07-04 14:47:37,customer unreachable
4069,PC-102035,hub_out,RD-107,2026-07-03 11:04:20,
4070,PC-102035,failed_attempt,RD-107,2026-07-04 13:17:15,shop closed
4071,PC-102036,hub_out,RD-105,2026-07-03 15:20:18,
4072,PC-102036,failed_attempt,RD-105,2026-07-04 13:45:38,customer unreachable
4073,PC-102037,hub_out,RD-102,2026-07-03 13:50:06,
4074,PC-102037,failed_attempt,RD-102,2026-07-04 11:19:56,customer unreachable
4075,PC-102038,hub_out,RD-101,2026-07-04 05:18:30,
4076,PC-102038,failed_attempt,RD-101,2026-07-04 15:49:14,customer refused
4077,PC-102039,hub_out,RD-103,2026-07-03 11:53:00,
4078,PC-102039,failed_attempt,RD-103,2026-07-04 12:39:18,shop closed
4079,PC-102040,hub_out,RD-108,2026-07-04 11:29:52,
4080,PC-102040,failed_attempt,RD-108,2026-07-04 17:15:13,address not found
4081,PC-102041,hub_out,RD-101,2026-07-03 14:04:28,
4082,PC-102041,failed_attempt,RD-101,2026-07-04 13:18:21,shop closed
4083,PC-102042,hub_out,RD-105,2026-07-03 16:47:44,
4084,PC-102042,failed_attempt,RD-105,2026-07-04 13:14:50,cod not ready
4085,PC-102043,hub_out,RD-114,2026-07-03 15:02:07,
4086,PC-102043,failed_attempt,RD-114,2026-07-04 17:55:22,customer refused
4087,PC-102044,hub_out,RD-103,2026-07-03 23:45:18,
4088,PC-102044,failed_attempt,RD-103,2026-07-04 12:14:54,cod not ready
4089,PC-102045,hub_out,RD-102,2026-07-04 06:39:23,
4090,PC-102045,failed_attempt,RD-102,2026-07-04 12:40:10,customer unreachable
4091,PC-102046,hub_out,RD-103,2026-07-04 00:53:59,
4092,PC-102046,failed_attempt,RD-103,2026-07-04 11:39:41,cod not ready
4093,PC-102047,hub_out,RD-101,2026-07-04 08:16:18,
4094,PC-102047,failed_attempt,RD-101,2026-07-04 15:20:32,shop closed
4095,PC-102048,hub_out,RD-103,2026-07-03 21:58:05,
4096,PC-102048,failed_attempt,RD-103,2026-07-04 13:11:44,address not found
4097,PC-102049,hub_out,RD-114,2026-07-04 06:09:17,
4098,PC-102049,delivered,RD-114,2026-07-05 18:26:58,
4099,PC-102050,hub_out,RD-131,2026-07-04 07:51:39,
4100,PC-102050,delivered,RD-131,2026-07-05 11:35:00,
4101,PC-102051,hub_out,RD-131,2026-07-04 08:29:05,
4102,PC-102051,delivered,RD-131,2026-07-05 14:19:31,
4103,PC-102052,hub_out,RD-107,2026-07-03 18:40:05,
4104,PC-102052,delivered,RD-107,2026-07-05 19:23:07,
4105,PC-102053,hub_out,RD-105,2026-07-04 11:38:26,
4106,PC-102053,delivered,RD-105,2026-07-05 16:36:01,
4107,PC-102054,hub_out,RD-105,2026-07-04 05:35:45,
4108,PC-102054,delivered,RD-105,2026-07-05 19:21:22,
4109,PC-102055,hub_out,RD-131,2026-07-04 14:47:58,
4110,PC-102055,delivered,RD-131,2026-07-05 09:39:00,
4111,PC-102056,hub_out,RD-131,2026-07-03 19:53:35,
4112,PC-102056,delivered,RD-131,2026-07-05 11:50:24,
4113,PC-102057,hub_out,RD-105,2026-07-04 21:25:05,
4114,PC-102057,delivered,RD-105,2026-07-05 14:59:24,
4115,PC-102058,hub_out,RD-107,2026-07-04 02:47:35,
4116,PC-102058,delivered,RD-107,2026-07-05 13:30:39,
4117,PC-102059,hub_out,RD-131,2026-07-03 20:17:59,
4118,PC-102059,delivered,RD-131,2026-07-05 09:30:11,
4119,PC-102060,hub_out,RD-105,2026-07-03 22:13:10,
4120,PC-102060,delivered,RD-105,2026-07-05 16:26:38,
4121,PC-102061,hub_out,RD-103,2026-07-05 04:53:11,
4122,PC-102061,delivered,RD-103,2026-07-05 14:44:53,
4123,PC-102062,hub_out,RD-101,2026-07-03 18:28:04,
4124,PC-102062,delivered,RD-101,2026-07-05 15:55:09,
4125,PC-102063,hub_out,RD-105,2026-07-03 15:05:58,
4126,PC-102063,delivered,RD-105,2026-07-05 11:46:43,
4127,PC-102064,hub_out,RD-108,2026-07-04 21:41:00,
4128,PC-102064,delivered,RD-108,2026-07-05 15:53:06,
4129,PC-102065,hub_out,RD-107,2026-07-04 09:31:17,
4130,PC-102065,delivered,RD-107,2026-07-05 15:21:07,
4131,PC-102066,hub_out,RD-105,2026-07-04 21:40:51,
4132,PC-102066,delivered,RD-105,2026-07-05 10:57:25,
4133,PC-102067,hub_out,RD-102,2026-07-03 10:51:33,
4134,PC-102067,delivered,RD-102,2026-07-05 14:18:11,
4135,PC-102068,hub_out,RD-103,2026-07-04 06:16:00,
4136,PC-102068,delivered,RD-103,2026-07-05 18:01:47,
4137,PC-102069,hub_out,RD-105,2026-07-03 06:26:55,
4138,PC-102069,delivered,RD-105,2026-07-05 10:12:02,
4139,PC-102070,hub_out,RD-101,2026-07-04 21:47:58,
4140,PC-102070,delivered,RD-101,2026-07-05 19:35:10,
4141,PC-102071,hub_out,RD-102,2026-07-04 16:05:25,
4142,PC-102071,delivered,RD-102,2026-07-05 18:30:01,
4143,PC-102072,hub_out,RD-114,2026-07-04 20:36:22,
4144,PC-102072,delivered,RD-114,2026-07-05 13:59:58,
4145,PC-102073,hub_out,RD-101,2026-07-03 20:03:14,
4146,PC-102073,delivered,RD-101,2026-07-05 13:38:05,
4147,PC-102074,hub_out,RD-102,2026-07-04 21:55:17,
4148,PC-102074,delivered,RD-102,2026-07-05 18:44:45,
4149,PC-102075,hub_out,RD-114,2026-07-05 03:02:04,
4150,PC-102075,delivered,RD-114,2026-07-05 13:40:48,
4151,PC-102076,hub_out,RD-107,2026-07-03 18:58:37,
4152,PC-102076,delivered,RD-107,2026-07-05 18:25:49,
4153,PC-102077,hub_out,RD-114,2026-07-03 23:01:43,
4154,PC-102077,delivered,RD-114,2026-07-05 11:24:14,
4155,PC-102078,hub_out,RD-107,2026-07-03 22:16:13,
4156,PC-102078,delivered,RD-107,2026-07-05 10:23:27,
4157,PC-102079,hub_out,RD-114,2026-07-04 23:37:35,
4158,PC-102079,delivered,RD-114,2026-07-05 13:43:56,
4159,PC-102080,hub_out,RD-102,2026-07-04 01:42:38,
4160,PC-102080,delivered,RD-102,2026-07-05 11:30:47,
4161,PC-102081,hub_out,RD-102,2026-07-04 21:42:39,
4162,PC-102081,delivered,RD-102,2026-07-05 15:41:48,
4163,PC-102082,hub_out,RD-131,2026-07-04 12:36:01,
4164,PC-102082,delivered,RD-131,2026-07-05 11:41:47,
4165,PC-102083,hub_out,RD-114,2026-07-04 16:57:26,
4166,PC-102083,delivered,RD-114,2026-07-05 12:21:15,
4167,PC-102084,hub_out,RD-107,2026-07-04 04:22:14,
4168,PC-102084,delivered,RD-107,2026-07-05 11:53:31,
4169,PC-102085,hub_out,RD-107,2026-07-03 15:41:03,
4170,PC-102085,delivered,RD-107,2026-07-05 19:13:30,
4171,PC-102086,hub_out,RD-107,2026-07-03 23:03:23,
4172,PC-102086,delivered,RD-107,2026-07-05 18:13:13,
4173,PC-102087,hub_out,RD-101,2026-07-04 17:31:59,
4174,PC-102087,delivered,RD-101,2026-07-05 15:35:51,
4175,PC-102088,hub_out,RD-114,2026-07-03 09:22:15,
4176,PC-102088,delivered,RD-114,2026-07-05 12:30:14,
4177,PC-102089,hub_out,RD-107,2026-07-04 03:33:45,
4178,PC-102089,delivered,RD-107,2026-07-05 18:10:33,
4179,PC-102090,hub_out,RD-101,2026-07-05 02:08:24,
4180,PC-102090,delivered,RD-101,2026-07-05 19:52:09,
4181,PC-102091,hub_out,RD-131,2026-07-04 04:39:41,
4182,PC-102091,delivered,RD-131,2026-07-05 09:15:44,
4183,PC-102092,hub_out,RD-107,2026-07-03 12:20:51,
4184,PC-102092,delivered,RD-107,2026-07-05 15:14:14,
4185,PC-102093,hub_out,RD-114,2026-07-03 16:37:29,
4186,PC-102093,delivered,RD-114,2026-07-05 12:38:14,
4187,PC-102094,hub_out,RD-107,2026-07-04 09:12:52,
4188,PC-102094,delivered,RD-107,2026-07-05 17:18:22,
4189,PC-102095,hub_out,RD-114,2026-07-04 00:37:03,
4190,PC-102095,delivered,RD-114,2026-07-05 11:03:35,
4191,PC-102096,hub_out,RD-103,2026-07-05 04:25:57,
4192,PC-102096,delivered,RD-103,2026-07-05 17:58:45,
4193,PC-102097,hub_out,RD-101,2026-07-04 17:13:07,
4194,PC-102097,delivered,RD-101,2026-07-05 09:34:11,
4195,PC-102098,hub_out,RD-105,2026-07-03 23:26:11,
4196,PC-102098,delivered,RD-105,2026-07-05 09:58:45,
4197,PC-102099,hub_out,RD-107,2026-07-04 03:20:36,
4198,PC-102099,delivered,RD-107,2026-07-05 12:34:34,
4199,PC-102100,hub_out,RD-114,2026-07-04 08:08:14,
4200,PC-102100,delivered,RD-114,2026-07-05 17:30:52,
4201,PC-102101,hub_out,RD-103,2026-07-05 05:20:41,
4202,PC-102101,delivered,RD-103,2026-07-05 16:49:54,
4203,PC-102102,hub_out,RD-103,2026-07-05 01:57:38,
4204,PC-102102,delivered,RD-103,2026-07-05 13:59:28,
4205,PC-102103,hub_out,RD-102,2026-07-04 16:05:08,
4206,PC-102103,delivered,RD-102,2026-07-05 11:46:25,
4207,PC-102104,hub_out,RD-102,2026-07-04 09:33:47,
4208,PC-102104,delivered,RD-102,2026-07-05 14:13:55,
4209,PC-102105,hub_out,RD-131,2026-07-04 12:41:44,
4210,PC-102105,delivered,RD-131,2026-07-05 18:08:57,
4211,PC-102106,hub_out,RD-131,2026-07-04 16:20:44,
4212,PC-102106,delivered,RD-131,2026-07-05 13:07:53,
4213,PC-102107,hub_out,RD-131,2026-07-04 03:56:47,
4214,PC-102107,delivered,RD-131,2026-07-05 15:54:08,
4215,PC-102108,hub_out,RD-107,2026-07-04 00:04:10,
4216,PC-102108,delivered,RD-107,2026-07-05 18:23:57,
4217,PC-102109,hub_out,RD-131,2026-07-05 00:11:23,
4218,PC-102109,delivered,RD-131,2026-07-05 16:24:04,
4219,PC-102110,hub_out,RD-108,2026-07-05 02:58:36,
4220,PC-102110,delivered,RD-108,2026-07-05 19:01:41,
4221,PC-102111,hub_out,RD-102,2026-07-03 09:06:08,
4222,PC-102111,delivered,RD-102,2026-07-05 12:00:46,
4223,PC-102112,hub_out,RD-102,2026-07-03 11:19:11,
4224,PC-102112,delivered,RD-102,2026-07-05 10:15:29,
4225,PC-102113,hub_out,RD-107,2026-07-04 00:53:00,
4226,PC-102113,delivered,RD-107,2026-07-05 12:38:48,
4227,PC-102114,hub_out,RD-114,2026-07-04 21:28:05,
4228,PC-102114,delivered,RD-114,2026-07-05 11:02:18,
4229,PC-102115,hub_out,RD-101,2026-07-04 16:57:14,
4230,PC-102115,delivered,RD-101,2026-07-05 11:07:33,
4231,PC-102116,hub_out,RD-102,2026-07-03 17:48:53,
4232,PC-102116,delivered,RD-102,2026-07-05 14:28:40,
4233,PC-102117,hub_out,RD-114,2026-07-04 11:43:19,
4234,PC-102117,delivered,RD-114,2026-07-05 10:35:45,
4235,PC-102118,hub_out,RD-101,2026-07-04 08:41:24,
4236,PC-102118,delivered,RD-101,2026-07-05 14:09:05,
4237,PC-102119,hub_out,RD-108,2026-07-04 06:19:59,
4238,PC-102119,delivered,RD-108,2026-07-05 13:45:32,
4239,PC-102120,hub_out,RD-114,2026-07-03 14:37:37,
4240,PC-102120,delivered,RD-114,2026-07-05 18:40:54,
4241,PC-102121,hub_out,RD-107,2026-07-05 03:25:07,
4242,PC-102121,delivered,RD-107,2026-07-05 14:58:59,
4243,PC-102122,hub_out,RD-103,2026-07-04 13:38:48,
4244,PC-102122,delivered,RD-103,2026-07-05 19:01:03,
4245,PC-102123,hub_out,RD-131,2026-07-05 06:18:49,
4246,PC-102123,delivered,RD-131,2026-07-05 18:44:04,
4247,PC-102124,hub_out,RD-102,2026-07-04 17:02:36,
4248,PC-102124,delivered,RD-102,2026-07-05 19:02:00,
4249,PC-102125,hub_out,RD-131,2026-07-04 01:25:27,
4250,PC-102125,delivered,RD-131,2026-07-05 10:09:01,
4251,PC-102126,hub_out,RD-101,2026-07-04 21:58:35,
4252,PC-102126,delivered,RD-101,2026-07-05 09:41:49,
4253,PC-102127,hub_out,RD-107,2026-07-04 03:39:41,
4254,PC-102127,delivered,RD-107,2026-07-05 17:56:04,
4255,PC-102128,hub_out,RD-108,2026-07-03 10:45:29,
4256,PC-102128,delivered,RD-108,2026-07-05 10:59:47,
4257,PC-102129,hub_out,RD-102,2026-07-04 05:14:35,
4258,PC-102129,delivered,RD-102,2026-07-05 10:06:09,
4259,PC-102130,hub_out,RD-107,2026-07-05 03:45:32,
4260,PC-102130,delivered,RD-107,2026-07-05 12:06:29,
4261,PC-102131,hub_out,RD-131,2026-07-04 22:35:47,
4262,PC-102131,delivered,RD-131,2026-07-05 14:36:33,
4263,PC-102132,hub_out,RD-107,2026-07-04 19:13:28,
4264,PC-102132,delivered,RD-107,2026-07-05 12:03:15,
4265,PC-102133,hub_out,RD-131,2026-07-03 16:52:29,
4266,PC-102133,delivered,RD-131,2026-07-05 11:11:26,
4267,PC-102134,hub_out,RD-107,2026-07-03 21:51:40,
4268,PC-102134,delivered,RD-107,2026-07-05 17:49:01,
4269,PC-102135,hub_out,RD-102,2026-07-03 14:36:34,
4270,PC-102135,delivered,RD-102,2026-07-05 12:57:42,
4271,PC-102136,hub_out,RD-105,2026-07-04 09:50:51,
4272,PC-102136,delivered,RD-105,2026-07-05 18:13:51,
4273,PC-102137,hub_out,RD-101,2026-07-04 01:29:58,
4274,PC-102137,delivered,RD-101,2026-07-05 10:48:00,
4275,PC-102138,hub_out,RD-108,2026-07-03 19:34:33,
4276,PC-102138,delivered,RD-108,2026-07-05 13:25:46,
4277,PC-102139,hub_out,RD-107,2026-07-05 02:48:49,
4278,PC-102139,delivered,RD-107,2026-07-05 19:53:08,
4279,PC-102140,hub_out,RD-108,2026-07-04 14:07:34,
4280,PC-102140,delivered,RD-108,2026-07-05 10:12:33,
4281,PC-102141,hub_out,RD-103,2026-07-05 08:49:34,
4282,PC-102141,delivered,RD-103,2026-07-05 19:41:21,
4283,PC-102142,hub_out,RD-114,2026-07-03 11:40:11,
4284,PC-102142,delivered,RD-114,2026-07-05 09:32:13,
4285,PC-102143,hub_out,RD-105,2026-07-03 07:50:48,
4286,PC-102143,delivered,RD-105,2026-07-05 10:29:03,
4287,PC-102144,hub_out,RD-105,2026-07-04 08:47:11,
4288,PC-102144,delivered,RD-105,2026-07-05 18:34:42,
4289,PC-102145,hub_out,RD-103,2026-07-04 02:23:09,
4290,PC-102145,delivered,RD-103,2026-07-05 11:27:52,
4291,PC-102146,hub_out,RD-114,2026-07-05 01:12:14,
4292,PC-102146,delivered,RD-114,2026-07-05 17:07:10,
4293,PC-102147,hub_out,RD-105,2026-07-04 06:31:17,
4294,PC-102147,delivered,RD-105,2026-07-05 19:45:59,
4295,PC-102148,hub_out,RD-101,2026-07-04 08:06:14,
4296,PC-102148,delivered,RD-101,2026-07-05 14:09:37,
4297,PC-102149,hub_out,RD-101,2026-07-04 08:21:24,
4298,PC-102149,delivered,RD-101,2026-07-05 12:53:57,
4299,PC-102150,hub_out,RD-114,2026-07-04 01:52:57,
4300,PC-102150,delivered,RD-114,2026-07-05 17:48:51,
4301,PC-102151,hub_out,RD-107,2026-07-03 19:13:19,
4302,PC-102151,delivered,RD-107,2026-07-05 12:57:06,
4303,PC-102152,hub_out,RD-108,2026-07-04 03:41:53,
4304,PC-102152,delivered,RD-108,2026-07-05 09:38:52,
4305,PC-102153,hub_out,RD-107,2026-07-04 12:26:19,
4306,PC-102153,delivered,RD-107,2026-07-05 15:48:53,
4307,PC-102154,hub_out,RD-107,2026-07-04 03:34:20,
4308,PC-102154,delivered,RD-107,2026-07-05 12:50:16,
4309,PC-102155,hub_out,RD-107,2026-07-04 20:01:54,
4310,PC-102155,delivered,RD-107,2026-07-05 11:05:59,
4311,PC-102156,hub_out,RD-102,2026-07-03 12:29:23,
4312,PC-102156,delivered,RD-102,2026-07-05 09:48:33,
4313,PC-102157,hub_out,RD-108,2026-07-03 20:51:22,
4314,PC-102157,delivered,RD-108,2026-07-05 16:10:22,
4315,PC-102158,hub_out,RD-108,2026-07-04 22:57:25,
4316,PC-102158,delivered,RD-108,2026-07-05 16:42:40,
4317,PC-102159,hub_out,RD-105,2026-07-04 20:46:18,
4318,PC-102159,delivered,RD-105,2026-07-05 14:32:35,
4319,PC-102160,hub_out,RD-101,2026-07-04 06:11:59,
4320,PC-102160,delivered,RD-101,2026-07-05 09:35:42,
4321,PC-102161,hub_out,RD-105,2026-07-04 04:55:52,
4322,PC-102161,delivered,RD-105,2026-07-05 14:14:30,
4323,PC-102162,hub_out,RD-131,2026-07-03 21:26:41,
4324,PC-102162,delivered,RD-131,2026-07-05 19:39:49,
4325,PC-102163,hub_out,RD-107,2026-07-04 20:23:47,
4326,PC-102163,delivered,RD-107,2026-07-05 11:50:24,
4327,PC-102164,hub_out,RD-102,2026-07-03 22:54:14,
4328,PC-102164,delivered,RD-102,2026-07-05 14:28:07,
4329,PC-102165,hub_out,RD-103,2026-07-05 01:22:57,
4330,PC-102165,delivered,RD-103,2026-07-05 10:26:16,
4331,PC-102166,hub_out,RD-105,2026-07-03 13:02:37,
4332,PC-102166,delivered,RD-105,2026-07-05 11:33:42,
4333,PC-102167,hub_out,RD-102,2026-07-04 15:44:33,
4334,PC-102167,delivered,RD-102,2026-07-05 10:57:15,
4335,PC-102168,hub_out,RD-114,2026-07-04 22:44:00,
4336,PC-102168,delivered,RD-114,2026-07-05 09:07:47,
4337,PC-102169,hub_out,RD-107,2026-07-03 17:28:56,
4338,PC-102169,delivered,RD-107,2026-07-05 11:44:01,
4339,PC-102170,hub_out,RD-101,2026-07-04 13:45:15,
4340,PC-102170,delivered,RD-101,2026-07-05 10:27:36,
4341,PC-102171,hub_out,RD-107,2026-07-03 13:32:40,
4342,PC-102171,delivered,RD-107,2026-07-05 12:22:07,
4343,PC-102172,hub_out,RD-114,2026-07-03 15:48:52,
4344,PC-102172,delivered,RD-114,2026-07-05 17:02:52,
4345,PC-102173,hub_out,RD-108,2026-07-03 13:24:16,
4346,PC-102173,delivered,RD-108,2026-07-05 09:48:33,
4347,PC-102174,hub_out,RD-108,2026-07-04 15:18:00,
4348,PC-102174,delivered,RD-108,2026-07-05 14:43:13,
4349,PC-102175,hub_out,RD-101,2026-07-05 00:14:57,
4350,PC-102175,delivered,RD-101,2026-07-05 13:13:00,
4351,PC-102176,hub_out,RD-102,2026-07-05 01:51:05,
4352,PC-102176,delivered,RD-102,2026-07-05 12:31:47,
4353,PC-102177,hub_out,RD-102,2026-07-04 17:05:48,
4354,PC-102177,delivered,RD-102,2026-07-05 17:25:20,
4355,PC-102178,hub_out,RD-101,2026-07-04 09:38:25,
4356,PC-102178,delivered,RD-101,2026-07-05 11:28:35,
4357,PC-102179,hub_out,RD-107,2026-07-04 20:14:38,
4358,PC-102179,delivered,RD-107,2026-07-05 18:23:19,
4359,PC-102180,hub_out,RD-101,2026-07-03 19:44:25,
4360,PC-102180,delivered,RD-101,2026-07-05 12:16:41,
4361,PC-102181,hub_out,RD-103,2026-07-03 21:55:35,
4362,PC-102181,delivered,RD-103,2026-07-05 12:02:26,
4363,PC-102182,hub_out,RD-101,2026-07-04 00:35:21,
4364,PC-102182,delivered,RD-101,2026-07-05 18:40:03,
4365,PC-102183,hub_out,RD-102,2026-07-03 21:38:20,
4366,PC-102183,delivered,RD-102,2026-07-05 19:16:41,
4367,PC-102184,hub_out,RD-102,2026-07-04 09:41:31,
4368,PC-102184,delivered,RD-102,2026-07-05 19:42:50,
4369,PC-102185,hub_out,RD-108,2026-07-04 10:10:10,
4370,PC-102185,delivered,RD-108,2026-07-05 16:27:40,
4371,PC-102186,hub_out,RD-102,2026-07-04 17:32:24,
4372,PC-102186,delivered,RD-102,2026-07-05 14:10:52,
4373,PC-102187,hub_out,RD-131,2026-07-04 03:21:36,
4374,PC-102187,delivered,RD-131,2026-07-05 16:15:06,
4375,PC-102188,hub_out,RD-131,2026-07-04 14:27:35,
4376,PC-102188,delivered,RD-131,2026-07-05 10:41:21,
4377,PC-102189,hub_out,RD-102,2026-07-04 13:37:19,
4378,PC-102189,delivered,RD-102,2026-07-05 10:49:51,
4379,PC-102190,hub_out,RD-102,2026-07-04 21:41:57,
4380,PC-102190,delivered,RD-102,2026-07-05 17:43:25,
4381,PC-102191,hub_out,RD-102,2026-07-04 15:34:47,
4382,PC-102191,delivered,RD-102,2026-07-05 19:40:35,
4383,PC-102192,hub_out,RD-131,2026-07-03 19:03:06,
4384,PC-102192,delivered,RD-131,2026-07-05 09:37:04,
4385,PC-102193,hub_out,RD-105,2026-07-03 22:14:42,
4386,PC-102193,delivered,RD-105,2026-07-05 13:26:58,
4387,PC-102194,hub_out,RD-101,2026-07-03 19:47:08,
4388,PC-102194,delivered,RD-101,2026-07-05 12:14:48,
4389,PC-102195,hub_out,RD-103,2026-07-04 03:56:07,
4390,PC-102195,delivered,RD-103,2026-07-05 11:27:30,
4391,PC-102196,hub_out,RD-131,2026-07-03 19:35:48,
4392,PC-102196,delivered,RD-131,2026-07-05 10:49:04,
4393,PC-102197,hub_out,RD-101,2026-07-04 14:41:14,
4394,PC-102197,delivered,RD-101,2026-07-05 17:34:42,
4395,PC-102198,hub_out,RD-101,2026-07-03 23:02:07,
4396,PC-102198,delivered,RD-101,2026-07-05 15:54:41,
4397,PC-102199,hub_out,RD-114,2026-07-04 16:53:12,
4398,PC-102199,delivered,RD-114,2026-07-05 18:09:36,
4399,PC-102200,hub_out,RD-103,2026-07-04 10:49:14,
4400,PC-102200,delivered,RD-103,2026-07-05 10:43:30,
4401,PC-102201,hub_out,RD-103,2026-07-03 10:45:15,
4402,PC-102201,delivered,RD-103,2026-07-05 11:22:22,
4403,PC-102202,hub_out,RD-108,2026-07-04 18:21:33,
4404,PC-102202,delivered,RD-108,2026-07-05 16:48:16,
4405,PC-102203,hub_out,RD-103,2026-07-04 14:07:40,
4406,PC-102203,delivered,RD-103,2026-07-05 13:34:05,
4407,PC-102204,hub_out,RD-102,2026-07-03 18:55:26,
4408,PC-102204,delivered,RD-102,2026-07-05 19:23:33,
4409,PC-102205,hub_out,RD-103,2026-07-04 11:58:56,
4410,PC-102205,delivered,RD-103,2026-07-05 13:29:04,
4411,PC-102206,hub_out,RD-105,2026-07-04 06:38:10,
4412,PC-102206,delivered,RD-105,2026-07-05 15:13:41,
4413,PC-102207,hub_out,RD-108,2026-07-04 18:21:22,
4414,PC-102207,delivered,RD-108,2026-07-05 19:19:13,
4415,PC-102208,hub_out,RD-108,2026-07-05 03:30:50,
4416,PC-102208,delivered,RD-108,2026-07-05 16:26:43,
4417,PC-102209,hub_out,RD-108,2026-07-05 05:22:46,
4418,PC-102209,delivered,RD-108,2026-07-05 15:55:13,
4419,PC-102210,hub_out,RD-103,2026-07-04 21:33:43,
4420,PC-102210,delivered,RD-103,2026-07-05 10:26:02,
4421,PC-102211,hub_out,RD-103,2026-07-05 06:41:13,
4422,PC-102211,delivered,RD-103,2026-07-05 17:25:12,
4423,PC-102212,hub_out,RD-102,2026-07-04 06:33:55,
4424,PC-102212,delivered,RD-102,2026-07-05 14:59:03,
4425,PC-102213,hub_out,RD-103,2026-07-04 14:03:57,
4426,PC-102213,delivered,RD-103,2026-07-05 10:34:25,
4427,PC-102214,hub_out,RD-102,2026-07-04 01:19:29,
4428,PC-102214,delivered,RD-102,2026-07-05 17:34:31,
4429,PC-102215,hub_out,RD-131,2026-07-04 15:17:44,
4430,PC-102215,delivered,RD-131,2026-07-05 14:00:12,
4431,PC-102216,hub_out,RD-131,2026-07-03 17:30:38,
4432,PC-102216,delivered,RD-131,2026-07-05 11:43:15,
4433,PC-102217,hub_out,RD-114,2026-07-04 00:00:20,
4434,PC-102217,delivered,RD-114,2026-07-05 17:16:21,
4435,PC-102218,hub_out,RD-103,2026-07-04 23:57:55,
4436,PC-102218,delivered,RD-103,2026-07-05 12:24:47,
4437,PC-102219,hub_out,RD-105,2026-07-04 09:05:21,
4438,PC-102219,delivered,RD-105,2026-07-05 11:13:40,
4439,PC-102220,hub_out,RD-103,2026-07-05 01:32:58,
4440,PC-102220,delivered,RD-103,2026-07-05 17:31:43,
4441,PC-102221,hub_out,RD-114,2026-07-04 05:03:04,
4442,PC-102221,delivered,RD-114,2026-07-05 09:53:23,
4443,PC-102222,hub_out,RD-114,2026-07-03 12:45:14,
4444,PC-102222,delivered,RD-114,2026-07-05 13:45:31,
4445,PC-102223,hub_out,RD-102,2026-07-04 09:12:43,
4446,PC-102223,delivered,RD-102,2026-07-05 17:16:07,
4447,PC-102224,hub_out,RD-131,2026-07-04 08:19:37,
4448,PC-102224,delivered,RD-131,2026-07-05 18:10:58,
4449,PC-102225,hub_out,RD-114,2026-07-04 11:36:02,
4450,PC-102225,delivered,RD-114,2026-07-05 11:09:52,
4451,PC-102226,hub_out,RD-114,2026-07-04 18:03:56,
4452,PC-102226,delivered,RD-114,2026-07-05 14:25:49,
4453,PC-102227,hub_out,RD-101,2026-07-03 19:54:56,
4454,PC-102227,delivered,RD-101,2026-07-05 12:05:45,
4455,PC-102228,hub_out,RD-101,2026-07-04 06:17:17,
4456,PC-102228,delivered,RD-101,2026-07-05 19:35:36,
4457,PC-102229,hub_out,RD-103,2026-07-04 15:00:34,
4458,PC-102229,delivered,RD-103,2026-07-05 17:28:28,
4459,PC-102230,hub_out,RD-102,2026-07-04 02:39:08,
4460,PC-102230,delivered,RD-102,2026-07-05 11:32:46,
4461,PC-102231,hub_out,RD-107,2026-07-03 17:13:10,
4462,PC-102231,delivered,RD-107,2026-07-05 16:01:18,
4463,PC-102232,hub_out,RD-103,2026-07-04 14:22:57,
4464,PC-102232,delivered,RD-103,2026-07-05 15:59:49,
4465,PC-102233,hub_out,RD-102,2026-07-04 17:47:13,
4466,PC-102233,delivered,RD-102,2026-07-05 14:35:24,
4467,PC-102234,hub_out,RD-114,2026-07-04 11:51:56,
4468,PC-102234,delivered,RD-114,2026-07-05 09:59:50,
4469,PC-102235,hub_out,RD-107,2026-07-03 19:30:13,
4470,PC-102235,delivered,RD-107,2026-07-05 19:50:25,
4471,PC-102236,hub_out,RD-102,2026-07-04 12:40:01,
4472,PC-102236,delivered,RD-102,2026-07-05 09:41:07,
4473,PC-102237,hub_out,RD-101,2026-07-03 18:41:34,
4474,PC-102237,delivered,RD-101,2026-07-05 14:56:45,
4475,PC-102238,hub_out,RD-105,2026-07-04 12:52:30,
4476,PC-102238,delivered,RD-105,2026-07-05 16:38:09,
4477,PC-102239,hub_out,RD-105,2026-07-04 23:24:12,
4478,PC-102239,delivered,RD-105,2026-07-05 18:31:50,
4479,PC-102240,hub_out,RD-101,2026-07-04 14:04:51,
4480,PC-102240,delivered,RD-101,2026-07-05 17:08:11,
4481,PC-102241,hub_out,RD-131,2026-07-03 13:43:27,
4482,PC-102241,delivered,RD-131,2026-07-05 09:29:22,
4483,PC-102242,hub_out,RD-131,2026-07-03 12:36:09,
4484,PC-102242,delivered,RD-131,2026-07-05 14:39:03,
4485,PC-102243,hub_out,RD-105,2026-07-05 01:53:16,
4486,PC-102243,delivered,RD-105,2026-07-05 17:28:22,
4487,PC-102244,hub_out,RD-103,2026-07-04 07:46:09,
4488,PC-102244,delivered,RD-103,2026-07-05 19:03:55,
4489,PC-102245,hub_out,RD-131,2026-07-04 07:37:54,
4490,PC-102245,delivered,RD-131,2026-07-05 18:50:41,
4491,PC-102246,hub_out,RD-114,2026-07-03 01:05:21,
4492,PC-102246,delivered,RD-114,2026-07-05 18:47:05,
4493,PC-102247,hub_out,RD-102,2026-07-04 02:39:46,
4494,PC-102247,delivered,RD-102,2026-07-05 14:45:10,
4495,PC-102248,hub_out,RD-102,2026-07-04 13:54:22,
4496,PC-102248,delivered,RD-102,2026-07-05 12:19:02,
4497,PC-102249,hub_out,RD-114,2026-07-04 01:39:51,
4498,PC-102249,delivered,RD-114,2026-07-05 13:10:15,
4499,PC-102250,hub_out,RD-131,2026-07-04 20:58:05,
4500,PC-102250,delivered,RD-131,2026-07-05 19:35:04,
4501,PC-102251,hub_out,RD-101,2026-07-03 19:22:25,
4502,PC-102251,delivered,RD-101,2026-07-05 17:12:39,
4503,PC-102252,hub_out,RD-114,2026-07-03 15:43:41,
4504,PC-102252,delivered,RD-114,2026-07-05 16:14:09,
4505,PC-102253,hub_out,RD-101,2026-07-04 11:57:08,
4506,PC-102253,delivered,RD-101,2026-07-05 09:52:57,
4507,PC-102254,hub_out,RD-105,2026-07-03 08:41:04,
4508,PC-102254,delivered,RD-105,2026-07-05 10:01:41,
4509,PC-102255,hub_out,RD-103,2026-07-04 06:02:28,
4510,PC-102255,delivered,RD-103,2026-07-05 10:14:28,
4511,PC-102256,hub_out,RD-103,2026-07-04 10:06:55,
4512,PC-102256,delivered,RD-103,2026-07-05 13:59:54,
4513,PC-102257,hub_out,RD-101,2026-07-03 09:51:32,
4514,PC-102257,delivered,RD-101,2026-07-05 12:25:17,
4515,PC-102258,hub_out,RD-105,2026-07-04 09:10:36,
4516,PC-102258,delivered,RD-105,2026-07-05 15:46:36,
4517,PC-102259,hub_out,RD-103,2026-07-04 01:44:34,
4518,PC-102259,delivered,RD-103,2026-07-05 11:54:14,
4519,PC-102260,hub_out,RD-105,2026-07-04 22:03:33,
4520,PC-102260,failed_attempt,RD-105,2026-07-05 12:26:06,customer unreachable
4521,PC-102261,hub_out,RD-131,2026-07-04 22:02:28,
4522,PC-102261,failed_attempt,RD-131,2026-07-05 13:34:37,customer unreachable
4523,PC-102262,hub_out,RD-103,2026-07-04 13:15:58,
4524,PC-102262,failed_attempt,RD-103,2026-07-05 13:48:52,cod not ready
4525,PC-102263,hub_out,RD-105,2026-07-04 19:33:43,
4526,PC-102263,failed_attempt,RD-105,2026-07-05 09:31:46,customer refused
4527,PC-102264,hub_out,RD-103,2026-07-04 07:07:21,
4528,PC-102264,failed_attempt,RD-103,2026-07-05 09:25:40,address not found
4529,PC-102265,hub_out,RD-102,2026-07-04 14:00:25,
4530,PC-102265,failed_attempt,RD-102,2026-07-05 10:00:29,shop closed
4531,PC-102266,hub_out,RD-107,2026-07-04 17:59:27,
4532,PC-102266,failed_attempt,RD-107,2026-07-05 17:18:28,customer refused
4533,PC-102267,hub_out,RD-131,2026-07-05 06:56:25,
4534,PC-102267,failed_attempt,RD-131,2026-07-05 19:04:21,address not found
4535,PC-102268,hub_out,RD-103,2026-07-04 08:03:30,
4536,PC-102268,failed_attempt,RD-103,2026-07-05 11:00:05,address not found
4537,PC-102269,hub_out,RD-105,2026-07-04 22:09:29,
4538,PC-102269,failed_attempt,RD-105,2026-07-05 14:00:55,shop closed
4539,PC-102270,hub_out,RD-131,2026-07-05 01:32:27,
4540,PC-102270,failed_attempt,RD-131,2026-07-05 14:04:38,cod not ready
4541,PC-102271,hub_out,RD-131,2026-07-04 11:58:26,
4542,PC-102271,failed_attempt,RD-131,2026-07-05 14:16:15,cod not ready
4543,PC-102272,hub_out,RD-114,2026-07-05 05:55:41,
4544,PC-102272,failed_attempt,RD-114,2026-07-05 19:48:31,shop closed
4545,PC-102273,hub_out,RD-114,2026-07-06 02:01:54,
4546,PC-102273,delivered,RD-114,2026-07-06 14:17:45,
4547,PC-102274,hub_out,RD-131,2026-07-06 00:10:38,
4548,PC-102274,delivered,RD-131,2026-07-06 12:29:23,
4549,PC-102275,hub_out,RD-108,2026-07-06 07:06:27,
4550,PC-102275,delivered,RD-108,2026-07-06 18:34:53,
4551,PC-102276,hub_out,RD-131,2026-07-05 10:07:37,
4552,PC-102276,delivered,RD-131,2026-07-06 19:20:47,
4553,PC-102277,hub_out,RD-103,2026-07-05 13:48:04,
4554,PC-102277,delivered,RD-103,2026-07-06 09:36:20,
4555,PC-102278,hub_out,RD-107,2026-07-05 19:26:21,
4556,PC-102278,delivered,RD-107,2026-07-06 09:18:36,
4557,PC-102279,hub_out,RD-103,2026-07-04 21:01:17,
4558,PC-102279,delivered,RD-103,2026-07-06 10:33:07,
4559,PC-102280,hub_out,RD-105,2026-07-05 11:22:28,
4560,PC-102280,delivered,RD-105,2026-07-06 15:21:54,
4561,PC-102281,hub_out,RD-101,2026-07-05 18:48:23,
4562,PC-102281,delivered,RD-101,2026-07-06 15:09:15,
4563,PC-102282,hub_out,RD-101,2026-07-04 23:30:47,
4564,PC-102282,delivered,RD-101,2026-07-06 11:03:21,
4565,PC-102283,hub_out,RD-131,2026-07-05 23:35:26,
4566,PC-102283,delivered,RD-131,2026-07-06 16:53:28,
4567,PC-102284,hub_out,RD-101,2026-07-04 13:50:04,
4568,PC-102284,delivered,RD-101,2026-07-06 13:56:10,
4569,PC-102285,hub_out,RD-101,2026-07-04 22:57:37,
4570,PC-102285,delivered,RD-101,2026-07-06 09:25:46,
4571,PC-102286,hub_out,RD-131,2026-07-04 23:36:51,
4572,PC-102286,delivered,RD-131,2026-07-06 11:11:32,
4573,PC-102287,hub_out,RD-101,2026-07-05 09:28:07,
4574,PC-102287,delivered,RD-101,2026-07-06 10:44:34,
4575,PC-102288,hub_out,RD-107,2026-07-05 01:55:37,
4576,PC-102288,delivered,RD-107,2026-07-06 15:51:35,
4577,PC-102289,hub_out,RD-105,2026-07-04 23:38:55,
4578,PC-102289,delivered,RD-105,2026-07-06 09:22:05,
4579,PC-102290,hub_out,RD-131,2026-07-05 13:40:02,
4580,PC-102290,delivered,RD-131,2026-07-06 13:10:57,
4581,PC-102291,hub_out,RD-103,2026-07-06 04:11:19,
4582,PC-102291,delivered,RD-103,2026-07-06 13:51:29,
4583,PC-102292,hub_out,RD-105,2026-07-05 19:39:58,
4584,PC-102292,delivered,RD-105,2026-07-06 14:32:21,
4585,PC-102293,hub_out,RD-114,2026-07-06 01:48:49,
4586,PC-102293,delivered,RD-114,2026-07-06 15:33:37,
4587,PC-102294,hub_out,RD-114,2026-07-06 10:43:15,
4588,PC-102294,delivered,RD-114,2026-07-06 19:09:58,
4589,PC-102295,hub_out,RD-107,2026-07-05 12:13:44,
4590,PC-102295,delivered,RD-107,2026-07-06 16:37:06,
4591,PC-102296,hub_out,RD-107,2026-07-06 05:13:17,
4592,PC-102296,delivered,RD-107,2026-07-06 17:37:07,
4593,PC-102297,hub_out,RD-114,2026-07-06 04:00:57,
4594,PC-102297,delivered,RD-114,2026-07-06 14:03:06,
4595,PC-102298,hub_out,RD-108,2026-07-05 08:30:51,
4596,PC-102298,delivered,RD-108,2026-07-06 18:43:58,
4597,PC-102299,hub_out,RD-107,2026-07-04 12:35:09,
4598,PC-102299,delivered,RD-107,2026-07-06 12:10:48,
4599,PC-102300,hub_out,RD-101,2026-07-04 08:32:40,
4600,PC-102300,delivered,RD-101,2026-07-06 10:27:46,
4601,PC-102301,hub_out,RD-103,2026-07-04 11:43:35,
4602,PC-102301,delivered,RD-103,2026-07-06 12:27:46,
4603,PC-102302,hub_out,RD-114,2026-07-04 10:26:29,
4604,PC-102302,delivered,RD-114,2026-07-06 15:15:04,
4605,PC-102303,hub_out,RD-131,2026-07-05 06:33:09,
4606,PC-102303,delivered,RD-131,2026-07-06 18:10:15,
4607,PC-102304,hub_out,RD-103,2026-07-05 07:04:11,
4608,PC-102304,delivered,RD-103,2026-07-06 19:08:43,
4609,PC-102305,hub_out,RD-114,2026-07-05 21:30:34,
4610,PC-102305,delivered,RD-114,2026-07-06 13:21:53,
4611,PC-102306,hub_out,RD-108,2026-07-05 15:17:38,
4612,PC-102306,delivered,RD-108,2026-07-06 19:23:12,
4613,PC-102307,hub_out,RD-114,2026-07-04 19:30:40,
4614,PC-102307,delivered,RD-114,2026-07-06 18:06:57,
4615,PC-102308,hub_out,RD-108,2026-07-06 01:29:25,
4616,PC-102308,delivered,RD-108,2026-07-06 11:27:15,
4617,PC-102309,hub_out,RD-105,2026-07-05 03:57:58,
4618,PC-102309,delivered,RD-105,2026-07-06 10:30:50,
4619,PC-102310,hub_out,RD-103,2026-07-05 03:42:34,
4620,PC-102310,delivered,RD-103,2026-07-06 14:44:03,
4621,PC-102311,hub_out,RD-105,2026-07-04 16:15:39,
4622,PC-102311,delivered,RD-105,2026-07-06 11:15:34,
4623,PC-102312,hub_out,RD-108,2026-07-05 10:30:51,
4624,PC-102312,delivered,RD-108,2026-07-06 16:47:53,
4625,PC-102313,hub_out,RD-114,2026-07-04 16:44:27,
4626,PC-102313,delivered,RD-114,2026-07-06 11:27:15,
4627,PC-102314,hub_out,RD-114,2026-07-05 11:11:02,
4628,PC-102314,delivered,RD-114,2026-07-06 18:33:18,
4629,PC-102315,hub_out,RD-102,2026-07-05 18:40:02,
4630,PC-102315,delivered,RD-102,2026-07-06 18:51:53,
4631,PC-102316,hub_out,RD-105,2026-07-04 21:54:44,
4632,PC-102316,delivered,RD-105,2026-07-06 11:48:09,
4633,PC-102317,hub_out,RD-103,2026-07-06 11:26:02,
4634,PC-102317,delivered,RD-103,2026-07-06 15:28:53,
4635,PC-102318,hub_out,RD-102,2026-07-06 01:43:40,
4636,PC-102318,delivered,RD-102,2026-07-06 18:08:29,
4637,PC-102319,hub_out,RD-102,2026-07-05 17:11:54,
4638,PC-102319,delivered,RD-102,2026-07-06 15:25:03,
4639,PC-102320,hub_out,RD-105,2026-07-05 04:09:35,
4640,PC-102320,delivered,RD-105,2026-07-06 18:05:46,
4641,PC-102321,hub_out,RD-102,2026-07-05 20:06:49,
4642,PC-102321,delivered,RD-102,2026-07-06 18:24:18,
4643,PC-102322,hub_out,RD-101,2026-07-05 18:52:04,
4644,PC-102322,delivered,RD-101,2026-07-06 10:53:48,
4645,PC-102323,hub_out,RD-105,2026-07-05 19:22:53,
4646,PC-102323,delivered,RD-105,2026-07-06 11:44:47,
4647,PC-102324,hub_out,RD-103,2026-07-04 10:21:34,
4648,PC-102324,delivered,RD-103,2026-07-06 15:03:54,
4649,PC-102325,hub_out,RD-102,2026-07-06 02:56:32,
4650,PC-102325,delivered,RD-102,2026-07-06 14:47:46,
4651,PC-102326,hub_out,RD-101,2026-07-04 20:19:19,
4652,PC-102326,delivered,RD-101,2026-07-06 15:03:40,
4653,PC-102327,hub_out,RD-103,2026-07-05 23:28:00,
4654,PC-102327,delivered,RD-103,2026-07-06 14:04:18,
4655,PC-102328,hub_out,RD-107,2026-07-05 04:41:36,
4656,PC-102328,delivered,RD-107,2026-07-06 15:38:56,
4657,PC-102329,hub_out,RD-102,2026-07-04 13:21:11,
4658,PC-102329,delivered,RD-102,2026-07-06 17:02:41,
4659,PC-102330,hub_out,RD-131,2026-07-05 16:23:19,
4660,PC-102330,delivered,RD-131,2026-07-06 19:01:43,
4661,PC-102331,hub_out,RD-107,2026-07-05 16:14:51,
4662,PC-102331,delivered,RD-107,2026-07-06 17:29:30,
4663,PC-102332,hub_out,RD-108,2026-07-04 22:21:53,
4664,PC-102332,delivered,RD-108,2026-07-06 09:23:57,
4665,PC-102333,hub_out,RD-108,2026-07-04 15:13:16,
4666,PC-102333,delivered,RD-108,2026-07-06 14:11:21,
4667,PC-102334,hub_out,RD-114,2026-07-06 06:48:40,
4668,PC-102334,delivered,RD-114,2026-07-06 17:13:41,
4669,PC-102335,hub_out,RD-103,2026-07-04 13:44:04,
4670,PC-102335,delivered,RD-103,2026-07-06 17:09:59,
4671,PC-102336,hub_out,RD-105,2026-07-04 13:23:18,
4672,PC-102336,delivered,RD-105,2026-07-06 17:02:33,
4673,PC-102337,hub_out,RD-103,2026-07-05 12:26:00,
4674,PC-102337,delivered,RD-103,2026-07-06 12:19:05,
4675,PC-102338,hub_out,RD-101,2026-07-04 14:52:41,
4676,PC-102338,delivered,RD-101,2026-07-06 11:48:37,
4677,PC-102339,hub_out,RD-101,2026-07-04 06:56:34,
4678,PC-102339,delivered,RD-101,2026-07-06 11:08:22,
4679,PC-102340,hub_out,RD-108,2026-07-04 12:34:13,
4680,PC-102340,delivered,RD-108,2026-07-06 16:38:16,
4681,PC-102341,hub_out,RD-101,2026-07-05 05:09:15,
4682,PC-102341,delivered,RD-101,2026-07-06 11:38:22,
4683,PC-102342,hub_out,RD-108,2026-07-04 14:41:01,
4684,PC-102342,delivered,RD-108,2026-07-06 15:14:16,
4685,PC-102343,hub_out,RD-101,2026-07-05 13:55:37,
4686,PC-102343,delivered,RD-101,2026-07-06 11:20:41,
4687,PC-102344,hub_out,RD-131,2026-07-05 02:37:20,
4688,PC-102344,delivered,RD-131,2026-07-06 09:07:22,
4689,PC-102345,hub_out,RD-108,2026-07-04 06:57:22,
4690,PC-102345,delivered,RD-108,2026-07-06 12:12:12,
4691,PC-102346,hub_out,RD-103,2026-07-05 12:21:30,
4692,PC-102346,delivered,RD-103,2026-07-06 12:28:34,
4693,PC-102347,hub_out,RD-131,2026-07-04 12:49:04,
4694,PC-102347,delivered,RD-131,2026-07-06 13:08:46,
4695,PC-102348,hub_out,RD-107,2026-07-05 21:38:12,
4696,PC-102348,delivered,RD-107,2026-07-06 14:10:31,
4697,PC-102349,hub_out,RD-108,2026-07-05 00:07:24,
4698,PC-102349,delivered,RD-108,2026-07-06 16:30:06,
4699,PC-102350,hub_out,RD-101,2026-07-04 11:07:39,
4700,PC-102350,delivered,RD-101,2026-07-06 11:39:14,
4701,PC-102351,hub_out,RD-131,2026-07-05 22:41:47,
4702,PC-102351,delivered,RD-131,2026-07-06 11:55:49,
4703,PC-102352,hub_out,RD-108,2026-07-04 17:58:11,
4704,PC-102352,delivered,RD-108,2026-07-06 13:36:55,
4705,PC-102353,hub_out,RD-114,2026-07-05 21:29:19,
4706,PC-102353,delivered,RD-114,2026-07-06 16:59:59,
4707,PC-102354,hub_out,RD-107,2026-07-05 17:21:10,
4708,PC-102354,delivered,RD-107,2026-07-06 14:26:21,
4709,PC-102355,hub_out,RD-105,2026-07-04 19:59:29,
4710,PC-102355,delivered,RD-105,2026-07-06 10:59:06,
4711,PC-102356,hub_out,RD-102,2026-07-06 00:48:14,
4712,PC-102356,delivered,RD-102,2026-07-06 09:44:16,
4713,PC-102357,hub_out,RD-114,2026-07-04 14:52:57,
4714,PC-102357,delivered,RD-114,2026-07-06 16:24:57,
4715,PC-102358,hub_out,RD-103,2026-07-04 08:19:30,
4716,PC-102358,delivered,RD-103,2026-07-06 10:11:46,
4717,PC-102359,hub_out,RD-103,2026-07-05 23:13:44,
4718,PC-102359,delivered,RD-103,2026-07-06 19:31:33,
4719,PC-102360,hub_out,RD-107,2026-07-05 12:03:43,
4720,PC-102360,delivered,RD-107,2026-07-06 17:50:48,
4721,PC-102361,hub_out,RD-107,2026-07-04 23:44:18,
4722,PC-102361,delivered,RD-107,2026-07-06 15:49:24,
4723,PC-102362,hub_out,RD-107,2026-07-06 02:00:05,
4724,PC-102362,delivered,RD-107,2026-07-06 14:45:38,
4725,PC-102363,hub_out,RD-102,2026-07-05 22:54:37,
4726,PC-102363,delivered,RD-102,2026-07-06 11:58:20,
4727,PC-102364,hub_out,RD-108,2026-07-05 12:09:25,
4728,PC-102364,delivered,RD-108,2026-07-06 19:18:04,
4729,PC-102365,hub_out,RD-101,2026-07-04 18:29:53,
4730,PC-102365,delivered,RD-101,2026-07-06 18:26:41,
4731,PC-102366,hub_out,RD-102,2026-07-04 14:19:43,
4732,PC-102366,delivered,RD-102,2026-07-06 15:40:23,
4733,PC-102367,hub_out,RD-131,2026-07-05 19:21:37,
4734,PC-102367,delivered,RD-131,2026-07-06 17:31:41,
4735,PC-102368,hub_out,RD-108,2026-07-05 22:30:44,
4736,PC-102368,delivered,RD-108,2026-07-06 16:50:33,
4737,PC-102369,hub_out,RD-101,2026-07-04 23:51:19,
4738,PC-102369,delivered,RD-101,2026-07-06 17:25:25,
4739,PC-102370,hub_out,RD-102,2026-07-04 12:46:00,
4740,PC-102370,delivered,RD-102,2026-07-06 12:27:42,
4741,PC-102371,hub_out,RD-131,2026-07-04 07:30:32,
4742,PC-102371,delivered,RD-131,2026-07-06 10:46:41,
4743,PC-102372,hub_out,RD-107,2026-07-04 22:49:06,
4744,PC-102372,delivered,RD-107,2026-07-06 19:15:17,
4745,PC-102373,hub_out,RD-101,2026-07-04 12:18:20,
4746,PC-102373,delivered,RD-101,2026-07-06 09:45:04,
4747,PC-102374,hub_out,RD-108,2026-07-05 19:15:59,
4748,PC-102374,delivered,RD-108,2026-07-06 13:34:51,
4749,PC-102375,hub_out,RD-102,2026-07-05 08:56:45,
4750,PC-102375,delivered,RD-102,2026-07-06 12:27:26,
4751,PC-102376,hub_out,RD-107,2026-07-04 17:02:53,
4752,PC-102376,delivered,RD-107,2026-07-06 09:32:56,
4753,PC-102377,hub_out,RD-105,2026-07-06 05:12:26,
4754,PC-102377,delivered,RD-105,2026-07-06 19:48:29,
4755,PC-102378,hub_out,RD-131,2026-07-06 06:10:29,
4756,PC-102378,delivered,RD-131,2026-07-06 17:34:15,
4757,PC-102379,hub_out,RD-131,2026-07-06 08:34:51,
4758,PC-102379,delivered,RD-131,2026-07-06 18:19:18,
4759,PC-102380,hub_out,RD-107,2026-07-05 09:23:37,
4760,PC-102380,delivered,RD-107,2026-07-06 19:52:40,
4761,PC-102381,hub_out,RD-108,2026-07-05 02:33:22,
4762,PC-102381,delivered,RD-108,2026-07-06 14:00:29,
4763,PC-102382,hub_out,RD-102,2026-07-05 17:58:58,
4764,PC-102382,delivered,RD-102,2026-07-06 12:17:21,
4765,PC-102383,hub_out,RD-131,2026-07-04 10:42:37,
4766,PC-102383,delivered,RD-131,2026-07-06 15:09:08,
4767,PC-102384,hub_out,RD-103,2026-07-04 11:23:54,
4768,PC-102384,delivered,RD-103,2026-07-06 09:44:36,
4769,PC-102385,hub_out,RD-131,2026-07-05 17:53:33,
4770,PC-102385,delivered,RD-131,2026-07-06 15:12:41,
4771,PC-102386,hub_out,RD-101,2026-07-05 09:47:02,
4772,PC-102386,delivered,RD-101,2026-07-06 12:11:32,
4773,PC-102387,hub_out,RD-105,2026-07-04 13:30:29,
4774,PC-102387,delivered,RD-105,2026-07-06 15:43:53,
4775,PC-102388,hub_out,RD-102,2026-07-05 22:30:39,
4776,PC-102388,delivered,RD-102,2026-07-06 10:02:23,
4777,PC-102389,hub_out,RD-107,2026-07-04 15:37:59,
4778,PC-102389,delivered,RD-107,2026-07-06 12:34:02,
4779,PC-102390,hub_out,RD-114,2026-07-05 11:45:13,
4780,PC-102390,delivered,RD-114,2026-07-06 17:11:57,
4781,PC-102391,hub_out,RD-131,2026-07-05 13:52:55,
4782,PC-102391,delivered,RD-131,2026-07-06 19:25:45,
4783,PC-102392,hub_out,RD-114,2026-07-05 13:36:41,
4784,PC-102392,delivered,RD-114,2026-07-06 16:56:58,
4785,PC-102393,hub_out,RD-105,2026-07-05 14:27:20,
4786,PC-102393,delivered,RD-105,2026-07-06 12:13:01,
4787,PC-102394,hub_out,RD-102,2026-07-05 08:44:13,
4788,PC-102394,delivered,RD-102,2026-07-06 13:47:36,
4789,PC-102395,hub_out,RD-105,2026-07-06 01:25:11,
4790,PC-102395,delivered,RD-105,2026-07-06 17:44:23,
4791,PC-102396,hub_out,RD-107,2026-07-04 21:53:18,
4792,PC-102396,delivered,RD-107,2026-07-06 18:06:06,
4793,PC-102397,hub_out,RD-114,2026-07-04 12:01:06,
4794,PC-102397,delivered,RD-114,2026-07-06 13:13:39,
4795,PC-102398,hub_out,RD-114,2026-07-05 09:49:43,
4796,PC-102398,delivered,RD-114,2026-07-06 17:02:25,
4797,PC-102399,hub_out,RD-131,2026-07-05 13:12:01,
4798,PC-102399,delivered,RD-131,2026-07-06 10:13:07,
4799,PC-102400,hub_out,RD-114,2026-07-04 09:11:09,
4800,PC-102400,delivered,RD-114,2026-07-06 12:19:14,
4801,PC-102401,hub_out,RD-108,2026-07-05 16:30:45,
4802,PC-102401,delivered,RD-108,2026-07-06 14:37:52,
4803,PC-102402,hub_out,RD-103,2026-07-04 09:17:15,
4804,PC-102402,delivered,RD-103,2026-07-06 10:15:24,
4805,PC-102403,hub_out,RD-101,2026-07-06 06:09:05,
4806,PC-102403,delivered,RD-101,2026-07-06 17:33:25,
4807,PC-102404,hub_out,RD-107,2026-07-05 01:14:23,
4808,PC-102404,delivered,RD-107,2026-07-06 13:03:38,
4809,PC-102405,hub_out,RD-131,2026-07-05 13:32:04,
4810,PC-102405,delivered,RD-131,2026-07-06 10:44:38,
4811,PC-102406,hub_out,RD-105,2026-07-05 05:46:19,
4812,PC-102406,delivered,RD-105,2026-07-06 19:18:56,
4813,PC-102407,hub_out,RD-105,2026-07-04 15:05:28,
4814,PC-102407,delivered,RD-105,2026-07-06 11:06:31,
4815,PC-102408,hub_out,RD-105,2026-07-04 20:55:31,
4816,PC-102408,delivered,RD-105,2026-07-06 10:51:19,
4817,PC-102409,hub_out,RD-105,2026-07-05 21:26:33,
4818,PC-102409,delivered,RD-105,2026-07-06 09:31:40,
4819,PC-102410,hub_out,RD-101,2026-07-04 17:11:14,
4820,PC-102410,delivered,RD-101,2026-07-06 17:19:19,
4821,PC-102411,hub_out,RD-108,2026-07-05 00:16:40,
4822,PC-102411,delivered,RD-108,2026-07-06 15:27:21,
4823,PC-102412,hub_out,RD-101,2026-07-06 00:46:00,
4824,PC-102412,delivered,RD-101,2026-07-06 15:24:06,
4825,PC-102413,hub_out,RD-108,2026-07-04 17:17:37,
4826,PC-102413,delivered,RD-108,2026-07-06 10:27:04,
4827,PC-102414,hub_out,RD-102,2026-07-04 12:16:02,
4828,PC-102414,delivered,RD-102,2026-07-06 10:18:37,
4829,PC-102415,hub_out,RD-102,2026-07-04 10:50:54,
4830,PC-102415,delivered,RD-102,2026-07-06 11:49:38,
4831,PC-102416,hub_out,RD-107,2026-07-05 07:12:46,
4832,PC-102416,delivered,RD-107,2026-07-06 15:27:51,
4833,PC-102417,hub_out,RD-103,2026-07-05 06:50:16,
4834,PC-102417,delivered,RD-103,2026-07-06 12:17:40,
4835,PC-102418,hub_out,RD-114,2026-07-05 14:00:59,
4836,PC-102418,delivered,RD-114,2026-07-06 17:26:30,
4837,PC-102419,hub_out,RD-114,2026-07-04 22:51:52,
4838,PC-102419,delivered,RD-114,2026-07-06 11:18:43,
4839,PC-102420,hub_out,RD-102,2026-07-05 03:27:29,
4840,PC-102420,delivered,RD-102,2026-07-06 18:29:48,
4841,PC-102421,hub_out,RD-131,2026-07-05 21:40:32,
4842,PC-102421,delivered,RD-131,2026-07-06 09:40:11,
4843,PC-102422,hub_out,RD-108,2026-07-05 22:49:55,
4844,PC-102422,delivered,RD-108,2026-07-06 10:41:47,
4845,PC-102423,hub_out,RD-114,2026-07-05 20:37:55,
4846,PC-102423,delivered,RD-114,2026-07-06 09:26:17,
4847,PC-102424,hub_out,RD-102,2026-07-05 11:30:08,
4848,PC-102424,delivered,RD-102,2026-07-06 15:02:30,
4849,PC-102425,hub_out,RD-114,2026-07-05 01:28:57,
4850,PC-102425,delivered,RD-114,2026-07-06 13:46:50,
4851,PC-102426,hub_out,RD-103,2026-07-06 00:25:50,
4852,PC-102426,delivered,RD-103,2026-07-06 11:01:41,
4853,PC-102427,hub_out,RD-107,2026-07-05 19:46:41,
4854,PC-102427,delivered,RD-107,2026-07-06 16:43:31,
4855,PC-102428,hub_out,RD-108,2026-07-06 02:24:08,
4856,PC-102428,delivered,RD-108,2026-07-06 19:11:48,
4857,PC-102429,hub_out,RD-114,2026-07-06 03:32:13,
4858,PC-102429,delivered,RD-114,2026-07-06 17:24:54,
4859,PC-102430,hub_out,RD-101,2026-07-05 08:41:43,
4860,PC-102430,delivered,RD-101,2026-07-06 16:03:34,
4861,PC-102431,hub_out,RD-114,2026-07-05 17:17:12,
4862,PC-102431,delivered,RD-114,2026-07-06 19:43:07,
4863,PC-102432,hub_out,RD-101,2026-07-05 00:05:43,
4864,PC-102432,delivered,RD-101,2026-07-06 09:22:54,
4865,PC-102433,hub_out,RD-108,2026-07-05 10:34:05,
4866,PC-102433,delivered,RD-108,2026-07-06 15:56:26,
4867,PC-102434,hub_out,RD-107,2026-07-06 01:15:28,
4868,PC-102434,delivered,RD-107,2026-07-06 12:13:43,
4869,PC-102435,hub_out,RD-131,2026-07-05 15:37:34,
4870,PC-102435,delivered,RD-131,2026-07-06 14:37:23,
4871,PC-102436,hub_out,RD-101,2026-07-04 21:42:45,
4872,PC-102436,delivered,RD-101,2026-07-06 18:14:56,
4873,PC-102437,hub_out,RD-108,2026-07-05 17:10:30,
4874,PC-102437,delivered,RD-108,2026-07-06 16:04:39,
4875,PC-102438,hub_out,RD-103,2026-07-05 21:15:44,
4876,PC-102438,delivered,RD-103,2026-07-06 16:27:27,
4877,PC-102439,hub_out,RD-107,2026-07-05 23:09:11,
4878,PC-102439,delivered,RD-107,2026-07-06 18:50:28,
4879,PC-102440,hub_out,RD-114,2026-07-05 17:54:46,
4880,PC-102440,delivered,RD-114,2026-07-06 10:53:23,
4881,PC-102441,hub_out,RD-103,2026-07-04 05:49:13,
4882,PC-102441,delivered,RD-103,2026-07-06 09:44:42,
4883,PC-102442,hub_out,RD-107,2026-07-04 15:50:42,
4884,PC-102442,delivered,RD-107,2026-07-06 13:48:23,
4885,PC-102443,hub_out,RD-102,2026-07-05 22:10:11,
4886,PC-102443,delivered,RD-102,2026-07-06 17:51:49,
4887,PC-102444,hub_out,RD-114,2026-07-05 07:44:15,
4888,PC-102444,delivered,RD-114,2026-07-06 09:15:26,
4889,PC-102445,hub_out,RD-102,2026-07-04 14:00:18,
4890,PC-102445,delivered,RD-102,2026-07-06 15:28:31,
4891,PC-102446,hub_out,RD-108,2026-07-05 13:53:26,
4892,PC-102446,delivered,RD-108,2026-07-06 11:38:53,
4893,PC-102447,hub_out,RD-103,2026-07-05 12:46:54,
4894,PC-102447,delivered,RD-103,2026-07-06 11:07:35,
4895,PC-102448,hub_out,RD-107,2026-07-04 14:39:44,
4896,PC-102448,delivered,RD-107,2026-07-06 13:52:49,
4897,PC-102449,hub_out,RD-103,2026-07-05 20:59:07,
4898,PC-102449,delivered,RD-103,2026-07-06 13:43:15,
4899,PC-102450,hub_out,RD-114,2026-07-05 10:44:05,
4900,PC-102450,delivered,RD-114,2026-07-06 10:17:13,
4901,PC-102451,hub_out,RD-105,2026-07-06 01:55:42,
4902,PC-102451,delivered,RD-105,2026-07-06 12:34:26,
4903,PC-102452,hub_out,RD-103,2026-07-04 14:43:26,
4904,PC-102452,delivered,RD-103,2026-07-06 19:21:50,
4905,PC-102453,hub_out,RD-114,2026-07-05 22:40:43,
4906,PC-102453,delivered,RD-114,2026-07-06 14:20:56,
4907,PC-102454,hub_out,RD-108,2026-07-05 13:16:21,
4908,PC-102454,delivered,RD-108,2026-07-06 16:08:00,
4909,PC-102455,hub_out,RD-103,2026-07-05 09:50:24,
4910,PC-102455,delivered,RD-103,2026-07-06 13:18:07,
4911,PC-102456,hub_out,RD-131,2026-07-05 06:58:13,
4912,PC-102456,delivered,RD-131,2026-07-06 16:28:34,
4913,PC-102457,hub_out,RD-103,2026-07-05 18:03:50,
4914,PC-102457,delivered,RD-103,2026-07-06 12:11:57,
4915,PC-102458,hub_out,RD-102,2026-07-04 06:39:04,
4916,PC-102458,delivered,RD-102,2026-07-06 09:54:42,
4917,PC-102459,hub_out,RD-101,2026-07-05 03:25:34,
4918,PC-102459,delivered,RD-101,2026-07-06 12:24:19,
4919,PC-102460,hub_out,RD-105,2026-07-04 16:30:48,
4920,PC-102460,delivered,RD-105,2026-07-06 19:28:35,
4921,PC-102461,hub_out,RD-103,2026-07-05 10:40:19,
4922,PC-102461,delivered,RD-103,2026-07-06 18:25:04,
4923,PC-102462,hub_out,RD-108,2026-07-05 08:44:20,
4924,PC-102462,delivered,RD-108,2026-07-06 19:03:42,
4925,PC-102463,hub_out,RD-105,2026-07-05 01:59:32,
4926,PC-102463,delivered,RD-105,2026-07-06 10:44:51,
4927,PC-102464,hub_out,RD-105,2026-07-04 15:33:44,
4928,PC-102464,delivered,RD-105,2026-07-06 11:52:17,
4929,PC-102465,hub_out,RD-103,2026-07-04 08:42:41,
4930,PC-102465,delivered,RD-103,2026-07-06 09:59:16,
4931,PC-102466,hub_out,RD-114,2026-07-04 20:52:03,
4932,PC-102466,delivered,RD-114,2026-07-06 17:45:35,
4933,PC-102467,hub_out,RD-108,2026-07-05 12:23:27,
4934,PC-102467,delivered,RD-108,2026-07-06 09:22:22,
4935,PC-102468,hub_out,RD-108,2026-07-06 02:25:17,
4936,PC-102468,delivered,RD-108,2026-07-06 14:05:42,
4937,PC-102469,hub_out,RD-131,2026-07-05 18:34:15,
4938,PC-102469,delivered,RD-131,2026-07-06 11:39:50,
4939,PC-102470,hub_out,RD-101,2026-07-05 04:06:08,
4940,PC-102470,delivered,RD-101,2026-07-06 14:07:47,
4941,PC-102471,hub_out,RD-102,2026-07-05 00:04:32,
4942,PC-102471,delivered,RD-102,2026-07-06 16:31:59,
4943,PC-102472,hub_out,RD-108,2026-07-04 21:26:48,
4944,PC-102472,delivered,RD-108,2026-07-06 14:27:13,
4945,PC-102473,hub_out,RD-108,2026-07-05 05:18:34,
4946,PC-102473,delivered,RD-108,2026-07-06 15:37:49,
4947,PC-102474,hub_out,RD-101,2026-07-04 13:59:18,
4948,PC-102474,delivered,RD-101,2026-07-06 14:38:26,
4949,PC-102475,hub_out,RD-103,2026-07-06 01:49:59,
4950,PC-102475,delivered,RD-103,2026-07-06 18:00:28,
4951,PC-102476,hub_out,RD-108,2026-07-05 20:00:31,
4952,PC-102476,delivered,RD-108,2026-07-06 15:28:10,
4953,PC-102477,hub_out,RD-102,2026-07-04 23:42:47,
4954,PC-102477,delivered,RD-102,2026-07-06 15:35:20,
4955,PC-102478,hub_out,RD-114,2026-07-04 20:07:29,
4956,PC-102478,delivered,RD-114,2026-07-06 19:54:58,
4957,PC-102479,hub_out,RD-131,2026-07-05 03:06:26,
4958,PC-102479,delivered,RD-131,2026-07-06 12:37:03,
4959,PC-102480,hub_out,RD-101,2026-07-05 15:55:43,
4960,PC-102480,delivered,RD-101,2026-07-06 17:49:26,
4961,PC-102481,hub_out,RD-131,2026-07-05 20:56:24,
4962,PC-102481,delivered,RD-131,2026-07-06 14:36:30,
4963,PC-102482,hub_out,RD-107,2026-07-05 13:27:47,
4964,PC-102482,delivered,RD-107,2026-07-06 11:43:01,
4965,PC-102483,hub_out,RD-131,2026-07-05 02:20:12,
4966,PC-102483,delivered,RD-131,2026-07-06 17:27:33,
4967,PC-102484,hub_out,RD-114,2026-07-04 13:26:35,
4968,PC-102484,delivered,RD-114,2026-07-06 13:06:27,
4969,PC-102485,hub_out,RD-103,2026-07-05 00:46:33,
4970,PC-102485,delivered,RD-103,2026-07-06 12:58:26,
4971,PC-102486,hub_out,RD-101,2026-07-05 19:36:02,
4972,PC-102486,delivered,RD-101,2026-07-06 17:47:34,
4973,PC-102487,hub_out,RD-102,2026-07-05 12:34:25,
4974,PC-102487,delivered,RD-102,2026-07-06 13:10:41,
4975,PC-102488,hub_out,RD-101,2026-07-05 06:40:34,
4976,PC-102488,delivered,RD-101,2026-07-06 12:45:05,
4977,PC-102489,hub_out,RD-102,2026-07-04 22:58:16,
4978,PC-102489,delivered,RD-102,2026-07-06 14:21:29,
4979,PC-102490,hub_out,RD-105,2026-07-05 16:30:47,
4980,PC-102490,failed_attempt,RD-105,2026-07-06 09:39:12,customer unreachable
4981,PC-102491,hub_out,RD-114,2026-07-06 04:47:12,
4982,PC-102491,failed_attempt,RD-114,2026-07-06 12:16:58,shop closed
4983,PC-102492,hub_out,RD-131,2026-07-06 13:09:39,
4984,PC-102492,failed_attempt,RD-131,2026-07-06 18:59:17,customer refused
4985,PC-102493,hub_out,RD-105,2026-07-05 21:18:03,
4986,PC-102493,failed_attempt,RD-105,2026-07-06 11:55:00,shop closed
4987,PC-102494,hub_out,RD-114,2026-07-06 07:56:27,
4988,PC-102494,failed_attempt,RD-114,2026-07-06 17:56:38,customer unreachable
4989,PC-102495,hub_out,RD-105,2026-07-06 02:30:53,
4990,PC-102495,failed_attempt,RD-105,2026-07-06 18:19:03,cod not ready
4991,PC-102496,hub_out,RD-101,2026-07-05 12:35:40,
4992,PC-102496,failed_attempt,RD-101,2026-07-06 10:14:09,customer unreachable
4993,PC-102497,hub_out,RD-108,2026-07-05 08:07:49,
4994,PC-102497,failed_attempt,RD-108,2026-07-06 10:44:42,customer refused
4995,PC-102498,hub_out,RD-101,2026-07-05 15:30:24,
4996,PC-102498,failed_attempt,RD-101,2026-07-06 10:37:59,customer refused
4997,PC-102499,hub_out,RD-131,2026-07-06 08:03:12,
4998,PC-102499,failed_attempt,RD-131,2026-07-06 17:14:31,address not found
4999,PC-102500,hub_out,RD-131,2026-07-06 06:25:07,
5000,PC-102500,failed_attempt,RD-131,2026-07-06 15:02:10,customer unreachable
5001,PC-102501,hub_out,RD-114,2026-07-06 07:58:31,
5002,PC-102501,failed_attempt,RD-114,2026-07-06 18:09:52,customer unreachable
5003,PC-102502,hub_out,RD-101,2026-07-06 04:20:18,
5004,PC-102502,failed_attempt,RD-101,2026-07-06 09:10:57,cod not ready
5005,PC-102503,hub_out,RD-103,2026-07-06 06:24:06,
5006,PC-102503,failed_attempt,RD-103,2026-07-06 09:41:38,cod not ready
5007,PC-102504,hub_out,RD-105,2026-07-05 13:04:40,
5008,PC-102504,failed_attempt,RD-105,2026-07-06 10:35:24,customer refused
5009,PC-102505,hub_out,RD-103,2026-07-05 09:17:42,
5010,PC-102505,failed_attempt,RD-103,2026-07-06 10:01:43,customer unreachable
5011,PC-102506,hub_out,RD-108,2026-07-05 11:35:11,
5012,PC-102506,failed_attempt,RD-108,2026-07-06 11:01:01,customer refused
5013,PC-102507,hub_out,RD-131,2026-07-05 23:28:38,
5014,PC-102507,failed_attempt,RD-131,2026-07-06 11:47:12,shop closed
5015,PC-102508,hub_out,RD-105,2026-07-06 02:12:35,
5016,PC-102508,failed_attempt,RD-105,2026-07-06 14:50:40,customer refused
5017,PC-102509,hub_out,RD-102,2026-07-06 02:44:28,
5018,PC-102509,failed_attempt,RD-102,2026-07-06 16:32:22,customer refused
5019,PC-102510,hub_out,RD-131,2026-07-06 02:31:12,
5020,PC-102510,failed_attempt,RD-131,2026-07-06 10:52:02,cod not ready
5021,PC-102511,hub_out,RD-102,2026-07-05 13:54:12,
5022,PC-102511,failed_attempt,RD-102,2026-07-06 10:15:52,customer refused
5023,PC-102512,hub_out,RD-103,2026-07-05 18:24:34,
5024,PC-102512,failed_attempt,RD-103,2026-07-06 11:25:39,customer unreachable
5025,PC-102513,hub_out,RD-114,2026-07-06 10:21:06,
5026,PC-102513,failed_attempt,RD-114,2026-07-06 15:56:12,address not found
5027,PC-102514,hub_out,RD-103,2026-07-06 05:10:02,
5028,PC-102514,failed_attempt,RD-103,2026-07-06 10:57:48,shop closed
5029,PC-102515,hub_out,RD-131,2026-07-06 14:06:11,
5030,PC-102515,failed_attempt,RD-131,2026-07-06 17:55:15,customer refused
5031,PC-102516,hub_out,RD-103,2026-07-05 22:28:46,
5032,PC-102516,failed_attempt,RD-103,2026-07-06 15:40:28,customer refused
5033,PC-102517,hub_out,RD-107,2026-07-06 13:03:45,
5034,PC-102517,failed_attempt,RD-107,2026-07-06 19:52:37,shop closed
5035,PC-102518,hub_out,RD-103,2026-07-06 04:58:40,
5036,PC-102518,failed_attempt,RD-103,2026-07-06 17:40:11,cod not ready
5037,PC-102519,hub_out,RD-105,2026-07-06 01:18:25,
5038,PC-102519,failed_attempt,RD-105,2026-07-06 15:35:10,address not found
5039,PC-102520,hub_out,RD-131,2026-07-05 21:20:19,
5040,PC-102520,failed_attempt,RD-131,2026-07-06 10:03:42,customer refused
5041,PC-102521,hub_out,RD-101,2026-07-05 17:40:24,
5042,PC-102521,failed_attempt,RD-101,2026-07-06 14:01:18,cod not ready
5043,PC-102522,hub_out,RD-101,2026-07-06 02:34:30,
5044,PC-102522,failed_attempt,RD-101,2026-07-06 12:17:45,shop closed
5045,PC-102523,hub_out,RD-107,2026-07-05 13:38:49,
5046,PC-102523,failed_attempt,RD-107,2026-07-06 10:54:14,address not found
5047,PC-102524,hub_out,RD-107,2026-07-05 23:47:13,
5048,PC-102524,failed_attempt,RD-107,2026-07-06 15:18:48,cod not ready
5049,PC-102525,hub_out,RD-108,2026-07-06 00:46:19,
5050,PC-102525,failed_attempt,RD-108,2026-07-06 17:17:54,customer unreachable
5051,PC-102526,hub_out,RD-108,2026-07-06 06:40:59,
5052,PC-102526,failed_attempt,RD-108,2026-07-06 13:25:57,shop closed
5053,PC-102527,hub_out,RD-103,2026-07-05 17:48:06,
5054,PC-102527,failed_attempt,RD-103,2026-07-06 11:46:58,customer unreachable
5055,PC-102528,hub_out,RD-108,2026-07-05 15:44:30,
5056,PC-102528,failed_attempt,RD-108,2026-07-06 10:09:43,shop closed
5057,PC-102529,hub_out,RD-108,2026-07-05 08:13:45,
5058,PC-102529,failed_attempt,RD-108,2026-07-06 10:42:56,cod not ready
5059,PC-102530,hub_out,RD-101,2026-07-01 21:51:41,
5060,PC-102530,delivered,RD-101,2026-07-02 12:45:51,
5061,PC-102531,hub_out,RD-101,2026-07-01 17:42:06,
5062,PC-102531,delivered,RD-101,2026-07-02 17:43:50,
5063,PC-102532,hub_out,RD-107,2026-07-01 07:43:29,
5064,PC-102532,delivered,RD-107,2026-07-02 16:37:47,
5065,PC-102533,hub_out,RD-102,2026-07-01 03:25:35,
5066,PC-102533,delivered,RD-102,2026-07-02 14:15:52,
5067,PC-102534,hub_out,RD-103,2026-07-01 14:17:38,
5068,PC-102534,delivered,RD-103,2026-07-02 10:53:11,
5069,PC-102535,hub_out,RD-103,2026-07-02 02:25:28,
5070,PC-102535,delivered,RD-103,2026-07-02 15:15:34,
5071,PC-102536,hub_out,RD-101,2026-06-30 22:09:55,
5072,PC-102536,delivered,RD-101,2026-07-02 14:13:20,
5073,PC-102537,hub_out,RD-108,2026-06-30 21:09:27,
5074,PC-102537,delivered,RD-108,2026-07-02 19:01:00,
5075,PC-102538,hub_out,RD-103,2026-06-30 14:58:00,
5076,PC-102538,delivered,RD-103,2026-07-02 11:42:18,
5077,PC-102539,hub_out,RD-105,2026-07-01 03:49:52,
5078,PC-102539,delivered,RD-105,2026-07-02 14:06:07,
5079,PC-102540,hub_out,RD-114,2026-07-01 10:04:21,
5080,PC-102540,delivered,RD-114,2026-07-02 17:55:01,
5081,PC-102541,hub_out,RD-101,2026-07-01 22:26:34,
5082,PC-102541,delivered,RD-101,2026-07-02 09:36:33,
5083,PC-102542,hub_out,RD-107,2026-07-01 06:12:14,
5084,PC-102542,delivered,RD-107,2026-07-02 15:27:44,
5085,PC-102543,hub_out,RD-114,2026-07-02 03:17:31,
5086,PC-102543,delivered,RD-114,2026-07-02 15:04:19,
5087,PC-102544,hub_out,RD-108,2026-06-30 21:11:06,
5088,PC-102544,delivered,RD-108,2026-07-02 14:48:13,
5089,PC-102545,hub_out,RD-131,2026-07-01 02:19:28,
5090,PC-102545,delivered,RD-131,2026-07-02 19:35:49,
5091,PC-102546,hub_out,RD-102,2026-07-01 10:20:39,
5092,PC-102546,delivered,RD-102,2026-07-02 10:57:24,
5093,PC-102547,hub_out,RD-108,2026-07-01 15:41:31,
5094,PC-102547,delivered,RD-108,2026-07-02 17:09:13,
5095,PC-102548,hub_out,RD-105,2026-07-02 04:42:10,
5096,PC-102548,delivered,RD-105,2026-07-02 17:15:36,
5097,PC-102549,hub_out,RD-114,2026-07-01 19:00:53,
5098,PC-102549,delivered,RD-114,2026-07-02 12:17:23,
5099,PC-102550,hub_out,RD-105,2026-07-01 20:35:12,
5100,PC-102550,delivered,RD-105,2026-07-02 09:18:36,
5101,PC-102551,hub_out,RD-131,2026-06-30 21:35:20,
5102,PC-102551,delivered,RD-131,2026-07-02 11:41:14,
5103,PC-102552,hub_out,RD-107,2026-06-30 23:20:43,
5104,PC-102552,delivered,RD-107,2026-07-02 09:58:30,
5105,PC-102553,hub_out,RD-107,2026-06-30 19:01:56,
5106,PC-102553,delivered,RD-107,2026-07-02 15:00:24,
5107,PC-102554,hub_out,RD-103,2026-07-01 15:58:41,
5108,PC-102554,delivered,RD-103,2026-07-02 17:50:07,
5109,PC-102555,hub_out,RD-105,2026-07-01 13:17:26,
5110,PC-102555,delivered,RD-105,2026-07-02 18:45:34,
5111,PC-102556,hub_out,RD-102,2026-07-02 00:31:40,
5112,PC-102556,delivered,RD-102,2026-07-02 16:19:51,
5113,PC-102557,hub_out,RD-107,2026-07-01 11:34:28,
5114,PC-102557,delivered,RD-107,2026-07-02 09:55:49,
5115,PC-102558,hub_out,RD-107,2026-07-01 09:29:57,
5116,PC-102558,delivered,RD-107,2026-07-02 19:28:36,
5117,PC-102559,hub_out,RD-102,2026-07-01 02:41:36,
5118,PC-102559,delivered,RD-102,2026-07-02 11:03:59,
5119,PC-102560,hub_out,RD-131,2026-07-01 12:44:02,
5120,PC-102560,delivered,RD-131,2026-07-02 15:42:07,
5121,PC-102561,hub_out,RD-108,2026-07-02 00:51:27,
5122,PC-102561,delivered,RD-108,2026-07-02 15:16:56,
5123,PC-102562,hub_out,RD-105,2026-06-30 15:05:12,
5124,PC-102562,delivered,RD-105,2026-07-02 11:28:44,
5125,PC-102563,hub_out,RD-107,2026-07-01 11:34:02,
5126,PC-102563,delivered,RD-107,2026-07-02 18:18:40,
5127,PC-102564,hub_out,RD-103,2026-07-02 08:07:02,
5128,PC-102564,delivered,RD-103,2026-07-02 14:22:42,
5129,PC-102565,hub_out,RD-131,2026-06-30 10:55:55,
5130,PC-102565,delivered,RD-131,2026-07-02 11:40:02,
5131,PC-102566,hub_out,RD-105,2026-07-01 16:48:48,
5132,PC-102566,delivered,RD-105,2026-07-02 10:34:28,
5133,PC-102567,hub_out,RD-103,2026-07-02 07:49:46,
5134,PC-102567,delivered,RD-103,2026-07-02 14:09:31,
5135,PC-102568,hub_out,RD-107,2026-07-01 23:29:06,
5136,PC-102568,delivered,RD-107,2026-07-02 10:33:38,
5137,PC-102569,hub_out,RD-105,2026-07-01 18:01:46,
5138,PC-102569,delivered,RD-105,2026-07-02 15:11:58,
5139,PC-102570,hub_out,RD-103,2026-07-01 23:42:11,
5140,PC-102570,delivered,RD-103,2026-07-02 19:52:17,
5141,PC-102571,hub_out,RD-114,2026-07-01 05:13:30,
5142,PC-102571,delivered,RD-114,2026-07-02 19:30:49,
5143,PC-102572,hub_out,RD-131,2026-06-29 02:34:02,
5144,PC-102572,delivered,RD-131,2026-07-02 14:06:18,
5145,PC-102573,hub_out,RD-103,2026-07-01 19:11:59,
5146,PC-102573,delivered,RD-103,2026-07-02 15:17:57,
5147,PC-102574,hub_out,RD-114,2026-07-01 20:34:07,
5148,PC-102574,delivered,RD-114,2026-07-02 16:34:52,
5149,PC-102575,hub_out,RD-105,2026-07-02 02:02:23,
5150,PC-102575,delivered,RD-105,2026-07-02 18:09:31,
5151,PC-102576,hub_out,RD-108,2026-06-30 23:14:27,
5152,PC-102576,delivered,RD-108,2026-07-02 18:35:03,
5153,PC-102577,hub_out,RD-101,2026-07-01 04:46:05,
5154,PC-102577,delivered,RD-101,2026-07-02 19:25:11,
5155,PC-102578,hub_out,RD-103,2026-07-01 02:56:33,
5156,PC-102578,delivered,RD-103,2026-07-02 18:25:12,
5157,PC-102579,hub_out,RD-131,2026-07-02 08:52:06,
5158,PC-102579,delivered,RD-131,2026-07-02 19:46:16,
5159,PC-102580,hub_out,RD-103,2026-07-01 10:01:22,
5160,PC-102580,delivered,RD-103,2026-07-02 14:18:44,
5161,PC-102581,hub_out,RD-105,2026-06-30 14:54:52,
5162,PC-102581,delivered,RD-105,2026-07-02 10:23:59,
5163,PC-102582,hub_out,RD-107,2026-07-02 07:42:26,
5164,PC-102582,delivered,RD-107,2026-07-02 19:42:46,
5165,PC-102583,hub_out,RD-131,2026-07-02 00:17:39,
5166,PC-102583,delivered,RD-131,2026-07-02 14:02:55,
5167,PC-102584,hub_out,RD-102,2026-07-02 07:46:06,
5168,PC-102584,delivered,RD-102,2026-07-02 19:30:46,
5169,PC-102585,hub_out,RD-101,2026-07-01 21:56:31,
5170,PC-102585,delivered,RD-101,2026-07-02 10:18:55,
5171,PC-102586,hub_out,RD-103,2026-06-30 17:33:41,
5172,PC-102586,delivered,RD-103,2026-07-02 15:46:32,
5173,PC-102587,hub_out,RD-107,2026-07-02 04:22:14,
5174,PC-102587,delivered,RD-107,2026-07-02 11:53:18,
5175,PC-102588,hub_out,RD-114,2026-07-01 13:26:29,
5176,PC-102588,delivered,RD-114,2026-07-02 16:48:46,
5177,PC-102589,hub_out,RD-101,2026-07-01 09:37:27,
5178,PC-102589,delivered,RD-101,2026-07-02 16:53:03,
5179,PC-102590,hub_out,RD-114,2026-06-30 21:36:04,
5180,PC-102590,delivered,RD-114,2026-07-02 18:30:02,
5181,PC-102591,hub_out,RD-131,2026-07-02 08:15:04,
5182,PC-102591,delivered,RD-131,2026-07-02 18:14:53,
5183,PC-102592,hub_out,RD-108,2026-06-30 16:16:08,
5184,PC-102592,delivered,RD-108,2026-07-02 13:29:42,
5185,PC-102593,hub_out,RD-131,2026-06-30 17:08:02,
5186,PC-102593,delivered,RD-131,2026-07-02 09:06:33,
5187,PC-102594,hub_out,RD-114,2026-07-02 05:22:42,
5188,PC-102594,delivered,RD-114,2026-07-02 18:40:02,
5189,PC-102595,hub_out,RD-108,2026-06-30 15:02:59,
5190,PC-102595,delivered,RD-108,2026-07-02 09:59:18,
5191,PC-102596,hub_out,RD-102,2026-07-02 04:16:40,
5192,PC-102596,delivered,RD-102,2026-07-02 19:38:49,
5193,PC-102597,hub_out,RD-108,2026-07-01 19:09:32,
5194,PC-102597,delivered,RD-108,2026-07-02 09:51:00,
5195,PC-102598,hub_out,RD-105,2026-07-01 01:15:38,
5196,PC-102598,delivered,RD-105,2026-07-02 10:24:38,
5197,PC-102599,hub_out,RD-103,2026-07-01 17:23:29,
5198,PC-102599,delivered,RD-103,2026-07-02 18:13:05,
5199,PC-102600,hub_out,RD-103,2026-07-01 23:38:22,
5200,PC-102600,delivered,RD-103,2026-07-02 13:28:11,
5201,PC-102601,hub_out,RD-107,2026-06-30 22:23:37,
5202,PC-102601,delivered,RD-107,2026-07-02 17:25:53,
5203,PC-102602,hub_out,RD-101,2026-07-02 03:51:43,
5204,PC-102602,delivered,RD-101,2026-07-02 16:44:12,
5205,PC-102603,hub_out,RD-105,2026-07-01 17:53:50,
5206,PC-102603,delivered,RD-105,2026-07-02 13:08:49,
5207,PC-102604,hub_out,RD-105,2026-07-01 14:52:51,
5208,PC-102604,delivered,RD-105,2026-07-02 10:48:59,
5209,PC-102605,hub_out,RD-108,2026-06-30 20:55:19,
5210,PC-102605,delivered,RD-108,2026-07-02 17:09:26,
5211,PC-102606,hub_out,RD-131,2026-06-30 15:33:57,
5212,PC-102606,delivered,RD-131,2026-07-02 15:22:45,
5213,PC-102607,hub_out,RD-114,2026-07-01 09:05:22,
5214,PC-102607,delivered,RD-114,2026-07-02 15:26:53,
5215,PC-102608,hub_out,RD-101,2026-07-01 07:47:06,
5216,PC-102608,delivered,RD-101,2026-07-02 17:23:32,
5217,PC-102609,hub_out,RD-107,2026-07-01 17:19:45,
5218,PC-102609,delivered,RD-107,2026-07-02 19:35:57,
5219,PC-102610,hub_out,RD-108,2026-07-02 06:07:49,
5220,PC-102610,delivered,RD-108,2026-07-02 14:11:00,
5221,PC-102611,hub_out,RD-131,2026-07-01 15:50:35,
5222,PC-102611,delivered,RD-131,2026-07-02 14:25:45,
5223,PC-102612,hub_out,RD-101,2026-07-01 00:36:57,
5224,PC-102612,delivered,RD-101,2026-07-02 13:42:15,
5225,PC-102613,hub_out,RD-131,2026-06-30 20:12:34,
5226,PC-102613,delivered,RD-131,2026-07-02 17:18:12,
5227,PC-102614,hub_out,RD-102,2026-06-30 12:13:59,
5228,PC-102614,delivered,RD-102,2026-07-02 14:16:47,
5229,PC-102615,hub_out,RD-102,2026-07-01 05:21:22,
5230,PC-102615,delivered,RD-102,2026-07-02 15:36:35,
5231,PC-102616,hub_out,RD-105,2026-07-01 08:13:58,
5232,PC-102616,delivered,RD-105,2026-07-02 10:30:20,
5233,PC-102617,hub_out,RD-131,2026-07-01 18:14:51,
5234,PC-102617,delivered,RD-131,2026-07-02 14:50:31,
5235,PC-102618,hub_out,RD-101,2026-07-02 02:27:30,
5236,PC-102618,delivered,RD-101,2026-07-02 18:56:36,
5237,PC-102619,hub_out,RD-114,2026-07-01 20:01:15,
5238,PC-102619,delivered,RD-114,2026-07-02 16:25:30,
5239,PC-102620,hub_out,RD-105,2026-07-01 04:54:00,
5240,PC-102620,delivered,RD-105,2026-07-02 09:08:40,
5241,PC-102621,hub_out,RD-102,2026-07-01 19:00:50,
5242,PC-102621,delivered,RD-102,2026-07-02 16:39:06,
5243,PC-102622,hub_out,RD-131,2026-07-01 15:26:09,
5244,PC-102622,delivered,RD-131,2026-07-02 18:05:51,
5245,PC-102623,hub_out,RD-103,2026-07-02 03:16:33,
5246,PC-102623,delivered,RD-103,2026-07-02 19:29:23,
5247,PC-102624,hub_out,RD-102,2026-07-01 14:38:27,
5248,PC-102624,delivered,RD-102,2026-07-02 12:16:26,
5249,PC-102625,hub_out,RD-107,2026-07-01 20:14:52,
5250,PC-102625,delivered,RD-107,2026-07-02 11:08:14,
5251,PC-102626,hub_out,RD-105,2026-06-30 20:43:24,
5252,PC-102626,delivered,RD-105,2026-07-02 14:20:49,
5253,PC-102627,hub_out,RD-105,2026-06-30 10:41:01,
5254,PC-102627,delivered,RD-105,2026-07-02 11:04:06,
5255,PC-102628,hub_out,RD-108,2026-07-01 19:59:38,
5256,PC-102628,delivered,RD-108,2026-07-02 14:53:02,
5257,PC-102629,hub_out,RD-107,2026-06-30 19:15:25,
5258,PC-102629,delivered,RD-107,2026-07-02 15:46:24,
5259,PC-102630,hub_out,RD-131,2026-07-02 03:08:05,
5260,PC-102630,delivered,RD-131,2026-07-02 16:55:25,
5261,PC-102631,hub_out,RD-105,2026-07-01 10:55:55,
5262,PC-102631,delivered,RD-105,2026-07-02 15:44:52,
5263,PC-102632,hub_out,RD-101,2026-06-30 21:19:55,
5264,PC-102632,delivered,RD-101,2026-07-02 14:07:13,
5265,PC-102633,hub_out,RD-131,2026-07-01 22:25:52,
5266,PC-102633,delivered,RD-131,2026-07-02 14:54:49,
5267,PC-102634,hub_out,RD-114,2026-07-02 02:43:24,
5268,PC-102634,delivered,RD-114,2026-07-02 13:55:52,
5269,PC-102635,hub_out,RD-114,2026-06-30 22:04:36,
5270,PC-102635,delivered,RD-114,2026-07-02 15:43:26,
5271,PC-102636,hub_out,RD-102,2026-07-01 14:05:56,
5272,PC-102636,delivered,RD-102,2026-07-02 18:59:31,
5273,PC-102637,hub_out,RD-131,2026-07-01 06:33:54,
5274,PC-102637,delivered,RD-131,2026-07-02 19:31:14,
5275,PC-102638,hub_out,RD-102,2026-07-01 12:23:18,
5276,PC-102638,delivered,RD-102,2026-07-02 12:19:12,
5277,PC-102639,hub_out,RD-103,2026-06-30 20:31:25,
5278,PC-102639,delivered,RD-103,2026-07-02 15:08:47,
5279,PC-102640,hub_out,RD-114,2026-07-01 12:02:07,
5280,PC-102640,delivered,RD-114,2026-07-02 14:03:54,
5281,PC-102641,hub_out,RD-108,2026-07-02 05:05:54,
5282,PC-102641,delivered,RD-108,2026-07-02 19:17:52,
5283,PC-102642,hub_out,RD-101,2026-06-30 16:30:23,
5284,PC-102642,delivered,RD-101,2026-07-02 12:41:52,
5285,PC-102643,hub_out,RD-131,2026-07-01 16:50:43,
5286,PC-102643,delivered,RD-131,2026-07-02 16:41:45,
5287,PC-102644,hub_out,RD-108,2026-07-02 09:00:30,
5288,PC-102644,delivered,RD-108,2026-07-02 15:55:20,
5289,PC-102645,hub_out,RD-114,2026-07-02 00:00:05,
5290,PC-102645,delivered,RD-114,2026-07-02 09:02:40,
5291,PC-102646,hub_out,RD-114,2026-07-02 01:58:40,
5292,PC-102646,delivered,RD-114,2026-07-02 10:42:49,
5293,PC-102647,hub_out,RD-102,2026-07-01 15:05:47,
5294,PC-102647,delivered,RD-102,2026-07-02 14:59:35,
5295,PC-102648,hub_out,RD-107,2026-06-30 15:01:52,
5296,PC-102648,delivered,RD-107,2026-07-02 13:16:33,
5297,PC-102649,hub_out,RD-101,2026-07-02 02:49:39,
5298,PC-102649,delivered,RD-101,2026-07-02 19:09:29,
5299,PC-102650,hub_out,RD-131,2026-07-01 15:54:15,
5300,PC-102650,delivered,RD-131,2026-07-02 11:29:12,
5301,PC-102651,hub_out,RD-131,2026-07-01 05:07:58,
5302,PC-102651,delivered,RD-131,2026-07-02 11:25:00,
5303,PC-102652,hub_out,RD-103,2026-07-01 16:49:33,
5304,PC-102652,delivered,RD-103,2026-07-02 12:01:33,
5305,PC-102653,hub_out,RD-102,2026-07-01 01:25:42,
5306,PC-102653,delivered,RD-102,2026-07-02 18:19:33,
5307,PC-102654,hub_out,RD-101,2026-06-30 18:28:14,
5308,PC-102654,delivered,RD-101,2026-07-02 12:09:31,
5309,PC-102655,hub_out,RD-105,2026-07-01 23:02:58,
5310,PC-102655,delivered,RD-105,2026-07-02 13:19:31,
5311,PC-102656,hub_out,RD-101,2026-07-01 01:42:59,
5312,PC-102656,delivered,RD-101,2026-07-02 09:01:42,
5313,PC-102657,hub_out,RD-107,2026-07-01 19:45:35,
5314,PC-102657,delivered,RD-107,2026-07-02 14:11:28,
5315,PC-102658,hub_out,RD-108,2026-07-01 08:45:44,
5316,PC-102658,delivered,RD-108,2026-07-02 13:50:31,
5317,PC-102659,hub_out,RD-101,2026-07-02 05:25:56,
5318,PC-102659,delivered,RD-101,2026-07-02 19:06:14,
5319,PC-102660,hub_out,RD-103,2026-07-02 09:14:29,
5320,PC-102660,delivered,RD-103,2026-07-02 16:52:57,
5321,PC-102661,hub_out,RD-107,2026-07-01 21:32:34,
5322,PC-102661,delivered,RD-107,2026-07-02 18:57:01,
5323,PC-102662,hub_out,RD-102,2026-06-30 18:21:40,
5324,PC-102662,delivered,RD-102,2026-07-02 12:40:52,
5325,PC-102663,hub_out,RD-103,2026-06-30 15:45:07,
5326,PC-102663,delivered,RD-103,2026-07-02 10:07:17,
5327,PC-102664,hub_out,RD-105,2026-07-01 18:35:27,
5328,PC-102664,delivered,RD-105,2026-07-02 13:41:07,
5329,PC-102665,hub_out,RD-107,2026-07-01 07:15:27,
5330,PC-102665,delivered,RD-107,2026-07-02 17:09:10,
5331,PC-102666,hub_out,RD-101,2026-06-30 19:45:34,
5332,PC-102666,delivered,RD-101,2026-07-02 11:22:30,
5333,PC-102667,hub_out,RD-107,2026-07-01 07:18:52,
5334,PC-102667,delivered,RD-107,2026-07-02 19:22:02,
5335,PC-102668,hub_out,RD-105,2026-07-02 04:35:26,
5336,PC-102668,delivered,RD-105,2026-07-02 19:41:17,
5337,PC-102669,hub_out,RD-114,2026-06-30 20:19:12,
5338,PC-102669,delivered,RD-114,2026-07-02 16:38:37,
5339,PC-102670,hub_out,RD-102,2026-07-02 01:51:34,
5340,PC-102670,delivered,RD-102,2026-07-02 16:32:45,
5341,PC-102671,hub_out,RD-114,2026-07-01 04:50:22,
5342,PC-102671,delivered,RD-114,2026-07-02 18:44:18,
5343,PC-102672,hub_out,RD-102,2026-07-01 22:02:32,
5344,PC-102672,delivered,RD-102,2026-07-02 19:59:52,
5345,PC-102673,hub_out,RD-131,2026-07-01 22:19:15,
5346,PC-102673,delivered,RD-131,2026-07-02 18:12:22,
5347,PC-102674,hub_out,RD-131,2026-07-01 09:36:50,
5348,PC-102674,delivered,RD-131,2026-07-02 14:21:28,
5349,PC-102675,hub_out,RD-101,2026-07-01 00:14:43,
5350,PC-102675,delivered,RD-101,2026-07-02 13:06:49,
5351,PC-102676,hub_out,RD-102,2026-07-02 04:05:44,
5352,PC-102676,delivered,RD-102,2026-07-02 10:37:26,
5353,PC-102677,hub_out,RD-107,2026-07-01 21:33:40,
5354,PC-102677,delivered,RD-107,2026-07-02 11:41:44,
5355,PC-102678,hub_out,RD-101,2026-07-01 03:55:31,
5356,PC-102678,delivered,RD-101,2026-07-02 12:13:21,
5357,PC-102679,hub_out,RD-114,2026-07-02 00:06:21,
5358,PC-102679,delivered,RD-114,2026-07-02 10:43:58,
5359,PC-102680,hub_out,RD-105,2026-07-01 02:13:11,
5360,PC-102680,delivered,RD-105,2026-07-02 18:02:37,
5361,PC-102681,hub_out,RD-108,2026-07-01 11:50:47,
5362,PC-102681,delivered,RD-108,2026-07-02 16:28:55,
5363,PC-102682,hub_out,RD-101,2026-07-01 20:01:19,
5364,PC-102682,delivered,RD-101,2026-07-02 18:24:53,
5365,PC-102683,hub_out,RD-101,2026-07-01 05:21:09,
5366,PC-102683,delivered,RD-101,2026-07-02 15:07:46,
5367,PC-102684,hub_out,RD-101,2026-06-30 20:15:38,
5368,PC-102684,delivered,RD-101,2026-07-02 15:06:07,
5369,PC-102685,hub_out,RD-131,2026-07-01 22:56:35,
5370,PC-102685,delivered,RD-131,2026-07-02 10:59:54,
5371,PC-102686,hub_out,RD-101,2026-07-01 15:46:49,
5372,PC-102686,failed_attempt,RD-101,2026-07-02 13:33:40,address not found
5373,PC-102687,hub_out,RD-114,2026-07-01 16:34:50,
5374,PC-102687,failed_attempt,RD-114,2026-07-02 16:49:26,address not found
5375,PC-102688,hub_out,RD-105,2026-07-01 11:06:49,
5376,PC-102688,failed_attempt,RD-105,2026-07-02 13:57:53,cod not ready
5377,PC-102689,hub_out,RD-131,2026-07-02 14:24:05,
5378,PC-102689,failed_attempt,RD-131,2026-07-02 18:33:02,shop closed
5379,PC-102690,hub_out,RD-105,2026-07-02 06:55:48,
5380,PC-102690,failed_attempt,RD-105,2026-07-02 16:33:44,customer refused
5381,PC-102691,hub_out,RD-103,2026-07-02 01:40:16,
5382,PC-102691,failed_attempt,RD-103,2026-07-02 11:17:03,customer refused
5383,PC-102692,hub_out,RD-107,2026-07-02 06:00:08,
5384,PC-102692,failed_attempt,RD-107,2026-07-02 14:51:30,customer refused
5385,PC-102693,hub_out,RD-131,2026-07-01 19:21:27,
5386,PC-102693,failed_attempt,RD-131,2026-07-02 17:33:56,cod not ready
5387,PC-102694,hub_out,RD-107,2026-07-01 22:56:43,
5388,PC-102694,delivered,RD-107,2026-07-03 11:03:12,
5389,PC-102695,hub_out,RD-105,2026-07-01 12:51:32,
5390,PC-102695,delivered,RD-105,2026-07-03 12:36:18,
5391,PC-102696,hub_out,RD-105,2026-07-02 18:16:56,
5392,PC-102696,delivered,RD-105,2026-07-03 17:45:40,
5393,PC-102697,hub_out,RD-105,2026-07-02 23:21:33,
5394,PC-102697,delivered,RD-105,2026-07-03 10:33:53,
5395,PC-102698,hub_out,RD-108,2026-07-02 03:11:43,
5396,PC-102698,delivered,RD-108,2026-07-03 12:49:10,
5397,PC-102699,hub_out,RD-131,2026-07-01 12:13:24,
5398,PC-102699,delivered,RD-131,2026-07-03 11:28:06,
5399,PC-102700,hub_out,RD-131,2026-07-02 02:29:24,
5400,PC-102700,delivered,RD-131,2026-07-03 16:28:23,
5401,PC-102701,hub_out,RD-102,2026-07-01 16:53:59,
5402,PC-102701,delivered,RD-102,2026-07-03 15:01:43,
5403,PC-102702,hub_out,RD-105,2026-07-01 18:59:23,
5404,PC-102702,delivered,RD-105,2026-07-03 16:53:23,
5405,PC-102703,hub_out,RD-107,2026-07-02 06:28:55,
5406,PC-102703,delivered,RD-107,2026-07-03 09:05:54,
5407,PC-102704,hub_out,RD-131,2026-07-03 00:05:48,
5408,PC-102704,delivered,RD-131,2026-07-03 10:27:22,
5409,PC-102705,hub_out,RD-103,2026-07-02 16:16:48,
5410,PC-102705,delivered,RD-103,2026-07-03 14:50:57,
5411,PC-102706,hub_out,RD-101,2026-07-03 00:48:57,
5412,PC-102706,delivered,RD-101,2026-07-03 11:28:43,
5413,PC-102707,hub_out,RD-131,2026-07-02 16:53:51,
5414,PC-102707,delivered,RD-131,2026-07-03 14:04:25,
5415,PC-102708,hub_out,RD-114,2026-07-01 18:30:22,
5416,PC-102708,delivered,RD-114,2026-07-03 15:11:14,
5417,PC-102709,hub_out,RD-102,2026-07-02 07:57:33,
5418,PC-102709,delivered,RD-102,2026-07-03 19:39:36,
5419,PC-102710,hub_out,RD-102,2026-07-03 08:21:48,
5420,PC-102710,delivered,RD-102,2026-07-03 15:48:22,
5421,PC-102711,hub_out,RD-102,2026-07-02 07:59:39,
5422,PC-102711,delivered,RD-102,2026-07-03 16:30:21,
5423,PC-102712,hub_out,RD-114,2026-07-02 12:13:23,
5424,PC-102712,delivered,RD-114,2026-07-03 16:53:06,
5425,PC-102713,hub_out,RD-105,2026-07-02 04:51:25,
5426,PC-102713,delivered,RD-105,2026-07-03 19:55:20,
5427,PC-102714,hub_out,RD-103,2026-07-01 17:49:36,
5428,PC-102714,delivered,RD-103,2026-07-03 13:50:53,
5429,PC-102715,hub_out,RD-131,2026-07-03 01:03:16,
5430,PC-102715,delivered,RD-131,2026-07-03 10:26:58,
5431,PC-102716,hub_out,RD-131,2026-07-01 18:31:11,
5432,PC-102716,delivered,RD-131,2026-07-03 19:23:23,
5433,PC-102717,hub_out,RD-107,2026-07-02 12:55:52,
5434,PC-102717,delivered,RD-107,2026-07-03 19:29:55,
5435,PC-102718,hub_out,RD-101,2026-07-01 15:11:12,
5436,PC-102718,delivered,RD-101,2026-07-03 14:34:58,
5437,PC-102719,hub_out,RD-131,2026-07-02 07:06:05,
5438,PC-102719,delivered,RD-131,2026-07-03 18:14:15,
5439,PC-102720,hub_out,RD-102,2026-07-03 07:04:17,
5440,PC-102720,delivered,RD-102,2026-07-03 19:01:28,
5441,PC-102721,hub_out,RD-114,2026-07-03 04:32:06,
5442,PC-102721,delivered,RD-114,2026-07-03 12:04:00,
5443,PC-102722,hub_out,RD-131,2026-07-01 19:52:54,
5444,PC-102722,delivered,RD-131,2026-07-03 11:55:34,
5445,PC-102723,hub_out,RD-103,2026-07-02 04:59:45,
5446,PC-102723,delivered,RD-103,2026-07-03 18:02:34,
5447,PC-102724,hub_out,RD-105,2026-07-02 07:51:37,
5448,PC-102724,delivered,RD-105,2026-07-03 13:30:41,
5449,PC-102725,hub_out,RD-102,2026-07-02 18:47:25,
5450,PC-102725,delivered,RD-102,2026-07-03 16:37:21,
5451,PC-102726,hub_out,RD-102,2026-07-03 01:59:18,
5452,PC-102726,delivered,RD-102,2026-07-03 15:21:44,
5453,PC-102727,hub_out,RD-105,2026-07-02 19:51:54,
5454,PC-102727,delivered,RD-105,2026-07-03 12:50:03,
5455,PC-102728,hub_out,RD-114,2026-07-02 19:53:45,
5456,PC-102728,delivered,RD-114,2026-07-03 10:09:01,
5457,PC-102729,hub_out,RD-114,2026-07-02 03:16:30,
5458,PC-102729,delivered,RD-114,2026-07-03 09:23:25,
5459,PC-102730,hub_out,RD-114,2026-07-01 14:23:57,
5460,PC-102730,delivered,RD-114,2026-07-03 13:12:57,
5461,PC-102731,hub_out,RD-131,2026-07-02 13:50:20,
5462,PC-102731,delivered,RD-131,2026-07-03 09:05:44,
5463,PC-102732,hub_out,RD-131,2026-07-03 05:35:02,
5464,PC-102732,delivered,RD-131,2026-07-03 16:36:00,
5465,PC-102733,hub_out,RD-107,2026-07-03 10:41:47,
5466,PC-102733,delivered,RD-107,2026-07-03 18:21:14,
5467,PC-102734,hub_out,RD-103,2026-07-01 19:30:40,
5468,PC-102734,delivered,RD-103,2026-07-03 14:10:09,
5469,PC-102735,hub_out,RD-103,2026-07-03 00:16:30,
5470,PC-102735,delivered,RD-103,2026-07-03 18:33:07,
5471,PC-102736,hub_out,RD-108,2026-07-02 14:34:48,
5472,PC-102736,delivered,RD-108,2026-07-03 19:28:04,
5473,PC-102737,hub_out,RD-102,2026-07-01 11:24:47,
5474,PC-102737,delivered,RD-102,2026-07-03 10:59:03,
5475,PC-102738,hub_out,RD-102,2026-07-02 11:40:52,
5476,PC-102738,delivered,RD-102,2026-07-03 19:58:16,
5477,PC-102739,hub_out,RD-114,2026-07-02 02:35:17,
5478,PC-102739,delivered,RD-114,2026-07-03 11:15:15,
5479,PC-102740,hub_out,RD-107,2026-07-02 06:18:54,
5480,PC-102740,delivered,RD-107,2026-07-03 09:00:04,
5481,PC-102741,hub_out,RD-131,2026-07-02 00:14:45,
5482,PC-102741,delivered,RD-131,2026-07-03 19:45:35,
5483,PC-102742,hub_out,RD-108,2026-07-03 02:10:40,
5484,PC-102742,delivered,RD-108,2026-07-03 15:09:15,
5485,PC-102743,hub_out,RD-103,2026-07-02 06:59:15,
5486,PC-102743,delivered,RD-103,2026-07-03 11:44:21,
5487,PC-102744,hub_out,RD-105,2026-07-03 00:29:10,
5488,PC-102744,delivered,RD-105,2026-07-03 11:12:21,
5489,PC-102745,hub_out,RD-103,2026-07-03 09:06:40,
5490,PC-102745,delivered,RD-103,2026-07-03 19:58:36,
5491,PC-102746,hub_out,RD-102,2026-07-02 11:01:14,
5492,PC-102746,delivered,RD-102,2026-07-03 13:51:19,
5493,PC-102747,hub_out,RD-108,2026-07-03 03:03:55,
5494,PC-102747,delivered,RD-108,2026-07-03 13:21:43,
5495,PC-102748,hub_out,RD-131,2026-07-02 13:41:48,
5496,PC-102748,delivered,RD-131,2026-07-03 10:09:18,
5497,PC-102749,hub_out,RD-102,2026-07-02 15:37:46,
5498,PC-102749,delivered,RD-102,2026-07-03 12:32:27,
5499,PC-102750,hub_out,RD-102,2026-07-03 04:11:25,
5500,PC-102750,delivered,RD-102,2026-07-03 09:25:48,
5501,PC-102751,hub_out,RD-105,2026-07-02 05:44:34,
5502,PC-102751,delivered,RD-105,2026-07-03 11:50:32,
5503,PC-102752,hub_out,RD-103,2026-07-03 08:01:00,
5504,PC-102752,delivered,RD-103,2026-07-03 15:46:34,
5505,PC-102753,hub_out,RD-108,2026-07-03 05:22:35,
5506,PC-102753,delivered,RD-108,2026-07-03 18:57:17,
5507,PC-102754,hub_out,RD-114,2026-07-02 22:51:34,
5508,PC-102754,delivered,RD-114,2026-07-03 13:16:56,
5509,PC-102755,hub_out,RD-107,2026-07-02 23:59:37,
5510,PC-102755,delivered,RD-107,2026-07-03 09:00:36,
5511,PC-102756,hub_out,RD-114,2026-07-03 03:16:01,
5512,PC-102756,delivered,RD-114,2026-07-03 17:22:04,
5513,PC-102757,hub_out,RD-107,2026-07-01 16:59:41,
5514,PC-102757,delivered,RD-107,2026-07-03 17:51:16,
5515,PC-102758,hub_out,RD-131,2026-07-02 20:11:07,
5516,PC-102758,delivered,RD-131,2026-07-03 17:50:50,
5517,PC-102759,hub_out,RD-102,2026-07-02 01:39:02,
5518,PC-102759,delivered,RD-102,2026-07-03 15:47:58,
5519,PC-102760,hub_out,RD-114,2026-07-02 02:18:41,
5520,PC-102760,delivered,RD-114,2026-07-03 11:58:48,
5521,PC-102761,hub_out,RD-105,2026-07-01 21:57:54,
5522,PC-102761,delivered,RD-105,2026-07-03 13:21:37,
5523,PC-102762,hub_out,RD-114,2026-07-01 23:52:41,
5524,PC-102762,delivered,RD-114,2026-07-03 11:18:59,
5525,PC-102763,hub_out,RD-114,2026-07-02 06:20:28,
5526,PC-102763,delivered,RD-114,2026-07-03 10:44:32,
5527,PC-102764,hub_out,RD-131,2026-07-02 02:23:25,
5528,PC-102764,delivered,RD-131,2026-07-03 12:51:08,
5529,PC-102765,hub_out,RD-108,2026-07-02 13:58:34,
5530,PC-102765,delivered,RD-108,2026-07-03 19:06:27,
5531,PC-102766,hub_out,RD-105,2026-07-01 21:55:56,
5532,PC-102766,delivered,RD-105,2026-07-03 18:49:02,
5533,PC-102767,hub_out,RD-108,2026-07-03 04:18:46,
5534,PC-102767,delivered,RD-108,2026-07-03 18:17:38,
5535,PC-102768,hub_out,RD-107,2026-07-01 23:45:26,
5536,PC-102768,delivered,RD-107,2026-07-03 14:39:47,
5537,PC-102769,hub_out,RD-108,2026-07-03 11:00:06,
5538,PC-102769,delivered,RD-108,2026-07-03 18:47:23,
5539,PC-102770,hub_out,RD-131,2026-07-02 21:34:18,
5540,PC-102770,delivered,RD-131,2026-07-03 19:59:50,
5541,PC-102771,hub_out,RD-101,2026-07-02 14:55:42,
5542,PC-102771,delivered,RD-101,2026-07-03 15:51:54,
5543,PC-102772,hub_out,RD-105,2026-07-01 17:02:58,
5544,PC-102772,delivered,RD-105,2026-07-03 15:57:16,
5545,PC-102773,hub_out,RD-101,2026-07-02 04:49:02,
5546,PC-102773,delivered,RD-101,2026-07-03 09:01:55,
5547,PC-102774,hub_out,RD-108,2026-07-03 00:17:08,
5548,PC-102774,delivered,RD-108,2026-07-03 10:52:27,
5549,PC-102775,hub_out,RD-131,2026-07-02 17:09:54,
5550,PC-102775,delivered,RD-131,2026-07-03 18:22:16,
5551,PC-102776,hub_out,RD-131,2026-07-02 14:17:05,
5552,PC-102776,delivered,RD-131,2026-07-03 13:14:18,
5553,PC-102777,hub_out,RD-114,2026-07-02 03:42:10,
5554,PC-102777,delivered,RD-114,2026-07-03 15:06:43,
5555,PC-102778,hub_out,RD-107,2026-07-01 15:17:50,
5556,PC-102778,delivered,RD-107,2026-07-03 15:49:49,
5557,PC-102779,hub_out,RD-108,2026-07-02 04:23:33,
5558,PC-102779,delivered,RD-108,2026-07-03 11:57:17,
5559,PC-102780,hub_out,RD-107,2026-07-03 13:10:23,
5560,PC-102780,delivered,RD-107,2026-07-03 19:58:49,
5561,PC-102781,hub_out,RD-107,2026-07-02 19:14:04,
5562,PC-102781,delivered,RD-107,2026-07-03 13:48:05,
5563,PC-102782,hub_out,RD-102,2026-07-02 00:53:10,
5564,PC-102782,delivered,RD-102,2026-07-03 18:02:00,
5565,PC-102783,hub_out,RD-107,2026-07-02 03:24:34,
5566,PC-102783,delivered,RD-107,2026-07-03 09:52:32,
5567,PC-102784,hub_out,RD-131,2026-07-03 02:32:31,
5568,PC-102784,delivered,RD-131,2026-07-03 17:20:52,
5569,PC-102785,hub_out,RD-105,2026-07-02 14:53:51,
5570,PC-102785,delivered,RD-105,2026-07-03 16:40:17,
5571,PC-102786,hub_out,RD-103,2026-07-02 01:57:31,
5572,PC-102786,delivered,RD-103,2026-07-03 16:29:31,
5573,PC-102787,hub_out,RD-103,2026-07-01 16:17:13,
5574,PC-102787,delivered,RD-103,2026-07-03 15:15:32,
5575,PC-102788,hub_out,RD-114,2026-07-02 00:56:43,
5576,PC-102788,delivered,RD-114,2026-07-03 15:23:52,
5577,PC-102789,hub_out,RD-102,2026-07-01 11:38:48,
5578,PC-102789,delivered,RD-102,2026-07-03 12:02:33,
5579,PC-102790,hub_out,RD-107,2026-07-03 09:16:45,
5580,PC-102790,delivered,RD-107,2026-07-03 18:13:26,
5581,PC-102791,hub_out,RD-102,2026-07-01 11:20:53,
5582,PC-102791,delivered,RD-102,2026-07-03 09:56:40,
5583,PC-102792,hub_out,RD-105,2026-07-02 17:50:42,
5584,PC-102792,delivered,RD-105,2026-07-03 10:39:35,
5585,PC-102793,hub_out,RD-114,2026-07-01 22:05:43,
5586,PC-102793,delivered,RD-114,2026-07-03 09:32:53,
5587,PC-102794,hub_out,RD-108,2026-07-01 11:46:27,
5588,PC-102794,delivered,RD-108,2026-07-03 09:22:50,
5589,PC-102795,hub_out,RD-105,2026-07-02 08:55:42,
5590,PC-102795,delivered,RD-105,2026-07-03 12:04:56,
5591,PC-102796,hub_out,RD-105,2026-07-02 09:22:09,
5592,PC-102796,delivered,RD-105,2026-07-03 18:15:02,
5593,PC-102797,hub_out,RD-102,2026-07-02 05:14:27,
5594,PC-102797,delivered,RD-102,2026-07-03 12:20:06,
5595,PC-102798,hub_out,RD-108,2026-07-01 15:47:09,
5596,PC-102798,delivered,RD-108,2026-07-03 12:37:41,
5597,PC-102799,hub_out,RD-102,2026-07-01 16:46:48,
5598,PC-102799,delivered,RD-102,2026-07-03 14:54:43,
5599,PC-102800,hub_out,RD-101,2026-07-02 21:07:04,
5600,PC-102800,delivered,RD-101,2026-07-03 19:30:14,
5601,PC-102801,hub_out,RD-103,2026-07-03 04:51:13,
5602,PC-102801,delivered,RD-103,2026-07-03 15:54:42,
5603,PC-102802,hub_out,RD-105,2026-07-01 20:07:19,
5604,PC-102802,delivered,RD-105,2026-07-03 11:03:21,
5605,PC-102803,hub_out,RD-101,2026-07-02 17:20:49,
5606,PC-102803,delivered,RD-101,2026-07-03 15:51:05,
5607,PC-102804,hub_out,RD-114,2026-07-03 10:30:16,
5608,PC-102804,delivered,RD-114,2026-07-03 15:51:08,
5609,PC-102805,hub_out,RD-114,2026-07-03 08:30:57,
5610,PC-102805,delivered,RD-114,2026-07-03 19:07:03,
5611,PC-102806,hub_out,RD-103,2026-07-02 02:16:37,
5612,PC-102806,delivered,RD-103,2026-07-03 14:57:06,
5613,PC-102807,hub_out,RD-131,2026-07-01 12:06:41,
5614,PC-102807,delivered,RD-131,2026-07-03 11:24:27,
5615,PC-102808,hub_out,RD-107,2026-07-02 22:49:59,
5616,PC-102808,delivered,RD-107,2026-07-03 11:58:20,
5617,PC-102809,hub_out,RD-107,2026-07-02 13:35:51,
5618,PC-102809,delivered,RD-107,2026-07-03 19:51:08,
5619,PC-102810,hub_out,RD-114,2026-07-02 00:54:59,
5620,PC-102810,delivered,RD-114,2026-07-03 19:42:52,
5621,PC-102811,hub_out,RD-107,2026-07-02 04:24:25,
5622,PC-102811,delivered,RD-107,2026-07-03 16:22:12,
5623,PC-102812,hub_out,RD-108,2026-07-01 18:45:21,
5624,PC-102812,delivered,RD-108,2026-07-03 11:59:40,
5625,PC-102813,hub_out,RD-131,2026-07-02 14:08:14,
5626,PC-102813,delivered,RD-131,2026-07-03 18:00:50,
5627,PC-102814,hub_out,RD-101,2026-07-02 08:35:23,
5628,PC-102814,delivered,RD-101,2026-07-03 14:50:19,
5629,PC-102815,hub_out,RD-114,2026-07-02 22:05:08,
5630,PC-102815,delivered,RD-114,2026-07-03 13:38:20,
5631,PC-102816,hub_out,RD-107,2026-07-01 23:01:16,
5632,PC-102816,delivered,RD-107,2026-07-03 10:06:27,
5633,PC-102817,hub_out,RD-102,2026-07-02 08:35:28,
5634,PC-102817,delivered,RD-102,2026-07-03 17:09:26,
5635,PC-102818,hub_out,RD-108,2026-07-02 12:50:46,
5636,PC-102818,delivered,RD-108,2026-07-03 12:59:01,
5637,PC-102819,hub_out,RD-108,2026-07-02 20:19:24,
5638,PC-102819,delivered,RD-108,2026-07-03 17:11:14,
5639,PC-102820,hub_out,RD-101,2026-07-02 04:44:31,
5640,PC-102820,delivered,RD-101,2026-07-03 18:18:34,
5641,PC-102821,hub_out,RD-108,2026-07-02 14:00:03,
5642,PC-102821,delivered,RD-108,2026-07-03 12:42:44,
5643,PC-102822,hub_out,RD-105,2026-07-03 08:20:04,
5644,PC-102822,delivered,RD-105,2026-07-03 19:36:45,
5645,PC-102823,hub_out,RD-101,2026-07-02 02:23:13,
5646,PC-102823,delivered,RD-101,2026-07-03 16:13:26,
5647,PC-102824,hub_out,RD-108,2026-07-02 13:06:39,
5648,PC-102824,delivered,RD-108,2026-07-03 18:01:36,
5649,PC-102825,hub_out,RD-114,2026-07-03 02:31:35,
5650,PC-102825,delivered,RD-114,2026-07-03 12:31:20,
5651,PC-102826,hub_out,RD-103,2026-07-03 12:22:35,
5652,PC-102826,delivered,RD-103,2026-07-03 18:51:15,
5653,PC-102827,hub_out,RD-131,2026-07-03 10:53:03,
5654,PC-102827,delivered,RD-131,2026-07-03 17:58:48,
5655,PC-102828,hub_out,RD-114,2026-07-02 09:25:35,
5656,PC-102828,delivered,RD-114,2026-07-03 12:05:00,
5657,PC-102829,hub_out,RD-107,2026-07-03 02:20:32,
5658,PC-102829,delivered,RD-107,2026-07-03 14:48:23,
5659,PC-102830,hub_out,RD-114,2026-07-03 00:42:48,
5660,PC-102830,delivered,RD-114,2026-07-03 10:17:52,
5661,PC-102831,hub_out,RD-108,2026-07-02 09:08:45,
5662,PC-102831,delivered,RD-108,2026-07-03 17:26:20,
5663,PC-102832,hub_out,RD-102,2026-07-02 09:04:44,
5664,PC-102832,delivered,RD-102,2026-07-03 15:10:36,
5665,PC-102833,hub_out,RD-108,2026-07-01 16:31:45,
5666,PC-102833,delivered,RD-108,2026-07-03 15:24:25,
5667,PC-102834,hub_out,RD-103,2026-07-02 21:46:57,
5668,PC-102834,delivered,RD-103,2026-07-03 14:50:12,
5669,PC-102835,hub_out,RD-103,2026-07-02 05:52:23,
5670,PC-102835,delivered,RD-103,2026-07-03 10:32:23,
5671,PC-102836,hub_out,RD-102,2026-07-03 00:00:25,
5672,PC-102836,delivered,RD-102,2026-07-03 09:40:12,
5673,PC-102837,hub_out,RD-131,2026-07-02 01:13:54,
5674,PC-102837,delivered,RD-131,2026-07-03 19:07:13,
5675,PC-102838,hub_out,RD-114,2026-07-02 00:21:16,
5676,PC-102838,delivered,RD-114,2026-07-03 16:25:34,
5677,PC-102839,hub_out,RD-108,2026-07-02 06:09:24,
5678,PC-102839,delivered,RD-108,2026-07-03 13:49:26,
5679,PC-102840,hub_out,RD-101,2026-07-03 10:50:15,
5680,PC-102840,delivered,RD-101,2026-07-03 16:03:34,
5681,PC-102841,hub_out,RD-114,2026-07-03 09:54:45,
5682,PC-102841,delivered,RD-114,2026-07-03 18:40:08,
5683,PC-102842,hub_out,RD-108,2026-07-02 13:17:43,
5684,PC-102842,delivered,RD-108,2026-07-03 17:19:02,
5685,PC-102843,hub_out,RD-105,2026-07-03 02:54:10,
5686,PC-102843,delivered,RD-105,2026-07-03 12:22:21,
5687,PC-102844,hub_out,RD-114,2026-07-02 20:47:42,
5688,PC-102844,delivered,RD-114,2026-07-03 18:08:03,
5689,PC-102845,hub_out,RD-114,2026-07-03 05:04:37,
5690,PC-102845,delivered,RD-114,2026-07-03 12:04:53,
5691,PC-102846,hub_out,RD-131,2026-07-02 23:46:04,
5692,PC-102846,delivered,RD-131,2026-07-03 17:46:36,
5693,PC-102847,hub_out,RD-131,2026-07-02 10:12:16,
5694,PC-102847,delivered,RD-131,2026-07-03 10:18:09,
5695,PC-102848,hub_out,RD-105,2026-07-01 21:46:13,
5696,PC-102848,delivered,RD-105,2026-07-03 12:21:10,
5697,PC-102849,hub_out,RD-103,2026-07-01 22:53:59,
5698,PC-102849,delivered,RD-103,2026-07-03 18:37:15,
5699,PC-102850,hub_out,RD-107,2026-07-02 08:29:07,
5700,PC-102850,delivered,RD-107,2026-07-03 10:10:33,
5701,PC-102851,hub_out,RD-107,2026-07-02 09:49:17,
5702,PC-102851,delivered,RD-107,2026-07-03 16:06:31,
5703,PC-102852,hub_out,RD-114,2026-07-02 22:27:44,
5704,PC-102852,delivered,RD-114,2026-07-03 17:16:55,
5705,PC-102853,hub_out,RD-103,2026-07-02 20:13:52,
5706,PC-102853,failed_attempt,RD-103,2026-07-03 11:53:51,address not found
5707,PC-102854,hub_out,RD-102,2026-07-03 11:03:32,
5708,PC-102854,failed_attempt,RD-102,2026-07-03 15:55:24,customer refused
5709,PC-102855,hub_out,RD-108,2026-07-02 11:29:57,
5710,PC-102855,failed_attempt,RD-108,2026-07-03 09:14:36,cod not ready
5711,PC-102856,hub_out,RD-103,2026-07-02 15:08:05,
5712,PC-102856,failed_attempt,RD-103,2026-07-03 13:15:08,address not found
5713,PC-102857,hub_out,RD-103,2026-07-02 15:00:11,
5714,PC-102857,failed_attempt,RD-103,2026-07-03 16:10:46,customer unreachable
5715,PC-102858,hub_out,RD-105,2026-07-02 09:42:53,
5716,PC-102858,failed_attempt,RD-105,2026-07-03 11:26:57,shop closed
5717,PC-102859,hub_out,RD-102,2026-07-02 16:30:45,
5718,PC-102859,failed_attempt,RD-102,2026-07-03 19:05:45,customer unreachable
5719,PC-102860,hub_out,RD-114,2026-07-02 14:15:04,
5720,PC-102860,failed_attempt,RD-114,2026-07-03 17:22:22,address not found
5721,PC-102861,hub_out,RD-114,2026-07-07 00:59:32,
5722,PC-102861,delivered,RD-114,2026-07-07 16:44:04,
5723,PC-102862,hub_out,RD-107,2026-07-05 08:55:25,
5724,PC-102862,delivered,RD-107,2026-07-07 10:15:50,
5725,PC-102863,hub_out,RD-102,2026-07-06 23:03:48,
5726,PC-102863,delivered,RD-102,2026-07-07 17:09:21,
5727,PC-102864,hub_out,RD-131,2026-07-05 22:38:58,
5728,PC-102864,delivered,RD-131,2026-07-07 16:39:06,
5729,PC-102865,hub_out,RD-101,2026-07-06 07:03:00,
5730,PC-102865,delivered,RD-101,2026-07-07 15:38:55,
5731,PC-102866,hub_out,RD-114,2026-07-05 15:13:53,
5732,PC-102866,delivered,RD-114,2026-07-07 16:18:14,
5733,PC-102867,hub_out,RD-101,2026-07-05 23:23:42,
5734,PC-102867,delivered,RD-101,2026-07-07 12:05:49,
5735,PC-102868,hub_out,RD-108,2026-07-06 17:46:59,
5736,PC-102868,delivered,RD-108,2026-07-07 16:26:03,
5737,PC-102869,hub_out,RD-105,2026-07-07 00:39:34,
5738,PC-102869,delivered,RD-105,2026-07-07 10:04:18,
5739,PC-102870,hub_out,RD-105,2026-07-06 00:55:15,
5740,PC-102870,delivered,RD-105,2026-07-07 17:37:28,
5741,PC-102871,hub_out,RD-114,2026-07-06 19:28:02,
5742,PC-102871,delivered,RD-114,2026-07-07 13:04:37,
5743,PC-102872,hub_out,RD-105,2026-07-06 04:07:17,
5744,PC-102872,delivered,RD-105,2026-07-07 17:22:32,
5745,PC-102873,hub_out,RD-108,2026-07-06 07:10:44,
5746,PC-102873,delivered,RD-108,2026-07-07 19:01:35,
5747,PC-102874,hub_out,RD-103,2026-07-07 10:10:31,
5748,PC-102874,delivered,RD-103,2026-07-07 18:15:23,
5749,PC-102875,hub_out,RD-107,2026-07-06 13:13:34,
5750,PC-102875,delivered,RD-107,2026-07-07 18:00:05,
5751,PC-102876,hub_out,RD-103,2026-07-06 01:55:50,
5752,PC-102876,delivered,RD-103,2026-07-07 12:55:28,
5753,PC-102877,hub_out,RD-105,2026-07-05 19:14:57,
5754,PC-102877,delivered,RD-105,2026-07-07 09:01:14,
5755,PC-102878,hub_out,RD-101,2026-07-05 17:21:11,
5756,PC-102878,delivered,RD-101,2026-07-07 16:22:33,
5757,PC-102879,hub_out,RD-107,2026-07-05 17:47:33,
5758,PC-102879,delivered,RD-107,2026-07-07 13:01:09,
5759,PC-102880,hub_out,RD-108,2026-07-06 13:53:35,
5760,PC-102880,delivered,RD-108,2026-07-07 19:38:45,
5761,PC-102881,hub_out,RD-102,2026-07-07 02:28:33,
5762,PC-102881,delivered,RD-102,2026-07-07 19:15:11,
5763,PC-102882,hub_out,RD-107,2026-07-05 23:35:33,
5764,PC-102882,delivered,RD-107,2026-07-07 17:51:02,
5765,PC-102883,hub_out,RD-103,2026-07-06 02:51:07,
5766,PC-102883,delivered,RD-103,2026-07-07 13:05:08,
5767,PC-102884,hub_out,RD-131,2026-07-05 18:04:16,
5768,PC-102884,delivered,RD-131,2026-07-07 13:10:23,
5769,PC-102885,hub_out,RD-105,2026-07-05 18:25:16,
5770,PC-102885,delivered,RD-105,2026-07-07 10:28:29,
5771,PC-102886,hub_out,RD-131,2026-07-07 07:11:15,
5772,PC-102886,delivered,RD-131,2026-07-07 16:48:29,
5773,PC-102887,hub_out,RD-101,2026-07-06 19:56:31,
5774,PC-102887,delivered,RD-101,2026-07-07 18:08:34,
5775,PC-102888,hub_out,RD-131,2026-07-06 07:57:04,
5776,PC-102888,delivered,RD-131,2026-07-07 09:39:42,
5777,PC-102889,hub_out,RD-102,2026-07-06 16:41:03,
5778,PC-102889,delivered,RD-102,2026-07-07 13:35:17,
5779,PC-102890,hub_out,RD-105,2026-07-06 17:54:48,
5780,PC-102890,delivered,RD-105,2026-07-07 09:16:22,
5781,PC-102891,hub_out,RD-101,2026-07-05 13:43:01,
5782,PC-102891,delivered,RD-101,2026-07-07 13:30:04,
5783,PC-102892,hub_out,RD-108,2026-07-06 12:37:28,
5784,PC-102892,delivered,RD-108,2026-07-07 16:56:51,
5785,PC-102893,hub_out,RD-101,2026-07-06 03:57:06,
5786,PC-102893,delivered,RD-101,2026-07-07 14:27:34,
5787,PC-102894,hub_out,RD-102,2026-07-06 08:51:54,
5788,PC-102894,delivered,RD-102,2026-07-07 10:35:40,
5789,PC-102895,hub_out,RD-103,2026-07-07 03:07:20,
5790,PC-102895,delivered,RD-103,2026-07-07 09:46:20,
5791,PC-102896,hub_out,RD-102,2026-07-07 04:55:28,
5792,PC-102896,delivered,RD-102,2026-07-07 14:58:26,
5793,PC-102897,hub_out,RD-131,2026-07-05 11:57:13,
5794,PC-102897,delivered,RD-131,2026-07-07 13:06:39,
5795,PC-102898,hub_out,RD-103,2026-07-06 09:04:55,
5796,PC-102898,delivered,RD-103,2026-07-07 16:05:26,
5797,PC-102899,hub_out,RD-114,2026-07-07 03:51:23,
5798,PC-102899,delivered,RD-114,2026-07-07 18:28:12,
5799,PC-102900,hub_out,RD-107,2026-07-07 10:14:03,
5800,PC-102900,delivered,RD-107,2026-07-07 18:09:08,
5801,PC-102901,hub_out,RD-114,2026-07-06 01:52:59,
5802,PC-102901,delivered,RD-114,2026-07-07 15:01:08,
5803,PC-102902,hub_out,RD-108,2026-07-07 13:22:47,
5804,PC-102902,delivered,RD-108,2026-07-07 18:01:09,
5805,PC-102903,hub_out,RD-103,2026-07-07 09:22:55,
5806,PC-102903,delivered,RD-103,2026-07-07 18:47:36,
5807,PC-102904,hub_out,RD-102,2026-07-07 07:33:09,
5808,PC-102904,delivered,RD-102,2026-07-07 13:48:34,
5809,PC-102905,hub_out,RD-107,2026-07-07 08:28:49,
5810,PC-102905,delivered,RD-107,2026-07-07 15:55:54,
5811,PC-102906,hub_out,RD-131,2026-07-06 22:19:32,
5812,PC-102906,delivered,RD-131,2026-07-07 19:00:06,
5813,PC-102907,hub_out,RD-108,2026-07-07 06:10:18,
5814,PC-102907,delivered,RD-108,2026-07-07 12:48:54,
5815,PC-102908,hub_out,RD-102,2026-07-06 10:17:36,
5816,PC-102908,delivered,RD-102,2026-07-07 09:51:57,
5817,PC-102909,hub_out,RD-103,2026-07-05 17:34:38,
5818,PC-102909,delivered,RD-103,2026-07-07 13:58:45,
5819,PC-102910,hub_out,RD-105,2026-07-06 21:59:17,
5820,PC-102910,delivered,RD-105,2026-07-07 17:27:24,
5821,PC-102911,hub_out,RD-108,2026-07-05 16:09:46,
5822,PC-102911,delivered,RD-108,2026-07-07 15:11:26,
5823,PC-102912,hub_out,RD-131,2026-07-07 06:45:51,
5824,PC-102912,delivered,RD-131,2026-07-07 13:52:36,
5825,PC-102913,hub_out,RD-131,2026-07-06 10:40:53,
5826,PC-102913,delivered,RD-131,2026-07-07 19:13:36,
5827,PC-102914,hub_out,RD-131,2026-07-06 09:08:00,
5828,PC-102914,delivered,RD-131,2026-07-07 16:08:42,
5829,PC-102915,hub_out,RD-131,2026-07-07 02:44:47,
5830,PC-102915,delivered,RD-131,2026-07-07 11:33:31,
5831,PC-102916,hub_out,RD-108,2026-07-05 21:41:12,
5832,PC-102916,delivered,RD-108,2026-07-07 11:19:07,
5833,PC-102917,hub_out,RD-102,2026-07-06 18:55:15,
5834,PC-102917,delivered,RD-102,2026-07-07 19:26:47,
5835,PC-102918,hub_out,RD-105,2026-07-07 01:51:40,
5836,PC-102918,delivered,RD-105,2026-07-07 18:05:34,
5837,PC-102919,hub_out,RD-103,2026-07-05 16:57:41,
5838,PC-102919,delivered,RD-103,2026-07-07 14:13:26,
5839,PC-102920,hub_out,RD-102,2026-07-06 01:55:43,
5840,PC-102920,delivered,RD-102,2026-07-07 17:18:30,
5841,PC-102921,hub_out,RD-101,2026-07-07 04:13:25,
5842,PC-102921,delivered,RD-101,2026-07-07 15:39:49,
5843,PC-102922,hub_out,RD-107,2026-07-07 08:38:21,
5844,PC-102922,delivered,RD-107,2026-07-07 16:17:10,
5845,PC-102923,hub_out,RD-114,2026-07-07 02:58:20,
5846,PC-102923,delivered,RD-114,2026-07-07 15:04:46,
5847,PC-102924,hub_out,RD-101,2026-07-06 16:08:28,
5848,PC-102924,delivered,RD-101,2026-07-07 13:52:42,
5849,PC-102925,hub_out,RD-105,2026-07-06 07:46:06,
5850,PC-102925,delivered,RD-105,2026-07-07 11:39:02,
5851,PC-102926,hub_out,RD-102,2026-07-06 10:54:23,
5852,PC-102926,delivered,RD-102,2026-07-07 12:46:25,
5853,PC-102927,hub_out,RD-108,2026-07-06 02:48:46,
5854,PC-102927,delivered,RD-108,2026-07-07 09:38:48,
5855,PC-102928,hub_out,RD-107,2026-07-06 01:36:32,
5856,PC-102928,delivered,RD-107,2026-07-07 09:18:38,
5857,PC-102929,hub_out,RD-103,2026-07-06 06:09:01,
5858,PC-102929,delivered,RD-103,2026-07-07 19:55:46,
5859,PC-102930,hub_out,RD-101,2026-07-06 15:52:30,
5860,PC-102930,delivered,RD-101,2026-07-07 14:40:27,
5861,PC-102931,hub_out,RD-105,2026-07-05 20:48:36,
5862,PC-102931,delivered,RD-105,2026-07-07 13:25:28,
5863,PC-102932,hub_out,RD-131,2026-07-07 03:11:56,
5864,PC-102932,delivered,RD-131,2026-07-07 18:42:30,
5865,PC-102933,hub_out,RD-114,2026-07-06 23:15:46,
5866,PC-102933,delivered,RD-114,2026-07-07 19:17:39,
5867,PC-102934,hub_out,RD-107,2026-07-05 21:22:32,
5868,PC-102934,delivered,RD-107,2026-07-07 14:35:13,
5869,PC-102935,hub_out,RD-103,2026-07-06 06:00:48,
5870,PC-102935,delivered,RD-103,2026-07-07 09:36:22,
5871,PC-102936,hub_out,RD-108,2026-07-06 22:16:08,
5872,PC-102936,delivered,RD-108,2026-07-07 17:24:20,
5873,PC-102937,hub_out,RD-114,2026-07-06 20:50:09,
5874,PC-102937,delivered,RD-114,2026-07-07 16:01:30,
5875,PC-102938,hub_out,RD-131,2026-07-05 22:07:39,
5876,PC-102938,delivered,RD-131,2026-07-07 10:24:21,
5877,PC-102939,hub_out,RD-101,2026-07-05 23:33:37,
5878,PC-102939,delivered,RD-101,2026-07-07 09:52:12,
5879,PC-102940,hub_out,RD-107,2026-07-07 10:13:26,
5880,PC-102940,delivered,RD-107,2026-07-07 15:28:18,
5881,PC-102941,hub_out,RD-102,2026-07-07 04:47:49,
5882,PC-102941,delivered,RD-102,2026-07-07 13:29:55,
5883,PC-102942,hub_out,RD-102,2026-07-05 13:16:49,
5884,PC-102942,delivered,RD-102,2026-07-07 10:25:11,
5885,PC-102943,hub_out,RD-103,2026-07-06 19:03:54,
5886,PC-102943,delivered,RD-103,2026-07-07 09:31:29,
5887,PC-102944,hub_out,RD-102,2026-07-06 18:58:30,
5888,PC-102944,delivered,RD-102,2026-07-07 12:41:51,
5889,PC-102945,hub_out,RD-102,2026-07-06 08:52:11,
5890,PC-102945,delivered,RD-102,2026-07-07 14:51:19,
5891,PC-102946,hub_out,RD-114,2026-07-07 00:38:44,
5892,PC-102946,delivered,RD-114,2026-07-07 12:48:40,
5893,PC-102947,hub_out,RD-107,2026-07-05 19:04:08,
5894,PC-102947,delivered,RD-107,2026-07-07 13:42:31,
5895,PC-102948,hub_out,RD-114,2026-07-06 12:25:36,
5896,PC-102948,delivered,RD-114,2026-07-07 14:10:17,
5897,PC-102949,hub_out,RD-107,2026-07-06 17:35:04,
5898,PC-102949,delivered,RD-107,2026-07-07 15:00:17,
5899,PC-102950,hub_out,RD-101,2026-07-05 16:25:08,
5900,PC-102950,delivered,RD-101,2026-07-07 15:45:20,
5901,PC-102951,hub_out,RD-102,2026-07-07 00:56:34,
5902,PC-102951,delivered,RD-102,2026-07-07 15:59:30,
5903,PC-102952,hub_out,RD-101,2026-07-06 20:02:30,
5904,PC-102952,delivered,RD-101,2026-07-07 10:02:34,
5905,PC-102953,hub_out,RD-114,2026-07-05 18:10:48,
5906,PC-102953,delivered,RD-114,2026-07-07 14:56:19,
5907,PC-102954,hub_out,RD-107,2026-07-06 19:00:45,
5908,PC-102954,delivered,RD-107,2026-07-07 11:55:56,
5909,PC-102955,hub_out,RD-131,2026-07-06 03:40:29,
5910,PC-102955,delivered,RD-131,2026-07-07 18:06:30,
5911,PC-102956,hub_out,RD-131,2026-07-06 06:17:53,
5912,PC-102956,delivered,RD-131,2026-07-07 09:48:06,
5913,PC-102957,hub_out,RD-131,2026-07-07 05:02:28,
5914,PC-102957,delivered,RD-131,2026-07-07 13:04:09,
5915,PC-102958,hub_out,RD-108,2026-07-06 05:38:39,
5916,PC-102958,delivered,RD-108,2026-07-07 12:35:56,
5917,PC-102959,hub_out,RD-105,2026-07-06 19:10:09,
5918,PC-102959,delivered,RD-105,2026-07-07 12:52:50,
5919,PC-102960,hub_out,RD-103,2026-07-06 21:08:54,
5920,PC-102960,delivered,RD-103,2026-07-07 17:05:03,
5921,PC-102961,hub_out,RD-114,2026-07-06 07:23:07,
5922,PC-102961,delivered,RD-114,2026-07-07 14:50:10,
5923,PC-102962,hub_out,RD-101,2026-07-06 11:57:52,
5924,PC-102962,delivered,RD-101,2026-07-07 12:42:24,
5925,PC-102963,hub_out,RD-102,2026-07-05 12:21:54,
5926,PC-102963,delivered,RD-102,2026-07-07 09:09:16,
5927,PC-102964,hub_out,RD-114,2026-07-06 06:10:12,
5928,PC-102964,delivered,RD-114,2026-07-07 10:50:34,
5929,PC-102965,hub_out,RD-114,2026-07-06 16:03:52,
5930,PC-102965,delivered,RD-114,2026-07-07 16:38:59,
5931,PC-102966,hub_out,RD-103,2026-07-06 10:50:51,
5932,PC-102966,delivered,RD-103,2026-07-07 09:02:25,
5933,PC-102967,hub_out,RD-131,2026-07-07 00:04:06,
5934,PC-102967,delivered,RD-131,2026-07-07 11:30:47,
5935,PC-102968,hub_out,RD-103,2026-07-07 01:38:12,
5936,PC-102968,delivered,RD-103,2026-07-07 18:32:26,
5937,PC-102969,hub_out,RD-114,2026-07-06 18:00:19,
5938,PC-102969,delivered,RD-114,2026-07-07 16:25:37,
5939,PC-102970,hub_out,RD-108,2026-07-06 00:44:51,
5940,PC-102970,delivered,RD-108,2026-07-07 12:06:38,
5941,PC-102971,hub_out,RD-103,2026-07-07 04:13:34,
5942,PC-102971,delivered,RD-103,2026-07-07 11:08:14,
5943,PC-102972,hub_out,RD-114,2026-07-06 22:20:25,
5944,PC-102972,delivered,RD-114,2026-07-07 15:37:00,
5945,PC-102973,hub_out,RD-108,2026-07-06 01:06:53,
5946,PC-102973,delivered,RD-108,2026-07-07 11:02:53,
5947,PC-102974,hub_out,RD-107,2026-07-05 21:59:30,
5948,PC-102974,delivered,RD-107,2026-07-07 19:39:11,
5949,PC-102975,hub_out,RD-131,2026-07-06 00:04:09,
5950,PC-102975,delivered,RD-131,2026-07-07 19:58:47,
5951,PC-102976,hub_out,RD-105,2026-07-05 22:32:29,
5952,PC-102976,delivered,RD-105,2026-07-07 11:39:37,
5953,PC-102977,hub_out,RD-114,2026-07-06 07:15:24,
5954,PC-102977,delivered,RD-114,2026-07-07 10:15:50,
5955,PC-102978,hub_out,RD-107,2026-07-06 14:38:11,
5956,PC-102978,delivered,RD-107,2026-07-07 18:14:42,
5957,PC-102979,hub_out,RD-103,2026-07-05 16:06:21,
5958,PC-102979,delivered,RD-103,2026-07-07 16:12:54,
5959,PC-102980,hub_out,RD-114,2026-07-06 16:08:31,
5960,PC-102980,delivered,RD-114,2026-07-07 10:54:06,
5961,PC-102981,hub_out,RD-103,2026-07-05 22:27:47,
5962,PC-102981,delivered,RD-103,2026-07-07 10:46:46,
5963,PC-102982,hub_out,RD-105,2026-07-06 21:36:47,
5964,PC-102982,delivered,RD-105,2026-07-07 12:51:25,
5965,PC-102983,hub_out,RD-102,2026-07-06 10:50:41,
5966,PC-102983,delivered,RD-102,2026-07-07 18:51:30,
5967,PC-102984,hub_out,RD-131,2026-07-05 21:12:02,
5968,PC-102984,delivered,RD-131,2026-07-07 15:01:21,
5969,PC-102985,hub_out,RD-103,2026-07-06 19:10:25,
5970,PC-102985,delivered,RD-103,2026-07-07 13:36:01,
5971,PC-102986,hub_out,RD-131,2026-07-06 22:34:59,
5972,PC-102986,delivered,RD-131,2026-07-07 15:18:03,
5973,PC-102987,hub_out,RD-101,2026-07-05 18:33:47,
5974,PC-102987,delivered,RD-101,2026-07-07 18:28:46,
5975,PC-102988,hub_out,RD-101,2026-07-07 05:59:24,
5976,PC-102988,delivered,RD-101,2026-07-07 15:38:43,
5977,PC-102989,hub_out,RD-108,2026-07-07 03:10:02,
5978,PC-102989,delivered,RD-108,2026-07-07 10:04:22,
5979,PC-102990,hub_out,RD-108,2026-07-05 17:25:19,
5980,PC-102990,delivered,RD-108,2026-07-07 12:46:23,
5981,PC-102991,hub_out,RD-107,2026-07-06 16:57:01,
5982,PC-102991,delivered,RD-107,2026-07-07 09:56:54,
5983,PC-102992,hub_out,RD-103,2026-07-06 13:45:57,
5984,PC-102992,delivered,RD-103,2026-07-07 14:22:44,
5985,PC-102993,hub_out,RD-108,2026-07-06 00:29:00,
5986,PC-102993,delivered,RD-108,2026-07-07 10:15:29,
5987,PC-102994,hub_out,RD-131,2026-07-05 16:58:10,
5988,PC-102994,delivered,RD-131,2026-07-07 15:41:22,
5989,PC-102995,hub_out,RD-108,2026-07-05 12:56:14,
5990,PC-102995,delivered,RD-108,2026-07-07 10:33:05,
5991,PC-102996,hub_out,RD-102,2026-07-07 10:59:05,
5992,PC-102996,delivered,RD-102,2026-07-07 16:36:12,
5993,PC-102997,hub_out,RD-107,2026-07-06 22:30:13,
5994,PC-102997,delivered,RD-107,2026-07-07 16:08:56,
5995,PC-102998,hub_out,RD-114,2026-07-05 19:46:32,
5996,PC-102998,delivered,RD-114,2026-07-07 17:04:06,
5997,PC-102999,hub_out,RD-101,2026-07-06 09:48:01,
5998,PC-102999,delivered,RD-101,2026-07-07 11:15:54,
5999,PC-103000,hub_out,RD-105,2026-07-06 04:03:28,
6000,PC-103000,delivered,RD-105,2026-07-07 19:15:42,
6001,PC-103001,hub_out,RD-105,2026-07-06 13:52:35,
6002,PC-103001,delivered,RD-105,2026-07-07 17:14:00,
6003,PC-103002,hub_out,RD-105,2026-07-06 23:09:51,
6004,PC-103002,delivered,RD-105,2026-07-07 13:41:51,
6005,PC-103003,hub_out,RD-107,2026-07-06 19:14:10,
6006,PC-103003,delivered,RD-107,2026-07-07 15:42:51,
6007,PC-103004,hub_out,RD-103,2026-07-05 18:38:08,
6008,PC-103004,delivered,RD-103,2026-07-07 10:02:05,
6009,PC-103005,hub_out,RD-131,2026-07-06 09:41:14,
6010,PC-103005,delivered,RD-131,2026-07-07 14:08:21,
6011,PC-103006,hub_out,RD-105,2026-07-07 03:20:13,
6012,PC-103006,delivered,RD-105,2026-07-07 11:14:07,
6013,PC-103007,hub_out,RD-101,2026-07-06 12:14:08,
6014,PC-103007,delivered,RD-101,2026-07-07 16:14:41,
6015,PC-103008,hub_out,RD-102,2026-07-06 14:51:13,
6016,PC-103008,delivered,RD-102,2026-07-07 14:38:16,
6017,PC-103009,hub_out,RD-103,2026-07-05 23:39:31,
6018,PC-103009,delivered,RD-103,2026-07-07 17:50:52,
6019,PC-103010,hub_out,RD-108,2026-07-07 05:02:14,
6020,PC-103010,delivered,RD-108,2026-07-07 19:02:35,
6021,PC-103011,hub_out,RD-131,2026-07-06 12:49:57,
6022,PC-103011,delivered,RD-131,2026-07-07 18:38:25,
6023,PC-103012,hub_out,RD-103,2026-07-07 03:58:56,
6024,PC-103012,delivered,RD-103,2026-07-07 10:34:44,
6025,PC-103013,hub_out,RD-102,2026-07-06 03:46:15,
6026,PC-103013,delivered,RD-102,2026-07-07 14:44:26,
6027,PC-103014,hub_out,RD-107,2026-07-05 14:13:10,
6028,PC-103014,delivered,RD-107,2026-07-07 14:20:20,
6029,PC-103015,hub_out,RD-108,2026-07-07 01:28:07,
6030,PC-103015,delivered,RD-108,2026-07-07 19:33:40,
6031,PC-103016,hub_out,RD-107,2026-07-05 10:47:08,
6032,PC-103016,delivered,RD-107,2026-07-07 09:15:03,
6033,PC-103017,hub_out,RD-103,2026-07-06 13:45:51,
6034,PC-103017,delivered,RD-103,2026-07-07 11:00:52,
6035,PC-103018,hub_out,RD-108,2026-07-06 14:14:16,
6036,PC-103018,delivered,RD-108,2026-07-07 11:41:52,
6037,PC-103019,hub_out,RD-107,2026-07-06 10:35:39,
6038,PC-103019,delivered,RD-107,2026-07-07 13:56:44,
6039,PC-103020,hub_out,RD-102,2026-07-06 03:02:21,
6040,PC-103020,delivered,RD-102,2026-07-07 14:33:02,
6041,PC-103021,hub_out,RD-131,2026-07-06 05:51:38,
6042,PC-103021,delivered,RD-131,2026-07-07 10:51:52,
6043,PC-103022,hub_out,RD-102,2026-07-06 01:31:12,
6044,PC-103022,delivered,RD-102,2026-07-07 09:56:49,
6045,PC-103023,hub_out,RD-103,2026-07-06 19:46:34,
6046,PC-103023,delivered,RD-103,2026-07-07 13:06:50,
6047,PC-103024,hub_out,RD-114,2026-07-07 00:38:22,
6048,PC-103024,delivered,RD-114,2026-07-07 18:02:39,
6049,PC-103025,hub_out,RD-114,2026-07-05 17:24:55,
6050,PC-103025,delivered,RD-114,2026-07-07 15:45:32,
6051,PC-103026,hub_out,RD-102,2026-07-06 23:07:33,
6052,PC-103026,delivered,RD-102,2026-07-07 13:47:30,
6053,PC-103027,hub_out,RD-101,2026-07-05 22:52:27,
6054,PC-103027,delivered,RD-101,2026-07-07 13:35:25,
6055,PC-103028,hub_out,RD-108,2026-07-06 00:50:51,
6056,PC-103028,delivered,RD-108,2026-07-07 09:23:19,
6057,PC-103029,hub_out,RD-103,2026-07-06 09:14:43,
6058,PC-103029,delivered,RD-103,2026-07-07 15:05:21,
6059,PC-103030,hub_out,RD-107,2026-07-05 13:39:32,
6060,PC-103030,delivered,RD-107,2026-07-07 09:17:07,
6061,PC-103031,hub_out,RD-108,2026-07-06 21:22:22,
6062,PC-103031,delivered,RD-108,2026-07-07 11:23:00,
6063,PC-103032,hub_out,RD-102,2026-07-06 18:52:18,
6064,PC-103032,delivered,RD-102,2026-07-07 09:04:07,
6065,PC-103033,hub_out,RD-107,2026-07-07 06:50:39,
6066,PC-103033,delivered,RD-107,2026-07-07 16:20:33,
6067,PC-103034,hub_out,RD-103,2026-07-06 10:49:16,
6068,PC-103034,delivered,RD-103,2026-07-07 15:27:18,
6069,PC-103035,hub_out,RD-131,2026-07-05 22:39:27,
6070,PC-103035,delivered,RD-131,2026-07-07 13:30:42,
6071,PC-103036,hub_out,RD-102,2026-07-06 08:08:17,
6072,PC-103036,delivered,RD-102,2026-07-07 11:56:45,
6073,PC-103037,hub_out,RD-114,2026-07-06 18:29:35,
6074,PC-103037,delivered,RD-114,2026-07-07 15:45:56,
6075,PC-103038,hub_out,RD-105,2026-07-05 22:43:30,
6076,PC-103038,delivered,RD-105,2026-07-07 10:51:33,
6077,PC-103039,hub_out,RD-114,2026-07-06 06:02:52,
6078,PC-103039,delivered,RD-114,2026-07-07 19:04:03,
6079,PC-103040,hub_out,RD-103,2026-07-06 12:35:54,
6080,PC-103040,delivered,RD-103,2026-07-07 16:21:05,
6081,PC-103041,hub_out,RD-108,2026-07-06 02:44:50,
6082,PC-103041,delivered,RD-108,2026-07-07 17:14:49,
6083,PC-103042,hub_out,RD-103,2026-07-06 19:25:56,
6084,PC-103042,delivered,RD-103,2026-07-07 13:24:51,
6085,PC-103043,hub_out,RD-107,2026-07-05 20:18:24,
6086,PC-103043,delivered,RD-107,2026-07-07 18:29:40,
6087,PC-103044,hub_out,RD-101,2026-07-06 13:40:37,
6088,PC-103044,delivered,RD-101,2026-07-07 10:15:35,
6089,PC-103045,hub_out,RD-107,2026-07-06 20:11:33,
6090,PC-103045,delivered,RD-107,2026-07-07 18:19:08,
6091,PC-103046,hub_out,RD-131,2026-07-06 07:13:03,
6092,PC-103046,delivered,RD-131,2026-07-07 17:10:33,
6093,PC-103047,hub_out,RD-101,2026-07-05 23:45:28,
6094,PC-103047,delivered,RD-101,2026-07-07 12:26:32,
6095,PC-103048,hub_out,RD-102,2026-07-06 00:31:34,
6096,PC-103048,delivered,RD-102,2026-07-07 17:25:52,
6097,PC-103049,hub_out,RD-103,2026-07-05 22:12:36,
6098,PC-103049,delivered,RD-103,2026-07-07 16:44:52,
6099,PC-103050,hub_out,RD-103,2026-07-06 03:26:35,
6100,PC-103050,delivered,RD-103,2026-07-07 11:16:34,
6101,PC-103051,hub_out,RD-103,2026-07-05 21:55:01,
6102,PC-103051,delivered,RD-103,2026-07-07 11:32:20,
6103,PC-103052,hub_out,RD-107,2026-07-06 15:40:36,
6104,PC-103052,delivered,RD-107,2026-07-07 09:48:07,
6105,PC-103053,hub_out,RD-105,2026-07-07 06:03:23,
6106,PC-103053,delivered,RD-105,2026-07-07 17:58:21,
6107,PC-103054,hub_out,RD-108,2026-07-07 02:29:44,
6108,PC-103054,delivered,RD-108,2026-07-07 18:10:57,
6109,PC-103055,hub_out,RD-131,2026-07-06 00:37:11,
6110,PC-103055,delivered,RD-131,2026-07-07 19:22:09,
6111,PC-103056,hub_out,RD-103,2026-07-05 21:32:43,
6112,PC-103056,delivered,RD-103,2026-07-07 12:01:12,
6113,PC-103057,hub_out,RD-107,2026-07-07 02:49:51,
6114,PC-103057,delivered,RD-107,2026-07-07 15:21:53,
6115,PC-103058,hub_out,RD-131,2026-07-06 10:53:34,
6116,PC-103058,failed_attempt,RD-131,2026-07-07 15:18:43,shop closed
6117,PC-103059,hub_out,RD-101,2026-07-06 19:12:51,
6118,PC-103059,failed_attempt,RD-101,2026-07-07 18:04:11,customer unreachable
6119,PC-103060,hub_out,RD-108,2026-07-06 21:04:34,
6120,PC-103060,failed_attempt,RD-108,2026-07-07 13:35:28,shop closed
6121,PC-103061,hub_out,RD-101,2026-07-07 00:44:59,
6122,PC-103061,failed_attempt,RD-101,2026-07-07 10:41:57,address not found
6123,PC-103062,hub_out,RD-103,2026-07-07 04:03:32,
6124,PC-103062,failed_attempt,RD-103,2026-07-07 11:21:50,cod not ready
6125,PC-103063,hub_out,RD-103,2026-07-07 04:17:19,
6126,PC-103063,failed_attempt,RD-103,2026-07-07 12:54:40,address not found
6127,PC-103064,hub_out,RD-107,2026-07-07 06:05:25,
6128,PC-103064,failed_attempt,RD-107,2026-07-07 17:18:03,customer refused
6129,PC-103065,hub_out,RD-101,2026-07-07 05:03:01,
6130,PC-103065,failed_attempt,RD-101,2026-07-07 09:04:12,customer refused
6131,PC-103066,hub_out,RD-101,2026-07-07 06:33:28,
6132,PC-103066,failed_attempt,RD-101,2026-07-07 13:51:07,customer unreachable
6133,PC-103067,hub_out,RD-114,2026-07-07 04:03:21,
6134,PC-103067,failed_attempt,RD-114,2026-07-07 10:36:07,cod not ready
6135,PC-103068,hub_out,RD-131,2026-07-07 01:12:46,
6136,PC-103068,failed_attempt,RD-131,2026-07-07 15:16:36,customer unreachable
6137,PC-103069,hub_out,RD-108,2026-07-03 19:17:26,
6138,PC-103069,delivered,RD-108,2026-07-04 14:03:29,
6139,PC-103070,hub_out,RD-131,2026-07-03 06:58:57,
6140,PC-103070,delivered,RD-131,2026-07-04 15:14:07,
6141,PC-103071,hub_out,RD-103,2026-07-02 18:46:02,
6142,PC-103071,delivered,RD-103,2026-07-04 11:02:01,
6143,PC-103072,hub_out,RD-101,2026-07-03 13:08:13,
6144,PC-103072,delivered,RD-101,2026-07-04 13:17:53,
6145,PC-103073,hub_out,RD-131,2026-07-03 11:00:04,
6146,PC-103073,delivered,RD-131,2026-07-04 12:20:29,
6147,PC-103074,hub_out,RD-107,2026-07-04 00:46:10,
6148,PC-103074,delivered,RD-107,2026-07-04 19:22:52,
6149,PC-103075,hub_out,RD-107,2026-07-02 22:08:39,
6150,PC-103075,delivered,RD-107,2026-07-04 09:20:27,
6151,PC-103076,hub_out,RD-108,2026-07-04 04:43:37,
6152,PC-103076,delivered,RD-108,2026-07-04 16:36:46,
6153,PC-103077,hub_out,RD-114,2026-07-03 04:44:07,
6154,PC-103077,delivered,RD-114,2026-07-04 09:29:14,
6155,PC-103078,hub_out,RD-105,2026-07-03 20:43:23,
6156,PC-103078,delivered,RD-105,2026-07-04 12:20:50,
6157,PC-103079,hub_out,RD-114,2026-07-02 15:38:43,
6158,PC-103079,delivered,RD-114,2026-07-04 11:29:04,
6159,PC-103080,hub_out,RD-114,2026-07-04 04:54:57,
6160,PC-103080,delivered,RD-114,2026-07-04 09:49:36,
6161,PC-103081,hub_out,RD-108,2026-07-03 18:30:42,
6162,PC-103081,delivered,RD-108,2026-07-04 10:45:32,
6163,PC-103082,hub_out,RD-131,2026-07-03 09:45:27,
6164,PC-103082,delivered,RD-131,2026-07-04 12:48:26,
6165,PC-103083,hub_out,RD-114,2026-07-02 17:04:00,
6166,PC-103083,delivered,RD-114,2026-07-04 15:57:38,
6167,PC-103084,hub_out,RD-102,2026-07-04 06:37:54,
6168,PC-103084,delivered,RD-102,2026-07-04 16:27:15,
6169,PC-103085,hub_out,RD-114,2026-07-02 18:48:56,
6170,PC-103085,delivered,RD-114,2026-07-04 12:23:50,
6171,PC-103086,hub_out,RD-107,2026-07-02 20:37:03,
6172,PC-103086,delivered,RD-107,2026-07-04 10:40:54,
6173,PC-103087,hub_out,RD-103,2026-07-02 21:41:46,
6174,PC-103087,delivered,RD-103,2026-07-04 15:20:57,
6175,PC-103088,hub_out,RD-102,2026-07-03 11:43:09,
6176,PC-103088,delivered,RD-102,2026-07-04 17:44:20,
6177,PC-103089,hub_out,RD-108,2026-07-02 16:44:53,
6178,PC-103089,delivered,RD-108,2026-07-04 13:40:51,
6179,PC-103090,hub_out,RD-114,2026-07-03 03:25:08,
6180,PC-103090,delivered,RD-114,2026-07-04 14:31:37,
6181,PC-103091,hub_out,RD-114,2026-07-03 08:08:07,
6182,PC-103091,delivered,RD-114,2026-07-04 11:29:59,
6183,PC-103092,hub_out,RD-101,2026-07-04 13:40:46,
6184,PC-103092,delivered,RD-101,2026-07-04 19:50:36,
6185,PC-103093,hub_out,RD-102,2026-07-03 19:25:25,
6186,PC-103093,delivered,RD-102,2026-07-04 16:01:00,
6187,PC-103094,hub_out,RD-102,2026-07-03 16:59:26,
6188,PC-103094,delivered,RD-102,2026-07-04 18:04:53,
6189,PC-103095,hub_out,RD-102,2026-07-03 19:52:55,
6190,PC-103095,delivered,RD-102,2026-07-04 15:39:08,
6191,PC-103096,hub_out,RD-108,2026-07-03 02:52:41,
6192,PC-103096,delivered,RD-108,2026-07-04 13:39:28,
6193,PC-103097,hub_out,RD-131,2026-07-02 21:01:18,
6194,PC-103097,delivered,RD-131,2026-07-04 16:04:14,
6195,PC-103098,hub_out,RD-131,2026-07-02 15:06:10,
6196,PC-103098,delivered,RD-131,2026-07-04 15:30:03,
6197,PC-103099,hub_out,RD-103,2026-07-04 00:59:50,
6198,PC-103099,delivered,RD-103,2026-07-04 16:28:51,
6199,PC-103100,hub_out,RD-131,2026-07-03 15:13:53,
6200,PC-103100,delivered,RD-131,2026-07-04 09:52:36,
6201,PC-103101,hub_out,RD-108,2026-07-04 05:45:36,
6202,PC-103101,delivered,RD-108,2026-07-04 13:49:12,
6203,PC-103102,hub_out,RD-102,2026-07-02 15:56:30,
6204,PC-103102,delivered,RD-102,2026-07-04 12:50:13,
6205,PC-103103,hub_out,RD-107,2026-07-04 09:52:41,
6206,PC-103103,delivered,RD-107,2026-07-04 17:26:44,
6207,PC-103104,hub_out,RD-102,2026-07-03 23:33:09,
6208,PC-103104,delivered,RD-102,2026-07-04 15:57:59,
6209,PC-103105,hub_out,RD-101,2026-07-03 10:03:11,
6210,PC-103105,delivered,RD-101,2026-07-04 10:25:32,
6211,PC-103106,hub_out,RD-131,2026-07-03 21:38:18,
6212,PC-103106,delivered,RD-131,2026-07-04 09:08:54,
6213,PC-103107,hub_out,RD-107,2026-07-03 22:48:27,
6214,PC-103107,delivered,RD-107,2026-07-04 13:39:28,
6215,PC-103108,hub_out,RD-114,2026-07-04 01:21:52,
6216,PC-103108,delivered,RD-114,2026-07-04 19:03:40,
6217,PC-103109,hub_out,RD-114,2026-07-02 14:26:28,
6218,PC-103109,delivered,RD-114,2026-07-04 15:13:36,
6219,PC-103110,hub_out,RD-114,2026-07-03 21:09:34,
6220,PC-103110,delivered,RD-114,2026-07-04 19:47:44,
6221,PC-103111,hub_out,RD-114,2026-07-03 16:14:23,
6222,PC-103111,delivered,RD-114,2026-07-04 09:32:15,
6223,PC-103112,hub_out,RD-131,2026-07-03 09:11:22,
6224,PC-103112,delivered,RD-131,2026-07-04 13:27:48,
6225,PC-103113,hub_out,RD-101,2026-07-03 16:32:26,
6226,PC-103113,delivered,RD-101,2026-07-04 10:33:48,
6227,PC-103114,hub_out,RD-105,2026-07-03 00:41:41,
6228,PC-103114,delivered,RD-105,2026-07-04 11:58:07,
6229,PC-103115,hub_out,RD-114,2026-07-03 00:35:56,
6230,PC-103115,delivered,RD-114,2026-07-04 09:42:19,
6231,PC-103116,hub_out,RD-114,2026-07-04 06:35:18,
6232,PC-103116,delivered,RD-114,2026-07-04 18:50:52,
6233,PC-103117,hub_out,RD-103,2026-07-02 18:56:43,
6234,PC-103117,delivered,RD-103,2026-07-04 09:16:57,
6235,PC-103118,hub_out,RD-131,2026-07-03 16:47:26,
6236,PC-103118,delivered,RD-131,2026-07-04 16:31:23,
6237,PC-103119,hub_out,RD-101,2026-07-03 19:25:05,
6238,PC-103119,delivered,RD-101,2026-07-04 18:56:16,
6239,PC-103120,hub_out,RD-107,2026-07-04 00:54:05,
6240,PC-103120,delivered,RD-107,2026-07-04 12:58:03,
6241,PC-103121,hub_out,RD-103,2026-07-03 03:56:24,
6242,PC-103121,delivered,RD-103,2026-07-04 18:27:15,
6243,PC-103122,hub_out,RD-101,2026-07-03 21:03:01,
6244,PC-103122,delivered,RD-101,2026-07-04 17:40:15,
6245,PC-103123,hub_out,RD-105,2026-07-03 17:05:13,
6246,PC-103123,delivered,RD-105,2026-07-04 10:23:16,
6247,PC-103124,hub_out,RD-102,2026-07-03 16:28:26,
6248,PC-103124,delivered,RD-102,2026-07-04 15:56:06,
6249,PC-103125,hub_out,RD-103,2026-07-03 23:10:53,
6250,PC-103125,delivered,RD-103,2026-07-04 17:51:10,
6251,PC-103126,hub_out,RD-103,2026-07-03 09:34:04,
6252,PC-103126,delivered,RD-103,2026-07-04 15:47:52,
6253,PC-103127,hub_out,RD-131,2026-07-02 15:35:34,
6254,PC-103127,delivered,RD-131,2026-07-04 11:22:27,
6255,PC-103128,hub_out,RD-105,2026-07-03 09:05:43,
6256,PC-103128,delivered,RD-105,2026-07-04 19:33:04,
6257,PC-103129,hub_out,RD-102,2026-07-03 05:58:26,
6258,PC-103129,delivered,RD-102,2026-07-04 19:06:49,
6259,PC-103130,hub_out,RD-131,2026-07-02 21:56:20,
6260,PC-103130,delivered,RD-131,2026-07-04 16:37:34,
6261,PC-103131,hub_out,RD-102,2026-07-03 12:25:13,
6262,PC-103131,delivered,RD-102,2026-07-04 18:32:46,
6263,PC-103132,hub_out,RD-101,2026-07-04 04:15:53,
6264,PC-103132,delivered,RD-101,2026-07-04 14:39:08,
6265,PC-103133,hub_out,RD-114,2026-07-04 04:31:35,
6266,PC-103133,delivered,RD-114,2026-07-04 13:11:19,
6267,PC-103134,hub_out,RD-101,2026-07-04 00:11:03,
6268,PC-103134,delivered,RD-101,2026-07-04 17:56:16,
6269,PC-103135,hub_out,RD-101,2026-07-02 11:43:13,
6270,PC-103135,delivered,RD-101,2026-07-04 13:04:03,
6271,PC-103136,hub_out,RD-102,2026-07-03 18:42:52,
6272,PC-103136,delivered,RD-102,2026-07-04 18:05:09,
6273,PC-103137,hub_out,RD-102,2026-07-03 08:32:35,
6274,PC-103137,delivered,RD-102,2026-07-04 15:02:19,
6275,PC-103138,hub_out,RD-105,2026-07-04 04:19:21,
6276,PC-103138,delivered,RD-105,2026-07-04 16:48:51,
6277,PC-103139,hub_out,RD-114,2026-07-04 11:30:33,
6278,PC-103139,delivered,RD-114,2026-07-04 19:23:05,
6279,PC-103140,hub_out,RD-107,2026-07-03 22:59:40,
6280,PC-103140,delivered,RD-107,2026-07-04 18:42:51,
6281,PC-103141,hub_out,RD-114,2026-07-03 02:48:13,
6282,PC-103141,delivered,RD-114,2026-07-04 11:41:58,
6283,PC-103142,hub_out,RD-114,2026-07-03 09:53:30,
6284,PC-103142,delivered,RD-114,2026-07-04 19:32:10,
6285,PC-103143,hub_out,RD-107,2026-07-03 23:35:44,
6286,PC-103143,delivered,RD-107,2026-07-04 15:52:49,
6287,PC-103144,hub_out,RD-108,2026-07-04 09:15:33,
6288,PC-103144,delivered,RD-108,2026-07-04 13:50:33,
6289,PC-103145,hub_out,RD-103,2026-07-02 21:49:57,
6290,PC-103145,delivered,RD-103,2026-07-04 19:11:55,
6291,PC-103146,hub_out,RD-108,2026-07-03 15:51:08,
6292,PC-103146,delivered,RD-108,2026-07-04 13:11:03,
6293,PC-103147,hub_out,RD-101,2026-07-03 09:40:03,
6294,PC-103147,delivered,RD-101,2026-07-04 19:35:42,
6295,PC-103148,hub_out,RD-102,2026-07-04 01:45:39,
6296,PC-103148,delivered,RD-102,2026-07-04 15:27:37,
6297,PC-103149,hub_out,RD-131,2026-07-04 02:03:47,
6298,PC-103149,delivered,RD-131,2026-07-04 12:35:37,
6299,PC-103150,hub_out,RD-102,2026-07-03 09:20:33,
6300,PC-103150,delivered,RD-102,2026-07-04 15:30:14,
6301,PC-103151,hub_out,RD-103,2026-07-03 17:05:40,
6302,PC-103151,delivered,RD-103,2026-07-04 19:48:10,
6303,PC-103152,hub_out,RD-105,2026-07-03 00:28:33,
6304,PC-103152,delivered,RD-105,2026-07-04 16:23:47,
6305,PC-103153,hub_out,RD-114,2026-07-04 02:06:18,
6306,PC-103153,delivered,RD-114,2026-07-04 15:18:40,
6307,PC-103154,hub_out,RD-131,2026-07-02 20:17:56,
6308,PC-103154,delivered,RD-131,2026-07-04 09:05:03,
6309,PC-103155,hub_out,RD-105,2026-07-03 07:07:26,
6310,PC-103155,delivered,RD-105,2026-07-04 15:20:55,
6311,PC-103156,hub_out,RD-114,2026-07-02 21:00:05,
6312,PC-103156,delivered,RD-114,2026-07-04 11:30:40,
6313,PC-103157,hub_out,RD-108,2026-07-03 21:38:33,
6314,PC-103157,delivered,RD-108,2026-07-04 16:17:51,
6315,PC-103158,hub_out,RD-108,2026-07-03 11:28:34,
6316,PC-103158,delivered,RD-108,2026-07-04 11:49:55,
6317,PC-103159,hub_out,RD-101,2026-07-02 15:25:38,
6318,PC-103159,delivered,RD-101,2026-07-04 15:07:10,
6319,PC-103160,hub_out,RD-102,2026-07-03 04:56:14,
6320,PC-103160,delivered,RD-102,2026-07-04 12:42:15,
6321,PC-103161,hub_out,RD-105,2026-07-03 14:16:36,
6322,PC-103161,delivered,RD-105,2026-07-04 14:50:16,
6323,PC-103162,hub_out,RD-103,2026-07-03 06:21:59,
6324,PC-103162,delivered,RD-103,2026-07-04 16:32:06,
6325,PC-103163,hub_out,RD-131,2026-07-03 19:29:37,
6326,PC-103163,delivered,RD-131,2026-07-04 09:35:23,
6327,PC-103164,hub_out,RD-108,2026-07-03 18:16:19,
6328,PC-103164,delivered,RD-108,2026-07-04 09:30:22,
6329,PC-103165,hub_out,RD-107,2026-07-04 07:37:32,
6330,PC-103165,delivered,RD-107,2026-07-04 18:36:27,
6331,PC-103166,hub_out,RD-107,2026-07-03 02:38:55,
6332,PC-103166,delivered,RD-107,2026-07-04 14:52:58,
6333,PC-103167,hub_out,RD-108,2026-07-03 21:00:54,
6334,PC-103167,delivered,RD-108,2026-07-04 10:35:03,
6335,PC-103168,hub_out,RD-131,2026-07-02 20:46:05,
6336,PC-103168,delivered,RD-131,2026-07-04 14:24:31,
6337,PC-103169,hub_out,RD-114,2026-07-03 11:56:52,
6338,PC-103169,delivered,RD-114,2026-07-04 18:53:33,
6339,PC-103170,hub_out,RD-102,2026-07-03 18:40:20,
6340,PC-103170,delivered,RD-102,2026-07-04 16:06:19,
6341,PC-103171,hub_out,RD-107,2026-07-03 07:31:19,
6342,PC-103171,delivered,RD-107,2026-07-04 09:33:38,
6343,PC-103172,hub_out,RD-131,2026-07-03 23:12:04,
6344,PC-103172,delivered,RD-131,2026-07-04 14:23:24,
6345,PC-103173,hub_out,RD-107,2026-07-03 19:20:08,
6346,PC-103173,delivered,RD-107,2026-07-04 12:33:25,
6347,PC-103174,hub_out,RD-103,2026-07-04 05:35:10,
6348,PC-103174,delivered,RD-103,2026-07-04 10:31:10,
6349,PC-103175,hub_out,RD-105,2026-07-04 03:05:55,
6350,PC-103175,delivered,RD-105,2026-07-04 17:18:27,
6351,PC-103176,hub_out,RD-101,2026-07-03 20:26:05,
6352,PC-103176,delivered,RD-101,2026-07-04 09:02:39,
6353,PC-103177,hub_out,RD-114,2026-07-03 14:00:40,
6354,PC-103177,delivered,RD-114,2026-07-04 09:30:17,
6355,PC-103178,hub_out,RD-107,2026-07-04 05:18:47,
6356,PC-103178,delivered,RD-107,2026-07-04 15:36:02,
6357,PC-103179,hub_out,RD-107,2026-07-03 08:17:29,
6358,PC-103179,delivered,RD-107,2026-07-04 16:36:29,
6359,PC-103180,hub_out,RD-101,2026-07-03 02:14:14,
6360,PC-103180,delivered,RD-101,2026-07-04 11:29:03,
6361,PC-103181,hub_out,RD-114,2026-07-03 14:20:31,
6362,PC-103181,delivered,RD-114,2026-07-04 18:44:42,
6363,PC-103182,hub_out,RD-108,2026-07-03 18:21:56,
6364,PC-103182,delivered,RD-108,2026-07-04 14:26:38,
6365,PC-103183,hub_out,RD-131,2026-07-03 01:22:18,
6366,PC-103183,delivered,RD-131,2026-07-04 17:38:06,
6367,PC-103184,hub_out,RD-105,2026-07-02 15:00:27,
6368,PC-103184,delivered,RD-105,2026-07-04 11:34:20,
6369,PC-103185,hub_out,RD-108,2026-07-04 01:30:26,
6370,PC-103185,delivered,RD-108,2026-07-04 17:26:53,
6371,PC-103186,hub_out,RD-105,2026-07-02 13:29:18,
6372,PC-103186,delivered,RD-105,2026-07-04 09:39:30,
6373,PC-103187,hub_out,RD-103,2026-07-03 13:33:00,
6374,PC-103187,delivered,RD-103,2026-07-04 15:23:53,
6375,PC-103188,hub_out,RD-103,2026-07-03 11:47:22,
6376,PC-103188,delivered,RD-103,2026-07-04 12:30:02,
6377,PC-103189,hub_out,RD-131,2026-07-04 05:30:13,
6378,PC-103189,delivered,RD-131,2026-07-04 19:58:18,
6379,PC-103190,hub_out,RD-131,2026-07-03 18:01:00,
6380,PC-103190,delivered,RD-131,2026-07-04 10:56:38,
6381,PC-103191,hub_out,RD-114,2026-07-02 18:06:18,
6382,PC-103191,delivered,RD-114,2026-07-04 09:16:44,
6383,PC-103192,hub_out,RD-114,2026-07-03 23:17:25,
6384,PC-103192,delivered,RD-114,2026-07-04 19:43:51,
6385,PC-103193,hub_out,RD-114,2026-07-04 05:42:31,
6386,PC-103193,delivered,RD-114,2026-07-04 19:25:17,
6387,PC-103194,hub_out,RD-108,2026-07-04 06:30:54,
6388,PC-103194,delivered,RD-108,2026-07-04 14:57:54,
6389,PC-103195,hub_out,RD-114,2026-07-02 23:04:15,
6390,PC-103195,delivered,RD-114,2026-07-04 12:27:52,
6391,PC-103196,hub_out,RD-131,2026-07-02 19:57:18,
6392,PC-103196,delivered,RD-131,2026-07-04 19:29:34,
6393,PC-103197,hub_out,RD-103,2026-07-03 16:36:22,
6394,PC-103197,delivered,RD-103,2026-07-04 14:57:52,
6395,PC-103198,hub_out,RD-131,2026-07-04 03:49:27,
6396,PC-103198,delivered,RD-131,2026-07-04 13:41:41,
6397,PC-103199,hub_out,RD-102,2026-07-03 06:07:30,
6398,PC-103199,delivered,RD-102,2026-07-04 17:35:14,
6399,PC-103200,hub_out,RD-103,2026-07-03 08:25:43,
6400,PC-103200,delivered,RD-103,2026-07-04 12:43:01,
6401,PC-103201,hub_out,RD-103,2026-07-02 20:05:21,
6402,PC-103201,delivered,RD-103,2026-07-04 09:49:23,
6403,PC-103202,hub_out,RD-103,2026-07-03 14:54:34,
6404,PC-103202,delivered,RD-103,2026-07-04 16:05:11,
6405,PC-103203,hub_out,RD-108,2026-07-03 20:30:20,
6406,PC-103203,delivered,RD-108,2026-07-04 17:25:00,
6407,PC-103204,hub_out,RD-108,2026-07-02 21:55:01,
6408,PC-103204,delivered,RD-108,2026-07-04 15:57:54,
6409,PC-103205,hub_out,RD-108,2026-07-02 20:02:17,
6410,PC-103205,delivered,RD-108,2026-07-04 12:55:39,
6411,PC-103206,hub_out,RD-103,2026-07-02 20:43:48,
6412,PC-103206,delivered,RD-103,2026-07-04 10:51:46,
6413,PC-103207,hub_out,RD-114,2026-07-04 06:48:40,
6414,PC-103207,delivered,RD-114,2026-07-04 15:31:37,
6415,PC-103208,hub_out,RD-108,2026-07-04 07:28:13,
6416,PC-103208,delivered,RD-108,2026-07-04 13:00:48,
6417,PC-103209,hub_out,RD-101,2026-07-03 16:10:28,
6418,PC-103209,delivered,RD-101,2026-07-04 15:37:21,
6419,PC-103210,hub_out,RD-108,2026-07-02 16:43:12,
6420,PC-103210,delivered,RD-108,2026-07-04 12:26:53,
6421,PC-103211,hub_out,RD-131,2026-07-03 14:23:15,
6422,PC-103211,delivered,RD-131,2026-07-04 11:28:32,
6423,PC-103212,hub_out,RD-102,2026-07-02 22:01:27,
6424,PC-103212,delivered,RD-102,2026-07-04 12:43:06,
6425,PC-103213,hub_out,RD-103,2026-07-03 12:57:33,
6426,PC-103213,delivered,RD-103,2026-07-04 12:26:06,
6427,PC-103214,hub_out,RD-108,2026-07-03 20:10:39,
6428,PC-103214,delivered,RD-108,2026-07-04 13:11:04,
6429,PC-103215,hub_out,RD-102,2026-07-03 06:05:56,
6430,PC-103215,delivered,RD-102,2026-07-04 19:37:10,
6431,PC-103216,hub_out,RD-103,2026-07-02 22:19:06,
6432,PC-103216,delivered,RD-103,2026-07-04 09:01:23,
6433,PC-103217,hub_out,RD-101,2026-07-03 18:26:53,
6434,PC-103217,delivered,RD-101,2026-07-04 14:22:36,
6435,PC-103218,hub_out,RD-107,2026-07-03 18:19:58,
6436,PC-103218,delivered,RD-107,2026-07-04 19:48:24,
6437,PC-103219,hub_out,RD-114,2026-07-03 09:19:12,
6438,PC-103219,delivered,RD-114,2026-07-04 18:57:43,
6439,PC-103220,hub_out,RD-131,2026-07-04 02:31:25,
6440,PC-103220,delivered,RD-131,2026-07-04 19:20:50,
6441,PC-103221,hub_out,RD-107,2026-07-03 01:56:35,
6442,PC-103221,delivered,RD-107,2026-07-04 11:03:53,
6443,PC-103222,hub_out,RD-102,2026-07-04 13:24:45,
6444,PC-103222,delivered,RD-102,2026-07-04 19:48:49,
6445,PC-103223,hub_out,RD-114,2026-07-02 20:11:54,
6446,PC-103223,delivered,RD-114,2026-07-04 10:57:18,
6447,PC-103224,hub_out,RD-103,2026-07-02 20:36:08,
6448,PC-103224,delivered,RD-103,2026-07-04 10:48:11,
6449,PC-103225,hub_out,RD-107,2026-07-02 13:24:31,
6450,PC-103225,delivered,RD-107,2026-07-04 12:31:09,
6451,PC-103226,hub_out,RD-114,2026-07-02 14:07:35,
6452,PC-103226,delivered,RD-114,2026-07-04 13:49:49,
6453,PC-103227,hub_out,RD-114,2026-07-03 22:41:09,
6454,PC-103227,delivered,RD-114,2026-07-04 15:54:14,
6455,PC-103228,hub_out,RD-131,2026-07-03 14:50:09,
6456,PC-103228,delivered,RD-131,2026-07-04 18:04:12,
6457,PC-103229,hub_out,RD-102,2026-07-03 00:00:54,
6458,PC-103229,delivered,RD-102,2026-07-04 14:52:58,
6459,PC-103230,hub_out,RD-107,2026-07-02 09:53:39,
6460,PC-103230,delivered,RD-107,2026-07-04 10:17:27,
6461,PC-103231,hub_out,RD-103,2026-07-02 22:07:47,
6462,PC-103231,delivered,RD-103,2026-07-04 15:21:19,
6463,PC-103232,hub_out,RD-101,2026-07-02 18:56:58,
6464,PC-103232,delivered,RD-101,2026-07-04 12:32:59,
6465,PC-103233,hub_out,RD-107,2026-07-02 17:43:21,
6466,PC-103233,delivered,RD-107,2026-07-04 14:27:32,
6467,PC-103234,hub_out,RD-108,2026-07-02 18:17:52,
6468,PC-103234,delivered,RD-108,2026-07-04 13:39:42,
6469,PC-103235,hub_out,RD-107,2026-07-04 04:08:09,
6470,PC-103235,delivered,RD-107,2026-07-04 15:30:05,
6471,PC-103236,hub_out,RD-101,2026-07-02 19:39:44,
6472,PC-103236,delivered,RD-101,2026-07-04 10:32:03,
6473,PC-103237,hub_out,RD-101,2026-07-02 23:02:13,
6474,PC-103237,delivered,RD-101,2026-07-04 13:19:52,
6475,PC-103238,hub_out,RD-103,2026-07-03 05:12:49,
6476,PC-103238,delivered,RD-103,2026-07-04 18:42:28,
6477,PC-103239,hub_out,RD-107,2026-07-03 15:56:13,
6478,PC-103239,delivered,RD-107,2026-07-04 14:52:49,
6479,PC-103240,hub_out,RD-105,2026-07-04 06:56:37,
6480,PC-103240,delivered,RD-105,2026-07-04 14:22:59,
6481,PC-103241,hub_out,RD-131,2026-07-03 00:55:48,
6482,PC-103241,delivered,RD-131,2026-07-04 16:43:05,
6483,PC-103242,hub_out,RD-131,2026-07-02 17:31:15,
6484,PC-103242,delivered,RD-131,2026-07-04 12:25:23,
6485,PC-103243,hub_out,RD-102,2026-07-04 00:13:32,
6486,PC-103243,delivered,RD-102,2026-07-04 13:14:21,
6487,PC-103244,hub_out,RD-101,2026-07-03 00:32:27,
6488,PC-103244,delivered,RD-101,2026-07-04 15:31:37,
6489,PC-103245,hub_out,RD-105,2026-07-03 08:52:43,
6490,PC-103245,delivered,RD-105,2026-07-04 09:51:07,
6491,PC-103246,hub_out,RD-108,2026-07-02 22:05:03,
6492,PC-103246,delivered,RD-108,2026-07-04 13:23:14,
6493,PC-103247,hub_out,RD-114,2026-07-03 15:50:59,
6494,PC-103247,failed_attempt,RD-114,2026-07-04 11:52:53,address not found
6495,PC-103248,hub_out,RD-108,2026-07-03 07:17:33,
6496,PC-103248,failed_attempt,RD-108,2026-07-04 09:22:19,customer refused
6497,PC-103249,hub_out,RD-101,2026-07-04 07:46:39,
6498,PC-103249,failed_attempt,RD-101,2026-07-04 19:55:33,shop closed
6499,PC-103250,hub_out,RD-105,2026-07-03 20:55:52,
6500,PC-103250,failed_attempt,RD-105,2026-07-04 14:40:07,customer unreachable
6501,PC-103251,hub_out,RD-107,2026-07-03 22:03:29,
6502,PC-103251,failed_attempt,RD-107,2026-07-04 15:08:33,cod not ready
6503,PC-103252,hub_out,RD-107,2026-07-04 12:00:13,
6504,PC-103252,failed_attempt,RD-107,2026-07-04 16:06:30,customer unreachable
6505,PC-103253,hub_out,RD-103,2026-07-03 17:04:08,
6506,PC-103253,failed_attempt,RD-103,2026-07-04 16:37:50,address not found
6507,PC-103254,hub_out,RD-108,2026-07-04 08:56:12,
6508,PC-103254,failed_attempt,RD-108,2026-07-04 14:39:35,customer refused
6509,PC-103255,hub_out,RD-103,2026-07-03 15:36:55,
6510,PC-103255,failed_attempt,RD-103,2026-07-04 16:52:41,shop closed
6511,PC-103256,hub_out,RD-102,2026-07-04 01:17:15,
6512,PC-103256,failed_attempt,RD-102,2026-07-04 19:01:15,shop closed
6513,PC-103257,hub_out,RD-114,2026-07-03 15:07:55,
6514,PC-103257,failed_attempt,RD-114,2026-07-04 17:04:09,address not found
6515,PC-103258,hub_out,RD-131,2026-07-03 19:13:35,
6516,PC-103258,failed_attempt,RD-131,2026-07-04 16:14:12,address not found
6517,PC-103259,hub_out,RD-102,2026-07-03 18:34:20,
6518,PC-103259,failed_attempt,RD-102,2026-07-04 15:58:33,address not found
6519,PC-103260,hub_out,RD-101,2026-07-04 13:24:14,
6520,PC-103260,delivered,RD-101,2026-07-05 11:44:37,
6521,PC-103261,hub_out,RD-107,2026-07-04 12:23:32,
6522,PC-103261,delivered,RD-107,2026-07-05 17:44:57,
6523,PC-103262,hub_out,RD-131,2026-07-04 21:59:57,
6524,PC-103262,delivered,RD-131,2026-07-05 16:01:38,
6525,PC-103263,hub_out,RD-103,2026-07-04 22:05:07,
6526,PC-103263,delivered,RD-103,2026-07-05 17:10:44,
6527,PC-103264,hub_out,RD-107,2026-07-04 23:20:42,
6528,PC-103264,delivered,RD-107,2026-07-05 19:57:01,
6529,PC-103265,hub_out,RD-108,2026-07-04 09:42:17,
6530,PC-103265,delivered,RD-108,2026-07-05 19:16:44,
6531,PC-103266,hub_out,RD-103,2026-07-04 17:05:47,
6532,PC-103266,delivered,RD-103,2026-07-05 19:26:57,
6533,PC-103267,hub_out,RD-131,2026-07-04 08:03:45,
6534,PC-103267,delivered,RD-131,2026-07-05 18:23:20,
6535,PC-103268,hub_out,RD-131,2026-07-04 09:59:42,
6536,PC-103268,delivered,RD-131,2026-07-05 14:58:45,
6537,PC-103269,hub_out,RD-114,2026-07-05 03:11:26,
6538,PC-103269,delivered,RD-114,2026-07-05 10:32:40,
6539,PC-103270,hub_out,RD-107,2026-07-04 01:34:51,
6540,PC-103270,delivered,RD-107,2026-07-05 09:43:43,
6541,PC-103271,hub_out,RD-114,2026-07-05 11:49:23,
6542,PC-103271,delivered,RD-114,2026-07-05 19:53:06,
6543,PC-103272,hub_out,RD-107,2026-07-03 21:54:29,
6544,PC-103272,delivered,RD-107,2026-07-05 10:51:47,
6545,PC-103273,hub_out,RD-103,2026-07-05 04:39:45,
6546,PC-103273,delivered,RD-103,2026-07-05 16:11:30,
6547,PC-103274,hub_out,RD-103,2026-07-03 19:26:02,
6548,PC-103274,delivered,RD-103,2026-07-05 17:56:23,
6549,PC-103275,hub_out,RD-107,2026-07-04 15:38:18,
6550,PC-103275,delivered,RD-107,2026-07-05 11:50:03,
6551,PC-103276,hub_out,RD-108,2026-07-04 02:06:58,
6552,PC-103276,delivered,RD-108,2026-07-05 09:45:09,
6553,PC-103277,hub_out,RD-107,2026-07-05 10:02:17,
6554,PC-103277,delivered,RD-107,2026-07-05 18:14:41,
6555,PC-103278,hub_out,RD-114,2026-07-04 15:41:43,
6556,PC-103278,delivered,RD-114,2026-07-05 14:01:10,
6557,PC-103279,hub_out,RD-102,2026-07-04 16:10:04,
6558,PC-103279,delivered,RD-102,2026-07-05 10:14:05,
6559,PC-103280,hub_out,RD-105,2026-07-05 02:07:50,
6560,PC-103280,delivered,RD-105,2026-07-05 18:51:19,
6561,PC-103281,hub_out,RD-107,2026-07-04 21:56:28,
6562,PC-103281,delivered,RD-107,2026-07-05 13:32:56,
6563,PC-103282,hub_out,RD-131,2026-07-05 11:35:34,
6564,PC-103282,delivered,RD-131,2026-07-05 18:52:30,
6565,PC-103283,hub_out,RD-105,2026-07-04 15:16:34,
6566,PC-103283,delivered,RD-105,2026-07-05 11:57:51,
6567,PC-103284,hub_out,RD-131,2026-07-05 03:44:49,
6568,PC-103284,delivered,RD-131,2026-07-05 09:56:46,
6569,PC-103285,hub_out,RD-102,2026-07-05 04:29:32,
6570,PC-103285,delivered,RD-102,2026-07-05 13:42:18,
6571,PC-103286,hub_out,RD-114,2026-07-03 12:11:17,
6572,PC-103286,delivered,RD-114,2026-07-05 11:26:57,
6573,PC-103287,hub_out,RD-101,2026-07-04 10:27:19,
6574,PC-103287,delivered,RD-101,2026-07-05 17:21:20,
6575,PC-103288,hub_out,RD-131,2026-07-05 10:27:43,
6576,PC-103288,delivered,RD-131,2026-07-05 19:03:48,
6577,PC-103289,hub_out,RD-101,2026-07-03 22:36:55,
6578,PC-103289,delivered,RD-101,2026-07-05 13:01:02,
6579,PC-103290,hub_out,RD-103,2026-07-04 01:16:12,
6580,PC-103290,delivered,RD-103,2026-07-05 15:32:06,
6581,PC-103291,hub_out,RD-107,2026-07-03 21:05:12,
6582,PC-103291,delivered,RD-107,2026-07-05 14:18:56,
6583,PC-103292,hub_out,RD-105,2026-07-03 15:23:40,
6584,PC-103292,delivered,RD-105,2026-07-05 11:33:42,
6585,PC-103293,hub_out,RD-103,2026-07-04 00:37:44,
6586,PC-103293,delivered,RD-103,2026-07-05 16:48:07,
6587,PC-103294,hub_out,RD-102,2026-07-03 18:33:20,
6588,PC-103294,delivered,RD-102,2026-07-05 15:24:49,
6589,PC-103295,hub_out,RD-108,2026-07-04 12:29:59,
6590,PC-103295,delivered,RD-108,2026-07-05 11:12:56,
6591,PC-103296,hub_out,RD-103,2026-07-04 07:50:38,
6592,PC-103296,delivered,RD-103,2026-07-05 14:15:04,
6593,PC-103297,hub_out,RD-105,2026-07-05 03:11:30,
6594,PC-103297,delivered,RD-105,2026-07-05 13:23:00,
6595,PC-103298,hub_out,RD-105,2026-07-03 19:21:33,
6596,PC-103298,delivered,RD-105,2026-07-05 11:54:23,
6597,PC-103299,hub_out,RD-131,2026-07-05 07:55:33,
6598,PC-103299,delivered,RD-131,2026-07-05 13:32:10,
6599,PC-103300,hub_out,RD-131,2026-07-04 14:09:41,
6600,PC-103300,delivered,RD-131,2026-07-05 09:57:03,
6601,PC-103301,hub_out,RD-108,2026-07-05 01:31:36,
6602,PC-103301,delivered,RD-108,2026-07-05 16:26:12,
6603,PC-103302,hub_out,RD-102,2026-07-04 05:24:30,
6604,PC-103302,delivered,RD-102,2026-07-05 17:40:27,
6605,PC-103303,hub_out,RD-131,2026-07-04 17:04:44,
6606,PC-103303,delivered,RD-131,2026-07-05 10:11:37,
6607,PC-103304,hub_out,RD-114,2026-07-04 00:39:28,
6608,PC-103304,delivered,RD-114,2026-07-05 11:17:31,
6609,PC-103305,hub_out,RD-131,2026-07-04 12:04:52,
6610,PC-103305,delivered,RD-131,2026-07-05 13:12:23,
6611,PC-103306,hub_out,RD-103,2026-07-05 05:22:04,
6612,PC-103306,delivered,RD-103,2026-07-05 13:56:46,
6613,PC-103307,hub_out,RD-107,2026-07-04 23:34:17,
6614,PC-103307,delivered,RD-107,2026-07-05 18:34:21,
6615,PC-103308,hub_out,RD-102,2026-07-04 15:43:20,
6616,PC-103308,delivered,RD-102,2026-07-05 11:14:21,
6617,PC-103309,hub_out,RD-108,2026-07-03 16:31:35,
6618,PC-103309,delivered,RD-108,2026-07-05 16:48:15,
6619,PC-103310,hub_out,RD-107,2026-07-05 05:34:47,
6620,PC-103310,delivered,RD-107,2026-07-05 16:30:54,
6621,PC-103311,hub_out,RD-108,2026-07-04 04:04:44,
6622,PC-103311,delivered,RD-108,2026-07-05 19:35:23,
6623,PC-103312,hub_out,RD-105,2026-07-04 21:17:45,
6624,PC-103312,delivered,RD-105,2026-07-05 10:50:16,
6625,PC-103313,hub_out,RD-102,2026-07-03 23:34:37,
6626,PC-103313,delivered,RD-102,2026-07-05 18:52:36,
6627,PC-103314,hub_out,RD-107,2026-07-03 22:09:51,
6628,PC-103314,delivered,RD-107,2026-07-05 15:47:33,
6629,PC-103315,hub_out,RD-107,2026-07-04 20:05:03,
6630,PC-103315,delivered,RD-107,2026-07-05 11:29:11,
6631,PC-103316,hub_out,RD-101,2026-07-04 00:26:31,
6632,PC-103316,delivered,RD-101,2026-07-05 16:04:09,
6633,PC-103317,hub_out,RD-107,2026-07-04 06:51:56,
6634,PC-103317,delivered,RD-107,2026-07-05 17:53:32,
6635,PC-103318,hub_out,RD-105,2026-07-05 05:54:59,
6636,PC-103318,delivered,RD-105,2026-07-05 14:33:53,
6637,PC-103319,hub_out,RD-114,2026-07-04 18:09:00,
6638,PC-103319,delivered,RD-114,2026-07-05 18:44:38,
6639,PC-103320,hub_out,RD-103,2026-07-04 20:54:23,
6640,PC-103320,delivered,RD-103,2026-07-05 13:43:09,
6641,PC-103321,hub_out,RD-114,2026-07-04 09:15:17,
6642,PC-103321,delivered,RD-114,2026-07-05 15:15:54,
6643,PC-103322,hub_out,RD-107,2026-07-05 09:02:19,
6644,PC-103322,delivered,RD-107,2026-07-05 17:27:40,
6645,PC-103323,hub_out,RD-101,2026-07-05 00:10:35,
6646,PC-103323,delivered,RD-101,2026-07-05 12:33:24,
6647,PC-103324,hub_out,RD-107,2026-07-05 04:07:09,
6648,PC-103324,delivered,RD-107,2026-07-05 19:38:36,
6649,PC-103325,hub_out,RD-131,2026-07-04 14:02:20,
6650,PC-103325,delivered,RD-131,2026-07-05 10:59:07,
6651,PC-103326,hub_out,RD-114,2026-07-03 19:43:49,
6652,PC-103326,delivered,RD-114,2026-07-05 15:06:52,
6653,PC-103327,hub_out,RD-103,2026-07-04 07:19:15,
6654,PC-103327,delivered,RD-103,2026-07-05 15:49:58,
6655,PC-103328,hub_out,RD-108,2026-07-03 15:55:59,
6656,PC-103328,delivered,RD-108,2026-07-05 10:52:31,
6657,PC-103329,hub_out,RD-108,2026-07-05 09:16:14,
6658,PC-103329,delivered,RD-108,2026-07-05 14:05:33,
6659,PC-103330,hub_out,RD-108,2026-07-05 10:19:57,
6660,PC-103330,delivered,RD-108,2026-07-05 19:16:51,
6661,PC-103331,hub_out,RD-103,2026-07-03 23:54:01,
6662,PC-103331,delivered,RD-103,2026-07-05 09:31:48,
6663,PC-103332,hub_out,RD-131,2026-07-04 07:03:35,
6664,PC-103332,delivered,RD-131,2026-07-05 18:54:59,
6665,PC-103333,hub_out,RD-102,2026-07-04 07:55:43,
6666,PC-103333,delivered,RD-102,2026-07-05 10:56:08,
6667,PC-103334,hub_out,RD-108,2026-07-04 08:37:00,
6668,PC-103334,delivered,RD-108,2026-07-05 17:52:10,
6669,PC-103335,hub_out,RD-107,2026-07-04 08:39:04,
6670,PC-103335,delivered,RD-107,2026-07-05 10:29:47,
6671,PC-103336,hub_out,RD-102,2026-07-04 11:36:27,
6672,PC-103336,delivered,RD-102,2026-07-05 09:36:54,
6673,PC-103337,hub_out,RD-114,2026-07-04 17:44:42,
6674,PC-103337,delivered,RD-114,2026-07-05 13:47:28,
6675,PC-103338,hub_out,RD-108,2026-07-03 16:11:47,
6676,PC-103338,delivered,RD-108,2026-07-05 13:43:00,
6677,PC-103339,hub_out,RD-103,2026-07-04 05:37:23,
6678,PC-103339,delivered,RD-103,2026-07-05 11:51:44,
6679,PC-103340,hub_out,RD-103,2026-07-04 00:13:46,
6680,PC-103340,delivered,RD-103,2026-07-05 18:33:19,
6681,PC-103341,hub_out,RD-105,2026-07-04 10:21:16,
6682,PC-103341,delivered,RD-105,2026-07-05 17:43:07,
6683,PC-103342,hub_out,RD-102,2026-07-04 01:00:10,
6684,PC-103342,delivered,RD-102,2026-07-05 13:38:22,
6685,PC-103343,hub_out,RD-103,2026-07-04 18:20:19,
6686,PC-103343,delivered,RD-103,2026-07-05 15:18:30,
6687,PC-103344,hub_out,RD-101,2026-07-04 00:55:11,
6688,PC-103344,delivered,RD-101,2026-07-05 10:58:02,
6689,PC-103345,hub_out,RD-131,2026-07-05 01:38:39,
6690,PC-103345,delivered,RD-131,2026-07-05 18:20:29,
6691,PC-103346,hub_out,RD-102,2026-07-04 00:28:34,
6692,PC-103346,delivered,RD-102,2026-07-05 14:48:32,
6693,PC-103347,hub_out,RD-107,2026-07-05 00:20:25,
6694,PC-103347,delivered,RD-107,2026-07-05 16:20:00,
6695,PC-103348,hub_out,RD-101,2026-07-04 06:02:59,
6696,PC-103348,delivered,RD-101,2026-07-05 13:01:55,
6697,PC-103349,hub_out,RD-101,2026-07-03 14:21:29,
6698,PC-103349,delivered,RD-101,2026-07-05 12:54:26,
6699,PC-103350,hub_out,RD-131,2026-07-04 14:08:40,
6700,PC-103350,delivered,RD-131,2026-07-05 11:55:04,
6701,PC-103351,hub_out,RD-103,2026-07-04 18:41:49,
6702,PC-103351,delivered,RD-103,2026-07-05 10:35:11,
6703,PC-103352,hub_out,RD-107,2026-07-04 05:17:09,
6704,PC-103352,delivered,RD-107,2026-07-05 11:24:45,
6705,PC-103353,hub_out,RD-107,2026-07-04 14:25:23,
6706,PC-103353,delivered,RD-107,2026-07-05 09:42:16,
6707,PC-103354,hub_out,RD-101,2026-07-04 11:54:32,
6708,PC-103354,delivered,RD-101,2026-07-05 17:34:23,
6709,PC-103355,hub_out,RD-108,2026-07-05 05:28:23,
6710,PC-103355,delivered,RD-108,2026-07-05 12:55:49,
6711,PC-103356,hub_out,RD-114,2026-07-05 05:50:17,
6712,PC-103356,delivered,RD-114,2026-07-05 13:55:50,
6713,PC-103357,hub_out,RD-108,2026-07-04 10:26:00,
6714,PC-103357,delivered,RD-108,2026-07-05 16:59:44,
6715,PC-103358,hub_out,RD-103,2026-07-04 02:48:59,
6716,PC-103358,delivered,RD-103,2026-07-05 13:14:36,
6717,PC-103359,hub_out,RD-114,2026-07-04 02:23:03,
6718,PC-103359,delivered,RD-114,2026-07-05 18:07:12,
6719,PC-103360,hub_out,RD-102,2026-07-03 17:45:54,
6720,PC-103360,delivered,RD-102,2026-07-05 16:59:49,
6721,PC-103361,hub_out,RD-107,2026-07-04 15:56:14,
6722,PC-103361,delivered,RD-107,2026-07-05 15:22:29,
6723,PC-103362,hub_out,RD-102,2026-07-05 12:07:32,
6724,PC-103362,delivered,RD-102,2026-07-05 18:40:10,
6725,PC-103363,hub_out,RD-114,2026-07-04 21:55:40,
6726,PC-103363,delivered,RD-114,2026-07-05 14:00:15,
6727,PC-103364,hub_out,RD-108,2026-07-05 00:38:35,
6728,PC-103364,delivered,RD-108,2026-07-05 13:11:40,
6729,PC-103365,hub_out,RD-101,2026-07-04 23:34:44,
6730,PC-103365,delivered,RD-101,2026-07-05 14:31:01,
6731,PC-103366,hub_out,RD-131,2026-07-04 04:30:33,
6732,PC-103366,delivered,RD-131,2026-07-05 18:21:51,
6733,PC-103367,hub_out,RD-107,2026-07-04 16:39:24,
6734,PC-103367,delivered,RD-107,2026-07-05 14:04:40,
6735,PC-103368,hub_out,RD-101,2026-07-04 13:16:29,
6736,PC-103368,delivered,RD-101,2026-07-05 15:39:42,
6737,PC-103369,hub_out,RD-105,2026-07-04 20:13:48,
6738,PC-103369,delivered,RD-105,2026-07-05 10:21:45,
6739,PC-103370,hub_out,RD-102,2026-07-05 07:32:45,
6740,PC-103370,delivered,RD-102,2026-07-05 16:43:40,
6741,PC-103371,hub_out,RD-102,2026-07-04 21:58:47,
6742,PC-103371,delivered,RD-102,2026-07-05 09:42:31,
6743,PC-103372,hub_out,RD-131,2026-07-04 00:15:10,
6744,PC-103372,delivered,RD-131,2026-07-05 16:16:13,
6745,PC-103373,hub_out,RD-102,2026-07-05 05:55:25,
6746,PC-103373,delivered,RD-102,2026-07-05 15:28:14,
6747,PC-103374,hub_out,RD-108,2026-07-05 08:02:59,
6748,PC-103374,delivered,RD-108,2026-07-05 16:17:39,
6749,PC-103375,hub_out,RD-105,2026-07-04 10:46:33,
6750,PC-103375,delivered,RD-105,2026-07-05 10:41:39,
6751,PC-103376,hub_out,RD-108,2026-07-04 00:27:13,
6752,PC-103376,delivered,RD-108,2026-07-05 11:54:06,
6753,PC-103377,hub_out,RD-102,2026-07-04 17:54:02,
6754,PC-103377,delivered,RD-102,2026-07-05 12:44:12,
6755,PC-103378,hub_out,RD-102,2026-07-03 12:53:24,
6756,PC-103378,delivered,RD-102,2026-07-05 13:25:39,
6757,PC-103379,hub_out,RD-107,2026-07-04 15:42:02,
6758,PC-103379,delivered,RD-107,2026-07-05 14:49:22,
6759,PC-103380,hub_out,RD-102,2026-07-03 17:34:39,
6760,PC-103380,delivered,RD-102,2026-07-05 13:03:56,
6761,PC-103381,hub_out,RD-131,2026-07-04 02:06:50,
6762,PC-103381,delivered,RD-131,2026-07-05 12:30:17,
6763,PC-103382,hub_out,RD-131,2026-07-04 04:23:42,
6764,PC-103382,delivered,RD-131,2026-07-05 16:35:47,
6765,PC-103383,hub_out,RD-102,2026-07-04 02:53:22,
6766,PC-103383,delivered,RD-102,2026-07-05 18:16:40,
6767,PC-103384,hub_out,RD-103,2026-07-03 23:17:41,
6768,PC-103384,delivered,RD-103,2026-07-05 10:57:47,
6769,PC-103385,hub_out,RD-108,2026-07-05 04:10:37,
6770,PC-103385,delivered,RD-108,2026-07-05 19:28:37,
6771,PC-103386,hub_out,RD-103,2026-07-04 23:47:50,
6772,PC-103386,delivered,RD-103,2026-07-05 14:45:12,
6773,PC-103387,hub_out,RD-114,2026-07-05 10:57:10,
6774,PC-103387,delivered,RD-114,2026-07-05 16:36:07,
6775,PC-103388,hub_out,RD-108,2026-07-05 00:08:29,
6776,PC-103388,delivered,RD-108,2026-07-05 14:52:36,
6777,PC-103389,hub_out,RD-108,2026-07-03 21:36:56,
6778,PC-103389,delivered,RD-108,2026-07-05 12:57:52,
6779,PC-103390,hub_out,RD-107,2026-07-04 19:10:19,
6780,PC-103390,delivered,RD-107,2026-07-05 09:03:27,
6781,PC-103391,hub_out,RD-105,2026-07-04 14:32:56,
6782,PC-103391,delivered,RD-105,2026-07-05 09:20:06,
6783,PC-103392,hub_out,RD-108,2026-07-04 12:52:09,
6784,PC-103392,delivered,RD-108,2026-07-05 11:13:49,
6785,PC-103393,hub_out,RD-108,2026-07-04 21:06:39,
6786,PC-103393,delivered,RD-108,2026-07-05 13:22:08,
6787,PC-103394,hub_out,RD-102,2026-07-03 13:29:10,
6788,PC-103394,delivered,RD-102,2026-07-05 11:04:39,
6789,PC-103395,hub_out,RD-105,2026-07-04 11:23:18,
6790,PC-103395,delivered,RD-105,2026-07-05 19:50:16,
6791,PC-103396,hub_out,RD-107,2026-07-04 11:10:11,
6792,PC-103396,delivered,RD-107,2026-07-05 17:20:40,
6793,PC-103397,hub_out,RD-114,2026-07-05 02:15:25,
6794,PC-103397,delivered,RD-114,2026-07-05 12:18:13,
6795,PC-103398,hub_out,RD-103,2026-07-04 08:41:02,
6796,PC-103398,delivered,RD-103,2026-07-05 13:33:01,
6797,PC-103399,hub_out,RD-114,2026-07-05 05:35:20,
6798,PC-103399,delivered,RD-114,2026-07-05 14:31:34,
6799,PC-103400,hub_out,RD-101,2026-07-05 08:26:20,
6800,PC-103400,delivered,RD-101,2026-07-05 19:16:45,
6801,PC-103401,hub_out,RD-103,2026-07-04 14:38:20,
6802,PC-103401,delivered,RD-103,2026-07-05 13:54:46,
6803,PC-103402,hub_out,RD-108,2026-07-03 15:55:29,
6804,PC-103402,delivered,RD-108,2026-07-05 14:18:13,
6805,PC-103403,hub_out,RD-102,2026-07-03 22:19:48,
6806,PC-103403,delivered,RD-102,2026-07-05 19:30:51,
6807,PC-103404,hub_out,RD-102,2026-07-03 18:11:15,
6808,PC-103404,delivered,RD-102,2026-07-05 16:04:44,
6809,PC-103405,hub_out,RD-102,2026-07-03 18:15:59,
6810,PC-103405,delivered,RD-102,2026-07-05 12:07:46,
6811,PC-103406,hub_out,RD-103,2026-07-03 16:39:48,
6812,PC-103406,delivered,RD-103,2026-07-05 09:36:33,
6813,PC-103407,hub_out,RD-114,2026-07-03 17:04:27,
6814,PC-103407,delivered,RD-114,2026-07-05 15:36:20,
6815,PC-103408,hub_out,RD-114,2026-07-03 19:04:01,
6816,PC-103408,delivered,RD-114,2026-07-05 11:46:55,
6817,PC-103409,hub_out,RD-105,2026-07-04 21:33:18,
6818,PC-103409,delivered,RD-105,2026-07-05 11:57:07,
6819,PC-103410,hub_out,RD-107,2026-07-04 06:20:53,
6820,PC-103410,delivered,RD-107,2026-07-05 17:24:57,
6821,PC-103411,hub_out,RD-107,2026-07-03 09:32:45,
6822,PC-103411,delivered,RD-107,2026-07-05 09:50:13,
6823,PC-103412,hub_out,RD-107,2026-07-05 03:29:59,
6824,PC-103412,delivered,RD-107,2026-07-05 17:47:57,
6825,PC-103413,hub_out,RD-101,2026-07-03 17:50:43,
6826,PC-103413,delivered,RD-101,2026-07-05 11:50:32,
6827,PC-103414,hub_out,RD-107,2026-07-05 08:46:33,
6828,PC-103414,delivered,RD-107,2026-07-05 16:55:37,
6829,PC-103415,hub_out,RD-105,2026-07-04 03:49:16,
6830,PC-103415,delivered,RD-105,2026-07-05 12:59:23,
6831,PC-103416,hub_out,RD-108,2026-07-03 19:07:38,
6832,PC-103416,delivered,RD-108,2026-07-05 10:32:14,
6833,PC-103417,hub_out,RD-103,2026-07-03 22:41:50,
6834,PC-103417,delivered,RD-103,2026-07-05 13:26:38,
6835,PC-103418,hub_out,RD-101,2026-07-04 04:55:35,
6836,PC-103418,delivered,RD-101,2026-07-05 15:09:36,
6837,PC-103419,hub_out,RD-102,2026-07-03 21:40:17,
6838,PC-103419,delivered,RD-102,2026-07-05 11:01:52,
6839,PC-103420,hub_out,RD-108,2026-07-05 05:36:24,
6840,PC-103420,delivered,RD-108,2026-07-05 17:02:12,
6841,PC-103421,hub_out,RD-101,2026-07-04 00:46:39,
6842,PC-103421,delivered,RD-101,2026-07-05 13:35:39,
6843,PC-103422,hub_out,RD-131,2026-07-05 05:06:45,
6844,PC-103422,delivered,RD-131,2026-07-05 19:44:14,
6845,PC-103423,hub_out,RD-108,2026-07-05 01:42:18,
6846,PC-103423,delivered,RD-108,2026-07-05 13:17:40,
6847,PC-103424,hub_out,RD-108,2026-07-04 05:20:54,
6848,PC-103424,delivered,RD-108,2026-07-05 19:30:51,
6849,PC-103425,hub_out,RD-131,2026-07-03 19:25:01,
6850,PC-103425,delivered,RD-131,2026-07-05 17:37:07,
6851,PC-103426,hub_out,RD-107,2026-07-04 05:04:48,
6852,PC-103426,delivered,RD-107,2026-07-05 14:24:42,
6853,PC-103427,hub_out,RD-101,2026-07-04 02:14:04,
6854,PC-103427,delivered,RD-101,2026-07-05 09:05:50,
6855,PC-103428,hub_out,RD-107,2026-07-04 02:44:25,
6856,PC-103428,delivered,RD-107,2026-07-05 14:45:07,
6857,PC-103429,hub_out,RD-114,2026-07-04 01:39:22,
6858,PC-103429,delivered,RD-114,2026-07-05 11:07:08,
6859,PC-103430,hub_out,RD-103,2026-07-04 19:59:03,
6860,PC-103430,delivered,RD-103,2026-07-05 18:35:05,
6861,PC-103431,hub_out,RD-107,2026-07-03 17:28:45,
6862,PC-103431,delivered,RD-107,2026-07-05 18:07:04,
6863,PC-103432,hub_out,RD-105,2026-07-04 02:27:54,
6864,PC-103432,delivered,RD-105,2026-07-05 09:04:00,
6865,PC-103433,hub_out,RD-114,2026-07-04 01:11:22,
6866,PC-103433,delivered,RD-114,2026-07-05 17:34:21,
6867,PC-103434,hub_out,RD-105,2026-07-03 21:25:55,
6868,PC-103434,delivered,RD-105,2026-07-05 19:01:05,
6869,PC-103435,hub_out,RD-102,2026-07-04 22:01:14,
6870,PC-103435,delivered,RD-102,2026-07-05 19:29:46,
6871,PC-103436,hub_out,RD-101,2026-07-05 05:27:49,
6872,PC-103436,delivered,RD-101,2026-07-05 12:22:17,
6873,PC-103437,hub_out,RD-108,2026-07-04 11:55:45,
6874,PC-103437,delivered,RD-108,2026-07-05 11:10:27,
6875,PC-103438,hub_out,RD-114,2026-07-05 05:24:03,
6876,PC-103438,delivered,RD-114,2026-07-05 13:21:32,
6877,PC-103439,hub_out,RD-131,2026-07-05 00:35:53,
6878,PC-103439,delivered,RD-131,2026-07-05 09:00:41,
6879,PC-103440,hub_out,RD-102,2026-07-03 13:33:59,
6880,PC-103440,delivered,RD-102,2026-07-05 09:28:04,
6881,PC-103441,hub_out,RD-107,2026-07-04 04:55:18,
6882,PC-103441,delivered,RD-107,2026-07-05 10:58:34,
6883,PC-103442,hub_out,RD-103,2026-07-03 22:57:38,
6884,PC-103442,delivered,RD-103,2026-07-05 16:47:15,
6885,PC-103443,hub_out,RD-107,2026-07-04 08:34:00,
6886,PC-103443,delivered,RD-107,2026-07-05 14:25:59,
6887,PC-103444,hub_out,RD-108,2026-07-04 09:18:36,
6888,PC-103444,delivered,RD-108,2026-07-05 18:36:02,
6889,PC-103445,hub_out,RD-102,2026-07-05 00:33:39,
6890,PC-103445,delivered,RD-102,2026-07-05 14:31:52,
6891,PC-103446,hub_out,RD-102,2026-07-04 06:53:51,
6892,PC-103446,delivered,RD-102,2026-07-05 11:38:36,
6893,PC-103447,hub_out,RD-131,2026-07-03 15:06:12,
6894,PC-103447,delivered,RD-131,2026-07-05 11:13:55,
6895,PC-103448,hub_out,RD-102,2026-07-03 19:57:29,
6896,PC-103448,delivered,RD-102,2026-07-05 13:36:17,
6897,PC-103449,hub_out,RD-131,2026-07-03 19:38:52,
6898,PC-103449,delivered,RD-131,2026-07-05 18:47:40,
6899,PC-103450,hub_out,RD-102,2026-07-04 06:03:48,
6900,PC-103450,delivered,RD-102,2026-07-05 10:41:59,
6901,PC-103451,hub_out,RD-101,2026-07-04 13:02:09,
6902,PC-103451,delivered,RD-101,2026-07-05 11:53:34,
6903,PC-103452,hub_out,RD-107,2026-07-03 21:48:51,
6904,PC-103452,delivered,RD-107,2026-07-05 18:15:09,
6905,PC-103453,hub_out,RD-114,2026-07-03 18:51:31,
6906,PC-103453,delivered,RD-114,2026-07-05 17:35:45,
6907,PC-103454,hub_out,RD-107,2026-07-03 18:10:09,
6908,PC-103454,delivered,RD-107,2026-07-05 16:50:36,
6909,PC-103455,hub_out,RD-107,2026-07-05 01:24:28,
6910,PC-103455,delivered,RD-107,2026-07-05 18:26:11,
6911,PC-103456,hub_out,RD-102,2026-07-05 04:29:22,
6912,PC-103456,failed_attempt,RD-102,2026-07-05 10:37:09,shop closed
6913,PC-103457,hub_out,RD-108,2026-07-04 13:56:39,
6914,PC-103457,failed_attempt,RD-108,2026-07-05 14:34:42,customer unreachable
6915,PC-103458,hub_out,RD-107,2026-07-04 16:58:32,
6916,PC-103458,failed_attempt,RD-107,2026-07-05 10:26:18,customer refused
6917,PC-103459,hub_out,RD-101,2026-07-04 08:06:57,
6918,PC-103459,failed_attempt,RD-101,2026-07-05 11:52:12,customer unreachable
6919,PC-103460,hub_out,RD-102,2026-07-04 20:49:35,
6920,PC-103460,failed_attempt,RD-102,2026-07-05 15:45:35,customer refused
6921,PC-103461,hub_out,RD-105,2026-07-05 10:03:01,
6922,PC-103461,failed_attempt,RD-105,2026-07-05 15:24:05,address not found
6923,PC-103462,hub_out,RD-101,2026-07-04 17:14:57,
6924,PC-103462,delivered,RD-101,2026-07-06 09:08:14,
6925,PC-103463,hub_out,RD-102,2026-07-05 16:29:52,
6926,PC-103463,delivered,RD-102,2026-07-06 10:26:04,
6927,PC-103464,hub_out,RD-108,2026-07-05 19:47:43,
6928,PC-103464,delivered,RD-108,2026-07-06 14:13:08,
6929,PC-103465,hub_out,RD-108,2026-07-05 08:24:30,
6930,PC-103465,delivered,RD-108,2026-07-06 12:57:20,
6931,PC-103466,hub_out,RD-131,2026-07-06 10:56:55,
6932,PC-103466,delivered,RD-131,2026-07-06 15:23:24,
6933,PC-103467,hub_out,RD-108,2026-07-06 08:46:51,
6934,PC-103467,delivered,RD-108,2026-07-06 15:42:36,
6935,PC-103468,hub_out,RD-114,2026-07-05 02:57:59,
6936,PC-103468,delivered,RD-114,2026-07-06 12:59:15,
6937,PC-103469,hub_out,RD-102,2026-07-05 02:34:05,
6938,PC-103469,delivered,RD-102,2026-07-06 18:34:39,
6939,PC-103470,hub_out,RD-105,2026-07-05 07:49:08,
6940,PC-103470,delivered,RD-105,2026-07-06 16:14:48,
6941,PC-103471,hub_out,RD-114,2026-07-05 04:59:00,
6942,PC-103471,delivered,RD-114,2026-07-06 14:29:18,
6943,PC-103472,hub_out,RD-103,2026-07-04 22:21:17,
6944,PC-103472,delivered,RD-103,2026-07-06 16:09:11,
6945,PC-103473,hub_out,RD-107,2026-07-05 04:17:06,
6946,PC-103473,delivered,RD-107,2026-07-06 11:58:07,
6947,PC-103474,hub_out,RD-103,2026-07-05 12:50:47,
6948,PC-103474,delivered,RD-103,2026-07-06 18:24:31,
6949,PC-103475,hub_out,RD-108,2026-07-05 02:22:53,
6950,PC-103475,delivered,RD-108,2026-07-06 14:03:21,
6951,PC-103476,hub_out,RD-101,2026-07-05 10:20:34,
6952,PC-103476,delivered,RD-101,2026-07-06 12:52:47,
6953,PC-103477,hub_out,RD-108,2026-07-05 06:09:43,
6954,PC-103477,delivered,RD-108,2026-07-06 18:23:11,
6955,PC-103478,hub_out,RD-114,2026-07-05 10:27:26,
6956,PC-103478,delivered,RD-114,2026-07-06 13:59:10,
6957,PC-103479,hub_out,RD-101,2026-07-04 19:51:55,
6958,PC-103479,delivered,RD-101,2026-07-06 18:13:20,
6959,PC-103480,hub_out,RD-105,2026-07-04 23:41:40,
6960,PC-103480,delivered,RD-105,2026-07-06 19:21:50,
6961,PC-103481,hub_out,RD-102,2026-07-06 02:03:54,
6962,PC-103481,delivered,RD-102,2026-07-06 14:47:11,
6963,PC-103482,hub_out,RD-105,2026-07-05 00:32:37,
6964,PC-103482,delivered,RD-105,2026-07-06 09:03:22,
6965,PC-103483,hub_out,RD-103,2026-07-05 19:14:56,
6966,PC-103483,delivered,RD-103,2026-07-06 19:12:23,
6967,PC-103484,hub_out,RD-107,2026-07-04 20:20:10,
6968,PC-103484,delivered,RD-107,2026-07-06 09:25:18,
6969,PC-103485,hub_out,RD-103,2026-07-05 05:24:39,
6970,PC-103485,delivered,RD-103,2026-07-06 09:26:16,
6971,PC-103486,hub_out,RD-107,2026-07-05 22:00:10,
6972,PC-103486,delivered,RD-107,2026-07-06 09:59:47,
6973,PC-103487,hub_out,RD-101,2026-07-04 15:51:25,
6974,PC-103487,delivered,RD-101,2026-07-06 11:31:30,
6975,PC-103488,hub_out,RD-102,2026-07-05 22:55:40,
6976,PC-103488,delivered,RD-102,2026-07-06 19:41:04,
6977,PC-103489,hub_out,RD-103,2026-07-05 21:21:53,
6978,PC-103489,delivered,RD-103,2026-07-06 15:15:48,
6979,PC-103490,hub_out,RD-107,2026-07-04 17:51:23,
6980,PC-103490,delivered,RD-107,2026-07-06 13:23:19,
6981,PC-103491,hub_out,RD-107,2026-07-04 16:05:46,
6982,PC-103491,delivered,RD-107,2026-07-06 09:17:11,
6983,PC-103492,hub_out,RD-107,2026-07-05 02:01:43,
6984,PC-103492,delivered,RD-107,2026-07-06 12:06:22,
6985,PC-103493,hub_out,RD-114,2026-07-05 14:14:43,
6986,PC-103493,delivered,RD-114,2026-07-06 17:51:39,
6987,PC-103494,hub_out,RD-105,2026-07-04 21:17:04,
6988,PC-103494,delivered,RD-105,2026-07-06 10:25:46,
6989,PC-103495,hub_out,RD-101,2026-07-06 09:35:45,
6990,PC-103495,delivered,RD-101,2026-07-06 16:19:52,
6991,PC-103496,hub_out,RD-108,2026-07-05 03:07:47,
6992,PC-103496,delivered,RD-108,2026-07-06 19:59:40,
6993,PC-103497,hub_out,RD-102,2026-07-04 15:51:26,
6994,PC-103497,delivered,RD-102,2026-07-06 12:45:14,
6995,PC-103498,hub_out,RD-102,2026-07-06 05:23:54,
6996,PC-103498,delivered,RD-102,2026-07-06 16:41:19,
6997,PC-103499,hub_out,RD-101,2026-07-05 17:04:41,
6998,PC-103499,delivered,RD-101,2026-07-06 09:42:57,
6999,PC-103500,hub_out,RD-131,2026-07-05 19:06:41,
7000,PC-103500,delivered,RD-131,2026-07-06 09:50:49,
7001,PC-103501,hub_out,RD-101,2026-07-06 03:46:44,
7002,PC-103501,delivered,RD-101,2026-07-06 17:01:15,
7003,PC-103502,hub_out,RD-103,2026-07-06 08:00:39,
7004,PC-103502,delivered,RD-103,2026-07-06 14:48:21,
7005,PC-103503,hub_out,RD-114,2026-07-05 14:01:32,
7006,PC-103503,delivered,RD-114,2026-07-06 10:53:50,
7007,PC-103504,hub_out,RD-114,2026-07-04 22:15:56,
7008,PC-103504,delivered,RD-114,2026-07-06 13:14:22,
7009,PC-103505,hub_out,RD-102,2026-07-06 00:49:53,
7010,PC-103505,delivered,RD-102,2026-07-06 10:15:28,
7011,PC-103506,hub_out,RD-108,2026-07-06 00:06:09,
7012,PC-103506,delivered,RD-108,2026-07-06 09:14:19,
7013,PC-103507,hub_out,RD-131,2026-07-06 03:49:46,
7014,PC-103507,delivered,RD-131,2026-07-06 19:07:26,
7015,PC-103508,hub_out,RD-107,2026-07-05 20:39:26,
7016,PC-103508,delivered,RD-107,2026-07-06 14:30:29,
7017,PC-103509,hub_out,RD-105,2026-07-05 09:26:39,
7018,PC-103509,delivered,RD-105,2026-07-06 09:34:19,
7019,PC-103510,hub_out,RD-102,2026-07-05 04:02:05,
7020,PC-103510,delivered,RD-102,2026-07-06 18:21:53,
7021,PC-103511,hub_out,RD-131,2026-07-04 23:06:26,
7022,PC-103511,delivered,RD-131,2026-07-06 10:49:07,
7023,PC-103512,hub_out,RD-108,2026-07-05 07:07:29,
7024,PC-103512,delivered,RD-108,2026-07-06 15:51:08,
7025,PC-103513,hub_out,RD-105,2026-07-05 10:12:14,
7026,PC-103513,delivered,RD-105,2026-07-06 09:16:01,
7027,PC-103514,hub_out,RD-103,2026-07-04 17:35:07,
7028,PC-103514,delivered,RD-103,2026-07-06 09:10:11,
7029,PC-103515,hub_out,RD-103,2026-07-04 19:37:05,
7030,PC-103515,delivered,RD-103,2026-07-06 18:53:51,
7031,PC-103516,hub_out,RD-101,2026-07-04 15:28:48,
7032,PC-103516,delivered,RD-101,2026-07-06 09:46:43,
7033,PC-103517,hub_out,RD-105,2026-07-05 15:18:57,
7034,PC-103517,delivered,RD-105,2026-07-06 09:29:15,
7035,PC-103518,hub_out,RD-103,2026-07-04 17:28:01,
7036,PC-103518,delivered,RD-103,2026-07-06 14:18:36,
7037,PC-103519,hub_out,RD-131,2026-07-05 19:27:51,
7038,PC-103519,delivered,RD-131,2026-07-06 11:27:52,
7039,PC-103520,hub_out,RD-102,2026-07-06 03:03:15,
7040,PC-103520,delivered,RD-102,2026-07-06 18:09:33,
7041,PC-103521,hub_out,RD-108,2026-07-06 05:51:04,
7042,PC-103521,delivered,RD-108,2026-07-06 19:20:27,
7043,PC-103522,hub_out,RD-102,2026-07-05 17:26:09,
7044,PC-103522,delivered,RD-102,2026-07-06 18:46:18,
7045,PC-103523,hub_out,RD-102,2026-07-05 22:58:33,
7046,PC-103523,delivered,RD-102,2026-07-06 09:08:49,
7047,PC-103524,hub_out,RD-131,2026-07-05 15:37:42,
7048,PC-103524,delivered,RD-131,2026-07-06 09:34:06,
7049,PC-103525,hub_out,RD-103,2026-07-05 20:29:36,
7050,PC-103525,delivered,RD-103,2026-07-06 15:15:17,
7051,PC-103526,hub_out,RD-107,2026-07-05 04:47:26,
7052,PC-103526,delivered,RD-107,2026-07-06 16:07:20,
7053,PC-103527,hub_out,RD-107,2026-07-04 20:13:45,
7054,PC-103527,delivered,RD-107,2026-07-06 15:22:50,
7055,PC-103528,hub_out,RD-105,2026-07-04 14:15:56,
7056,PC-103528,delivered,RD-105,2026-07-06 11:38:05,
7057,PC-103529,hub_out,RD-102,2026-07-04 21:12:33,
7058,PC-103529,delivered,RD-102,2026-07-06 11:14:25,
7059,PC-103530,hub_out,RD-114,2026-07-06 09:16:49,
7060,PC-103530,delivered,RD-114,2026-07-06 15:19:12,
7061,PC-103531,hub_out,RD-101,2026-07-04 15:50:43,
7062,PC-103531,delivered,RD-101,2026-07-06 11:43:02,
7063,PC-103532,hub_out,RD-105,2026-07-05 22:51:58,
7064,PC-103532,delivered,RD-105,2026-07-06 12:03:15,
7065,PC-103533,hub_out,RD-105,2026-07-06 06:58:18,
7066,PC-103533,delivered,RD-105,2026-07-06 17:43:42,
7067,PC-103534,hub_out,RD-108,2026-07-05 23:33:26,
7068,PC-103534,delivered,RD-108,2026-07-06 17:06:25,
7069,PC-103535,hub_out,RD-108,2026-07-05 12:10:23,
7070,PC-103535,delivered,RD-108,2026-07-06 16:49:24,
7071,PC-103536,hub_out,RD-114,2026-07-05 03:21:09,
7072,PC-103536,delivered,RD-114,2026-07-06 18:44:05,
7073,PC-103537,hub_out,RD-105,2026-07-05 02:18:08,
7074,PC-103537,delivered,RD-105,2026-07-06 10:25:18,
7075,PC-103538,hub_out,RD-108,2026-07-05 10:36:35,
7076,PC-103538,delivered,RD-108,2026-07-06 13:01:24,
7077,PC-103539,hub_out,RD-105,2026-07-05 16:39:29,
7078,PC-103539,delivered,RD-105,2026-07-06 12:17:33,
7079,PC-103540,hub_out,RD-114,2026-07-06 03:23:12,
7080,PC-103540,delivered,RD-114,2026-07-06 13:06:32,
7081,PC-103541,hub_out,RD-114,2026-07-05 09:44:34,
7082,PC-103541,delivered,RD-114,2026-07-06 14:08:21,
7083,PC-103542,hub_out,RD-108,2026-07-05 23:43:44,
7084,PC-103542,delivered,RD-108,2026-07-06 14:54:10,
7085,PC-103543,hub_out,RD-105,2026-07-04 12:59:48,
7086,PC-103543,delivered,RD-105,2026-07-06 13:11:46,
7087,PC-103544,hub_out,RD-108,2026-07-06 04:11:53,
7088,PC-103544,delivered,RD-108,2026-07-06 18:28:00,
7089,PC-103545,hub_out,RD-101,2026-07-05 05:34:08,
7090,PC-103545,delivered,RD-101,2026-07-06 14:08:02,
7091,PC-103546,hub_out,RD-114,2026-07-05 16:18:57,
7092,PC-103546,delivered,RD-114,2026-07-06 17:45:28,
7093,PC-103547,hub_out,RD-102,2026-07-06 11:58:31,
7094,PC-103547,delivered,RD-102,2026-07-06 19:28:52,
7095,PC-103548,hub_out,RD-101,2026-07-05 06:44:45,
7096,PC-103548,delivered,RD-101,2026-07-06 13:48:07,
7097,PC-103549,hub_out,RD-101,2026-07-06 00:16:19,
7098,PC-103549,delivered,RD-101,2026-07-06 16:14:37,
7099,PC-103550,hub_out,RD-103,2026-07-05 08:46:52,
7100,PC-103550,delivered,RD-103,2026-07-06 15:15:28,
7101,PC-103551,hub_out,RD-108,2026-07-05 02:28:43,
7102,PC-103551,delivered,RD-108,2026-07-06 10:41:03,
7103,PC-103552,hub_out,RD-102,2026-07-05 06:00:25,
7104,PC-103552,delivered,RD-102,2026-07-06 18:15:02,
7105,PC-103553,hub_out,RD-101,2026-07-05 17:07:55,
7106,PC-103553,delivered,RD-101,2026-07-06 10:16:03,
7107,PC-103554,hub_out,RD-114,2026-07-05 19:58:02,
7108,PC-103554,delivered,RD-114,2026-07-06 17:46:14,
7109,PC-103555,hub_out,RD-103,2026-07-05 03:49:12,
7110,PC-103555,delivered,RD-103,2026-07-06 15:47:34,
7111,PC-103556,hub_out,RD-102,2026-07-05 04:37:56,
7112,PC-103556,delivered,RD-102,2026-07-06 14:15:45,
7113,PC-103557,hub_out,RD-108,2026-07-05 17:05:34,
7114,PC-103557,delivered,RD-108,2026-07-06 09:05:06,
7115,PC-103558,hub_out,RD-114,2026-07-05 18:58:01,
7116,PC-103558,delivered,RD-114,2026-07-06 09:31:50,
7117,PC-103559,hub_out,RD-103,2026-07-04 14:19:05,
7118,PC-103559,delivered,RD-103,2026-07-06 14:32:39,
7119,PC-103560,hub_out,RD-107,2026-07-04 16:31:53,
7120,PC-103560,delivered,RD-107,2026-07-06 16:21:01,
7121,PC-103561,hub_out,RD-108,2026-07-05 04:00:05,
7122,PC-103561,delivered,RD-108,2026-07-06 13:49:54,
7123,PC-103562,hub_out,RD-101,2026-07-05 08:26:09,
7124,PC-103562,delivered,RD-101,2026-07-06 16:53:18,
7125,PC-103563,hub_out,RD-105,2026-07-05 02:53:47,
7126,PC-103563,delivered,RD-105,2026-07-06 18:31:40,
7127,PC-103564,hub_out,RD-131,2026-07-04 16:04:25,
7128,PC-103564,delivered,RD-131,2026-07-06 14:13:55,
7129,PC-103565,hub_out,RD-101,2026-07-05 19:14:10,
7130,PC-103565,delivered,RD-101,2026-07-06 18:30:52,
7131,PC-103566,hub_out,RD-114,2026-07-04 20:20:20,
7132,PC-103566,delivered,RD-114,2026-07-06 11:29:13,
7133,PC-103567,hub_out,RD-114,2026-07-06 01:45:21,
7134,PC-103567,delivered,RD-114,2026-07-06 09:22:50,
7135,PC-103568,hub_out,RD-101,2026-07-05 21:27:26,
7136,PC-103568,delivered,RD-101,2026-07-06 17:46:47,
7137,PC-103569,hub_out,RD-103,2026-07-05 12:03:20,
7138,PC-103569,delivered,RD-103,2026-07-06 12:50:20,
7139,PC-103570,hub_out,RD-108,2026-07-05 19:03:32,
7140,PC-103570,delivered,RD-108,2026-07-06 12:41:48,
7141,PC-103571,hub_out,RD-103,2026-07-05 15:59:00,
7142,PC-103571,delivered,RD-103,2026-07-06 19:26:18,
7143,PC-103572,hub_out,RD-108,2026-07-06 09:37:50,
7144,PC-103572,delivered,RD-108,2026-07-06 15:02:23,
7145,PC-103573,hub_out,RD-103,2026-07-04 13:58:54,
7146,PC-103573,delivered,RD-103,2026-07-06 09:46:36,
7147,PC-103574,hub_out,RD-131,2026-07-05 06:51:46,
7148,PC-103574,delivered,RD-131,2026-07-06 13:59:15,
7149,PC-103575,hub_out,RD-131,2026-07-04 17:29:50,
7150,PC-103575,delivered,RD-131,2026-07-06 14:46:22,
7151,PC-103576,hub_out,RD-107,2026-07-06 08:37:45,
7152,PC-103576,delivered,RD-107,2026-07-06 14:14:05,
7153,PC-103577,hub_out,RD-107,2026-07-04 19:19:08,
7154,PC-103577,delivered,RD-107,2026-07-06 13:44:30,
7155,PC-103578,hub_out,RD-114,2026-07-05 18:08:00,
7156,PC-103578,delivered,RD-114,2026-07-06 14:49:30,
7157,PC-103579,hub_out,RD-107,2026-07-05 13:57:36,
7158,PC-103579,delivered,RD-107,2026-07-06 14:51:12,
7159,PC-103580,hub_out,RD-114,2026-07-05 03:16:32,
7160,PC-103580,delivered,RD-114,2026-07-06 10:19:55,
7161,PC-103581,hub_out,RD-103,2026-07-04 19:37:50,
7162,PC-103581,delivered,RD-103,2026-07-06 16:34:55,
7163,PC-103582,hub_out,RD-105,2026-07-05 16:39:05,
7164,PC-103582,delivered,RD-105,2026-07-06 19:19:07,
7165,PC-103583,hub_out,RD-108,2026-07-05 07:16:59,
7166,PC-103583,delivered,RD-108,2026-07-06 17:00:19,
7167,PC-103584,hub_out,RD-102,2026-07-05 03:56:46,
7168,PC-103584,delivered,RD-102,2026-07-06 19:02:45,
7169,PC-103585,hub_out,RD-102,2026-07-05 19:43:00,
7170,PC-103585,delivered,RD-102,2026-07-06 19:16:01,
7171,PC-103586,hub_out,RD-105,2026-07-04 14:11:26,
7172,PC-103586,delivered,RD-105,2026-07-06 12:31:30,
7173,PC-103587,hub_out,RD-107,2026-07-05 00:05:05,
7174,PC-103587,delivered,RD-107,2026-07-06 09:56:45,
7175,PC-103588,hub_out,RD-114,2026-07-05 15:09:57,
7176,PC-103588,delivered,RD-114,2026-07-06 16:40:13,
7177,PC-103589,hub_out,RD-131,2026-07-06 06:29:16,
7178,PC-103589,delivered,RD-131,2026-07-06 14:29:25,
7179,PC-103590,hub_out,RD-102,2026-07-05 18:27:18,
7180,PC-103590,delivered,RD-102,2026-07-06 09:46:34,
7181,PC-103591,hub_out,RD-103,2026-07-05 10:32:58,
7182,PC-103591,delivered,RD-103,2026-07-06 09:30:01,
7183,PC-103592,hub_out,RD-103,2026-07-04 09:32:07,
7184,PC-103592,delivered,RD-103,2026-07-06 09:15:13,
7185,PC-103593,hub_out,RD-114,2026-07-05 06:56:43,
7186,PC-103593,delivered,RD-114,2026-07-06 12:56:36,
7187,PC-103594,hub_out,RD-114,2026-07-06 01:45:17,
7188,PC-103594,delivered,RD-114,2026-07-06 13:55:02,
7189,PC-103595,hub_out,RD-114,2026-07-05 13:31:10,
7190,PC-103595,delivered,RD-114,2026-07-06 12:33:32,
7191,PC-103596,hub_out,RD-101,2026-07-05 21:53:12,
7192,PC-103596,delivered,RD-101,2026-07-06 13:00:10,
7193,PC-103597,hub_out,RD-107,2026-07-06 02:06:42,
7194,PC-103597,delivered,RD-107,2026-07-06 18:44:30,
7195,PC-103598,hub_out,RD-105,2026-07-05 10:14:47,
7196,PC-103598,delivered,RD-105,2026-07-06 12:16:48,
7197,PC-103599,hub_out,RD-103,2026-07-05 08:29:48,
7198,PC-103599,delivered,RD-103,2026-07-06 14:34:26,
7199,PC-103600,hub_out,RD-102,2026-07-05 20:28:15,
7200,PC-103600,delivered,RD-102,2026-07-06 19:41:18,
7201,PC-103601,hub_out,RD-131,2026-07-04 20:21:53,
7202,PC-103601,delivered,RD-131,2026-07-06 09:51:19,
7203,PC-103602,hub_out,RD-108,2026-07-05 08:36:38,
7204,PC-103602,delivered,RD-108,2026-07-06 11:47:12,
7205,PC-103603,hub_out,RD-108,2026-07-04 19:33:13,
7206,PC-103603,delivered,RD-108,2026-07-06 14:55:14,
7207,PC-103604,hub_out,RD-103,2026-07-04 19:27:37,
7208,PC-103604,delivered,RD-103,2026-07-06 13:52:37,
7209,PC-103605,hub_out,RD-105,2026-07-05 22:07:39,
7210,PC-103605,delivered,RD-105,2026-07-06 16:33:34,
7211,PC-103606,hub_out,RD-102,2026-07-05 11:13:30,
7212,PC-103606,delivered,RD-102,2026-07-06 15:44:10,
7213,PC-103607,hub_out,RD-108,2026-07-04 11:23:50,
7214,PC-103607,delivered,RD-108,2026-07-06 11:55:23,
7215,PC-103608,hub_out,RD-103,2026-07-06 07:35:58,
7216,PC-103608,delivered,RD-103,2026-07-06 14:29:38,
7217,PC-103609,hub_out,RD-103,2026-07-04 18:41:51,
7218,PC-103609,delivered,RD-103,2026-07-06 09:33:10,
7219,PC-103610,hub_out,RD-105,2026-07-05 21:08:29,
7220,PC-103610,delivered,RD-105,2026-07-06 14:11:53,
7221,PC-103611,hub_out,RD-103,2026-07-05 12:12:48,
7222,PC-103611,delivered,RD-103,2026-07-06 14:10:19,
7223,PC-103612,hub_out,RD-131,2026-07-04 22:52:44,
7224,PC-103612,delivered,RD-131,2026-07-06 15:52:42,
7225,PC-103613,hub_out,RD-108,2026-07-05 23:28:32,
7226,PC-103613,delivered,RD-108,2026-07-06 12:32:53,
7227,PC-103614,hub_out,RD-105,2026-07-06 01:00:15,
7228,PC-103614,delivered,RD-105,2026-07-06 13:11:24,
7229,PC-103615,hub_out,RD-114,2026-07-05 12:58:46,
7230,PC-103615,delivered,RD-114,2026-07-06 17:21:43,
7231,PC-103616,hub_out,RD-114,2026-07-06 00:07:01,
7232,PC-103616,delivered,RD-114,2026-07-06 12:39:00,
7233,PC-103617,hub_out,RD-102,2026-07-05 06:32:13,
7234,PC-103617,delivered,RD-102,2026-07-06 16:23:08,
7235,PC-103618,hub_out,RD-108,2026-07-05 18:59:39,
7236,PC-103618,delivered,RD-108,2026-07-06 19:17:32,
7237,PC-103619,hub_out,RD-105,2026-07-06 05:48:53,
7238,PC-103619,delivered,RD-105,2026-07-06 13:33:30,
7239,PC-103620,hub_out,RD-102,2026-07-06 02:49:33,
7240,PC-103620,delivered,RD-102,2026-07-06 10:28:28,
7241,PC-103621,hub_out,RD-114,2026-07-05 07:59:49,
7242,PC-103621,delivered,RD-114,2026-07-06 18:30:44,
7243,PC-103622,hub_out,RD-131,2026-07-04 20:36:40,
7244,PC-103622,delivered,RD-131,2026-07-06 10:11:32,
7245,PC-103623,hub_out,RD-101,2026-07-06 02:07:16,
7246,PC-103623,failed_attempt,RD-101,2026-07-06 13:14:26,address not found
7247,PC-103624,hub_out,RD-101,2026-07-06 02:18:41,
7248,PC-103624,failed_attempt,RD-101,2026-07-06 17:58:40,customer unreachable
7249,PC-103625,hub_out,RD-102,2026-07-06 00:45:13,
7250,PC-103625,failed_attempt,RD-102,2026-07-06 11:12:38,cod not ready
7251,PC-103626,hub_out,RD-108,2026-07-06 10:09:24,
7252,PC-103626,failed_attempt,RD-108,2026-07-06 17:01:23,customer unreachable
7253,PC-103627,hub_out,RD-105,2026-07-06 08:45:04,
7254,PC-103627,failed_attempt,RD-105,2026-07-06 17:55:45,address not found
7255,PC-103628,hub_out,RD-101,2026-07-05 09:21:19,
7256,PC-103628,failed_attempt,RD-101,2026-07-06 11:03:16,customer refused
7257,PC-103629,hub_out,RD-107,2026-07-05 10:30:12,
7258,PC-103629,failed_attempt,RD-107,2026-07-06 11:41:16,shop closed
7259,PC-103630,hub_out,RD-131,2026-07-06 10:23:01,
7260,PC-103630,failed_attempt,RD-131,2026-07-06 16:12:25,customer unreachable
7261,PC-103631,hub_out,RD-103,2026-07-05 23:05:31,
7262,PC-103631,failed_attempt,RD-103,2026-07-06 19:54:11,shop closed
7263,PC-103632,hub_out,RD-101,2026-07-05 20:40:12,
7264,PC-103632,failed_attempt,RD-101,2026-07-06 16:00:53,customer unreachable
7265,PC-103633,hub_out,RD-103,2026-07-05 17:37:42,
7266,PC-103633,failed_attempt,RD-103,2026-07-06 13:25:20,shop closed
7267,PC-103634,hub_out,RD-108,2026-07-06 11:02:41,
7268,PC-103634,failed_attempt,RD-108,2026-07-06 19:18:03,customer unreachable
7269,PC-103635,hub_out,RD-108,2026-07-06 10:09:47,
7270,PC-103635,failed_attempt,RD-108,2026-07-06 16:26:11,cod not ready
7271,PC-103636,hub_out,RD-108,2026-07-06 03:33:00,
7272,PC-103636,failed_attempt,RD-108,2026-07-06 16:40:20,address not found
7273,PC-103637,hub_out,RD-108,2026-07-05 15:04:20,
7274,PC-103637,failed_attempt,RD-108,2026-07-06 16:18:40,address not found
7275,PC-103638,hub_out,RD-131,2026-07-05 18:15:51,
7276,PC-103638,failed_attempt,RD-131,2026-07-06 19:54:19,cod not ready
7277,PC-103639,hub_out,RD-131,2026-07-05 19:51:50,
7278,PC-103639,failed_attempt,RD-131,2026-07-06 16:53:35,customer unreachable
7279,PC-103640,hub_out,RD-102,2026-07-05 14:44:37,
7280,PC-103640,failed_attempt,RD-102,2026-07-06 10:46:28,shop closed
7281,PC-103641,hub_out,RD-108,2026-07-06 05:14:19,
7282,PC-103641,failed_attempt,RD-108,2026-07-06 13:43:46,cod not ready
7283,PC-103642,hub_out,RD-114,2026-07-01 16:59:54,
7284,PC-103642,delivered,RD-114,2026-07-02 13:22:15,
7285,PC-103643,hub_out,RD-107,2026-06-30 12:43:02,
7286,PC-103643,delivered,RD-107,2026-07-02 09:02:52,
7287,PC-103644,hub_out,RD-131,2026-06-30 10:17:22,
7288,PC-103644,delivered,RD-131,2026-07-02 14:35:23,
7289,PC-103645,hub_out,RD-101,2026-07-01 07:09:58,
7290,PC-103645,delivered,RD-101,2026-07-02 19:05:57,
7291,PC-103646,hub_out,RD-108,2026-07-01 15:54:36,
7292,PC-103646,delivered,RD-108,2026-07-02 14:08:00,
7293,PC-103647,hub_out,RD-108,2026-07-01 06:15:55,
7294,PC-103647,delivered,RD-108,2026-07-02 18:26:01,
7295,PC-103648,hub_out,RD-101,2026-07-01 21:03:15,
7296,PC-103648,delivered,RD-101,2026-07-02 18:37:12,
7297,PC-103649,hub_out,RD-131,2026-07-01 10:50:18,
7298,PC-103649,delivered,RD-131,2026-07-02 14:35:46,
7299,PC-103650,hub_out,RD-102,2026-06-30 09:38:48,
7300,PC-103650,delivered,RD-102,2026-07-02 15:30:34,
7301,PC-103651,hub_out,RD-102,2026-07-01 12:15:05,
7302,PC-103651,delivered,RD-102,2026-07-02 13:43:39,
7303,PC-103652,hub_out,RD-107,2026-06-29 21:30:36,
7304,PC-103652,delivered,RD-107,2026-07-02 09:36:27,
7305,PC-103653,hub_out,RD-107,2026-06-30 17:50:18,
7306,PC-103653,delivered,RD-107,2026-07-02 18:38:16,
7307,PC-103654,hub_out,RD-107,2026-07-01 03:16:30,
7308,PC-103654,delivered,RD-107,2026-07-02 18:31:24,
7309,PC-103655,hub_out,RD-105,2026-06-30 17:58:55,
7310,PC-103655,delivered,RD-105,2026-07-02 19:57:13,
7311,PC-103656,hub_out,RD-108,2026-06-30 20:14:50,
7312,PC-103656,delivered,RD-108,2026-07-02 16:17:27,
7313,PC-103657,hub_out,RD-102,2026-07-01 04:35:49,
7314,PC-103657,delivered,RD-102,2026-07-02 19:08:57,
7315,PC-103658,hub_out,RD-107,2026-06-30 06:14:17,
7316,PC-103658,delivered,RD-107,2026-07-02 09:35:36,
7317,PC-103659,hub_out,RD-107,2026-06-30 18:00:23,
7318,PC-103659,delivered,RD-107,2026-07-02 16:58:52,
7319,PC-103660,hub_out,RD-103,2026-06-30 07:51:46,
7320,PC-103660,delivered,RD-103,2026-07-02 10:11:38,
7321,PC-103661,hub_out,RD-107,2026-07-01 12:03:51,
7322,PC-103661,delivered,RD-107,2026-07-02 18:43:54,
7323,PC-103662,hub_out,RD-108,2026-06-30 06:24:50,
7324,PC-103662,delivered,RD-108,2026-07-02 10:13:29,
7325,PC-103663,hub_out,RD-105,2026-06-30 13:10:29,
7326,PC-103663,delivered,RD-105,2026-07-02 13:19:32,
7327,PC-103664,hub_out,RD-103,2026-07-01 10:54:59,
7328,PC-103664,delivered,RD-103,2026-07-02 16:25:05,
7329,PC-103665,hub_out,RD-102,2026-07-01 08:54:40,
7330,PC-103665,delivered,RD-102,2026-07-02 18:35:32,
7331,PC-103666,hub_out,RD-131,2026-06-30 04:36:44,
7332,PC-103666,delivered,RD-131,2026-07-02 16:41:37,
7333,PC-103667,hub_out,RD-107,2026-06-30 17:47:38,
7334,PC-103667,delivered,RD-107,2026-07-02 15:19:49,
7335,PC-103668,hub_out,RD-131,2026-07-01 17:01:20,
7336,PC-103668,delivered,RD-131,2026-07-02 17:05:31,
7337,PC-103669,hub_out,RD-131,2026-07-01 11:57:32,
7338,PC-103669,delivered,RD-131,2026-07-02 14:33:04,
7339,PC-103670,hub_out,RD-131,2026-07-01 10:25:33,
7340,PC-103670,delivered,RD-131,2026-07-02 11:16:38,
7341,PC-103671,hub_out,RD-102,2026-06-30 19:51:54,
7342,PC-103671,delivered,RD-102,2026-07-02 18:32:58,
7343,PC-103672,hub_out,RD-108,2026-06-30 02:50:20,
7344,PC-103672,delivered,RD-108,2026-07-02 10:50:54,
7345,PC-103673,hub_out,RD-131,2026-07-01 04:25:52,
7346,PC-103673,delivered,RD-131,2026-07-02 09:06:00,
7347,PC-103674,hub_out,RD-107,2026-06-30 18:46:51,
7348,PC-103674,delivered,RD-107,2026-07-02 18:46:40,
7349,PC-103675,hub_out,RD-101,2026-07-01 07:31:45,
7350,PC-103675,delivered,RD-101,2026-07-02 15:55:23,
7351,PC-103676,hub_out,RD-105,2026-07-01 03:43:08,
7352,PC-103676,delivered,RD-105,2026-07-02 11:26:40,
7353,PC-103677,hub_out,RD-103,2026-06-30 12:50:53,
7354,PC-103677,delivered,RD-103,2026-07-02 09:58:21,
7355,PC-103678,hub_out,RD-107,2026-07-01 01:51:25,
7356,PC-103678,delivered,RD-107,2026-07-02 09:49:40,
7357,PC-103679,hub_out,RD-131,2026-07-01 16:40:56,
7358,PC-103679,delivered,RD-131,2026-07-02 10:58:59,
7359,PC-103680,hub_out,RD-102,2026-06-30 12:34:31,
7360,PC-103680,delivered,RD-102,2026-07-02 09:51:52,
7361,PC-103681,hub_out,RD-114,2026-06-30 08:31:29,
7362,PC-103681,delivered,RD-114,2026-07-02 19:17:11,
7363,PC-103682,hub_out,RD-101,2026-06-30 21:49:40,
7364,PC-103682,delivered,RD-101,2026-07-02 17:55:59,
7365,PC-103683,hub_out,RD-114,2026-07-01 04:03:48,
7366,PC-103683,delivered,RD-114,2026-07-02 10:03:57,
7367,PC-103684,hub_out,RD-108,2026-06-30 05:20:36,
7368,PC-103684,delivered,RD-108,2026-07-02 12:53:32,
7369,PC-103685,hub_out,RD-108,2026-06-30 09:19:41,
7370,PC-103685,delivered,RD-108,2026-07-02 14:59:27,
7371,PC-103686,hub_out,RD-101,2026-07-01 14:21:25,
7372,PC-103686,delivered,RD-101,2026-07-02 13:28:50,
7373,PC-103687,hub_out,RD-114,2026-07-01 02:06:21,
7374,PC-103687,delivered,RD-114,2026-07-02 12:29:12,
7375,PC-103688,hub_out,RD-131,2026-07-01 08:10:14,
7376,PC-103688,delivered,RD-131,2026-07-02 18:00:46,
7377,PC-103689,hub_out,RD-131,2026-06-30 06:00:17,
7378,PC-103689,delivered,RD-131,2026-07-02 09:54:08,
7379,PC-103690,hub_out,RD-102,2026-07-01 10:21:08,
7380,PC-103690,delivered,RD-102,2026-07-02 16:17:23,
7381,PC-103691,hub_out,RD-107,2026-06-30 04:37:22,
7382,PC-103691,delivered,RD-107,2026-07-02 12:12:43,
7383,PC-103692,hub_out,RD-102,2026-06-30 23:02:07,
7384,PC-103692,delivered,RD-102,2026-07-02 16:21:44,
7385,PC-103693,hub_out,RD-131,2026-06-30 17:32:46,
7386,PC-103693,delivered,RD-131,2026-07-02 15:45:13,
7387,PC-103694,hub_out,RD-101,2026-07-01 04:27:25,
7388,PC-103694,delivered,RD-101,2026-07-02 12:48:03,
7389,PC-103695,hub_out,RD-102,2026-07-01 12:13:18,
7390,PC-103695,delivered,RD-102,2026-07-02 11:50:09,
7391,PC-103696,hub_out,RD-108,2026-06-30 08:56:23,
7392,PC-103696,delivered,RD-108,2026-07-02 17:32:50,
7393,PC-103697,hub_out,RD-101,2026-06-30 19:03:36,
7394,PC-103697,delivered,RD-101,2026-07-02 18:29:32,
7395,PC-103698,hub_out,RD-101,2026-06-30 19:28:54,
7396,PC-103698,delivered,RD-101,2026-07-02 11:56:05,
7397,PC-103699,hub_out,RD-102,2026-07-01 02:24:16,
7398,PC-103699,delivered,RD-102,2026-07-02 11:55:49,
7399,PC-103700,hub_out,RD-105,2026-07-01 07:34:16,
7400,PC-103700,delivered,RD-105,2026-07-02 12:36:41,
7401,PC-103701,hub_out,RD-102,2026-07-01 09:37:23,
7402,PC-103701,delivered,RD-102,2026-07-02 16:35:40,
7403,PC-103702,hub_out,RD-107,2026-07-01 15:16:13,
7404,PC-103702,delivered,RD-107,2026-07-02 12:40:46,
7405,PC-103703,hub_out,RD-102,2026-07-01 08:43:46,
7406,PC-103703,delivered,RD-102,2026-07-02 09:23:36,
7407,PC-103704,hub_out,RD-101,2026-07-01 21:24:08,
7408,PC-103704,delivered,RD-101,2026-07-02 16:20:43,
7409,PC-103705,hub_out,RD-102,2026-06-30 16:22:34,
7410,PC-103705,delivered,RD-102,2026-07-02 17:28:51,
7411,PC-103706,hub_out,RD-103,2026-06-30 21:03:02,
7412,PC-103706,delivered,RD-103,2026-07-02 09:07:49,
7413,PC-103707,hub_out,RD-105,2026-06-30 21:50:42,
7414,PC-103707,delivered,RD-105,2026-07-02 09:30:10,
7415,PC-103708,hub_out,RD-103,2026-07-01 14:08:05,
7416,PC-103708,delivered,RD-103,2026-07-02 11:12:38,
7417,PC-103709,hub_out,RD-108,2026-07-01 02:05:00,
7418,PC-103709,delivered,RD-108,2026-07-02 18:25:59,
7419,PC-103710,hub_out,RD-102,2026-06-30 11:55:22,
7420,PC-103710,delivered,RD-102,2026-07-02 17:41:34,
7421,PC-103711,hub_out,RD-101,2026-06-30 07:30:05,
7422,PC-103711,delivered,RD-101,2026-07-02 19:42:09,
7423,PC-103712,hub_out,RD-131,2026-07-01 02:49:22,
7424,PC-103712,delivered,RD-131,2026-07-02 18:38:11,
7425,PC-103713,hub_out,RD-103,2026-07-01 17:14:07,
7426,PC-103713,delivered,RD-103,2026-07-02 16:46:25,
7427,PC-103714,hub_out,RD-102,2026-06-30 22:37:32,
7428,PC-103714,delivered,RD-102,2026-07-02 10:57:28,
7429,PC-103715,hub_out,RD-107,2026-07-01 09:35:19,
7430,PC-103715,delivered,RD-107,2026-07-02 18:26:06,
7431,PC-103716,hub_out,RD-103,2026-06-30 12:47:32,
7432,PC-103716,delivered,RD-103,2026-07-02 12:05:49,
7433,PC-103717,hub_out,RD-103,2026-07-01 23:38:49,
7434,PC-103717,delivered,RD-103,2026-07-02 16:55:24,
7435,PC-103718,hub_out,RD-131,2026-07-01 05:26:23,
7436,PC-103718,delivered,RD-131,2026-07-02 19:58:42,
7437,PC-103719,hub_out,RD-107,2026-06-30 02:36:42,
7438,PC-103719,delivered,RD-107,2026-07-02 16:14:57,
7439,PC-103720,hub_out,RD-102,2026-06-30 03:47:40,
7440,PC-103720,delivered,RD-102,2026-07-02 13:35:15,
7441,PC-103721,hub_out,RD-114,2026-07-01 15:01:26,
7442,PC-103721,delivered,RD-114,2026-07-02 11:44:48,
7443,PC-103722,hub_out,RD-101,2026-07-01 13:18:03,
7444,PC-103722,delivered,RD-101,2026-07-02 16:48:10,
7445,PC-103723,hub_out,RD-103,2026-06-30 21:40:36,
7446,PC-103723,delivered,RD-103,2026-07-02 13:20:42,
7447,PC-103724,hub_out,RD-102,2026-06-30 10:42:16,
7448,PC-103724,delivered,RD-102,2026-07-02 17:13:37,
7449,PC-103725,hub_out,RD-103,2026-06-30 14:57:06,
7450,PC-103725,delivered,RD-103,2026-07-02 10:00:53,
7451,PC-103726,hub_out,RD-101,2026-06-30 03:39:42,
7452,PC-103726,delivered,RD-101,2026-07-02 10:03:39,
7453,PC-103727,hub_out,RD-131,2026-07-01 09:02:56,
7454,PC-103727,delivered,RD-131,2026-07-02 12:28:30,
7455,PC-103728,hub_out,RD-108,2026-06-30 13:34:40,
7456,PC-103728,delivered,RD-108,2026-07-02 12:31:00,
7457,PC-103729,hub_out,RD-103,2026-07-01 08:20:33,
7458,PC-103729,delivered,RD-103,2026-07-02 18:47:13,
7459,PC-103730,hub_out,RD-108,2026-06-30 10:17:02,
7460,PC-103730,delivered,RD-108,2026-07-02 15:29:47,
7461,PC-103731,hub_out,RD-101,2026-06-30 00:44:51,
7462,PC-103731,delivered,RD-101,2026-07-02 12:50:52,
7463,PC-103732,hub_out,RD-114,2026-07-01 09:49:55,
7464,PC-103732,delivered,RD-114,2026-07-02 15:06:38,
7465,PC-103733,hub_out,RD-114,2026-07-01 16:11:35,
7466,PC-103733,delivered,RD-114,2026-07-02 14:24:05,
7467,PC-103734,hub_out,RD-102,2026-07-01 16:41:35,
7468,PC-103734,delivered,RD-102,2026-07-02 13:44:16,
7469,PC-103735,hub_out,RD-105,2026-06-30 08:19:30,
7470,PC-103735,delivered,RD-105,2026-07-02 09:27:21,
7471,PC-103736,hub_out,RD-101,2026-07-01 08:04:24,
7472,PC-103736,delivered,RD-101,2026-07-02 19:15:04,
7473,PC-103737,hub_out,RD-107,2026-06-30 19:25:58,
7474,PC-103737,delivered,RD-107,2026-07-02 16:17:59,
7475,PC-103738,hub_out,RD-108,2026-06-30 09:55:06,
7476,PC-103738,delivered,RD-108,2026-07-02 19:29:16,
7477,PC-103739,hub_out,RD-101,2026-06-30 08:10:49,
7478,PC-103739,delivered,RD-101,2026-07-02 12:59:39,
7479,PC-103740,hub_out,RD-103,2026-06-30 11:48:44,
7480,PC-103740,delivered,RD-103,2026-07-02 14:23:34,
7481,PC-103741,hub_out,RD-105,2026-06-30 17:42:56,
7482,PC-103741,delivered,RD-105,2026-07-02 16:06:50,
7483,PC-103742,hub_out,RD-103,2026-07-01 03:19:53,
7484,PC-103742,delivered,RD-103,2026-07-02 17:05:10,
7485,PC-103743,hub_out,RD-131,2026-07-01 09:16:03,
7486,PC-103743,delivered,RD-131,2026-07-02 10:06:26,
7487,PC-103744,hub_out,RD-131,2026-06-30 09:01:21,
7488,PC-103744,delivered,RD-131,2026-07-02 12:55:09,
7489,PC-103745,hub_out,RD-102,2026-06-30 20:01:27,
7490,PC-103745,delivered,RD-102,2026-07-02 19:28:37,
7491,PC-103746,hub_out,RD-108,2026-06-30 09:54:34,
7492,PC-103746,delivered,RD-108,2026-07-02 16:56:13,
7493,PC-103747,hub_out,RD-131,2026-06-30 15:58:17,
7494,PC-103747,delivered,RD-131,2026-07-02 17:24:41,
7495,PC-103748,hub_out,RD-114,2026-07-01 09:12:04,
7496,PC-103748,delivered,RD-114,2026-07-02 19:44:47,
7497,PC-103749,hub_out,RD-103,2026-06-30 18:43:28,
7498,PC-103749,delivered,RD-103,2026-07-02 12:43:26,
7499,PC-103750,hub_out,RD-114,2026-06-30 16:32:31,
7500,PC-103750,delivered,RD-114,2026-07-02 18:21:54,
7501,PC-103751,hub_out,RD-102,2026-07-01 21:28:16,
7502,PC-103751,delivered,RD-102,2026-07-02 15:09:20,
7503,PC-103752,hub_out,RD-107,2026-07-01 02:04:49,
7504,PC-103752,delivered,RD-107,2026-07-02 12:48:08,
7505,PC-103753,hub_out,RD-103,2026-07-01 18:42:41,
7506,PC-103753,delivered,RD-103,2026-07-02 15:49:55,
7507,PC-103754,hub_out,RD-131,2026-07-01 21:30:49,
7508,PC-103754,delivered,RD-131,2026-07-02 16:45:13,
7509,PC-103755,hub_out,RD-114,2026-07-01 14:03:26,
7510,PC-103755,delivered,RD-114,2026-07-02 13:51:10,
7511,PC-103756,hub_out,RD-102,2026-07-01 03:16:29,
7512,PC-103756,delivered,RD-102,2026-07-02 13:29:05,
7513,PC-103757,hub_out,RD-114,2026-07-01 05:20:58,
7514,PC-103757,delivered,RD-114,2026-07-02 13:14:22,
7515,PC-103758,hub_out,RD-108,2026-06-30 12:44:47,
7516,PC-103758,delivered,RD-108,2026-07-02 19:44:37,
7517,PC-103759,hub_out,RD-108,2026-07-01 18:10:07,
7518,PC-103759,delivered,RD-108,2026-07-02 14:45:49,
7519,PC-103760,hub_out,RD-108,2026-06-30 18:27:15,
7520,PC-103760,delivered,RD-108,2026-07-02 14:49:05,
7521,PC-103761,hub_out,RD-103,2026-06-29 23:53:07,
7522,PC-103761,delivered,RD-103,2026-07-02 09:41:27,
7523,PC-103762,hub_out,RD-108,2026-06-30 08:49:32,
7524,PC-103762,delivered,RD-108,2026-07-02 14:22:00,
7525,PC-103763,hub_out,RD-107,2026-07-01 04:47:14,
7526,PC-103763,delivered,RD-107,2026-07-02 11:07:52,
7527,PC-103764,hub_out,RD-107,2026-06-30 17:01:20,
7528,PC-103764,delivered,RD-107,2026-07-02 19:37:21,
7529,PC-103765,hub_out,RD-103,2026-06-30 09:05:15,
7530,PC-103765,delivered,RD-103,2026-07-02 10:54:55,
7531,PC-103766,hub_out,RD-102,2026-06-30 10:28:49,
7532,PC-103766,delivered,RD-102,2026-07-02 18:35:05,
7533,PC-103767,hub_out,RD-103,2026-07-01 14:45:37,
7534,PC-103767,delivered,RD-103,2026-07-02 19:33:24,
7535,PC-103768,hub_out,RD-131,2026-07-01 10:14:30,
7536,PC-103768,delivered,RD-131,2026-07-02 10:46:30,
7537,PC-103769,hub_out,RD-103,2026-07-01 08:54:27,
7538,PC-103769,delivered,RD-103,2026-07-02 12:46:43,
7539,PC-103770,hub_out,RD-105,2026-07-01 09:31:52,
7540,PC-103770,failed_attempt,RD-105,2026-07-02 09:32:18,address not found
7541,PC-103771,hub_out,RD-102,2026-07-01 16:04:42,
7542,PC-103771,failed_attempt,RD-102,2026-07-02 18:13:45,address not found
7543,PC-103772,hub_out,RD-114,2026-07-01 18:32:41,
7544,PC-103772,failed_attempt,RD-114,2026-07-02 17:43:01,cod not ready
7545,PC-103773,hub_out,RD-105,2026-07-01 16:38:50,
7546,PC-103773,failed_attempt,RD-105,2026-07-02 16:55:53,address not found
7547,PC-103774,hub_out,RD-105,2026-07-02 02:21:44,
7548,PC-103774,failed_attempt,RD-105,2026-07-02 16:53:28,customer unreachable
7549,PC-103775,hub_out,RD-108,2026-07-01 19:02:24,
7550,PC-103775,failed_attempt,RD-108,2026-07-02 09:38:38,address not found
7551,PC-103776,hub_out,RD-131,2026-07-01 20:03:35,
7552,PC-103776,failed_attempt,RD-131,2026-07-02 17:07:57,customer refused
7553,PC-103777,hub_out,RD-103,2026-07-01 21:58:18,
7554,PC-103777,failed_attempt,RD-103,2026-07-02 11:16:56,customer unreachable
7555,PC-103778,hub_out,RD-105,2026-07-02 00:26:08,
7556,PC-103778,failed_attempt,RD-105,2026-07-02 14:57:22,customer refused
7557,PC-103779,hub_out,RD-114,2026-07-02 06:21:16,
7558,PC-103779,failed_attempt,RD-114,2026-07-02 17:01:21,cod not ready
7559,PC-103780,hub_out,RD-105,2026-07-02 08:56:20,
7560,PC-103780,failed_attempt,RD-105,2026-07-02 15:16:01,address not found
7561,PC-103781,hub_out,RD-102,2026-07-01 11:48:31,
7562,PC-103781,failed_attempt,RD-102,2026-07-02 11:38:55,cod not ready
7563,PC-103782,hub_out,RD-103,2026-07-01 16:31:59,
7564,PC-103782,failed_attempt,RD-103,2026-07-02 15:51:26,customer refused
7565,PC-103783,hub_out,RD-108,2026-07-01 08:55:18,
7566,PC-103783,failed_attempt,RD-108,2026-07-02 09:24:05,customer unreachable
7567,PC-103784,hub_out,RD-107,2026-07-02 06:49:23,
7568,PC-103784,failed_attempt,RD-107,2026-07-02 16:59:12,cod not ready
7569,PC-103785,hub_out,RD-102,2026-07-01 23:38:15,
7570,PC-103785,failed_attempt,RD-102,2026-07-02 10:57:40,shop closed
7571,PC-103786,hub_out,RD-101,2026-07-01 23:43:41,
7572,PC-103786,failed_attempt,RD-101,2026-07-02 19:29:39,customer refused
7573,PC-103787,hub_out,RD-102,2026-07-02 08:56:31,
7574,PC-103787,failed_attempt,RD-102,2026-07-02 14:19:58,customer refused
7575,PC-103788,hub_out,RD-103,2026-07-01 09:47:04,
7576,PC-103788,failed_attempt,RD-103,2026-07-02 09:36:38,cod not ready
7577,PC-103789,hub_out,RD-114,2026-07-01 18:19:21,
7578,PC-103789,failed_attempt,RD-114,2026-07-02 18:03:41,customer refused
7579,PC-103790,hub_out,RD-105,2026-07-01 14:43:26,
7580,PC-103790,failed_attempt,RD-105,2026-07-02 12:09:32,shop closed
7581,PC-103791,hub_out,RD-114,2026-07-02 08:25:53,
7582,PC-103791,failed_attempt,RD-114,2026-07-02 11:13:31,customer unreachable
7583,PC-103792,hub_out,RD-101,2026-07-01 19:11:16,
7584,PC-103792,failed_attempt,RD-101,2026-07-02 15:01:22,customer refused
7585,PC-103793,hub_out,RD-131,2026-07-01 19:43:10,
7586,PC-103793,failed_attempt,RD-131,2026-07-02 11:51:33,customer unreachable
7587,PC-103794,hub_out,RD-105,2026-07-01 18:43:43,
7588,PC-103794,failed_attempt,RD-105,2026-07-02 13:52:36,cod not ready
7589,PC-103795,hub_out,RD-105,2026-07-02 00:39:12,
7590,PC-103795,failed_attempt,RD-105,2026-07-02 12:43:49,cod not ready
7591,PC-103796,hub_out,RD-102,2026-07-01 06:44:37,
7592,PC-103796,delivered,RD-102,2026-07-03 10:33:59,
7593,PC-103797,hub_out,RD-103,2026-07-01 17:49:31,
7594,PC-103797,delivered,RD-103,2026-07-03 12:37:16,
7595,PC-103798,hub_out,RD-107,2026-07-01 03:07:41,
7596,PC-103798,delivered,RD-107,2026-07-03 16:05:00,
7597,PC-103799,hub_out,RD-103,2026-07-02 01:12:56,
7598,PC-103799,delivered,RD-103,2026-07-03 13:36:29,
7599,PC-103800,hub_out,RD-107,2026-07-01 07:11:35,
7600,PC-103800,delivered,RD-107,2026-07-03 09:03:38,
7601,PC-103801,hub_out,RD-108,2026-07-01 04:51:13,
7602,PC-103801,delivered,RD-108,2026-07-03 13:08:05,
7603,PC-103802,hub_out,RD-101,2026-07-02 05:46:14,
7604,PC-103802,delivered,RD-101,2026-07-03 19:50:54,
7605,PC-103803,hub_out,RD-108,2026-07-01 12:20:29,
7606,PC-103803,delivered,RD-108,2026-07-03 10:11:49,
7607,PC-103804,hub_out,RD-105,2026-07-02 16:51:17,
7608,PC-103804,delivered,RD-105,2026-07-03 15:16:26,
7609,PC-103805,hub_out,RD-108,2026-07-02 11:59:44,
7610,PC-103805,delivered,RD-108,2026-07-03 13:10:09,
7611,PC-103806,hub_out,RD-108,2026-07-03 09:40:08,
7612,PC-103806,delivered,RD-108,2026-07-03 17:02:04,
7613,PC-103807,hub_out,RD-107,2026-07-02 17:22:47,
7614,PC-103807,delivered,RD-107,2026-07-03 16:10:14,
7615,PC-103808,hub_out,RD-108,2026-07-02 02:32:21,
7616,PC-103808,delivered,RD-108,2026-07-03 18:38:45,
7617,PC-103809,hub_out,RD-108,2026-07-01 08:32:18,
7618,PC-103809,delivered,RD-108,2026-07-03 12:20:11,
7619,PC-103810,hub_out,RD-114,2026-07-02 13:04:10,
7620,PC-103810,delivered,RD-114,2026-07-03 16:37:50,
7621,PC-103811,hub_out,RD-101,2026-07-01 23:56:19,
7622,PC-103811,delivered,RD-101,2026-07-03 12:07:40,
7623,PC-103812,hub_out,RD-107,2026-07-01 17:30:47,
7624,PC-103812,delivered,RD-107,2026-07-03 11:52:53,
7625,PC-103813,hub_out,RD-103,2026-07-01 21:40:13,
7626,PC-103813,delivered,RD-103,2026-07-03 15:38:08,
7627,PC-103814,hub_out,RD-108,2026-07-01 13:50:45,
7628,PC-103814,delivered,RD-108,2026-07-03 14:18:09,
7629,PC-103815,hub_out,RD-103,2026-07-01 21:54:26,
7630,PC-103815,delivered,RD-103,2026-07-03 19:52:43,
7631,PC-103816,hub_out,RD-131,2026-07-02 03:23:01,
7632,PC-103816,delivered,RD-131,2026-07-03 15:05:25,
7633,PC-103817,hub_out,RD-102,2026-07-01 16:46:48,
7634,PC-103817,delivered,RD-102,2026-07-03 09:05:28,
7635,PC-103818,hub_out,RD-101,2026-07-02 11:43:11,
7636,PC-103818,delivered,RD-101,2026-07-03 16:35:23,
7637,PC-103819,hub_out,RD-114,2026-07-02 17:14:06,
7638,PC-103819,delivered,RD-114,2026-07-03 19:43:06,
7639,PC-103820,hub_out,RD-107,2026-07-02 06:13:39,
7640,PC-103820,delivered,RD-107,2026-07-03 14:26:19,
7641,PC-103821,hub_out,RD-108,2026-07-02 08:57:05,
7642,PC-103821,delivered,RD-108,2026-07-03 15:53:58,
7643,PC-103822,hub_out,RD-131,2026-07-01 06:29:51,
7644,PC-103822,delivered,RD-131,2026-07-03 18:11:16,
7645,PC-103823,hub_out,RD-102,2026-07-01 02:32:23,
7646,PC-103823,delivered,RD-102,2026-07-03 12:21:56,
7647,PC-103824,hub_out,RD-105,2026-07-01 04:15:07,
7648,PC-103824,delivered,RD-105,2026-07-03 16:41:00,
7649,PC-103825,hub_out,RD-103,2026-07-02 11:50:29,
7650,PC-103825,delivered,RD-103,2026-07-03 13:31:40,
7651,PC-103826,hub_out,RD-101,2026-07-01 17:37:26,
7652,PC-103826,delivered,RD-101,2026-07-03 13:36:06,
7653,PC-103827,hub_out,RD-105,2026-07-01 16:51:06,
7654,PC-103827,delivered,RD-105,2026-07-03 10:31:31,
7655,PC-103828,hub_out,RD-108,2026-07-02 20:58:30,
7656,PC-103828,delivered,RD-108,2026-07-03 14:42:48,
7657,PC-103829,hub_out,RD-103,2026-07-01 22:11:01,
7658,PC-103829,delivered,RD-103,2026-07-03 19:17:05,
7659,PC-103830,hub_out,RD-105,2026-07-01 22:11:39,
7660,PC-103830,delivered,RD-105,2026-07-03 13:37:10,
7661,PC-103831,hub_out,RD-102,2026-07-02 18:46:54,
7662,PC-103831,delivered,RD-102,2026-07-03 19:19:29,
7663,PC-103832,hub_out,RD-114,2026-07-01 09:10:15,
7664,PC-103832,delivered,RD-114,2026-07-03 17:15:43,
7665,PC-103833,hub_out,RD-101,2026-07-02 03:28:02,
7666,PC-103833,delivered,RD-101,2026-07-03 10:33:26,
7667,PC-103834,hub_out,RD-101,2026-07-01 18:38:51,
7668,PC-103834,delivered,RD-101,2026-07-03 11:39:13,
7669,PC-103835,hub_out,RD-107,2026-07-02 08:52:33,
7670,PC-103835,delivered,RD-107,2026-07-03 15:11:25,
7671,PC-103836,hub_out,RD-131,2026-07-02 13:09:09,
7672,PC-103836,delivered,RD-131,2026-07-03 12:36:06,
7673,PC-103837,hub_out,RD-105,2026-07-01 17:52:07,
7674,PC-103837,delivered,RD-105,2026-07-03 15:33:44,
7675,PC-103838,hub_out,RD-103,2026-07-01 01:55:30,
7676,PC-103838,delivered,RD-103,2026-07-03 10:00:34,
7677,PC-103839,hub_out,RD-107,2026-07-01 07:53:38,
7678,PC-103839,delivered,RD-107,2026-07-03 10:45:48,
7679,PC-103840,hub_out,RD-131,2026-07-02 17:30:03,
7680,PC-103840,delivered,RD-131,2026-07-03 13:32:19,
7681,PC-103841,hub_out,RD-107,2026-07-02 01:23:54,
7682,PC-103841,delivered,RD-107,2026-07-03 15:42:12,
7683,PC-103842,hub_out,RD-114,2026-07-02 18:41:57,
7684,PC-103842,delivered,RD-114,2026-07-03 15:21:40,
7685,PC-103843,hub_out,RD-108,2026-07-02 02:06:39,
7686,PC-103843,delivered,RD-108,2026-07-03 13:57:43,
7687,PC-103844,hub_out,RD-103,2026-07-01 16:28:05,
7688,PC-103844,delivered,RD-103,2026-07-03 10:29:39,
7689,PC-103845,hub_out,RD-101,2026-07-02 15:07:09,
7690,PC-103845,delivered,RD-101,2026-07-03 15:57:14,
7691,PC-103846,hub_out,RD-101,2026-07-02 08:35:27,
7692,PC-103846,delivered,RD-101,2026-07-03 17:18:55,
7693,PC-103847,hub_out,RD-101,2026-07-01 19:15:49,
7694,PC-103847,delivered,RD-101,2026-07-03 11:27:21,
7695,PC-103848,hub_out,RD-105,2026-07-02 06:43:41,
7696,PC-103848,delivered,RD-105,2026-07-03 16:28:59,
7697,PC-103849,hub_out,RD-105,2026-07-02 04:29:06,
7698,PC-103849,delivered,RD-105,2026-07-03 15:58:39,
7699,PC-103850,hub_out,RD-101,2026-07-01 12:31:58,
7700,PC-103850,delivered,RD-101,2026-07-03 18:32:34,
7701,PC-103851,hub_out,RD-103,2026-07-01 08:30:04,
7702,PC-103851,delivered,RD-103,2026-07-03 11:47:21,
7703,PC-103852,hub_out,RD-114,2026-07-01 06:06:51,
7704,PC-103852,delivered,RD-114,2026-07-03 09:32:31,
7705,PC-103853,hub_out,RD-107,2026-07-01 23:27:17,
7706,PC-103853,delivered,RD-107,2026-07-03 18:20:50,
7707,PC-103854,hub_out,RD-105,2026-07-01 21:50:25,
7708,PC-103854,delivered,RD-105,2026-07-03 18:49:40,
7709,PC-103855,hub_out,RD-102,2026-07-01 05:48:27,
7710,PC-103855,delivered,RD-102,2026-07-03 15:22:15,
7711,PC-103856,hub_out,RD-108,2026-07-02 03:56:33,
7712,PC-103856,delivered,RD-108,2026-07-03 18:32:55,
7713,PC-103857,hub_out,RD-107,2026-07-02 05:12:24,
7714,PC-103857,delivered,RD-107,2026-07-03 15:43:58,
7715,PC-103858,hub_out,RD-131,2026-07-02 09:32:23,
7716,PC-103858,delivered,RD-131,2026-07-03 15:03:41,
7717,PC-103859,hub_out,RD-105,2026-07-02 02:26:54,
7718,PC-103859,delivered,RD-105,2026-07-03 16:18:26,
7719,PC-103860,hub_out,RD-103,2026-07-01 00:40:22,
7720,PC-103860,delivered,RD-103,2026-07-03 10:41:19,
7721,PC-103861,hub_out,RD-108,2026-07-02 08:34:56,
7722,PC-103861,delivered,RD-108,2026-07-03 15:31:40,
7723,PC-103862,hub_out,RD-102,2026-07-01 23:29:40,
7724,PC-103862,delivered,RD-102,2026-07-03 19:27:49,
7725,PC-103863,hub_out,RD-114,2026-07-01 23:54:36,
7726,PC-103863,delivered,RD-114,2026-07-03 10:39:56,
7727,PC-103864,hub_out,RD-103,2026-07-01 01:18:11,
7728,PC-103864,delivered,RD-103,2026-07-03 11:44:53,
7729,PC-103865,hub_out,RD-101,2026-07-02 05:56:00,
7730,PC-103865,delivered,RD-101,2026-07-03 14:02:41,
7731,PC-103866,hub_out,RD-108,2026-07-02 03:03:12,
7732,PC-103866,delivered,RD-108,2026-07-03 18:33:00,
7733,PC-103867,hub_out,RD-101,2026-07-02 07:08:10,
7734,PC-103867,delivered,RD-101,2026-07-03 16:51:27,
7735,PC-103868,hub_out,RD-108,2026-07-01 21:30:23,
7736,PC-103868,delivered,RD-108,2026-07-03 15:01:00,
7737,PC-103869,hub_out,RD-114,2026-07-02 11:37:33,
7738,PC-103869,delivered,RD-114,2026-07-03 15:53:08,
7739,PC-103870,hub_out,RD-105,2026-07-01 14:59:31,
7740,PC-103870,delivered,RD-105,2026-07-03 10:46:11,
7741,PC-103871,hub_out,RD-101,2026-07-02 16:42:56,
7742,PC-103871,delivered,RD-101,2026-07-03 11:48:19,
7743,PC-103872,hub_out,RD-105,2026-07-01 05:23:27,
7744,PC-103872,delivered,RD-105,2026-07-03 15:58:12,
7745,PC-103873,hub_out,RD-101,2026-07-02 07:05:43,
7746,PC-103873,delivered,RD-101,2026-07-03 12:46:33,
7747,PC-103874,hub_out,RD-114,2026-07-02 22:56:52,
7748,PC-103874,delivered,RD-114,2026-07-03 17:18:27,
7749,PC-103875,hub_out,RD-101,2026-07-02 04:35:44,
7750,PC-103875,delivered,RD-101,2026-07-03 16:26:57,
7751,PC-103876,hub_out,RD-108,2026-07-02 02:48:56,
7752,PC-103876,delivered,RD-108,2026-07-03 12:52:14,
7753,PC-103877,hub_out,RD-105,2026-07-01 14:01:04,
7754,PC-103877,delivered,RD-105,2026-07-03 10:55:07,
7755,PC-103878,hub_out,RD-131,2026-07-02 23:31:55,
7756,PC-103878,delivered,RD-131,2026-07-03 17:40:34,
7757,PC-103879,hub_out,RD-114,2026-07-01 12:51:08,
7758,PC-103879,delivered,RD-114,2026-07-03 10:40:07,
7759,PC-103880,hub_out,RD-131,2026-07-02 04:58:37,
7760,PC-103880,delivered,RD-131,2026-07-03 11:10:11,
7761,PC-103881,hub_out,RD-131,2026-07-01 12:44:14,
7762,PC-103881,delivered,RD-131,2026-07-03 13:25:29,
7763,PC-103882,hub_out,RD-131,2026-06-30 23:32:50,
7764,PC-103882,delivered,RD-131,2026-07-03 11:52:10,
7765,PC-103883,hub_out,RD-107,2026-07-01 18:04:14,
7766,PC-103883,delivered,RD-107,2026-07-03 15:28:54,
7767,PC-103884,hub_out,RD-105,2026-07-02 01:50:00,
7768,PC-103884,delivered,RD-105,2026-07-03 14:38:52,
7769,PC-103885,hub_out,RD-131,2026-07-01 14:37:30,
7770,PC-103885,delivered,RD-131,2026-07-03 19:29:48,
7771,PC-103886,hub_out,RD-114,2026-07-01 04:08:11,
7772,PC-103886,delivered,RD-114,2026-07-03 14:25:46,
7773,PC-103887,hub_out,RD-107,2026-07-02 04:31:48,
7774,PC-103887,delivered,RD-107,2026-07-03 14:44:58,
7775,PC-103888,hub_out,RD-107,2026-07-01 06:55:29,
7776,PC-103888,delivered,RD-107,2026-07-03 17:33:40,
7777,PC-103889,hub_out,RD-114,2026-07-03 00:40:23,
7778,PC-103889,delivered,RD-114,2026-07-03 19:34:26,
7779,PC-103890,hub_out,RD-101,2026-07-01 10:16:13,
7780,PC-103890,delivered,RD-101,2026-07-03 12:52:44,
7781,PC-103891,hub_out,RD-114,2026-07-02 15:37:40,
7782,PC-103891,delivered,RD-114,2026-07-03 19:39:20,
7783,PC-103892,hub_out,RD-102,2026-07-01 16:57:43,
7784,PC-103892,delivered,RD-102,2026-07-03 09:28:42,
7785,PC-103893,hub_out,RD-108,2026-07-01 09:53:02,
7786,PC-103893,delivered,RD-108,2026-07-03 14:45:04,
7787,PC-103894,hub_out,RD-114,2026-07-02 03:35:07,
7788,PC-103894,delivered,RD-114,2026-07-03 10:46:36,
7789,PC-103895,hub_out,RD-114,2026-07-02 02:27:10,
7790,PC-103895,delivered,RD-114,2026-07-03 19:55:42,
7791,PC-103896,hub_out,RD-114,2026-07-01 09:40:11,
7792,PC-103896,delivered,RD-114,2026-07-03 13:39:38,
7793,PC-103897,hub_out,RD-107,2026-07-01 06:37:36,
7794,PC-103897,delivered,RD-107,2026-07-03 09:26:27,
7795,PC-103898,hub_out,RD-101,2026-07-02 08:17:07,
7796,PC-103898,delivered,RD-101,2026-07-03 19:44:28,
7797,PC-103899,hub_out,RD-114,2026-07-02 14:07:35,
7798,PC-103899,delivered,RD-114,2026-07-03 10:03:40,
7799,PC-103900,hub_out,RD-102,2026-07-01 18:11:19,
7800,PC-103900,delivered,RD-102,2026-07-03 18:21:25,
7801,PC-103901,hub_out,RD-102,2026-07-01 17:24:50,
7802,PC-103901,delivered,RD-102,2026-07-03 10:10:22,
7803,PC-103902,hub_out,RD-108,2026-07-02 17:24:57,
7804,PC-103902,delivered,RD-108,2026-07-03 19:08:46,
7805,PC-103903,hub_out,RD-114,2026-07-01 08:09:49,
7806,PC-103903,delivered,RD-114,2026-07-03 14:13:52,
7807,PC-103904,hub_out,RD-103,2026-07-02 06:47:14,
7808,PC-103904,delivered,RD-103,2026-07-03 10:59:27,
7809,PC-103905,hub_out,RD-108,2026-07-01 16:54:57,
7810,PC-103905,delivered,RD-108,2026-07-03 13:50:01,
7811,PC-103906,hub_out,RD-107,2026-07-02 21:34:40,
7812,PC-103906,delivered,RD-107,2026-07-03 18:48:29,
7813,PC-103907,hub_out,RD-114,2026-07-02 00:52:39,
7814,PC-103907,delivered,RD-114,2026-07-03 12:31:41,
7815,PC-103908,hub_out,RD-107,2026-07-02 18:47:25,
7816,PC-103908,delivered,RD-107,2026-07-03 16:17:13,
7817,PC-103909,hub_out,RD-107,2026-07-01 15:43:24,
7818,PC-103909,delivered,RD-107,2026-07-03 09:33:39,
7819,PC-103910,hub_out,RD-108,2026-07-01 22:21:09,
7820,PC-103910,delivered,RD-108,2026-07-03 14:56:11,
7821,PC-103911,hub_out,RD-108,2026-07-01 05:20:01,
7822,PC-103911,delivered,RD-108,2026-07-03 15:52:35,
7823,PC-103912,hub_out,RD-101,2026-07-01 07:41:10,
7824,PC-103912,delivered,RD-101,2026-07-03 14:42:03,
7825,PC-103913,hub_out,RD-114,2026-07-02 04:43:41,
7826,PC-103913,delivered,RD-114,2026-07-03 19:22:07,
7827,PC-103914,hub_out,RD-102,2026-07-01 10:57:52,
7828,PC-103914,delivered,RD-102,2026-07-03 12:04:11,
7829,PC-103915,hub_out,RD-101,2026-07-01 20:32:46,
7830,PC-103915,delivered,RD-101,2026-07-03 09:56:12,
7831,PC-103916,hub_out,RD-105,2026-07-01 23:38:29,
7832,PC-103916,delivered,RD-105,2026-07-03 16:43:16,
7833,PC-103917,hub_out,RD-103,2026-07-02 06:23:55,
7834,PC-103917,delivered,RD-103,2026-07-03 10:35:38,
7835,PC-103918,hub_out,RD-103,2026-07-01 08:01:41,
7836,PC-103918,delivered,RD-103,2026-07-03 10:16:51,
7837,PC-103919,hub_out,RD-103,2026-07-01 22:33:57,
7838,PC-103919,delivered,RD-103,2026-07-03 19:45:50,
7839,PC-103920,hub_out,RD-102,2026-07-01 12:11:24,
7840,PC-103920,delivered,RD-102,2026-07-03 12:50:13,
7841,PC-103921,hub_out,RD-105,2026-07-02 14:51:22,
7842,PC-103921,delivered,RD-105,2026-07-03 13:08:40,
7843,PC-103922,hub_out,RD-103,2026-07-02 10:15:35,
7844,PC-103922,delivered,RD-103,2026-07-03 09:43:44,
7845,PC-103923,hub_out,RD-103,2026-07-02 09:23:29,
7846,PC-103923,delivered,RD-103,2026-07-03 13:09:57,
7847,PC-103924,hub_out,RD-102,2026-07-01 20:59:49,
7848,PC-103924,delivered,RD-102,2026-07-03 19:18:21,
7849,PC-103925,hub_out,RD-105,2026-07-02 19:41:19,
7850,PC-103925,delivered,RD-105,2026-07-03 14:15:24,
7851,PC-103926,hub_out,RD-101,2026-07-02 05:39:59,
7852,PC-103926,delivered,RD-101,2026-07-03 09:02:35,
7853,PC-103927,hub_out,RD-105,2026-07-01 14:18:55,
7854,PC-103927,delivered,RD-105,2026-07-03 12:09:21,
7855,PC-103928,hub_out,RD-101,2026-07-02 02:05:23,
7856,PC-103928,delivered,RD-101,2026-07-03 16:27:51,
7857,PC-103929,hub_out,RD-101,2026-07-02 09:21:13,
7858,PC-103929,delivered,RD-101,2026-07-03 19:20:01,
7859,PC-103930,hub_out,RD-102,2026-07-01 12:06:04,
7860,PC-103930,delivered,RD-102,2026-07-03 16:11:23,
7861,PC-103931,hub_out,RD-103,2026-07-01 03:59:02,
7862,PC-103931,delivered,RD-103,2026-07-03 13:08:59,
7863,PC-103932,hub_out,RD-131,2026-07-02 13:49:42,
7864,PC-103932,delivered,RD-131,2026-07-03 09:22:25,
7865,PC-103933,hub_out,RD-102,2026-07-02 10:21:02,
7866,PC-103933,delivered,RD-102,2026-07-03 12:10:25,
7867,PC-103934,hub_out,RD-131,2026-07-02 13:48:07,
7868,PC-103934,delivered,RD-131,2026-07-03 13:50:08,
7869,PC-103935,hub_out,RD-107,2026-07-02 23:44:35,
7870,PC-103935,delivered,RD-107,2026-07-03 19:59:43,
7871,PC-103936,hub_out,RD-105,2026-07-02 17:14:17,
7872,PC-103936,delivered,RD-105,2026-07-03 10:38:46,
7873,PC-103937,hub_out,RD-107,2026-07-01 00:11:51,
7874,PC-103937,delivered,RD-107,2026-07-03 09:11:22,
7875,PC-103938,hub_out,RD-105,2026-07-01 15:13:23,
7876,PC-103938,delivered,RD-105,2026-07-03 09:41:09,
7877,PC-103939,hub_out,RD-114,2026-07-02 07:56:03,
7878,PC-103939,delivered,RD-114,2026-07-03 15:16:47,
7879,PC-103940,hub_out,RD-103,2026-07-02 13:08:22,
7880,PC-103940,delivered,RD-103,2026-07-03 19:03:11,
7881,PC-103941,hub_out,RD-108,2026-07-01 09:32:45,
7882,PC-103941,delivered,RD-108,2026-07-03 17:41:28,
7883,PC-103942,hub_out,RD-102,2026-07-01 10:59:08,
7884,PC-103942,delivered,RD-102,2026-07-03 09:05:44,
7885,PC-103943,hub_out,RD-105,2026-07-01 06:47:30,
7886,PC-103943,delivered,RD-105,2026-07-03 12:52:35,
7887,PC-103944,hub_out,RD-131,2026-07-02 08:40:46,
7888,PC-103944,delivered,RD-131,2026-07-03 10:43:15,
7889,PC-103945,hub_out,RD-131,2026-07-02 09:36:53,
7890,PC-103945,delivered,RD-131,2026-07-03 18:32:59,
7891,PC-103946,hub_out,RD-101,2026-07-02 09:36:20,
7892,PC-103946,delivered,RD-101,2026-07-03 19:37:09,
7893,PC-103947,hub_out,RD-102,2026-07-01 03:13:26,
7894,PC-103947,delivered,RD-102,2026-07-03 13:26:01,
7895,PC-103948,hub_out,RD-107,2026-06-30 22:29:00,
7896,PC-103948,delivered,RD-107,2026-07-03 09:53:17,
7897,PC-103949,hub_out,RD-103,2026-07-01 15:47:13,
7898,PC-103949,delivered,RD-103,2026-07-03 18:21:47,
7899,PC-103950,hub_out,RD-131,2026-07-02 17:17:23,
7900,PC-103950,delivered,RD-131,2026-07-03 18:26:27,
7901,PC-103951,hub_out,RD-102,2026-07-02 00:13:15,
7902,PC-103951,delivered,RD-102,2026-07-03 09:31:09,
7903,PC-103952,hub_out,RD-114,2026-07-01 08:36:02,
7904,PC-103952,delivered,RD-114,2026-07-03 17:37:32,
7905,PC-103953,hub_out,RD-131,2026-07-02 18:17:49,
7906,PC-103953,delivered,RD-131,2026-07-03 19:14:03,
7907,PC-103954,hub_out,RD-103,2026-07-01 16:12:32,
7908,PC-103954,delivered,RD-103,2026-07-03 15:54:07,
7909,PC-103955,hub_out,RD-105,2026-06-30 22:15:21,
7910,PC-103955,delivered,RD-105,2026-07-03 11:37:57,
7911,PC-103956,hub_out,RD-101,2026-07-01 16:37:26,
7912,PC-103956,delivered,RD-101,2026-07-03 15:52:09,
7913,PC-103957,hub_out,RD-105,2026-07-02 18:43:12,
7914,PC-103957,failed_attempt,RD-105,2026-07-03 17:17:13,cod not ready
7915,PC-103958,hub_out,RD-103,2026-07-03 08:19:38,
7916,PC-103958,failed_attempt,RD-103,2026-07-03 13:33:05,address not found
7917,PC-103959,hub_out,RD-108,2026-07-02 19:22:14,
7918,PC-103959,failed_attempt,RD-108,2026-07-03 17:15:33,address not found
7919,PC-103960,hub_out,RD-103,2026-07-02 23:08:59,
7920,PC-103960,failed_attempt,RD-103,2026-07-03 19:06:42,customer unreachable
7921,PC-103961,hub_out,RD-102,2026-07-02 16:22:30,
7922,PC-103961,failed_attempt,RD-102,2026-07-03 12:19:52,address not found
7923,PC-103962,hub_out,RD-108,2026-07-02 17:18:21,
7924,PC-103962,failed_attempt,RD-108,2026-07-03 19:44:46,address not found
7925,PC-103963,hub_out,RD-108,2026-07-03 09:12:01,
7926,PC-103963,failed_attempt,RD-108,2026-07-03 19:13:22,address not found
7927,PC-103964,hub_out,RD-102,2026-07-03 07:26:24,
7928,PC-103964,failed_attempt,RD-102,2026-07-03 13:48:02,customer unreachable
7929,PC-103965,hub_out,RD-131,2026-07-02 15:46:47,
7930,PC-103965,failed_attempt,RD-131,2026-07-03 18:40:35,customer unreachable
7931,PC-103966,hub_out,RD-107,2026-07-03 05:32:33,
7932,PC-103966,failed_attempt,RD-107,2026-07-03 16:23:46,cod not ready
7933,PC-103967,hub_out,RD-114,2026-07-02 17:00:36,
7934,PC-103967,failed_attempt,RD-114,2026-07-03 15:25:46,customer refused
7935,PC-103968,hub_out,RD-105,2026-07-03 12:16:21,
7936,PC-103968,failed_attempt,RD-105,2026-07-03 15:59:13,customer refused
7937,PC-103969,hub_out,RD-131,2026-07-02 21:53:03,
7938,PC-103969,failed_attempt,RD-131,2026-07-03 18:44:35,cod not ready
7939,PC-103970,hub_out,RD-107,2026-07-03 09:53:08,
7940,PC-103970,failed_attempt,RD-107,2026-07-03 19:19:19,customer refused
7941,PC-103971,hub_out,RD-105,2026-07-03 12:14:14,
7942,PC-103971,failed_attempt,RD-105,2026-07-03 15:57:30,address not found
7943,PC-103972,hub_out,RD-114,2026-07-02 18:56:30,
7944,PC-103972,failed_attempt,RD-114,2026-07-03 13:46:08,customer refused
7945,PC-103973,hub_out,RD-105,2026-07-02 14:33:44,
7946,PC-103973,failed_attempt,RD-105,2026-07-03 10:42:21,cod not ready
7947,PC-103974,hub_out,RD-108,2026-07-03 07:04:06,
7948,PC-103974,failed_attempt,RD-108,2026-07-03 11:52:31,customer unreachable
7949,PC-103975,hub_out,RD-107,2026-07-02 15:47:47,
7950,PC-103975,failed_attempt,RD-107,2026-07-03 14:02:45,customer refused
7951,PC-103976,hub_out,RD-103,2026-07-03 08:51:49,
7952,PC-103976,failed_attempt,RD-103,2026-07-03 14:11:36,customer refused
7953,PC-103977,hub_out,RD-107,2026-07-03 04:08:17,
7954,PC-103977,failed_attempt,RD-107,2026-07-03 17:50:42,shop closed
7955,PC-103978,hub_out,RD-105,2026-07-03 03:44:29,
7956,PC-103978,failed_attempt,RD-105,2026-07-03 12:31:22,customer refused
7957,PC-103979,hub_out,RD-114,2026-07-02 21:51:02,
7958,PC-103979,failed_attempt,RD-114,2026-07-03 10:19:11,shop closed
7959,PC-103980,hub_out,RD-107,2026-07-03 08:29:46,
7960,PC-103980,failed_attempt,RD-107,2026-07-03 13:06:48,customer refused
7961,PC-103981,hub_out,RD-108,2026-07-02 22:46:10,
7962,PC-103981,failed_attempt,RD-108,2026-07-03 16:21:05,address not found
7963,PC-103982,hub_out,RD-114,2026-07-02 07:16:39,
7964,PC-103982,failed_attempt,RD-114,2026-07-03 10:22:44,address not found
7965,PC-103983,hub_out,RD-114,2026-07-02 13:22:38,
7966,PC-103983,failed_attempt,RD-114,2026-07-03 12:05:03,shop closed
7967,PC-103984,hub_out,RD-105,2026-07-05 00:45:35,
7968,PC-103984,delivered,RD-105,2026-07-07 12:35:50,
7969,PC-103985,hub_out,RD-101,2026-07-05 15:23:22,
7970,PC-103985,delivered,RD-101,2026-07-07 19:11:01,
7971,PC-103986,hub_out,RD-102,2026-07-06 03:09:46,
7972,PC-103986,delivered,RD-102,2026-07-07 09:09:10,
7973,PC-103987,hub_out,RD-105,2026-07-05 16:53:54,
7974,PC-103987,delivered,RD-105,2026-07-07 14:11:39,
7975,PC-103988,hub_out,RD-108,2026-07-05 01:10:26,
7976,PC-103988,delivered,RD-108,2026-07-07 10:37:32,
7977,PC-103989,hub_out,RD-101,2026-07-05 20:15:47,
7978,PC-103989,delivered,RD-101,2026-07-07 11:39:40,
7979,PC-103990,hub_out,RD-105,2026-07-05 05:30:01,
7980,PC-103990,delivered,RD-105,2026-07-07 11:46:08,
7981,PC-103991,hub_out,RD-131,2026-07-06 17:23:36,
7982,PC-103991,delivered,RD-131,2026-07-07 13:20:21,
7983,PC-103992,hub_out,RD-103,2026-07-06 00:13:23,
7984,PC-103992,delivered,RD-103,2026-07-07 10:55:56,
7985,PC-103993,hub_out,RD-131,2026-07-06 18:52:58,
7986,PC-103993,delivered,RD-131,2026-07-07 16:59:49,
7987,PC-103994,hub_out,RD-114,2026-07-05 00:23:43,
7988,PC-103994,delivered,RD-114,2026-07-07 09:16:03,
7989,PC-103995,hub_out,RD-102,2026-07-05 06:11:48,
7990,PC-103995,delivered,RD-102,2026-07-07 12:52:41,
7991,PC-103996,hub_out,RD-107,2026-07-06 05:52:47,
7992,PC-103996,delivered,RD-107,2026-07-07 09:11:54,
7993,PC-103997,hub_out,RD-101,2026-07-05 12:32:20,
7994,PC-103997,delivered,RD-101,2026-07-07 12:15:56,
7995,PC-103998,hub_out,RD-105,2026-07-06 00:41:09,
7996,PC-103998,delivered,RD-105,2026-07-07 11:58:01,
7997,PC-103999,hub_out,RD-101,2026-07-06 03:46:30,
7998,PC-103999,delivered,RD-101,2026-07-07 13:42:45,
7999,PC-104000,hub_out,RD-101,2026-07-06 21:31:45,
8000,PC-104000,delivered,RD-101,2026-07-07 18:54:10,
8001,PC-104001,hub_out,RD-102,2026-07-06 10:57:10,
8002,PC-104001,delivered,RD-102,2026-07-07 17:06:11,
8003,PC-104002,hub_out,RD-114,2026-07-06 07:40:50,
8004,PC-104002,delivered,RD-114,2026-07-07 15:38:57,
8005,PC-104003,hub_out,RD-131,2026-07-05 06:11:54,
8006,PC-104003,delivered,RD-131,2026-07-07 14:20:54,
8007,PC-104004,hub_out,RD-108,2026-07-05 06:20:58,
8008,PC-104004,delivered,RD-108,2026-07-07 11:02:38,
8009,PC-104005,hub_out,RD-105,2026-07-05 08:19:19,
8010,PC-104005,delivered,RD-105,2026-07-07 11:34:16,
8011,PC-104006,hub_out,RD-131,2026-07-05 12:45:19,
8012,PC-104006,delivered,RD-131,2026-07-07 10:34:37,
8013,PC-104007,hub_out,RD-131,2026-07-06 18:37:53,
8014,PC-104007,delivered,RD-131,2026-07-07 14:47:12,
8015,PC-104008,hub_out,RD-114,2026-07-05 08:38:22,
8016,PC-104008,delivered,RD-114,2026-07-07 09:30:13,
8017,PC-104009,hub_out,RD-102,2026-07-06 13:32:44,
8018,PC-104009,delivered,RD-102,2026-07-07 19:43:58,
8019,PC-104010,hub_out,RD-103,2026-07-05 20:12:20,
8020,PC-104010,delivered,RD-103,2026-07-07 11:39:50,
8021,PC-104011,hub_out,RD-131,2026-07-05 16:30:02,
8022,PC-104011,delivered,RD-131,2026-07-07 19:04:22,
8023,PC-104012,hub_out,RD-114,2026-07-05 06:47:38,
8024,PC-104012,delivered,RD-114,2026-07-07 10:33:09,
8025,PC-104013,hub_out,RD-107,2026-07-06 19:24:09,
8026,PC-104013,delivered,RD-107,2026-07-07 14:57:47,
8027,PC-104014,hub_out,RD-114,2026-07-05 08:11:57,
8028,PC-104014,delivered,RD-114,2026-07-07 14:50:32,
8029,PC-104015,hub_out,RD-105,2026-07-05 06:01:11,
8030,PC-104015,delivered,RD-105,2026-07-07 11:58:44,
8031,PC-104016,hub_out,RD-108,2026-07-05 04:43:42,
8032,PC-104016,delivered,RD-108,2026-07-07 11:31:36,
8033,PC-104017,hub_out,RD-108,2026-07-06 06:41:47,
8034,PC-104017,delivered,RD-108,2026-07-07 18:22:24,
8035,PC-104018,hub_out,RD-114,2026-07-05 06:09:25,
8036,PC-104018,delivered,RD-114,2026-07-07 16:19:07,
8037,PC-104019,hub_out,RD-105,2026-07-05 23:30:59,
8038,PC-104019,delivered,RD-105,2026-07-07 16:39:57,
8039,PC-104020,hub_out,RD-108,2026-07-06 06:19:15,
8040,PC-104020,delivered,RD-108,2026-07-07 13:44:26,
8041,PC-104021,hub_out,RD-108,2026-07-05 15:29:59,
8042,PC-104021,delivered,RD-108,2026-07-07 17:32:48,
8043,PC-104022,hub_out,RD-131,2026-07-05 12:30:04,
8044,PC-104022,delivered,RD-131,2026-07-07 15:58:47,
8045,PC-104023,hub_out,RD-101,2026-07-05 21:02:05,
8046,PC-104023,delivered,RD-101,2026-07-07 15:52:48,
8047,PC-104024,hub_out,RD-103,2026-07-06 06:27:32,
8048,PC-104024,delivered,RD-103,2026-07-07 11:43:29,
8049,PC-104025,hub_out,RD-131,2026-07-06 12:53:18,
8050,PC-104025,delivered,RD-131,2026-07-07 17:41:31,
8051,PC-104026,hub_out,RD-108,2026-07-06 11:36:56,
8052,PC-104026,delivered,RD-108,2026-07-07 19:04:38,
8053,PC-104027,hub_out,RD-108,2026-07-05 15:22:55,
8054,PC-104027,delivered,RD-108,2026-07-07 11:22:51,
8055,PC-104028,hub_out,RD-102,2026-07-05 05:36:28,
8056,PC-104028,delivered,RD-102,2026-07-07 15:32:23,
8057,PC-104029,hub_out,RD-114,2026-07-05 05:36:33,
8058,PC-104029,delivered,RD-114,2026-07-07 11:30:46,
8059,PC-104030,hub_out,RD-102,2026-07-05 05:03:12,
8060,PC-104030,delivered,RD-102,2026-07-07 12:19:56,
8061,PC-104031,hub_out,RD-107,2026-07-06 04:39:35,
8062,PC-104031,delivered,RD-107,2026-07-07 12:51:02,
8063,PC-104032,hub_out,RD-131,2026-07-05 16:40:55,
8064,PC-104032,delivered,RD-131,2026-07-07 09:58:18,
8065,PC-104033,hub_out,RD-102,2026-07-06 06:47:28,
8066,PC-104033,delivered,RD-102,2026-07-07 13:02:55,
8067,PC-104034,hub_out,RD-108,2026-07-06 12:57:25,
8068,PC-104034,delivered,RD-108,2026-07-07 09:03:24,
8069,PC-104035,hub_out,RD-107,2026-07-06 04:56:45,
8070,PC-104035,delivered,RD-107,2026-07-07 12:44:39,
8071,PC-104036,hub_out,RD-108,2026-07-06 18:41:55,
8072,PC-104036,delivered,RD-108,2026-07-07 13:42:41,
8073,PC-104037,hub_out,RD-101,2026-07-06 22:38:24,
8074,PC-104037,delivered,RD-101,2026-07-07 18:28:12,
8075,PC-104038,hub_out,RD-103,2026-07-06 07:02:20,
8076,PC-104038,delivered,RD-103,2026-07-07 15:33:56,
8077,PC-104039,hub_out,RD-107,2026-07-06 14:12:58,
8078,PC-104039,delivered,RD-107,2026-07-07 18:11:27,
8079,PC-104040,hub_out,RD-105,2026-07-06 04:45:04,
8080,PC-104040,delivered,RD-105,2026-07-07 12:57:20,
8081,PC-104041,hub_out,RD-108,2026-07-06 04:56:36,
8082,PC-104041,delivered,RD-108,2026-07-07 09:47:57,
8083,PC-104042,hub_out,RD-105,2026-07-06 01:25:35,
8084,PC-104042,delivered,RD-105,2026-07-07 16:13:23,
8085,PC-104043,hub_out,RD-105,2026-07-06 20:15:05,
8086,PC-104043,delivered,RD-105,2026-07-07 15:00:50,
8087,PC-104044,hub_out,RD-131,2026-07-05 22:07:04,
8088,PC-104044,delivered,RD-131,2026-07-07 13:40:54,
8089,PC-104045,hub_out,RD-114,2026-07-05 01:22:08,
8090,PC-104045,delivered,RD-114,2026-07-07 10:11:35,
8091,PC-104046,hub_out,RD-102,2026-07-04 23:53:06,
8092,PC-104046,delivered,RD-102,2026-07-07 10:11:40,
8093,PC-104047,hub_out,RD-105,2026-07-06 09:42:07,
8094,PC-104047,delivered,RD-105,2026-07-07 11:23:52,
8095,PC-104048,hub_out,RD-105,2026-07-05 12:35:48,
8096,PC-104048,delivered,RD-105,2026-07-07 10:27:33,
8097,PC-104049,hub_out,RD-108,2026-07-05 16:20:59,
8098,PC-104049,delivered,RD-108,2026-07-07 17:31:28,
8099,PC-104050,hub_out,RD-107,2026-07-05 05:43:42,
8100,PC-104050,delivered,RD-107,2026-07-07 15:16:15,
8101,PC-104051,hub_out,RD-101,2026-07-06 03:01:31,
8102,PC-104051,delivered,RD-101,2026-07-07 11:02:38,
8103,PC-104052,hub_out,RD-103,2026-07-06 14:31:58,
8104,PC-104052,delivered,RD-103,2026-07-07 09:11:51,
8105,PC-104053,hub_out,RD-108,2026-07-05 13:21:09,
8106,PC-104053,delivered,RD-108,2026-07-07 19:30:45,
8107,PC-104054,hub_out,RD-131,2026-07-05 07:48:17,
8108,PC-104054,delivered,RD-131,2026-07-07 09:01:13,
8109,PC-104055,hub_out,RD-102,2026-07-05 20:53:55,
8110,PC-104055,delivered,RD-102,2026-07-07 13:21:16,
8111,PC-104056,hub_out,RD-108,2026-07-05 06:09:37,
8112,PC-104056,delivered,RD-108,2026-07-07 09:41:19,
8113,PC-104057,hub_out,RD-102,2026-07-06 11:45:03,
8114,PC-104057,delivered,RD-102,2026-07-07 10:56:31,
8115,PC-104058,hub_out,RD-114,2026-07-05 20:56:30,
8116,PC-104058,delivered,RD-114,2026-07-07 16:37:27,
8117,PC-104059,hub_out,RD-102,2026-07-06 14:23:09,
8118,PC-104059,delivered,RD-102,2026-07-07 19:33:14,
8119,PC-104060,hub_out,RD-103,2026-07-06 12:40:11,
8120,PC-104060,delivered,RD-103,2026-07-07 15:13:57,
8121,PC-104061,hub_out,RD-102,2026-07-05 03:56:03,
8122,PC-104061,delivered,RD-102,2026-07-07 09:04:27,
8123,PC-104062,hub_out,RD-103,2026-07-05 17:06:45,
8124,PC-104062,delivered,RD-103,2026-07-07 15:14:15,
8125,PC-104063,hub_out,RD-102,2026-07-05 20:37:54,
8126,PC-104063,delivered,RD-102,2026-07-07 10:21:13,
8127,PC-104064,hub_out,RD-101,2026-07-05 09:09:01,
8128,PC-104064,delivered,RD-101,2026-07-07 12:30:20,
8129,PC-104065,hub_out,RD-131,2026-07-06 19:19:52,
8130,PC-104065,delivered,RD-131,2026-07-07 19:23:17,
8131,PC-104066,hub_out,RD-102,2026-07-05 00:33:03,
8132,PC-104066,delivered,RD-102,2026-07-07 10:04:08,
8133,PC-104067,hub_out,RD-102,2026-07-05 20:38:32,
8134,PC-104067,delivered,RD-102,2026-07-07 09:16:11,
8135,PC-104068,hub_out,RD-103,2026-07-05 02:48:55,
8136,PC-104068,delivered,RD-103,2026-07-07 12:46:00,
8137,PC-104069,hub_out,RD-101,2026-07-06 06:10:53,
8138,PC-104069,delivered,RD-101,2026-07-07 09:15:54,
8139,PC-104070,hub_out,RD-108,2026-07-05 03:26:21,
8140,PC-104070,delivered,RD-108,2026-07-07 13:18:06,
8141,PC-104071,hub_out,RD-103,2026-07-06 07:47:35,
8142,PC-104071,delivered,RD-103,2026-07-07 15:14:48,
8143,PC-104072,hub_out,RD-114,2026-07-06 06:06:19,
8144,PC-104072,delivered,RD-114,2026-07-07 16:55:26,
8145,PC-104073,hub_out,RD-108,2026-07-05 09:23:59,
8146,PC-104073,delivered,RD-108,2026-07-07 17:46:54,
8147,PC-104074,hub_out,RD-105,2026-07-06 09:32:12,
8148,PC-104074,delivered,RD-105,2026-07-07 16:05:47,
8149,PC-104075,hub_out,RD-101,2026-07-05 16:27:15,
8150,PC-104075,delivered,RD-101,2026-07-07 12:30:17,
8151,PC-104076,hub_out,RD-108,2026-07-06 02:01:01,
8152,PC-104076,delivered,RD-108,2026-07-07 10:31:54,
8153,PC-104077,hub_out,RD-107,2026-07-06 16:00:44,
8154,PC-104077,delivered,RD-107,2026-07-07 16:44:26,
8155,PC-104078,hub_out,RD-103,2026-07-06 15:02:32,
8156,PC-104078,delivered,RD-103,2026-07-07 17:11:42,
8157,PC-104079,hub_out,RD-101,2026-07-06 12:55:38,
8158,PC-104079,delivered,RD-101,2026-07-07 18:23:54,
8159,PC-104080,hub_out,RD-103,2026-07-06 18:55:02,
8160,PC-104080,delivered,RD-103,2026-07-07 18:44:59,
8161,PC-104081,hub_out,RD-108,2026-07-06 15:44:39,
8162,PC-104081,delivered,RD-108,2026-07-07 11:18:16,
8163,PC-104082,hub_out,RD-107,2026-07-06 15:07:20,
8164,PC-104082,delivered,RD-107,2026-07-07 14:36:54,
8165,PC-104083,hub_out,RD-107,2026-07-06 12:45:54,
8166,PC-104083,delivered,RD-107,2026-07-07 16:07:17,
8167,PC-104084,hub_out,RD-105,2026-07-05 07:00:33,
8168,PC-104084,delivered,RD-105,2026-07-07 11:56:46,
8169,PC-104085,hub_out,RD-108,2026-07-06 03:24:07,
8170,PC-104085,delivered,RD-108,2026-07-07 16:23:57,
8171,PC-104086,hub_out,RD-101,2026-07-06 21:18:22,
8172,PC-104086,delivered,RD-101,2026-07-07 15:58:47,
8173,PC-104087,hub_out,RD-114,2026-07-05 14:02:20,
8174,PC-104087,delivered,RD-114,2026-07-07 11:18:52,
8175,PC-104088,hub_out,RD-103,2026-07-06 11:39:48,
8176,PC-104088,delivered,RD-103,2026-07-07 19:20:44,
8177,PC-104089,hub_out,RD-102,2026-07-06 14:02:28,
8178,PC-104089,delivered,RD-102,2026-07-07 13:02:06,
8179,PC-104090,hub_out,RD-108,2026-07-05 11:34:11,
8180,PC-104090,delivered,RD-108,2026-07-07 16:39:33,
8181,PC-104091,hub_out,RD-103,2026-07-05 21:05:45,
8182,PC-104091,delivered,RD-103,2026-07-07 11:41:46,
8183,PC-104092,hub_out,RD-105,2026-07-05 04:44:23,
8184,PC-104092,delivered,RD-105,2026-07-07 15:49:01,
8185,PC-104093,hub_out,RD-131,2026-07-06 07:41:54,
8186,PC-104093,delivered,RD-131,2026-07-07 09:34:23,
8187,PC-104094,hub_out,RD-105,2026-07-06 22:28:00,
8188,PC-104094,delivered,RD-105,2026-07-07 19:06:05,
8189,PC-104095,hub_out,RD-101,2026-07-06 14:30:11,
8190,PC-104095,delivered,RD-101,2026-07-07 11:32:52,
8191,PC-104096,hub_out,RD-114,2026-07-06 06:31:38,
8192,PC-104096,delivered,RD-114,2026-07-07 09:57:15,
8193,PC-104097,hub_out,RD-103,2026-07-06 12:13:55,
8194,PC-104097,delivered,RD-103,2026-07-07 15:55:24,
8195,PC-104098,hub_out,RD-107,2026-07-04 23:53:15,
8196,PC-104098,delivered,RD-107,2026-07-07 13:39:29,
8197,PC-104099,hub_out,RD-103,2026-07-05 11:33:28,
8198,PC-104099,delivered,RD-103,2026-07-07 17:12:35,
8199,PC-104100,hub_out,RD-131,2026-07-06 11:13:23,
8200,PC-104100,delivered,RD-131,2026-07-07 19:14:53,
8201,PC-104101,hub_out,RD-102,2026-07-06 01:49:23,
8202,PC-104101,delivered,RD-102,2026-07-07 15:00:44,
8203,PC-104102,hub_out,RD-131,2026-07-06 05:38:50,
8204,PC-104102,delivered,RD-131,2026-07-07 12:40:49,
8205,PC-104103,hub_out,RD-101,2026-07-04 23:58:35,
8206,PC-104103,delivered,RD-101,2026-07-07 10:04:05,
8207,PC-104104,hub_out,RD-102,2026-07-06 17:02:55,
8208,PC-104104,delivered,RD-102,2026-07-07 14:22:15,
8209,PC-104105,hub_out,RD-107,2026-07-05 08:05:37,
8210,PC-104105,delivered,RD-107,2026-07-07 16:00:21,
8211,PC-104106,hub_out,RD-105,2026-07-05 20:04:43,
8212,PC-104106,delivered,RD-105,2026-07-07 14:15:05,
8213,PC-104107,hub_out,RD-103,2026-07-05 07:09:13,
8214,PC-104107,delivered,RD-103,2026-07-07 13:26:04,
8215,PC-104108,hub_out,RD-108,2026-07-06 21:38:03,
8216,PC-104108,delivered,RD-108,2026-07-07 15:20:29,
8217,PC-104109,hub_out,RD-101,2026-07-05 00:39:52,
8218,PC-104109,delivered,RD-101,2026-07-07 13:57:56,
8219,PC-104110,hub_out,RD-105,2026-07-06 08:00:23,
8220,PC-104110,delivered,RD-105,2026-07-07 12:07:52,
8221,PC-104111,hub_out,RD-105,2026-07-05 09:31:48,
8222,PC-104111,delivered,RD-105,2026-07-07 14:52:21,
8223,PC-104112,hub_out,RD-114,2026-07-04 23:07:20,
8224,PC-104112,delivered,RD-114,2026-07-07 10:17:58,
8225,PC-104113,hub_out,RD-131,2026-07-05 10:23:38,
8226,PC-104113,delivered,RD-131,2026-07-07 09:20:06,
8227,PC-104114,hub_out,RD-102,2026-07-05 15:44:53,
8228,PC-104114,delivered,RD-102,2026-07-07 11:20:40,
8229,PC-104115,hub_out,RD-102,2026-07-06 15:03:31,
8230,PC-104115,delivered,RD-102,2026-07-07 14:18:56,
8231,PC-104116,hub_out,RD-131,2026-07-05 21:29:37,
8232,PC-104116,delivered,RD-131,2026-07-07 11:39:57,
8233,PC-104117,hub_out,RD-114,2026-07-06 21:56:02,
8234,PC-104117,delivered,RD-114,2026-07-07 18:24:35,
8235,PC-104118,hub_out,RD-114,2026-07-05 07:45:22,
8236,PC-104118,delivered,RD-114,2026-07-07 18:56:00,
8237,PC-104119,hub_out,RD-108,2026-07-06 18:07:59,
8238,PC-104119,delivered,RD-108,2026-07-07 13:36:42,
8239,PC-104120,hub_out,RD-102,2026-07-06 18:49:36,
8240,PC-104120,delivered,RD-102,2026-07-07 18:31:16,
8241,PC-104121,hub_out,RD-102,2026-07-05 21:14:08,
8242,PC-104121,delivered,RD-102,2026-07-07 10:53:04,
8243,PC-104122,hub_out,RD-102,2026-07-05 14:20:15,
8244,PC-104122,delivered,RD-102,2026-07-07 15:30:07,
8245,PC-104123,hub_out,RD-101,2026-07-06 06:13:57,
8246,PC-104123,delivered,RD-101,2026-07-07 12:36:21,
8247,PC-104124,hub_out,RD-131,2026-07-05 09:21:47,
8248,PC-104124,delivered,RD-131,2026-07-07 11:36:10,
8249,PC-104125,hub_out,RD-103,2026-07-05 12:04:07,
8250,PC-104125,delivered,RD-103,2026-07-07 15:13:40,
8251,PC-104126,hub_out,RD-114,2026-07-06 05:36:41,
8252,PC-104126,delivered,RD-114,2026-07-07 16:32:03,
8253,PC-104127,hub_out,RD-114,2026-07-05 10:53:28,
8254,PC-104127,delivered,RD-114,2026-07-07 10:25:15,
8255,PC-104128,hub_out,RD-108,2026-07-06 09:32:48,
8256,PC-104128,delivered,RD-108,2026-07-07 13:14:01,
8257,PC-104129,hub_out,RD-107,2026-07-06 12:55:48,
8258,PC-104129,delivered,RD-107,2026-07-07 10:14:12,
8259,PC-104130,hub_out,RD-108,2026-07-05 21:42:16,
8260,PC-104130,delivered,RD-108,2026-07-07 18:35:43,
8261,PC-104131,hub_out,RD-102,2026-07-03 22:59:57,
8262,PC-104131,delivered,RD-102,2026-07-07 11:26:59,
8263,PC-104132,hub_out,RD-105,2026-07-06 03:03:08,
8264,PC-104132,delivered,RD-105,2026-07-07 11:21:21,
8265,PC-104133,hub_out,RD-103,2026-07-06 04:43:42,
8266,PC-104133,delivered,RD-103,2026-07-07 12:42:47,
8267,PC-104134,hub_out,RD-105,2026-07-05 08:45:28,
8268,PC-104134,delivered,RD-105,2026-07-07 09:50:29,
8269,PC-104135,hub_out,RD-103,2026-07-05 19:42:16,
8270,PC-104135,delivered,RD-103,2026-07-07 15:58:08,
8271,PC-104136,hub_out,RD-102,2026-07-05 06:21:42,
8272,PC-104136,delivered,RD-102,2026-07-07 10:35:24,
8273,PC-104137,hub_out,RD-105,2026-07-05 14:56:52,
8274,PC-104137,delivered,RD-105,2026-07-07 10:57:47,
8275,PC-104138,hub_out,RD-131,2026-07-05 21:35:10,
8276,PC-104138,delivered,RD-131,2026-07-07 11:44:15,
8277,PC-104139,hub_out,RD-107,2026-07-05 13:04:19,
8278,PC-104139,delivered,RD-107,2026-07-07 16:27:31,
8279,PC-104140,hub_out,RD-108,2026-07-06 20:43:50,
8280,PC-104140,delivered,RD-108,2026-07-07 17:24:03,
8281,PC-104141,hub_out,RD-101,2026-07-06 18:13:24,
8282,PC-104141,delivered,RD-101,2026-07-07 19:44:51,
8283,PC-104142,hub_out,RD-108,2026-07-06 03:40:05,
8284,PC-104142,delivered,RD-108,2026-07-07 13:55:32,
8285,PC-104143,hub_out,RD-105,2026-07-06 14:57:43,
8286,PC-104143,delivered,RD-105,2026-07-07 11:04:57,
8287,PC-104144,hub_out,RD-103,2026-07-05 19:32:59,
8288,PC-104144,delivered,RD-103,2026-07-07 13:58:27,
8289,PC-104145,hub_out,RD-105,2026-07-06 18:59:48,
8290,PC-104145,delivered,RD-105,2026-07-07 18:21:43,
8291,PC-104146,hub_out,RD-103,2026-07-06 21:30:46,
8292,PC-104146,delivered,RD-103,2026-07-07 18:14:02,
8293,PC-104147,hub_out,RD-114,2026-07-05 12:36:17,
8294,PC-104147,delivered,RD-114,2026-07-07 13:24:40,
8295,PC-104148,hub_out,RD-108,2026-07-05 13:07:58,
8296,PC-104148,delivered,RD-108,2026-07-07 13:58:04,
8297,PC-104149,hub_out,RD-131,2026-07-05 12:06:34,
8298,PC-104149,delivered,RD-131,2026-07-07 15:56:29,
8299,PC-104150,hub_out,RD-102,2026-07-05 10:51:56,
8300,PC-104150,delivered,RD-102,2026-07-07 19:07:41,
8301,PC-104151,hub_out,RD-114,2026-07-05 22:23:30,
8302,PC-104151,delivered,RD-114,2026-07-07 15:00:15,
8303,PC-104152,hub_out,RD-114,2026-07-06 06:20:06,
8304,PC-104152,delivered,RD-114,2026-07-07 14:14:53,
8305,PC-104153,hub_out,RD-108,2026-07-05 09:25:29,
8306,PC-104153,delivered,RD-108,2026-07-07 10:11:24,
8307,PC-104154,hub_out,RD-103,2026-07-06 17:36:25,
8308,PC-104154,failed_attempt,RD-103,2026-07-07 09:49:56,customer refused
8309,PC-104155,hub_out,RD-114,2026-07-07 10:20:13,
8310,PC-104155,failed_attempt,RD-114,2026-07-07 15:13:42,customer unreachable
8311,PC-104156,hub_out,RD-107,2026-07-07 00:43:24,
8312,PC-104156,failed_attempt,RD-107,2026-07-07 13:37:58,shop closed
8313,PC-104157,hub_out,RD-105,2026-07-07 06:26:09,
8314,PC-104157,failed_attempt,RD-105,2026-07-07 12:48:51,shop closed
8315,PC-104158,hub_out,RD-103,2026-07-06 15:00:15,
8316,PC-104158,failed_attempt,RD-103,2026-07-07 16:19:13,customer refused
8317,PC-104159,hub_out,RD-105,2026-07-07 05:22:36,
8318,PC-104159,failed_attempt,RD-105,2026-07-07 09:51:16,cod not ready
8319,PC-104160,hub_out,RD-107,2026-07-06 14:56:14,
8320,PC-104160,failed_attempt,RD-107,2026-07-07 15:01:03,customer unreachable
8321,PC-104161,hub_out,RD-108,2026-07-06 23:11:21,
8322,PC-104161,failed_attempt,RD-108,2026-07-07 11:19:42,shop closed
8323,PC-104162,hub_out,RD-101,2026-07-07 04:43:48,
8324,PC-104162,failed_attempt,RD-101,2026-07-07 15:59:30,cod not ready
8325,PC-104163,hub_out,RD-107,2026-07-07 06:50:28,
8326,PC-104163,failed_attempt,RD-107,2026-07-07 14:49:50,cod not ready
8327,PC-104164,hub_out,RD-114,2026-07-06 19:34:56,
8328,PC-104164,failed_attempt,RD-114,2026-07-07 13:20:56,address not found
8329,PC-104165,hub_out,RD-103,2026-07-06 18:51:40,
8330,PC-104165,failed_attempt,RD-103,2026-07-07 15:09:26,address not found
8331,PC-104166,hub_out,RD-107,2026-07-07 02:32:01,
8332,PC-104166,failed_attempt,RD-107,2026-07-07 10:36:20,address not found
8333,PC-104167,hub_out,RD-101,2026-07-07 10:21:31,
8334,PC-104167,failed_attempt,RD-101,2026-07-07 19:49:16,customer unreachable
8335,PC-104168,hub_out,RD-101,2026-07-07 02:25:24,
8336,PC-104168,failed_attempt,RD-101,2026-07-07 10:44:13,customer refused
8337,PC-104169,hub_out,RD-105,2026-07-07 06:53:32,
8338,PC-104169,failed_attempt,RD-105,2026-07-07 14:44:41,cod not ready
8339,PC-104170,hub_out,RD-103,2026-07-06 13:11:40,
8340,PC-104170,failed_attempt,RD-103,2026-07-07 16:48:24,customer unreachable
8341,PC-104171,hub_out,RD-114,2026-07-07 00:08:28,
8342,PC-104171,failed_attempt,RD-114,2026-07-07 12:47:20,customer refused
8343,PC-104172,hub_out,RD-108,2026-07-06 15:53:31,
8344,PC-104172,failed_attempt,RD-108,2026-07-07 11:50:03,customer refused
8345,PC-104173,hub_out,RD-102,2026-07-06 16:46:34,
8346,PC-104173,failed_attempt,RD-102,2026-07-07 11:31:27,shop closed
8347,PC-104174,hub_out,RD-101,2026-07-06 10:31:09,
8348,PC-104174,failed_attempt,RD-101,2026-07-07 14:58:04,shop closed
8349,PC-104175,hub_out,RD-101,2026-07-07 09:49:48,
8350,PC-104175,failed_attempt,RD-101,2026-07-07 19:17:27,address not found
8351,PC-104176,hub_out,RD-103,2026-07-07 03:54:07,
8352,PC-104176,failed_attempt,RD-103,2026-07-07 11:09:50,shop closed
8353,PC-104177,hub_out,RD-102,2026-07-06 21:55:36,
8354,PC-104177,failed_attempt,RD-102,2026-07-07 14:47:08,customer unreachable
8355,PC-104178,hub_out,RD-102,2026-07-07 06:07:26,
8356,PC-104178,failed_attempt,RD-102,2026-07-07 12:16:35,customer refused
8357,PC-104179,hub_out,RD-131,2026-07-08 21:23:43,
8358,PC-104180,hub_out,RD-107,2026-07-08 23:38:34,
8359,PC-104181,hub_out,RD-131,2026-07-08 19:26:16,
8360,PC-104182,hub_out,RD-103,2026-07-08 23:00:08,
8361,PC-104183,hub_out,RD-102,2026-07-08 17:46:28,
8362,PC-104184,hub_out,RD-131,2026-07-08 18:38:11,
8363,PC-104185,hub_out,RD-114,2026-07-08 21:10:38,
8364,PC-104186,hub_out,RD-101,2026-07-08 11:52:09,
8365,PC-104187,hub_out,RD-108,2026-07-08 17:36:24,
8366,PC-104188,hub_out,RD-103,2026-07-08 12:49:08,
8367,PC-104189,hub_out,RD-105,2026-07-08 11:43:02,
8368,PC-104190,hub_out,RD-114,2026-07-08 21:57:10,
8369,PC-104191,hub_out,RD-102,2026-07-08 15:49:06,
8370,PC-104192,hub_out,RD-101,2026-07-08 21:06:46,
8371,PC-104193,hub_out,RD-101,2026-07-08 19:54:22,
8372,PC-104194,hub_out,RD-107,2026-07-08 11:06:26,
8373,PC-104195,hub_out,RD-107,2026-07-08 12:23:04,
8374,PC-104196,hub_out,RD-102,2026-07-08 19:42:45,
8375,PC-104197,hub_out,RD-105,2026-06-14 16:40:05,
8376,PC-104197,failed_attempt,RD-105,2026-06-15 18:10:27,customer unreachable
8377,PC-104197,failed_attempt,RD-105,2026-06-15 18:56:03,address not found
8378,PC-104197,failed_attempt,RD-105,2026-06-15 19:46:27,shop closed
8379,PC-104198,hub_out,RD-107,2026-06-14 13:28:31,
8380,PC-104198,failed_attempt,RD-107,2026-06-15 16:14:33,cod not ready
8381,PC-104198,failed_attempt,RD-107,2026-06-15 19:06:33,customer refused
8382,PC-104199,hub_out,RD-107,2026-06-14 14:08:12,
8383,PC-104199,failed_attempt,RD-107,2026-06-15 13:24:24,cod not ready
8384,PC-104199,failed_attempt,RD-107,2026-06-15 14:18:45,customer refused
8385,PC-104200,hub_out,RD-102,2026-06-14 21:26:58,
8386,PC-104200,failed_attempt,RD-102,2026-06-15 12:20:16,customer unreachable
8387,PC-104200,failed_attempt,RD-102,2026-06-15 14:42:56,customer unreachable
8388,PC-104200,failed_attempt,RD-102,2026-06-15 15:04:33,customer refused
8389,PC-104201,hub_out,RD-101,2026-06-14 19:27:13,
8390,PC-104201,failed_attempt,RD-101,2026-06-15 18:22:50,address not found
8391,PC-104201,failed_attempt,RD-101,2026-06-15 19:41:43,cod not ready
8392,PC-104202,hub_out,RD-103,2026-06-15 00:16:23,
8393,PC-104202,failed_attempt,RD-103,2026-06-15 16:51:33,customer unreachable
8394,PC-104202,failed_attempt,RD-103,2026-06-15 18:55:04,address not found
8395,PC-104203,hub_out,RD-114,2026-05-31 01:33:37,
8396,PC-104203,delivered,RD-114,2026-06-01 17:04:13,
8397,PC-104204,hub_out,RD-114,2026-05-31 01:57:11,
8398,PC-104204,delivered,RD-114,2026-06-01 14:45:54,
8399,PC-104205,hub_out,RD-114,2026-05-31 11:08:38,
8400,PC-104205,delivered,RD-114,2026-06-01 16:21:43,
8401,PC-104206,hub_out,RD-114,2026-05-31 15:48:10,
8402,PC-104206,delivered,RD-114,2026-06-01 19:40:21,
8403,PC-104207,hub_out,RD-114,2026-05-30 20:55:23,
8404,PC-104207,delivered,RD-114,2026-06-01 10:47:12,
8405,PC-104208,hub_out,RD-114,2026-05-31 06:51:46,
8406,PC-104208,delivered,RD-114,2026-06-01 13:42:55,
8407,PC-104209,hub_out,RD-114,2026-05-31 12:48:30,
8408,PC-104209,delivered,RD-114,2026-06-01 18:05:26,
8409,PC-104210,hub_out,RD-114,2026-05-31 23:25:32,
8410,PC-104210,delivered,RD-114,2026-06-01 19:07:28,
8411,PC-104211,hub_out,RD-114,2026-05-31 05:09:13,
8412,PC-104211,delivered,RD-114,2026-06-01 17:57:52,
8413,PC-104212,hub_out,RD-114,2026-05-31 00:53:42,
8414,PC-104212,delivered,RD-114,2026-06-01 17:01:37,
8415,PC-104213,hub_out,RD-114,2026-05-31 15:13:06,
8416,PC-104213,delivered,RD-114,2026-06-01 16:27:21,
8417,PC-104214,hub_out,RD-114,2026-05-31 20:09:16,
8418,PC-104214,delivered,RD-114,2026-06-01 16:15:29,
8419,PC-104215,hub_out,RD-114,2026-05-30 21:43:55,
8420,PC-104215,delivered,RD-114,2026-06-01 18:08:44,
8421,PC-104216,hub_out,RD-114,2026-05-31 09:39:46,
8422,PC-104216,delivered,RD-114,2026-06-01 11:21:33,
8423,PC-104217,hub_out,RD-114,2026-05-31 14:10:14,
8424,PC-104217,delivered,RD-114,2026-06-01 19:10:29,
8425,PC-104218,hub_out,RD-114,2026-05-31 03:35:11,
8426,PC-104218,delivered,RD-114,2026-06-01 14:57:34,
8427,PC-104219,hub_out,RD-114,2026-05-31 08:52:24,
8428,PC-104219,delivered,RD-114,2026-06-01 11:50:42,
8429,PC-104220,hub_out,RD-114,2026-05-31 16:00:02,
8430,PC-104220,delivered,RD-114,2026-06-01 16:43:31,
8431,PC-104221,hub_out,RD-114,2026-05-31 05:14:21,
8432,PC-104221,delivered,RD-114,2026-06-01 10:48:24,
8433,PC-104222,hub_out,RD-114,2026-05-31 13:25:07,
8434,PC-104222,failed_attempt,RD-114,2026-06-01 13:20:05,customer unreachable
8435,PC-104223,hub_out,RD-114,2026-06-01 07:57:43,
8436,PC-104223,failed_attempt,RD-114,2026-06-01 16:09:20,address not found
8437,PC-104224,hub_out,RD-114,2026-06-02 08:20:28,
8438,PC-104224,delivered,RD-114,2026-06-03 14:02:00,
8439,PC-104225,hub_out,RD-114,2026-06-02 06:13:18,
8440,PC-104225,delivered,RD-114,2026-06-03 15:41:08,
8441,PC-104226,hub_out,RD-114,2026-06-01 23:56:55,
8442,PC-104226,delivered,RD-114,2026-06-03 11:06:42,
8443,PC-104227,hub_out,RD-114,2026-06-01 20:58:50,
8444,PC-104227,delivered,RD-114,2026-06-03 09:38:36,
8445,PC-104228,hub_out,RD-114,2026-06-02 14:05:18,
8446,PC-104228,delivered,RD-114,2026-06-03 14:40:40,
8447,PC-104229,hub_out,RD-114,2026-06-02 09:22:42,
8448,PC-104229,delivered,RD-114,2026-06-03 13:36:42,
8449,PC-104230,hub_out,RD-114,2026-06-01 20:56:58,
8450,PC-104230,delivered,RD-114,2026-06-03 09:02:01,
8451,PC-104231,hub_out,RD-114,2026-06-02 11:42:57,
8452,PC-104231,delivered,RD-114,2026-06-03 12:36:00,
8453,PC-104232,hub_out,RD-114,2026-06-02 15:34:12,
8454,PC-104232,delivered,RD-114,2026-06-03 19:28:33,
8455,PC-104233,hub_out,RD-114,2026-06-02 07:16:28,
8456,PC-104233,delivered,RD-114,2026-06-03 16:21:33,
8457,PC-104234,hub_out,RD-114,2026-06-02 03:52:28,
8458,PC-104234,delivered,RD-114,2026-06-03 18:32:59,
8459,PC-104235,hub_out,RD-114,2026-06-02 09:14:29,
8460,PC-104235,delivered,RD-114,2026-06-03 12:12:38,
8461,PC-104236,hub_out,RD-114,2026-06-02 15:02:05,
8462,PC-104236,delivered,RD-114,2026-06-03 19:34:46,
8463,PC-104237,hub_out,RD-114,2026-06-02 12:21:38,
8464,PC-104237,delivered,RD-114,2026-06-03 10:33:03,
8465,PC-104238,hub_out,RD-114,2026-06-03 01:36:21,
8466,PC-104238,delivered,RD-114,2026-06-03 18:59:43,
8467,PC-104239,hub_out,RD-114,2026-06-02 01:02:39,
8468,PC-104239,delivered,RD-114,2026-06-03 09:29:58,
8469,PC-104240,hub_out,RD-114,2026-06-02 02:47:43,
8470,PC-104240,delivered,RD-114,2026-06-03 12:24:38,
8471,PC-104241,hub_out,RD-114,2026-06-01 16:26:58,
8472,PC-104241,delivered,RD-114,2026-06-03 15:01:08,
8473,PC-104242,hub_out,RD-114,2026-06-02 10:17:53,
8474,PC-104242,delivered,RD-114,2026-06-03 17:22:45,
8475,PC-104243,hub_out,RD-114,2026-06-02 06:25:24,
8476,PC-104243,delivered,RD-114,2026-06-03 09:12:20,
8477,PC-104244,hub_out,RD-114,2026-06-02 12:00:00,
8478,PC-104244,delivered,RD-114,2026-06-03 17:49:30,
8479,PC-104245,hub_out,RD-114,2026-06-02 18:05:16,
8480,PC-104245,delivered,RD-114,2026-06-03 17:15:16,
8481,PC-104246,hub_out,RD-114,2026-06-02 06:32:22,
8482,PC-104246,delivered,RD-114,2026-06-03 17:31:52,
8483,PC-104247,hub_out,RD-114,2026-06-02 15:09:53,
8484,PC-104247,failed_attempt,RD-114,2026-06-03 16:53:34,customer refused
8485,PC-104248,hub_out,RD-114,2026-06-02 13:52:43,
8486,PC-104248,failed_attempt,RD-114,2026-06-03 13:18:32,address not found
8487,PC-104249,hub_out,RD-114,2026-06-03 09:33:42,
8488,PC-104249,delivered,RD-114,2026-06-04 19:22:41,
8489,PC-104250,hub_out,RD-114,2026-06-02 23:36:49,
8490,PC-104250,delivered,RD-114,2026-06-04 15:32:39,
8491,PC-104251,hub_out,RD-114,2026-06-03 05:42:21,
8492,PC-104251,delivered,RD-114,2026-06-04 09:29:19,
8493,PC-104252,hub_out,RD-114,2026-06-03 11:24:45,
8494,PC-104252,delivered,RD-114,2026-06-04 14:18:14,
8495,PC-104253,hub_out,RD-114,2026-06-03 09:56:05,
8496,PC-104253,delivered,RD-114,2026-06-04 17:29:10,
8497,PC-104254,hub_out,RD-114,2026-06-03 02:49:57,
8498,PC-104254,delivered,RD-114,2026-06-04 17:48:41,
8499,PC-104255,hub_out,RD-114,2026-06-03 16:26:59,
8500,PC-104255,delivered,RD-114,2026-06-04 13:53:52,
8501,PC-104256,hub_out,RD-114,2026-06-03 19:02:44,
8502,PC-104256,delivered,RD-114,2026-06-04 17:54:20,
8503,PC-104257,hub_out,RD-114,2026-06-02 11:27:42,
8504,PC-104257,delivered,RD-114,2026-06-04 10:16:18,
8505,PC-104258,hub_out,RD-114,2026-06-03 02:57:12,
8506,PC-104258,delivered,RD-114,2026-06-04 17:17:38,
8507,PC-104259,hub_out,RD-114,2026-06-03 04:56:43,
8508,PC-104259,delivered,RD-114,2026-06-04 15:36:48,
8509,PC-104260,hub_out,RD-114,2026-06-03 14:20:14,
8510,PC-104260,delivered,RD-114,2026-06-04 11:54:38,
8511,PC-104261,hub_out,RD-114,2026-06-03 14:39:38,
8512,PC-104261,delivered,RD-114,2026-06-04 19:19:13,
8513,PC-104262,hub_out,RD-114,2026-06-03 22:49:56,
8514,PC-104262,delivered,RD-114,2026-06-04 18:16:27,
8515,PC-104263,hub_out,RD-114,2026-06-03 01:50:12,
8516,PC-104263,delivered,RD-114,2026-06-04 15:43:53,
8517,PC-104264,hub_out,RD-114,2026-06-03 01:48:30,
8518,PC-104264,delivered,RD-114,2026-06-04 16:09:49,
8519,PC-104265,hub_out,RD-114,2026-06-03 02:24:36,
8520,PC-104265,delivered,RD-114,2026-06-04 12:02:38,
8521,PC-104266,hub_out,RD-114,2026-06-02 23:10:22,
8522,PC-104266,delivered,RD-114,2026-06-04 16:07:39,
8523,PC-104267,hub_out,RD-114,2026-06-04 00:56:49,
8524,PC-104267,delivered,RD-114,2026-06-05 13:09:10,
8525,PC-104268,hub_out,RD-114,2026-06-04 10:45:45,
8526,PC-104268,delivered,RD-114,2026-06-05 19:52:02,
8527,PC-104269,hub_out,RD-114,2026-06-03 18:30:48,
8528,PC-104269,delivered,RD-114,2026-06-05 10:19:42,
8529,PC-104270,hub_out,RD-114,2026-06-04 19:12:46,
8530,PC-104270,delivered,RD-114,2026-06-05 12:05:43,
8531,PC-104271,hub_out,RD-114,2026-06-04 08:40:58,
8532,PC-104271,delivered,RD-114,2026-06-05 13:45:40,
8533,PC-104272,hub_out,RD-114,2026-06-03 22:05:28,
8534,PC-104272,delivered,RD-114,2026-06-05 10:57:44,
8535,PC-104273,hub_out,RD-114,2026-06-04 11:37:25,
8536,PC-104273,delivered,RD-114,2026-06-05 09:45:20,
8537,PC-104274,hub_out,RD-114,2026-06-03 16:16:57,
8538,PC-104274,delivered,RD-114,2026-06-05 09:52:49,
8539,PC-104275,hub_out,RD-114,2026-06-04 15:04:22,
8540,PC-104275,delivered,RD-114,2026-06-05 16:53:59,
8541,PC-104276,hub_out,RD-114,2026-06-04 17:09:36,
8542,PC-104276,delivered,RD-114,2026-06-05 18:22:01,
8543,PC-104277,hub_out,RD-114,2026-06-04 06:30:02,
8544,PC-104277,delivered,RD-114,2026-06-05 19:53:41,
8545,PC-104278,hub_out,RD-114,2026-06-04 17:37:10,
8546,PC-104278,delivered,RD-114,2026-06-05 15:22:40,
8547,PC-104279,hub_out,RD-114,2026-06-04 11:18:12,
8548,PC-104279,delivered,RD-114,2026-06-05 10:12:30,
8549,PC-104280,hub_out,RD-114,2026-06-04 03:12:21,
8550,PC-104280,delivered,RD-114,2026-06-05 12:48:00,
8551,PC-104281,hub_out,RD-114,2026-06-04 02:08:41,
8552,PC-104281,delivered,RD-114,2026-06-05 15:49:02,
8553,PC-104282,hub_out,RD-114,2026-06-03 16:02:36,
8554,PC-104282,delivered,RD-114,2026-06-05 11:16:59,
8555,PC-104283,hub_out,RD-114,2026-06-04 13:25:05,
8556,PC-104283,delivered,RD-114,2026-06-05 19:07:08,
8557,PC-104284,hub_out,RD-114,2026-06-04 00:21:28,
8558,PC-104284,delivered,RD-114,2026-06-05 15:42:51,
8559,PC-104285,hub_out,RD-114,2026-06-04 05:33:49,
8560,PC-104285,delivered,RD-114,2026-06-05 14:53:17,
8561,PC-104286,hub_out,RD-114,2026-06-04 15:33:20,
8562,PC-104286,delivered,RD-114,2026-06-05 17:41:37,
8563,PC-104287,hub_out,RD-114,2026-06-04 02:31:51,
8564,PC-104287,delivered,RD-114,2026-06-05 13:07:23,
8565,PC-104288,hub_out,RD-114,2026-06-04 08:28:43,
8566,PC-104288,delivered,RD-114,2026-06-05 09:52:34,
8567,PC-104289,hub_out,RD-114,2026-06-04 15:27:21,
8568,PC-104289,delivered,RD-114,2026-06-05 12:46:58,
8569,PC-104290,hub_out,RD-114,2026-06-04 09:53:40,
8570,PC-104290,delivered,RD-114,2026-06-05 13:28:21,
8571,PC-104291,hub_out,RD-114,2026-06-04 04:15:23,
8572,PC-104291,delivered,RD-114,2026-06-05 14:17:24,
8573,PC-104292,hub_out,RD-114,2026-06-05 18:53:36,
8574,PC-104292,delivered,RD-114,2026-06-06 15:55:05,
8575,PC-104293,hub_out,RD-114,2026-06-05 05:12:45,
8576,PC-104293,delivered,RD-114,2026-06-06 13:17:20,
8577,PC-104294,hub_out,RD-114,2026-06-05 06:48:03,
8578,PC-104294,delivered,RD-114,2026-06-06 17:12:37,
8579,PC-104295,hub_out,RD-114,2026-06-05 15:21:53,
8580,PC-104295,delivered,RD-114,2026-06-06 13:34:00,
8581,PC-104296,hub_out,RD-114,2026-06-05 09:29:20,
8582,PC-104296,delivered,RD-114,2026-06-06 13:17:24,
8583,PC-104297,hub_out,RD-114,2026-06-05 09:18:41,
8584,PC-104297,delivered,RD-114,2026-06-06 15:42:42,
8585,PC-104298,hub_out,RD-114,2026-06-05 07:43:21,
8586,PC-104298,delivered,RD-114,2026-06-06 13:22:53,
8587,PC-104299,hub_out,RD-114,2026-06-05 01:55:37,
8588,PC-104299,delivered,RD-114,2026-06-06 16:20:38,
8589,PC-104300,hub_out,RD-114,2026-06-05 02:43:34,
8590,PC-104300,delivered,RD-114,2026-06-06 15:36:49,
8591,PC-104301,hub_out,RD-114,2026-06-06 02:21:21,
8592,PC-104301,delivered,RD-114,2026-06-06 18:21:41,
8593,PC-104302,hub_out,RD-114,2026-06-05 03:24:02,
8594,PC-104302,delivered,RD-114,2026-06-06 12:40:05,
8595,PC-104303,hub_out,RD-114,2026-06-05 08:22:12,
8596,PC-104303,delivered,RD-114,2026-06-06 19:09:32,
8597,PC-104304,hub_out,RD-114,2026-06-05 01:51:10,
8598,PC-104304,delivered,RD-114,2026-06-06 19:46:31,
8599,PC-104305,hub_out,RD-114,2026-06-05 13:59:20,
8600,PC-104305,delivered,RD-114,2026-06-06 16:47:01,
8601,PC-104306,hub_out,RD-114,2026-06-05 14:15:48,
8602,PC-104306,delivered,RD-114,2026-06-06 17:01:07,
8603,PC-104307,hub_out,RD-114,2026-06-05 12:21:09,
8604,PC-104307,delivered,RD-114,2026-06-06 18:45:41,
8605,PC-104308,hub_out,RD-114,2026-06-05 19:45:23,
8606,PC-104308,delivered,RD-114,2026-06-06 18:50:42,
8607,PC-104309,hub_out,RD-114,2026-06-05 11:34:15,
8608,PC-104309,delivered,RD-114,2026-06-06 16:44:16,
8609,PC-104310,hub_out,RD-114,2026-06-04 04:51:06,
8610,PC-104310,delivered,RD-114,2026-06-06 10:20:41,
8611,PC-104311,hub_out,RD-114,2026-06-05 08:20:01,
8612,PC-104311,delivered,RD-114,2026-06-06 19:57:28,
8613,PC-104312,hub_out,RD-114,2026-06-05 02:06:51,
8614,PC-104312,delivered,RD-114,2026-06-06 13:54:53,
8615,PC-104313,hub_out,RD-114,2026-06-05 13:20:49,
8616,PC-104313,delivered,RD-114,2026-06-06 12:22:23,
8617,PC-104314,hub_out,RD-114,2026-06-06 02:33:09,
8618,PC-104314,delivered,RD-114,2026-06-06 15:59:57,
8619,PC-104315,hub_out,RD-114,2026-06-05 11:45:26,
8620,PC-104315,delivered,RD-114,2026-06-06 13:47:26,
8621,PC-104316,hub_out,RD-114,2026-06-05 13:37:57,
8622,PC-104316,delivered,RD-114,2026-06-06 11:59:14,
8623,PC-104317,hub_out,RD-114,2026-06-06 01:40:22,
8624,PC-104317,failed_attempt,RD-114,2026-06-06 17:14:57,customer unreachable
8625,PC-104318,hub_out,RD-114,2026-06-06 00:36:02,
8626,PC-104318,failed_attempt,RD-114,2026-06-06 14:31:49,customer unreachable
8627,PC-104319,hub_out,RD-114,2026-06-05 12:47:17,
8628,PC-104319,failed_attempt,RD-114,2026-06-06 10:35:43,customer unreachable
8629,PC-104320,hub_out,RD-114,2026-06-05 14:56:47,
8630,PC-104320,failed_attempt,RD-114,2026-06-06 14:46:14,cod not ready
8631,PC-104321,hub_out,RD-114,2026-06-05 19:51:16,
8632,PC-104321,delivered,RD-114,2026-06-07 15:40:52,
8633,PC-104322,hub_out,RD-114,2026-06-06 07:55:27,
8634,PC-104322,delivered,RD-114,2026-06-07 11:22:58,
8635,PC-104323,hub_out,RD-114,2026-06-06 11:50:32,
8636,PC-104323,delivered,RD-114,2026-06-07 16:37:00,
8637,PC-104324,hub_out,RD-114,2026-06-06 03:56:57,
8638,PC-104324,delivered,RD-114,2026-06-07 09:12:32,
8639,PC-104325,hub_out,RD-114,2026-06-06 09:13:07,
8640,PC-104325,delivered,RD-114,2026-06-07 14:25:05,
8641,PC-104326,hub_out,RD-114,2026-06-06 05:56:15,
8642,PC-104326,delivered,RD-114,2026-06-07 15:20:29,
8643,PC-104327,hub_out,RD-114,2026-06-06 09:05:29,
8644,PC-104327,delivered,RD-114,2026-06-07 11:24:02,
8645,PC-104328,hub_out,RD-114,2026-06-06 01:25:13,
8646,PC-104328,delivered,RD-114,2026-06-07 16:45:59,
8647,PC-104329,hub_out,RD-114,2026-06-06 10:49:53,
8648,PC-104329,delivered,RD-114,2026-06-07 17:47:20,
8649,PC-104330,hub_out,RD-114,2026-06-05 17:19:28,
8650,PC-104330,delivered,RD-114,2026-06-07 09:44:45,
8651,PC-104331,hub_out,RD-114,2026-06-06 00:44:47,
8652,PC-104331,delivered,RD-114,2026-06-07 11:03:01,
8653,PC-104332,hub_out,RD-114,2026-06-06 14:21:56,
8654,PC-104332,delivered,RD-114,2026-06-07 12:33:39,
8655,PC-104333,hub_out,RD-114,2026-06-06 15:10:16,
8656,PC-104333,delivered,RD-114,2026-06-07 18:12:56,
8657,PC-104334,hub_out,RD-114,2026-06-06 04:58:13,
8658,PC-104334,delivered,RD-114,2026-06-07 19:40:42,
8659,PC-104335,hub_out,RD-114,2026-06-06 12:03:33,
8660,PC-104335,delivered,RD-114,2026-06-07 11:47:27,
8661,PC-104336,hub_out,RD-114,2026-06-06 08:55:46,
8662,PC-104336,delivered,RD-114,2026-06-07 15:03:54,
8663,PC-104337,hub_out,RD-114,2026-06-06 07:11:20,
8664,PC-104337,delivered,RD-114,2026-06-07 16:36:53,
8665,PC-104338,hub_out,RD-114,2026-06-06 02:10:48,
8666,PC-104338,delivered,RD-114,2026-06-07 09:13:47,
8667,PC-104339,hub_out,RD-114,2026-06-06 19:08:48,
8668,PC-104339,delivered,RD-114,2026-06-07 14:11:51,
8669,PC-104340,hub_out,RD-114,2026-06-06 08:19:56,
8670,PC-104340,delivered,RD-114,2026-06-07 18:50:37,
8671,PC-104341,hub_out,RD-114,2026-06-06 11:25:52,
8672,PC-104341,delivered,RD-114,2026-06-07 16:15:37,
8673,PC-104342,hub_out,RD-114,2026-06-07 13:29:34,
8674,PC-104342,delivered,RD-114,2026-06-08 15:47:26,
8675,PC-104343,hub_out,RD-114,2026-06-07 02:09:34,
8676,PC-104343,delivered,RD-114,2026-06-08 18:34:40,
8677,PC-104344,hub_out,RD-114,2026-06-07 23:05:34,
8678,PC-104344,delivered,RD-114,2026-06-08 19:09:37,
8679,PC-104345,hub_out,RD-114,2026-06-07 19:52:12,
8680,PC-104345,delivered,RD-114,2026-06-08 11:23:57,
8681,PC-104346,hub_out,RD-114,2026-06-08 01:11:44,
8682,PC-104346,delivered,RD-114,2026-06-08 14:34:24,
8683,PC-104347,hub_out,RD-114,2026-06-06 22:08:47,
8684,PC-104347,delivered,RD-114,2026-06-08 15:25:51,
8685,PC-104348,hub_out,RD-114,2026-06-07 10:09:38,
8686,PC-104348,delivered,RD-114,2026-06-08 09:59:58,
8687,PC-104349,hub_out,RD-114,2026-06-06 14:29:45,
8688,PC-104349,delivered,RD-114,2026-06-08 10:48:59,
8689,PC-104350,hub_out,RD-114,2026-06-06 21:24:46,
8690,PC-104350,delivered,RD-114,2026-06-08 10:05:51,
8691,PC-104351,hub_out,RD-114,2026-06-07 04:50:37,
8692,PC-104351,delivered,RD-114,2026-06-08 15:02:57,
8693,PC-104352,hub_out,RD-114,2026-06-07 01:06:48,
8694,PC-104352,delivered,RD-114,2026-06-08 15:18:39,
8695,PC-104353,hub_out,RD-114,2026-06-07 12:05:14,
8696,PC-104353,delivered,RD-114,2026-06-08 19:36:42,
8697,PC-104354,hub_out,RD-114,2026-06-07 05:17:47,
8698,PC-104354,delivered,RD-114,2026-06-08 19:34:57,
8699,PC-104355,hub_out,RD-114,2026-06-07 04:39:06,
8700,PC-104355,delivered,RD-114,2026-06-08 11:22:14,
8701,PC-104356,hub_out,RD-114,2026-06-07 21:38:39,
8702,PC-104356,delivered,RD-114,2026-06-08 18:23:44,
8703,PC-104357,hub_out,RD-114,2026-06-07 07:28:25,
8704,PC-104357,delivered,RD-114,2026-06-08 17:52:29,
8705,PC-104358,hub_out,RD-114,2026-06-07 04:27:53,
8706,PC-104358,delivered,RD-114,2026-06-08 17:08:12,
8707,PC-104359,hub_out,RD-114,2026-06-07 06:24:06,
8708,PC-104359,delivered,RD-114,2026-06-08 18:38:08,
8709,PC-104360,hub_out,RD-114,2026-06-07 17:26:26,
8710,PC-104360,delivered,RD-114,2026-06-08 12:13:27,
8711,PC-104361,hub_out,RD-114,2026-06-06 19:00:32,
8712,PC-104361,delivered,RD-114,2026-06-08 10:01:05,
8713,PC-104362,hub_out,RD-114,2026-06-07 09:25:45,
8714,PC-104362,delivered,RD-114,2026-06-08 10:51:05,
8715,PC-104363,hub_out,RD-114,2026-06-06 19:59:55,
8716,PC-104363,delivered,RD-114,2026-06-08 13:02:02,
8717,PC-104364,hub_out,RD-114,2026-06-07 02:26:01,
8718,PC-104364,delivered,RD-114,2026-06-08 18:48:55,
8719,PC-104365,hub_out,RD-114,2026-06-07 20:10:17,
8720,PC-104365,failed_attempt,RD-114,2026-06-08 18:41:18,cod not ready
8721,PC-104366,hub_out,RD-114,2026-06-07 14:54:45,
8722,PC-104366,failed_attempt,RD-114,2026-06-08 12:08:43,cod not ready
8723,PC-104367,hub_out,RD-114,2026-06-08 07:23:35,
8724,PC-104367,failed_attempt,RD-114,2026-06-08 14:14:24,customer unreachable
8725,PC-104368,hub_out,RD-114,2026-06-07 17:30:17,
8726,PC-104368,failed_attempt,RD-114,2026-06-08 10:12:32,address not found
8727,PC-104369,hub_out,RD-114,2026-06-08 14:47:38,
8728,PC-104369,delivered,RD-114,2026-06-09 15:29:15,
8729,PC-104370,hub_out,RD-114,2026-06-08 07:18:57,
8730,PC-104370,delivered,RD-114,2026-06-09 16:03:45,
8731,PC-104371,hub_out,RD-114,2026-06-08 01:42:23,
8732,PC-104371,delivered,RD-114,2026-06-09 10:05:12,
8733,PC-104372,hub_out,RD-114,2026-06-08 16:37:06,
8734,PC-104372,delivered,RD-114,2026-06-09 17:32:02,
8735,PC-104373,hub_out,RD-114,2026-06-08 13:05:21,
8736,PC-104373,delivered,RD-114,2026-06-09 16:52:46,
8737,PC-104374,hub_out,RD-114,2026-06-08 16:17:28,
8738,PC-104374,delivered,RD-114,2026-06-09 14:57:16,
8739,PC-104375,hub_out,RD-114,2026-06-08 06:42:41,
8740,PC-104375,delivered,RD-114,2026-06-09 16:58:39,
8741,PC-104376,hub_out,RD-114,2026-06-07 17:21:35,
8742,PC-104376,delivered,RD-114,2026-06-09 10:01:00,
8743,PC-104377,hub_out,RD-114,2026-06-08 10:43:46,
8744,PC-104377,delivered,RD-114,2026-06-09 16:34:17,
8745,PC-104378,hub_out,RD-114,2026-06-08 05:10:16,
8746,PC-104378,delivered,RD-114,2026-06-09 09:55:41,
8747,PC-104379,hub_out,RD-114,2026-06-08 02:46:56,
8748,PC-104379,delivered,RD-114,2026-06-09 17:58:39,
8749,PC-104380,hub_out,RD-114,2026-06-07 23:08:50,
8750,PC-104380,delivered,RD-114,2026-06-09 12:32:48,
8751,PC-104381,hub_out,RD-114,2026-06-07 09:40:03,
8752,PC-104381,delivered,RD-114,2026-06-09 11:18:41,
8753,PC-104382,hub_out,RD-114,2026-06-08 17:46:50,
8754,PC-104382,delivered,RD-114,2026-06-09 10:26:08,
8755,PC-104383,hub_out,RD-114,2026-06-08 11:04:00,
8756,PC-104383,delivered,RD-114,2026-06-09 18:23:54,
8757,PC-104384,hub_out,RD-114,2026-06-08 13:48:45,
8758,PC-104384,delivered,RD-114,2026-06-09 11:38:11,
8759,PC-104385,hub_out,RD-114,2026-06-08 15:03:30,
8760,PC-104385,delivered,RD-114,2026-06-09 10:42:42,
8761,PC-104386,hub_out,RD-114,2026-06-08 09:56:43,
8762,PC-104386,delivered,RD-114,2026-06-09 14:31:55,
8763,PC-104387,hub_out,RD-114,2026-06-08 10:56:57,
8764,PC-104387,delivered,RD-114,2026-06-09 13:46:50,
8765,PC-104388,hub_out,RD-114,2026-06-07 21:20:38,
8766,PC-104388,delivered,RD-114,2026-06-09 13:19:02,
8767,PC-104389,hub_out,RD-114,2026-06-08 14:20:29,
8768,PC-104389,delivered,RD-114,2026-06-09 15:12:13,
8769,PC-104390,hub_out,RD-114,2026-06-08 12:45:31,
8770,PC-104390,failed_attempt,RD-114,2026-06-09 09:20:22,customer unreachable
8771,PC-104391,hub_out,RD-114,2026-06-08 14:44:21,
8772,PC-104391,failed_attempt,RD-114,2026-06-09 11:58:58,address not found
8773,PC-104392,hub_out,RD-114,2026-06-08 17:08:23,
8774,PC-104392,delivered,RD-114,2026-06-10 14:02:08,
8775,PC-104393,hub_out,RD-114,2026-06-09 10:57:20,
8776,PC-104393,delivered,RD-114,2026-06-10 12:10:48,
8777,PC-104394,hub_out,RD-114,2026-06-09 13:32:33,
8778,PC-104394,delivered,RD-114,2026-06-10 13:05:38,
8779,PC-104395,hub_out,RD-114,2026-06-09 04:25:26,
8780,PC-104395,delivered,RD-114,2026-06-10 17:19:38,
8781,PC-104396,hub_out,RD-114,2026-06-09 07:23:39,
8782,PC-104396,delivered,RD-114,2026-06-10 17:38:09,
8783,PC-104397,hub_out,RD-114,2026-06-09 10:17:49,
8784,PC-104397,delivered,RD-114,2026-06-10 14:43:16,
8785,PC-104398,hub_out,RD-114,2026-06-09 04:44:37,
8786,PC-104398,delivered,RD-114,2026-06-10 19:25:03,
8787,PC-104399,hub_out,RD-114,2026-06-08 15:21:27,
8788,PC-104399,delivered,RD-114,2026-06-10 09:18:36,
8789,PC-104400,hub_out,RD-114,2026-06-09 16:09:24,
8790,PC-104400,delivered,RD-114,2026-06-10 19:34:43,
8791,PC-104401,hub_out,RD-114,2026-06-09 05:25:21,
8792,PC-104401,delivered,RD-114,2026-06-10 11:28:41,
8793,PC-104402,hub_out,RD-114,2026-06-09 16:32:37,
8794,PC-104402,delivered,RD-114,2026-06-10 10:52:43,
8795,PC-104403,hub_out,RD-114,2026-06-09 15:02:23,
8796,PC-104403,delivered,RD-114,2026-06-10 17:23:01,
8797,PC-104404,hub_out,RD-114,2026-06-09 01:59:30,
8798,PC-104404,delivered,RD-114,2026-06-10 16:59:43,
8799,PC-104405,hub_out,RD-114,2026-06-08 18:34:00,
8800,PC-104405,delivered,RD-114,2026-06-10 12:48:36,
8801,PC-104406,hub_out,RD-114,2026-06-08 22:51:00,
8802,PC-104406,delivered,RD-114,2026-06-10 12:03:46,
8803,PC-104407,hub_out,RD-114,2026-06-08 11:47:36,
8804,PC-104407,delivered,RD-114,2026-06-10 15:45:14,
8805,PC-104408,hub_out,RD-114,2026-06-09 05:55:11,
8806,PC-104408,delivered,RD-114,2026-06-10 13:28:42,
8807,PC-104409,hub_out,RD-114,2026-06-09 04:34:00,
8808,PC-104409,delivered,RD-114,2026-06-10 09:15:14,
8809,PC-104410,hub_out,RD-114,2026-06-09 13:09:32,
8810,PC-104410,delivered,RD-114,2026-06-10 10:50:53,
8811,PC-104411,hub_out,RD-114,2026-06-08 20:04:28,
8812,PC-104411,delivered,RD-114,2026-06-10 18:16:04,
8813,PC-104412,hub_out,RD-114,2026-06-09 19:11:16,
8814,PC-104412,delivered,RD-114,2026-06-10 15:28:37,
8815,PC-104413,hub_out,RD-114,2026-06-09 19:08:12,
8816,PC-104413,delivered,RD-114,2026-06-10 18:32:36,
8817,PC-104414,hub_out,RD-114,2026-06-09 22:01:55,
8818,PC-104414,failed_attempt,RD-114,2026-06-10 17:13:22,customer unreachable
8819,PC-104415,hub_out,RD-114,2026-06-10 00:41:26,
8820,PC-104415,failed_attempt,RD-114,2026-06-10 15:15:09,customer refused
8821,PC-104416,hub_out,RD-114,2026-06-10 08:23:32,
8822,PC-104416,delivered,RD-114,2026-06-11 11:57:36,
8823,PC-104417,hub_out,RD-114,2026-06-10 12:47:01,
8824,PC-104417,delivered,RD-114,2026-06-11 13:27:52,
8825,PC-104418,hub_out,RD-114,2026-06-10 15:23:31,
8826,PC-104418,delivered,RD-114,2026-06-11 15:34:40,
8827,PC-104419,hub_out,RD-114,2026-06-10 13:07:56,
8828,PC-104419,delivered,RD-114,2026-06-11 17:57:16,
8829,PC-104420,hub_out,RD-114,2026-06-10 08:18:58,
8830,PC-104420,delivered,RD-114,2026-06-11 10:55:38,
8831,PC-104421,hub_out,RD-114,2026-06-10 05:33:21,
8832,PC-104421,delivered,RD-114,2026-06-11 18:54:31,
8833,PC-104422,hub_out,RD-114,2026-06-10 10:11:10,
8834,PC-104422,delivered,RD-114,2026-06-11 11:00:47,
8835,PC-104423,hub_out,RD-114,2026-06-10 10:48:02,
8836,PC-104423,delivered,RD-114,2026-06-11 09:59:33,
8837,PC-104424,hub_out,RD-114,2026-06-10 00:12:19,
8838,PC-104424,delivered,RD-114,2026-06-11 10:38:40,
8839,PC-104425,hub_out,RD-114,2026-06-10 05:44:11,
8840,PC-104425,delivered,RD-114,2026-06-11 15:23:19,
8841,PC-104426,hub_out,RD-114,2026-06-09 20:14:51,
8842,PC-104426,delivered,RD-114,2026-06-11 16:33:49,
8843,PC-104427,hub_out,RD-114,2026-06-10 18:07:48,
8844,PC-104427,delivered,RD-114,2026-06-11 12:48:57,
8845,PC-104428,hub_out,RD-114,2026-06-09 22:06:09,
8846,PC-104428,delivered,RD-114,2026-06-11 10:23:59,
8847,PC-104429,hub_out,RD-114,2026-06-10 04:33:31,
8848,PC-104429,delivered,RD-114,2026-06-11 15:13:18,
8849,PC-104430,hub_out,RD-114,2026-06-10 14:21:18,
8850,PC-104430,delivered,RD-114,2026-06-11 16:01:06,
8851,PC-104431,hub_out,RD-114,2026-06-10 04:39:05,
8852,PC-104431,delivered,RD-114,2026-06-11 18:54:12,
8853,PC-104432,hub_out,RD-114,2026-06-10 01:58:31,
8854,PC-104432,delivered,RD-114,2026-06-11 19:40:54,
8855,PC-104433,hub_out,RD-114,2026-06-10 08:26:25,
8856,PC-104433,delivered,RD-114,2026-06-11 15:03:26,
8857,PC-104434,hub_out,RD-114,2026-06-10 06:17:00,
8858,PC-104434,delivered,RD-114,2026-06-11 13:41:59,
8859,PC-104435,hub_out,RD-114,2026-06-10 01:10:05,
8860,PC-104435,delivered,RD-114,2026-06-11 13:44:03,
8861,PC-104436,hub_out,RD-114,2026-06-10 19:10:12,
8862,PC-104436,delivered,RD-114,2026-06-11 15:20:52,
8863,PC-104437,hub_out,RD-114,2026-06-10 11:31:43,
8864,PC-104437,delivered,RD-114,2026-06-11 18:43:47,
8865,PC-104438,hub_out,RD-114,2026-06-10 11:48:35,
8866,PC-104438,delivered,RD-114,2026-06-11 13:53:11,
8867,PC-104439,hub_out,RD-114,2026-06-10 01:29:54,
8868,PC-104439,delivered,RD-114,2026-06-11 12:37:01,
8869,PC-104440,hub_out,RD-114,2026-06-10 21:45:14,
8870,PC-104440,failed_attempt,RD-114,2026-06-11 09:43:37,customer unreachable
8871,PC-104441,hub_out,RD-114,2026-06-11 09:48:49,
8872,PC-104441,failed_attempt,RD-114,2026-06-11 19:42:13,address not found
8873,PC-104442,hub_out,RD-114,2026-06-10 20:44:41,
8874,PC-104442,failed_attempt,RD-114,2026-06-11 17:01:36,customer unreachable
8875,PC-104443,hub_out,RD-114,2026-06-10 18:20:00,
8876,PC-104443,failed_attempt,RD-114,2026-06-11 10:46:51,customer unreachable
8877,PC-104444,hub_out,RD-114,2026-06-12 08:12:26,
8878,PC-104444,delivered,RD-114,2026-06-13 18:18:14,
8879,PC-104445,hub_out,RD-114,2026-06-12 10:05:10,
8880,PC-104445,delivered,RD-114,2026-06-13 09:38:25,
8881,PC-104446,hub_out,RD-114,2026-06-12 23:26:01,
8882,PC-104446,delivered,RD-114,2026-06-13 09:32:12,
8883,PC-104447,hub_out,RD-114,2026-06-12 05:16:42,
8884,PC-104447,delivered,RD-114,2026-06-13 19:15:40,
8885,PC-104448,hub_out,RD-114,2026-06-12 15:16:13,
8886,PC-104448,delivered,RD-114,2026-06-13 16:12:08,
8887,PC-104449,hub_out,RD-114,2026-06-12 14:57:52,
8888,PC-104449,delivered,RD-114,2026-06-13 13:35:01,
8889,PC-104450,hub_out,RD-114,2026-06-12 13:27:22,
8890,PC-104450,delivered,RD-114,2026-06-13 14:33:06,
8891,PC-104451,hub_out,RD-114,2026-06-12 03:21:16,
8892,PC-104451,delivered,RD-114,2026-06-13 14:48:58,
8893,PC-104452,hub_out,RD-114,2026-06-12 06:43:51,
8894,PC-104452,delivered,RD-114,2026-06-13 11:26:07,
8895,PC-104453,hub_out,RD-114,2026-06-12 02:42:14,
8896,PC-104453,delivered,RD-114,2026-06-13 13:09:24,
8897,PC-104454,hub_out,RD-114,2026-06-12 10:54:12,
8898,PC-104454,delivered,RD-114,2026-06-13 19:03:50,
8899,PC-104455,hub_out,RD-114,2026-06-12 10:19:03,
8900,PC-104455,delivered,RD-114,2026-06-13 14:13:10,
8901,PC-104456,hub_out,RD-114,2026-06-12 10:06:24,
8902,PC-104456,delivered,RD-114,2026-06-13 15:57:18,
8903,PC-104457,hub_out,RD-114,2026-06-12 04:19:08,
8904,PC-104457,delivered,RD-114,2026-06-13 11:48:51,
8905,PC-104458,hub_out,RD-114,2026-06-12 06:50:49,
8906,PC-104458,delivered,RD-114,2026-06-13 12:46:30,
8907,PC-104459,hub_out,RD-114,2026-06-12 16:17:29,
8908,PC-104459,delivered,RD-114,2026-06-13 17:32:31,
8909,PC-104460,hub_out,RD-114,2026-06-12 18:15:04,
8910,PC-104460,delivered,RD-114,2026-06-13 17:11:43,
8911,PC-104461,hub_out,RD-114,2026-06-12 00:22:54,
8912,PC-104461,delivered,RD-114,2026-06-13 09:14:51,
8913,PC-104462,hub_out,RD-114,2026-06-11 18:20:33,
8914,PC-104462,delivered,RD-114,2026-06-13 10:58:52,
8915,PC-104463,hub_out,RD-114,2026-06-12 03:30:21,
8916,PC-104463,delivered,RD-114,2026-06-13 13:35:43,
8917,PC-104464,hub_out,RD-114,2026-06-13 08:18:19,
8918,PC-104464,failed_attempt,RD-114,2026-06-13 19:20:22,customer unreachable
8919,PC-104465,hub_out,RD-114,2026-06-13 08:05:48,
8920,PC-104465,delivered,RD-114,2026-06-14 17:33:54,
8921,PC-104466,hub_out,RD-114,2026-06-13 02:11:51,
8922,PC-104466,delivered,RD-114,2026-06-14 10:59:15,
8923,PC-104467,hub_out,RD-114,2026-06-12 17:30:40,
8924,PC-104467,delivered,RD-114,2026-06-14 15:13:40,
8925,PC-104468,hub_out,RD-114,2026-06-13 17:24:43,
8926,PC-104468,delivered,RD-114,2026-06-14 12:50:08,
8927,PC-104469,hub_out,RD-114,2026-06-13 11:31:28,
8928,PC-104469,delivered,RD-114,2026-06-14 18:18:03,
8929,PC-104470,hub_out,RD-114,2026-06-13 00:40:42,
8930,PC-104470,delivered,RD-114,2026-06-14 19:08:31,
8931,PC-104471,hub_out,RD-114,2026-06-13 08:34:28,
8932,PC-104471,delivered,RD-114,2026-06-14 10:06:58,
8933,PC-104472,hub_out,RD-114,2026-06-13 21:50:01,
8934,PC-104472,delivered,RD-114,2026-06-14 19:00:41,
8935,PC-104473,hub_out,RD-114,2026-06-12 10:49:50,
8936,PC-104473,delivered,RD-114,2026-06-14 15:45:43,
8937,PC-104474,hub_out,RD-114,2026-06-13 20:51:40,
8938,PC-104474,delivered,RD-114,2026-06-14 18:24:18,
8939,PC-104475,hub_out,RD-114,2026-06-13 14:27:51,
8940,PC-104475,delivered,RD-114,2026-06-14 18:44:37,
8941,PC-104476,hub_out,RD-114,2026-06-13 01:09:14,
8942,PC-104476,delivered,RD-114,2026-06-14 09:09:32,
8943,PC-104477,hub_out,RD-114,2026-06-13 04:32:03,
8944,PC-104477,delivered,RD-114,2026-06-14 17:42:05,
8945,PC-104478,hub_out,RD-114,2026-06-13 22:13:56,
8946,PC-104478,delivered,RD-114,2026-06-14 15:02:28,
8947,PC-104479,hub_out,RD-114,2026-06-13 14:24:09,
8948,PC-104479,delivered,RD-114,2026-06-14 10:20:57,
8949,PC-104480,hub_out,RD-114,2026-06-13 18:42:09,
8950,PC-104480,failed_attempt,RD-114,2026-06-14 10:55:32,customer unreachable
8951,PC-104481,hub_out,RD-114,2026-06-13 21:31:31,
8952,PC-104481,failed_attempt,RD-114,2026-06-14 11:30:19,customer refused
8953,PC-104482,hub_out,RD-114,2026-06-13 22:48:09,
8954,PC-104482,failed_attempt,RD-114,2026-06-14 09:49:14,address not found
8955,PC-104483,hub_out,RD-114,2026-06-14 06:21:36,
8956,PC-104483,delivered,RD-114,2026-06-15 14:47:26,
8957,PC-104484,hub_out,RD-114,2026-06-14 05:29:39,
8958,PC-104484,delivered,RD-114,2026-06-15 14:27:58,
8959,PC-104485,hub_out,RD-114,2026-06-13 13:36:13,
8960,PC-104485,delivered,RD-114,2026-06-15 10:05:08,
8961,PC-104486,hub_out,RD-114,2026-06-13 03:07:44,
8962,PC-104486,delivered,RD-114,2026-06-15 11:19:22,
8963,PC-104487,hub_out,RD-114,2026-06-13 20:50:10,
8964,PC-104487,delivered,RD-114,2026-06-15 09:20:15,
8965,PC-104488,hub_out,RD-114,2026-06-14 05:33:15,
8966,PC-104488,delivered,RD-114,2026-06-15 13:50:21,
8967,PC-104489,hub_out,RD-114,2026-06-14 00:25:12,
8968,PC-104489,delivered,RD-114,2026-06-15 15:51:36,
8969,PC-104490,hub_out,RD-114,2026-06-14 08:08:07,
8970,PC-104490,delivered,RD-114,2026-06-15 11:03:43,
8971,PC-104491,hub_out,RD-114,2026-06-14 11:55:40,
8972,PC-104491,delivered,RD-114,2026-06-15 12:37:22,
8973,PC-104492,hub_out,RD-114,2026-06-14 13:59:07,
8974,PC-104492,delivered,RD-114,2026-06-15 17:17:31,
8975,PC-104493,hub_out,RD-114,2026-06-14 11:56:06,
8976,PC-104493,delivered,RD-114,2026-06-15 16:24:19,
8977,PC-104494,hub_out,RD-114,2026-06-14 10:07:46,
8978,PC-104494,delivered,RD-114,2026-06-15 19:32:15,
8979,PC-104495,hub_out,RD-114,2026-06-13 15:46:47,
8980,PC-104495,delivered,RD-114,2026-06-15 09:11:16,
8981,PC-104496,hub_out,RD-114,2026-06-14 13:59:35,
8982,PC-104496,delivered,RD-114,2026-06-15 12:05:41,
8983,PC-104497,hub_out,RD-114,2026-06-14 10:42:03,
8984,PC-104497,delivered,RD-114,2026-06-15 12:28:19,
8985,PC-104498,hub_out,RD-114,2026-06-14 14:07:50,
8986,PC-104498,delivered,RD-114,2026-06-15 18:48:48,
8987,PC-104499,hub_out,RD-114,2026-06-14 10:16:19,
8988,PC-104499,delivered,RD-114,2026-06-15 17:18:09,
8989,PC-104500,hub_out,RD-114,2026-06-14 01:25:13,
8990,PC-104500,delivered,RD-114,2026-06-15 13:54:06,
8991,PC-104501,hub_out,RD-114,2026-06-13 23:33:55,
8992,PC-104501,delivered,RD-114,2026-06-15 15:34:53,
8993,PC-104502,hub_out,RD-114,2026-06-14 12:59:37,
8994,PC-104502,delivered,RD-114,2026-06-15 18:52:20,
8995,PC-104503,hub_out,RD-114,2026-06-14 00:24:48,
8996,PC-104503,delivered,RD-114,2026-06-15 12:10:41,
8997,PC-104504,hub_out,RD-114,2026-06-14 14:33:35,
8998,PC-104504,delivered,RD-114,2026-06-15 10:15:06,
8999,PC-104505,hub_out,RD-114,2026-06-14 06:42:53,
9000,PC-104505,delivered,RD-114,2026-06-15 19:19:44,
9001,PC-104506,hub_out,RD-114,2026-06-14 12:05:09,
9002,PC-104506,delivered,RD-114,2026-06-15 12:28:00,
9003,PC-104507,hub_out,RD-114,2026-06-13 22:43:56,
9004,PC-104507,delivered,RD-114,2026-06-15 15:55:46,
9005,PC-104508,hub_out,RD-114,2026-06-14 20:49:20,
9006,PC-104508,failed_attempt,RD-114,2026-06-15 16:41:10,customer unreachable
9007,PC-104509,hub_out,RD-114,2026-06-15 02:48:22,
9008,PC-104509,failed_attempt,RD-114,2026-06-15 13:14:27,customer unreachable
9009,PC-104510,hub_out,RD-114,2026-06-14 14:39:13,
9010,PC-104510,failed_attempt,RD-114,2026-06-15 15:32:24,customer unreachable
9011,PC-104511,hub_out,RD-114,2026-06-15 06:18:13,
9012,PC-104511,failed_attempt,RD-114,2026-06-15 17:24:41,address not found
9013,PC-104512,hub_out,RD-114,2026-06-17 17:30:10,
9014,PC-104512,delivered,RD-114,2026-06-18 12:57:40,
9015,PC-104513,hub_out,RD-114,2026-06-17 04:58:34,
9016,PC-104513,delivered,RD-114,2026-06-18 12:50:44,
9017,PC-104514,hub_out,RD-114,2026-06-17 14:10:05,
9018,PC-104514,delivered,RD-114,2026-06-18 10:33:35,
9019,PC-104515,hub_out,RD-114,2026-06-16 15:35:58,
9020,PC-104515,delivered,RD-114,2026-06-18 09:23:53,
9021,PC-104516,hub_out,RD-114,2026-06-17 20:18:19,
9022,PC-104516,delivered,RD-114,2026-06-18 14:08:33,
9023,PC-104517,hub_out,RD-114,2026-06-17 00:03:33,
9024,PC-104517,delivered,RD-114,2026-06-18 09:32:27,
9025,PC-104518,hub_out,RD-114,2026-06-17 08:47:10,
9026,PC-104518,delivered,RD-114,2026-06-18 10:46:09,
9027,PC-104519,hub_out,RD-114,2026-06-17 18:01:17,
9028,PC-104519,delivered,RD-114,2026-06-18 16:41:03,
9029,PC-104520,hub_out,RD-114,2026-06-16 15:33:36,
9030,PC-104520,delivered,RD-114,2026-06-18 10:29:49,
9031,PC-104521,hub_out,RD-114,2026-06-17 08:44:31,
9032,PC-104521,delivered,RD-114,2026-06-18 13:08:49,
9033,PC-104522,hub_out,RD-114,2026-06-17 03:10:37,
9034,PC-104522,delivered,RD-114,2026-06-18 12:00:26,
9035,PC-104523,hub_out,RD-114,2026-06-17 08:26:59,
9036,PC-104523,delivered,RD-114,2026-06-18 15:29:18,
9037,PC-104524,hub_out,RD-114,2026-06-17 15:11:37,
9038,PC-104524,delivered,RD-114,2026-06-18 11:01:29,
9039,PC-104525,hub_out,RD-114,2026-06-17 07:06:09,
9040,PC-104525,delivered,RD-114,2026-06-18 11:23:08,
9041,PC-104526,hub_out,RD-114,2026-06-17 08:53:09,
9042,PC-104526,delivered,RD-114,2026-06-18 17:48:53,
9043,PC-104527,hub_out,RD-114,2026-06-17 22:01:41,
9044,PC-104527,delivered,RD-114,2026-06-18 10:29:16,
9045,PC-104528,hub_out,RD-114,2026-06-17 05:33:59,
9046,PC-104528,delivered,RD-114,2026-06-18 09:14:47,
9047,PC-104529,hub_out,RD-114,2026-06-16 14:22:33,
9048,PC-104529,delivered,RD-114,2026-06-18 15:15:45,
9049,PC-104530,hub_out,RD-114,2026-06-17 14:07:51,
9050,PC-104530,delivered,RD-114,2026-06-18 15:09:37,
9051,PC-104531,hub_out,RD-114,2026-06-17 14:05:40,
9052,PC-104531,delivered,RD-114,2026-06-18 17:58:35,
9053,PC-104532,hub_out,RD-114,2026-06-16 19:16:19,
9054,PC-104532,delivered,RD-114,2026-06-18 13:29:39,
9055,PC-104533,hub_out,RD-114,2026-06-18 04:20:39,
9056,PC-104533,failed_attempt,RD-114,2026-06-18 14:57:20,customer unreachable
9057,PC-104534,hub_out,RD-114,2026-06-18 13:10:49,
9058,PC-104534,failed_attempt,RD-114,2026-06-18 19:08:28,customer unreachable
9059,PC-104535,hub_out,RD-114,2026-06-18 08:19:21,
9060,PC-104535,delivered,RD-114,2026-06-19 09:53:44,
9061,PC-104536,hub_out,RD-114,2026-06-18 10:19:17,
9062,PC-104536,delivered,RD-114,2026-06-19 12:05:40,
9063,PC-104537,hub_out,RD-114,2026-06-18 08:14:06,
9064,PC-104537,delivered,RD-114,2026-06-19 13:40:14,
9065,PC-104538,hub_out,RD-114,2026-06-18 12:28:04,
9066,PC-104538,delivered,RD-114,2026-06-19 16:02:16,
9067,PC-104539,hub_out,RD-114,2026-06-18 02:39:13,
9068,PC-104539,delivered,RD-114,2026-06-19 13:04:17,
9069,PC-104540,hub_out,RD-114,2026-06-18 05:50:09,
9070,PC-104540,delivered,RD-114,2026-06-19 16:26:59,
9071,PC-104541,hub_out,RD-114,2026-06-18 16:52:21,
9072,PC-104541,delivered,RD-114,2026-06-19 17:52:27,
9073,PC-104542,hub_out,RD-114,2026-06-18 03:51:14,
9074,PC-104542,delivered,RD-114,2026-06-19 15:33:12,
9075,PC-104543,hub_out,RD-114,2026-06-17 22:55:31,
9076,PC-104543,delivered,RD-114,2026-06-19 16:04:27,
9077,PC-104544,hub_out,RD-114,2026-06-19 02:04:23,
9078,PC-104544,delivered,RD-114,2026-06-19 19:40:14,
9079,PC-104545,hub_out,RD-114,2026-06-18 12:57:36,
9080,PC-104545,delivered,RD-114,2026-06-19 10:04:55,
9081,PC-104546,hub_out,RD-114,2026-06-18 01:01:18,
9082,PC-104546,delivered,RD-114,2026-06-19 17:21:18,
9083,PC-104547,hub_out,RD-114,2026-06-18 09:20:40,
9084,PC-104547,delivered,RD-114,2026-06-19 13:01:03,
9085,PC-104548,hub_out,RD-114,2026-06-19 01:54:18,
9086,PC-104548,delivered,RD-114,2026-06-19 15:48:18,
9087,PC-104549,hub_out,RD-114,2026-06-18 10:03:26,
9088,PC-104549,delivered,RD-114,2026-06-19 09:24:22,
9089,PC-104550,hub_out,RD-114,2026-06-17 19:28:06,
9090,PC-104550,delivered,RD-114,2026-06-19 11:10:54,
9091,PC-104551,hub_out,RD-114,2026-06-17 19:34:11,
9092,PC-104551,delivered,RD-114,2026-06-19 11:43:32,
9093,PC-104552,hub_out,RD-114,2026-06-18 11:26:08,
9094,PC-104552,delivered,RD-114,2026-06-19 16:01:14,
9095,PC-104553,hub_out,RD-114,2026-06-18 13:14:08,
9096,PC-104553,failed_attempt,RD-114,2026-06-19 16:45:30,customer unreachable
9097,PC-104554,hub_out,RD-114,2026-06-19 09:53:54,
9098,PC-104554,failed_attempt,RD-114,2026-06-19 18:58:17,customer unreachable
9099,PC-104555,hub_out,RD-114,2026-06-19 06:22:21,
9100,PC-104555,failed_attempt,RD-114,2026-06-19 15:40:07,customer unreachable
9101,PC-104556,hub_out,RD-114,2026-06-18 13:41:56,
9102,PC-104556,failed_attempt,RD-114,2026-06-19 18:10:37,customer unreachable
9103,PC-104557,hub_out,RD-114,2026-06-19 19:13:01,
9104,PC-104557,delivered,RD-114,2026-06-21 10:12:05,
9105,PC-104558,hub_out,RD-114,2026-06-20 03:17:48,
9106,PC-104558,delivered,RD-114,2026-06-21 14:28:36,
9107,PC-104559,hub_out,RD-114,2026-06-19 13:51:37,
9108,PC-104559,delivered,RD-114,2026-06-21 10:42:24,
9109,PC-104560,hub_out,RD-114,2026-06-21 00:05:52,
9110,PC-104560,delivered,RD-114,2026-06-21 19:52:38,
9111,PC-104561,hub_out,RD-114,2026-06-20 05:04:29,
9112,PC-104561,delivered,RD-114,2026-06-21 09:27:26,
9113,PC-104562,hub_out,RD-114,2026-06-20 13:02:54,
9114,PC-104562,delivered,RD-114,2026-06-21 16:49:28,
9115,PC-104563,hub_out,RD-114,2026-06-19 21:40:28,
9116,PC-104563,delivered,RD-114,2026-06-21 09:40:45,
9117,PC-104564,hub_out,RD-114,2026-06-20 07:22:29,
9118,PC-104564,delivered,RD-114,2026-06-21 19:29:00,
9119,PC-104565,hub_out,RD-114,2026-06-20 06:35:41,
9120,PC-104565,delivered,RD-114,2026-06-21 12:53:16,
9121,PC-104566,hub_out,RD-114,2026-06-20 12:02:28,
9122,PC-104566,delivered,RD-114,2026-06-21 19:28:09,
9123,PC-104567,hub_out,RD-114,2026-06-20 08:28:26,
9124,PC-104567,delivered,RD-114,2026-06-21 09:04:54,
9125,PC-104568,hub_out,RD-114,2026-06-20 20:26:32,
9126,PC-104568,delivered,RD-114,2026-06-21 19:03:43,
9127,PC-104569,hub_out,RD-114,2026-06-20 06:33:08,
9128,PC-104569,delivered,RD-114,2026-06-21 16:23:19,
9129,PC-104570,hub_out,RD-114,2026-06-20 13:23:48,
9130,PC-104570,delivered,RD-114,2026-06-21 15:38:55,
9131,PC-104571,hub_out,RD-114,2026-06-20 11:59:39,
9132,PC-104571,delivered,RD-114,2026-06-21 15:24:22,
9133,PC-104572,hub_out,RD-114,2026-06-20 13:20:40,
9134,PC-104572,delivered,RD-114,2026-06-21 19:27:40,
9135,PC-104573,hub_out,RD-114,2026-06-20 02:34:52,
9136,PC-104573,delivered,RD-114,2026-06-21 12:12:50,
9137,PC-104574,hub_out,RD-114,2026-06-20 00:00:09,
9138,PC-104574,delivered,RD-114,2026-06-21 14:59:47,
9139,PC-104575,hub_out,RD-114,2026-06-21 00:28:13,
9140,PC-104575,delivered,RD-114,2026-06-21 19:25:16,
9141,PC-104576,hub_out,RD-114,2026-06-21 01:22:33,
9142,PC-104576,delivered,RD-114,2026-06-22 13:45:49,
9143,PC-104577,hub_out,RD-114,2026-06-21 15:44:44,
9144,PC-104577,delivered,RD-114,2026-06-22 16:29:35,
9145,PC-104578,hub_out,RD-114,2026-06-21 01:17:29,
9146,PC-104578,delivered,RD-114,2026-06-22 10:00:06,
9147,PC-104579,hub_out,RD-114,2026-06-20 19:57:28,
9148,PC-104579,delivered,RD-114,2026-06-22 16:23:12,
9149,PC-104580,hub_out,RD-114,2026-06-21 09:31:17,
9150,PC-104580,delivered,RD-114,2026-06-22 18:06:03,
9151,PC-104581,hub_out,RD-114,2026-06-21 08:10:41,
9152,PC-104581,delivered,RD-114,2026-06-22 11:43:08,
9153,PC-104582,hub_out,RD-114,2026-06-21 07:10:28,
9154,PC-104582,delivered,RD-114,2026-06-22 12:19:32,
9155,PC-104583,hub_out,RD-114,2026-06-21 02:52:14,
9156,PC-104583,delivered,RD-114,2026-06-22 11:26:33,
9157,PC-104584,hub_out,RD-114,2026-06-21 11:07:13,
9158,PC-104584,delivered,RD-114,2026-06-22 09:53:02,
9159,PC-104585,hub_out,RD-114,2026-06-21 15:54:44,
9160,PC-104585,delivered,RD-114,2026-06-22 18:54:41,
9161,PC-104586,hub_out,RD-114,2026-06-21 22:49:03,
9162,PC-104586,delivered,RD-114,2026-06-22 18:50:37,
9163,PC-104587,hub_out,RD-114,2026-06-21 12:17:33,
9164,PC-104587,delivered,RD-114,2026-06-22 16:54:01,
9165,PC-104588,hub_out,RD-114,2026-06-20 22:34:49,
9166,PC-104588,delivered,RD-114,2026-06-22 12:25:19,
9167,PC-104589,hub_out,RD-114,2026-06-21 13:47:19,
9168,PC-104589,delivered,RD-114,2026-06-22 19:07:21,
9169,PC-104590,hub_out,RD-114,2026-06-21 04:08:39,
9170,PC-104590,delivered,RD-114,2026-06-22 11:30:35,
9171,PC-104591,hub_out,RD-114,2026-06-21 20:23:01,
9172,PC-104591,delivered,RD-114,2026-06-22 17:32:29,
9173,PC-104592,hub_out,RD-114,2026-06-20 21:02:53,
9174,PC-104592,delivered,RD-114,2026-06-22 09:27:17,
9175,PC-104593,hub_out,RD-114,2026-06-21 15:14:18,
9176,PC-104593,delivered,RD-114,2026-06-22 17:59:30,
9177,PC-104594,hub_out,RD-114,2026-06-21 12:51:27,
9178,PC-104594,delivered,RD-114,2026-06-22 17:49:02,
9179,PC-104595,hub_out,RD-114,2026-06-21 16:13:08,
9180,PC-104595,failed_attempt,RD-114,2026-06-22 12:56:42,address not found
9181,PC-104596,hub_out,RD-114,2026-06-22 01:56:06,
9182,PC-104596,failed_attempt,RD-114,2026-06-22 19:26:35,customer unreachable
9183,PC-104597,hub_out,RD-114,2026-06-21 11:34:01,
9184,PC-104597,failed_attempt,RD-114,2026-06-22 12:33:06,customer refused
9185,PC-104598,hub_out,RD-114,2026-06-23 08:46:01,
9186,PC-104598,delivered,RD-114,2026-06-23 15:57:31,
9187,PC-104599,hub_out,RD-114,2026-06-22 07:32:24,
9188,PC-104599,delivered,RD-114,2026-06-23 19:15:25,
9189,PC-104600,hub_out,RD-114,2026-06-22 09:36:52,
9190,PC-104600,delivered,RD-114,2026-06-23 10:59:35,
9191,PC-104601,hub_out,RD-114,2026-06-22 07:44:46,
9192,PC-104601,delivered,RD-114,2026-06-23 19:52:17,
9193,PC-104602,hub_out,RD-114,2026-06-22 16:24:12,
9194,PC-104602,delivered,RD-114,2026-06-23 18:18:52,
9195,PC-104603,hub_out,RD-114,2026-06-22 02:15:31,
9196,PC-104603,delivered,RD-114,2026-06-23 13:17:06,
9197,PC-104604,hub_out,RD-114,2026-06-22 03:17:57,
9198,PC-104604,delivered,RD-114,2026-06-23 12:54:52,
9199,PC-104605,hub_out,RD-114,2026-06-23 02:38:29,
9200,PC-104605,delivered,RD-114,2026-06-23 18:01:49,
9201,PC-104606,hub_out,RD-114,2026-06-22 10:25:56,
9202,PC-104606,delivered,RD-114,2026-06-23 15:09:25,
9203,PC-104607,hub_out,RD-114,2026-06-22 08:29:10,
9204,PC-104607,delivered,RD-114,2026-06-23 10:49:28,
9205,PC-104608,hub_out,RD-114,2026-06-22 14:34:40,
9206,PC-104608,delivered,RD-114,2026-06-23 10:45:55,
9207,PC-104609,hub_out,RD-114,2026-06-22 11:02:39,
9208,PC-104609,delivered,RD-114,2026-06-23 14:30:30,
9209,PC-104610,hub_out,RD-114,2026-06-22 07:04:28,
9210,PC-104610,delivered,RD-114,2026-06-23 17:15:21,
9211,PC-104611,hub_out,RD-114,2026-06-23 03:55:02,
9212,PC-104611,delivered,RD-114,2026-06-23 18:33:32,
9213,PC-104612,hub_out,RD-114,2026-06-22 11:21:18,
9214,PC-104612,delivered,RD-114,2026-06-23 17:57:20,
9215,PC-104613,hub_out,RD-114,2026-06-22 07:23:13,
9216,PC-104613,delivered,RD-114,2026-06-23 18:10:40,
9217,PC-104614,hub_out,RD-114,2026-06-22 03:08:45,
9218,PC-104614,delivered,RD-114,2026-06-23 13:33:53,
9219,PC-104615,hub_out,RD-114,2026-06-22 07:30:26,
9220,PC-104615,delivered,RD-114,2026-06-23 10:56:58,
9221,PC-104616,hub_out,RD-114,2026-06-21 22:08:48,
9222,PC-104616,delivered,RD-114,2026-06-23 14:29:10,
9223,PC-104617,hub_out,RD-114,2026-06-22 06:34:03,
9224,PC-104617,delivered,RD-114,2026-06-23 09:40:00,
9225,PC-104618,hub_out,RD-114,2026-06-21 10:38:51,
9226,PC-104618,delivered,RD-114,2026-06-23 09:41:02,
9227,PC-104619,hub_out,RD-114,2026-06-22 15:03:46,
9228,PC-104619,failed_attempt,RD-114,2026-06-23 15:45:01,address not found
9229,PC-104620,hub_out,RD-114,2026-06-22 17:14:28,
9230,PC-104620,failed_attempt,RD-114,2026-06-23 13:31:37,address not found
9231,PC-104621,hub_out,RD-114,2026-06-22 18:29:32,
9232,PC-104621,failed_attempt,RD-114,2026-06-23 09:22:32,customer unreachable
9233,PC-104622,hub_out,RD-114,2026-06-22 12:59:06,
9234,PC-104622,failed_attempt,RD-114,2026-06-23 11:12:05,customer unreachable
9235,PC-104623,hub_out,RD-114,2026-06-24 11:38:23,
9236,PC-104623,delivered,RD-114,2026-06-25 17:29:53,
9237,PC-104624,hub_out,RD-114,2026-06-24 02:02:29,
9238,PC-104624,delivered,RD-114,2026-06-25 10:38:53,
9239,PC-104625,hub_out,RD-114,2026-06-25 00:24:13,
9240,PC-104625,delivered,RD-114,2026-06-25 19:06:37,
9241,PC-104626,hub_out,RD-114,2026-06-23 23:34:30,
9242,PC-104626,delivered,RD-114,2026-06-25 16:24:37,
9243,PC-104627,hub_out,RD-114,2026-06-23 20:51:13,
9244,PC-104627,delivered,RD-114,2026-06-25 17:14:20,
9245,PC-104628,hub_out,RD-114,2026-06-24 11:50:31,
9246,PC-104628,delivered,RD-114,2026-06-25 13:21:02,
9247,PC-104629,hub_out,RD-114,2026-06-23 19:28:28,
9248,PC-104629,delivered,RD-114,2026-06-25 09:34:04,
9249,PC-104630,hub_out,RD-114,2026-06-24 07:59:19,
9250,PC-104630,delivered,RD-114,2026-06-25 15:08:55,
9251,PC-104631,hub_out,RD-114,2026-06-24 03:02:00,
9252,PC-104631,delivered,RD-114,2026-06-25 10:49:37,
9253,PC-104632,hub_out,RD-114,2026-06-24 22:21:38,
9254,PC-104632,delivered,RD-114,2026-06-25 18:51:12,
9255,PC-104633,hub_out,RD-114,2026-06-24 11:25:21,
9256,PC-104633,delivered,RD-114,2026-06-25 13:36:36,
9257,PC-104634,hub_out,RD-114,2026-06-24 07:54:39,
9258,PC-104634,delivered,RD-114,2026-06-25 14:08:51,
9259,PC-104635,hub_out,RD-114,2026-06-24 10:38:17,
9260,PC-104635,delivered,RD-114,2026-06-25 14:06:13,
9261,PC-104636,hub_out,RD-114,2026-06-24 07:00:26,
9262,PC-104636,delivered,RD-114,2026-06-25 19:38:31,
9263,PC-104637,hub_out,RD-114,2026-06-24 10:43:25,
9264,PC-104637,delivered,RD-114,2026-06-25 10:39:20,
9265,PC-104638,hub_out,RD-114,2026-06-24 13:46:53,
9266,PC-104638,delivered,RD-114,2026-06-25 10:39:28,
9267,PC-104639,hub_out,RD-114,2026-06-23 23:34:08,
9268,PC-104639,delivered,RD-114,2026-06-25 15:49:50,
9269,PC-104640,hub_out,RD-114,2026-06-24 10:03:42,
9270,PC-104640,delivered,RD-114,2026-06-25 19:50:11,
9271,PC-104641,hub_out,RD-114,2026-06-23 23:19:47,
9272,PC-104641,delivered,RD-114,2026-06-25 13:48:38,
9273,PC-104642,hub_out,RD-114,2026-06-24 01:16:03,
9274,PC-104642,delivered,RD-114,2026-06-25 15:56:24,
9275,PC-104643,hub_out,RD-114,2026-06-24 15:00:41,
9276,PC-104643,delivered,RD-114,2026-06-25 13:46:40,
9277,PC-104644,hub_out,RD-114,2026-06-25 02:14:19,
9278,PC-104644,failed_attempt,RD-114,2026-06-25 10:27:08,customer unreachable
9279,PC-104645,hub_out,RD-114,2026-06-25 12:37:40,
9280,PC-104645,failed_attempt,RD-114,2026-06-25 18:47:38,customer unreachable
9281,PC-104646,hub_out,RD-114,2026-06-24 16:11:25,
9282,PC-104646,delivered,RD-114,2026-06-26 19:16:53,
9283,PC-104647,hub_out,RD-114,2026-06-25 05:43:31,
9284,PC-104647,delivered,RD-114,2026-06-26 15:44:37,
9285,PC-104648,hub_out,RD-114,2026-06-25 05:33:39,
9286,PC-104648,delivered,RD-114,2026-06-26 16:56:48,
9287,PC-104649,hub_out,RD-114,2026-06-24 09:30:39,
9288,PC-104649,delivered,RD-114,2026-06-26 11:44:35,
9289,PC-104650,hub_out,RD-114,2026-06-25 10:51:34,
9290,PC-104650,delivered,RD-114,2026-06-26 18:20:37,
9291,PC-104651,hub_out,RD-114,2026-06-25 15:14:39,
9292,PC-104651,delivered,RD-114,2026-06-26 19:38:40,
9293,PC-104652,hub_out,RD-114,2026-06-26 01:12:21,
9294,PC-104652,delivered,RD-114,2026-06-26 18:16:35,
9295,PC-104653,hub_out,RD-114,2026-06-25 16:32:30,
9296,PC-104653,delivered,RD-114,2026-06-26 17:19:14,
9297,PC-104654,hub_out,RD-114,2026-06-25 10:51:47,
9298,PC-104654,delivered,RD-114,2026-06-26 12:01:21,
9299,PC-104655,hub_out,RD-114,2026-06-25 00:57:48,
9300,PC-104655,delivered,RD-114,2026-06-26 10:17:21,
9301,PC-104656,hub_out,RD-114,2026-06-26 00:34:08,
9302,PC-104656,delivered,RD-114,2026-06-26 19:56:38,
9303,PC-104657,hub_out,RD-114,2026-06-25 07:43:24,
9304,PC-104657,delivered,RD-114,2026-06-26 16:21:33,
9305,PC-104658,hub_out,RD-114,2026-06-25 07:57:21,
9306,PC-104658,delivered,RD-114,2026-06-26 18:15:22,
9307,PC-104659,hub_out,RD-114,2026-06-25 07:16:06,
9308,PC-104659,delivered,RD-114,2026-06-26 15:09:25,
9309,PC-104660,hub_out,RD-114,2026-06-25 13:18:51,
9310,PC-104660,delivered,RD-114,2026-06-26 16:25:17,
9311,PC-104661,hub_out,RD-114,2026-06-25 08:45:27,
9312,PC-104661,delivered,RD-114,2026-06-26 17:39:14,
9313,PC-104662,hub_out,RD-114,2026-06-24 22:38:50,
9314,PC-104662,delivered,RD-114,2026-06-26 17:41:17,
9315,PC-104663,hub_out,RD-114,2026-06-25 00:31:40,
9316,PC-104663,delivered,RD-114,2026-06-26 13:13:06,
9317,PC-104664,hub_out,RD-114,2026-06-26 19:01:02,
9318,PC-104664,delivered,RD-114,2026-06-27 16:42:26,
9319,PC-104665,hub_out,RD-114,2026-06-26 12:42:32,
9320,PC-104665,delivered,RD-114,2026-06-27 19:37:43,
9321,PC-104666,hub_out,RD-114,2026-06-26 00:28:20,
9322,PC-104666,delivered,RD-114,2026-06-27 14:13:40,
9323,PC-104667,hub_out,RD-114,2026-06-26 05:26:20,
9324,PC-104667,delivered,RD-114,2026-06-27 13:34:07,
9325,PC-104668,hub_out,RD-114,2026-06-26 09:08:44,
9326,PC-104668,delivered,RD-114,2026-06-27 14:47:06,
9327,PC-104669,hub_out,RD-114,2026-06-26 05:44:42,
9328,PC-104669,delivered,RD-114,2026-06-27 17:14:32,
9329,PC-104670,hub_out,RD-114,2026-06-26 20:11:42,
9330,PC-104670,delivered,RD-114,2026-06-27 15:18:56,
9331,PC-104671,hub_out,RD-114,2026-06-26 03:02:03,
9332,PC-104671,delivered,RD-114,2026-06-27 10:21:26,
9333,PC-104672,hub_out,RD-114,2026-06-25 20:02:44,
9334,PC-104672,delivered,RD-114,2026-06-27 15:44:24,
9335,PC-104673,hub_out,RD-114,2026-06-25 14:46:19,
9336,PC-104673,delivered,RD-114,2026-06-27 16:12:47,
9337,PC-104674,hub_out,RD-114,2026-06-26 07:18:32,
9338,PC-104674,delivered,RD-114,2026-06-27 12:32:18,
9339,PC-104675,hub_out,RD-114,2026-06-26 06:33:04,
9340,PC-104675,delivered,RD-114,2026-06-27 12:37:11,
9341,PC-104676,hub_out,RD-114,2026-06-26 19:04:08,
9342,PC-104676,delivered,RD-114,2026-06-27 17:19:45,
9343,PC-104677,hub_out,RD-114,2026-06-26 03:40:12,
9344,PC-104677,delivered,RD-114,2026-06-27 11:04:04,
9345,PC-104678,hub_out,RD-114,2026-06-26 07:35:19,
9346,PC-104678,delivered,RD-114,2026-06-27 14:31:22,
9347,PC-104679,hub_out,RD-114,2026-06-26 12:47:09,
9348,PC-104679,delivered,RD-114,2026-06-27 11:37:09,
9349,PC-104680,hub_out,RD-114,2026-06-26 16:11:34,
9350,PC-104680,delivered,RD-114,2026-06-27 18:51:46,
9351,PC-104681,hub_out,RD-114,2026-06-26 17:40:38,
9352,PC-104681,delivered,RD-114,2026-06-27 10:03:42,
9353,PC-104682,hub_out,RD-114,2026-06-26 05:35:05,
9354,PC-104682,delivered,RD-114,2026-06-27 15:57:36,
9355,PC-104683,hub_out,RD-114,2026-06-26 07:00:56,
9356,PC-104683,delivered,RD-114,2026-06-27 18:25:39,
9357,PC-104684,hub_out,RD-114,2026-06-26 04:01:57,
9358,PC-104684,delivered,RD-114,2026-06-27 11:50:28,
9359,PC-104685,hub_out,RD-114,2026-06-26 15:43:14,
9360,PC-104685,delivered,RD-114,2026-06-27 16:40:13,
9361,PC-104686,hub_out,RD-114,2026-06-26 19:03:55,
9362,PC-104686,delivered,RD-114,2026-06-27 19:55:16,
9363,PC-104687,hub_out,RD-114,2026-06-26 23:49:48,
9364,PC-104687,failed_attempt,RD-114,2026-06-27 10:48:51,customer unreachable
9365,PC-104688,hub_out,RD-114,2026-06-26 20:54:37,
9366,PC-104688,failed_attempt,RD-114,2026-06-27 09:22:04,address not found
9367,PC-104689,hub_out,RD-114,2026-06-28 00:14:32,
9368,PC-104689,delivered,RD-114,2026-06-28 18:10:18,
9369,PC-104690,hub_out,RD-114,2026-06-27 01:44:18,
9370,PC-104690,delivered,RD-114,2026-06-28 09:36:44,
9371,PC-104691,hub_out,RD-114,2026-06-27 01:02:45,
9372,PC-104691,delivered,RD-114,2026-06-28 17:24:15,
9373,PC-104692,hub_out,RD-114,2026-06-27 04:32:55,
9374,PC-104692,delivered,RD-114,2026-06-28 12:49:02,
9375,PC-104693,hub_out,RD-114,2026-06-26 23:44:02,
9376,PC-104693,delivered,RD-114,2026-06-28 10:08:21,
9377,PC-104694,hub_out,RD-114,2026-06-26 21:57:10,
9378,PC-104694,delivered,RD-114,2026-06-28 14:08:53,
9379,PC-104695,hub_out,RD-114,2026-06-27 12:01:45,
9380,PC-104695,delivered,RD-114,2026-06-28 13:33:01,
9381,PC-104696,hub_out,RD-114,2026-06-27 18:25:39,
9382,PC-104696,delivered,RD-114,2026-06-28 11:46:07,
9383,PC-104697,hub_out,RD-114,2026-06-27 13:57:40,
9384,PC-104697,delivered,RD-114,2026-06-28 14:29:29,
9385,PC-104698,hub_out,RD-114,2026-06-27 07:54:48,
9386,PC-104698,delivered,RD-114,2026-06-28 17:23:53,
9387,PC-104699,hub_out,RD-114,2026-06-27 08:57:07,
9388,PC-104699,delivered,RD-114,2026-06-28 11:33:24,
9389,PC-104700,hub_out,RD-114,2026-06-27 11:05:07,
9390,PC-104700,delivered,RD-114,2026-06-28 16:28:25,
9391,PC-104701,hub_out,RD-114,2026-06-26 23:50:04,
9392,PC-104701,delivered,RD-114,2026-06-28 19:55:40,
9393,PC-104702,hub_out,RD-114,2026-06-27 13:04:39,
9394,PC-104702,delivered,RD-114,2026-06-28 17:55:36,
9395,PC-104703,hub_out,RD-114,2026-06-26 23:26:54,
9396,PC-104703,delivered,RD-114,2026-06-28 10:47:09,
9397,PC-104704,hub_out,RD-114,2026-06-27 14:59:05,
9398,PC-104704,delivered,RD-114,2026-06-28 18:21:25,
9399,PC-104705,hub_out,RD-114,2026-06-27 16:00:40,
9400,PC-104705,delivered,RD-114,2026-06-28 13:26:39,
9401,PC-104706,hub_out,RD-114,2026-06-27 08:08:38,
9402,PC-104706,delivered,RD-114,2026-06-28 11:11:30,
9403,PC-104707,hub_out,RD-114,2026-06-27 09:25:08,
9404,PC-104707,delivered,RD-114,2026-06-28 15:26:21,
9405,PC-104708,hub_out,RD-114,2026-06-27 08:23:11,
9406,PC-104708,delivered,RD-114,2026-06-28 11:37:35,
9407,PC-104709,hub_out,RD-114,2026-06-27 07:33:15,
9408,PC-104709,delivered,RD-114,2026-06-28 12:31:28,
9409,PC-104710,hub_out,RD-114,2026-06-26 19:17:14,
9410,PC-104710,delivered,RD-114,2026-06-28 12:45:28,
9411,PC-104711,hub_out,RD-114,2026-06-27 19:03:38,
9412,PC-104711,failed_attempt,RD-114,2026-06-28 17:52:52,address not found
9413,PC-104712,hub_out,RD-114,2026-06-28 07:17:44,
9414,PC-104712,failed_attempt,RD-114,2026-06-28 18:43:00,customer unreachable
9415,PC-104713,hub_out,RD-114,2026-06-28 07:29:01,
9416,PC-104713,failed_attempt,RD-114,2026-06-28 15:17:01,address not found
9417,PC-104714,hub_out,RD-114,2026-06-28 08:24:32,
9418,PC-104714,failed_attempt,RD-114,2026-06-28 18:42:59,address not found
9419,PC-104715,hub_out,RD-114,2026-06-28 12:30:49,
9420,PC-104715,delivered,RD-114,2026-06-29 14:52:04,
9421,PC-104716,hub_out,RD-114,2026-06-28 17:38:38,
9422,PC-104716,delivered,RD-114,2026-06-29 14:54:42,
9423,PC-104717,hub_out,RD-114,2026-06-27 18:55:14,
9424,PC-104717,delivered,RD-114,2026-06-29 10:19:23,
9425,PC-104718,hub_out,RD-114,2026-06-28 00:10:01,
9426,PC-104718,delivered,RD-114,2026-06-29 09:15:34,
9427,PC-104719,hub_out,RD-114,2026-06-27 23:58:17,
9428,PC-104719,delivered,RD-114,2026-06-29 19:51:49,
9429,PC-104720,hub_out,RD-114,2026-06-27 20:40:44,
9430,PC-104720,delivered,RD-114,2026-06-29 10:19:08,
9431,PC-104721,hub_out,RD-114,2026-06-28 02:44:09,
9432,PC-104721,delivered,RD-114,2026-06-29 19:06:43,
9433,PC-104722,hub_out,RD-114,2026-06-29 00:36:59,
9434,PC-104722,delivered,RD-114,2026-06-29 13:02:40,
9435,PC-104723,hub_out,RD-114,2026-06-28 10:59:10,
9436,PC-104723,delivered,RD-114,2026-06-29 18:42:58,
9437,PC-104724,hub_out,RD-114,2026-06-28 10:35:54,
9438,PC-104724,delivered,RD-114,2026-06-29 15:18:34,
9439,PC-104725,hub_out,RD-114,2026-06-27 19:28:17,
9440,PC-104725,delivered,RD-114,2026-06-29 14:36:37,
9441,PC-104726,hub_out,RD-114,2026-06-28 00:49:17,
9442,PC-104726,delivered,RD-114,2026-06-29 15:04:17,
9443,PC-104727,hub_out,RD-114,2026-06-28 01:06:07,
9444,PC-104727,delivered,RD-114,2026-06-29 12:41:57,
9445,PC-104728,hub_out,RD-114,2026-06-28 22:28:51,
9446,PC-104728,delivered,RD-114,2026-06-29 18:52:45,
9447,PC-104729,hub_out,RD-114,2026-06-28 00:23:38,
9448,PC-104729,delivered,RD-114,2026-06-29 17:32:36,
9449,PC-104730,hub_out,RD-114,2026-06-28 03:52:43,
9450,PC-104730,delivered,RD-114,2026-06-29 17:19:21,
9451,PC-104731,hub_out,RD-114,2026-06-27 22:41:16,
9452,PC-104731,delivered,RD-114,2026-06-29 13:18:22,
9453,PC-104732,hub_out,RD-114,2026-06-28 22:36:07,
9454,PC-104732,delivered,RD-114,2026-06-29 19:55:42,
9455,PC-104733,hub_out,RD-114,2026-06-28 07:22:29,
9456,PC-104733,delivered,RD-114,2026-06-29 14:44:14,
9457,PC-104734,hub_out,RD-114,2026-06-28 12:49:09,
9458,PC-104734,delivered,RD-114,2026-06-29 10:25:25,
9459,PC-104735,hub_out,RD-114,2026-06-28 23:06:03,
9460,PC-104735,failed_attempt,RD-114,2026-06-29 15:08:56,customer unreachable
9461,PC-104736,hub_out,RD-114,2026-06-28 11:36:05,
9462,PC-104736,failed_attempt,RD-114,2026-06-29 14:12:51,customer unreachable
9463,PC-104737,hub_out,RD-114,2026-06-28 15:41:38,
9464,PC-104737,failed_attempt,RD-114,2026-06-29 13:52:40,customer unreachable
9465,PC-104738,hub_out,RD-114,2026-06-29 14:02:15,
9466,PC-104738,delivered,RD-114,2026-06-30 13:29:45,
9467,PC-104739,hub_out,RD-114,2026-06-29 16:33:39,
9468,PC-104739,delivered,RD-114,2026-06-30 12:03:41,
9469,PC-104740,hub_out,RD-114,2026-06-29 10:17:07,
9470,PC-104740,delivered,RD-114,2026-06-30 12:05:25,
9471,PC-104741,hub_out,RD-114,2026-06-29 09:30:56,
9472,PC-104741,delivered,RD-114,2026-06-30 13:01:15,
9473,PC-104742,hub_out,RD-114,2026-06-29 14:24:49,
9474,PC-104742,delivered,RD-114,2026-06-30 16:02:26,
9475,PC-104743,hub_out,RD-114,2026-06-29 04:44:03,
9476,PC-104743,delivered,RD-114,2026-06-30 12:04:22,
9477,PC-104744,hub_out,RD-114,2026-06-29 08:21:39,
9478,PC-104744,delivered,RD-114,2026-06-30 18:27:11,
9479,PC-104745,hub_out,RD-114,2026-06-29 10:56:38,
9480,PC-104745,delivered,RD-114,2026-06-30 17:23:03,
9481,PC-104746,hub_out,RD-114,2026-06-29 05:47:11,
9482,PC-104746,delivered,RD-114,2026-06-30 14:55:42,
9483,PC-104747,hub_out,RD-114,2026-06-29 09:46:36,
9484,PC-104747,delivered,RD-114,2026-06-30 18:33:54,
9485,PC-104748,hub_out,RD-114,2026-06-29 20:32:32,
9486,PC-104748,delivered,RD-114,2026-06-30 14:31:58,
9487,PC-104749,hub_out,RD-114,2026-06-29 13:33:29,
9488,PC-104749,delivered,RD-114,2026-06-30 16:49:26,
9489,PC-104750,hub_out,RD-114,2026-06-29 07:39:35,
9490,PC-104750,delivered,RD-114,2026-06-30 11:27:24,
9491,PC-104751,hub_out,RD-114,2026-06-29 07:01:41,
9492,PC-104751,delivered,RD-114,2026-06-30 14:19:33,
9493,PC-104752,hub_out,RD-114,2026-06-29 14:26:08,
9494,PC-104752,delivered,RD-114,2026-06-30 13:12:41,
9495,PC-104753,hub_out,RD-114,2026-06-29 10:07:41,
9496,PC-104753,delivered,RD-114,2026-06-30 13:54:05,
9497,PC-104754,hub_out,RD-114,2026-06-29 04:19:04,
9498,PC-104754,delivered,RD-114,2026-06-30 15:17:08,
9499,PC-104755,hub_out,RD-114,2026-06-28 18:59:05,
9500,PC-104755,delivered,RD-114,2026-06-30 14:02:13,
9501,PC-104756,hub_out,RD-114,2026-06-28 18:00:17,
9502,PC-104756,delivered,RD-114,2026-06-30 10:55:40,
9503,PC-104757,hub_out,RD-114,2026-06-29 03:11:31,
9504,PC-104757,delivered,RD-114,2026-06-30 16:06:07,
9505,PC-104758,hub_out,RD-114,2026-06-28 07:13:25,
9506,PC-104758,delivered,RD-114,2026-06-30 14:45:22,
9507,PC-104759,hub_out,RD-114,2026-06-28 12:30:35,
9508,PC-104759,delivered,RD-114,2026-06-30 11:39:36,
9509,PC-104760,hub_out,RD-114,2026-06-28 21:14:18,
9510,PC-104760,delivered,RD-114,2026-06-30 17:16:33,
9511,PC-104761,hub_out,RD-114,2026-06-29 01:20:40,
9512,PC-104761,delivered,RD-114,2026-06-30 11:24:05,
9513,PC-104762,hub_out,RD-114,2026-06-29 18:40:06,
9514,PC-104762,delivered,RD-114,2026-06-30 19:00:01,
9515,PC-104763,hub_out,RD-108,2026-05-31 03:50:49,
9516,PC-104763,delivered,RD-108,2026-06-01 09:01:57,
9517,PC-104764,hub_out,RD-108,2026-05-31 09:05:40,
9518,PC-104764,delivered,RD-108,2026-06-01 19:55:22,
9519,PC-104765,hub_out,RD-108,2026-05-31 05:28:36,
9520,PC-104765,delivered,RD-108,2026-06-01 14:39:29,
9521,PC-104766,hub_out,RD-108,2026-05-31 23:54:30,
9522,PC-104766,delivered,RD-108,2026-06-01 16:14:53,
9523,PC-104767,hub_out,RD-108,2026-05-31 11:27:46,
9524,PC-104767,delivered,RD-108,2026-06-01 09:34:38,
9525,PC-104768,hub_out,RD-108,2026-05-30 23:28:59,
9526,PC-104768,delivered,RD-108,2026-06-01 13:50:50,
9527,PC-104769,hub_out,RD-108,2026-05-31 13:22:26,
9528,PC-104769,delivered,RD-108,2026-06-01 18:34:43,
9529,PC-104770,hub_out,RD-108,2026-05-31 09:20:52,
9530,PC-104770,delivered,RD-108,2026-06-01 16:08:06,
9531,PC-104771,hub_out,RD-108,2026-05-31 16:45:42,
9532,PC-104771,delivered,RD-108,2026-06-01 10:03:52,
9533,PC-104772,hub_out,RD-108,2026-05-31 10:35:53,
9534,PC-104772,delivered,RD-108,2026-06-01 16:34:38,
9535,PC-104773,hub_out,RD-108,2026-05-31 08:48:17,
9536,PC-104773,delivered,RD-108,2026-06-01 19:10:21,
9537,PC-104774,hub_out,RD-108,2026-05-31 16:47:52,
9538,PC-104774,delivered,RD-108,2026-06-01 15:56:36,
9539,PC-104775,hub_out,RD-108,2026-05-31 16:56:12,
9540,PC-104775,delivered,RD-108,2026-06-01 17:43:20,
9541,PC-104776,hub_out,RD-108,2026-05-31 12:12:21,
9542,PC-104776,delivered,RD-108,2026-06-01 13:03:14,
9543,PC-104777,hub_out,RD-108,2026-05-31 15:10:39,
9544,PC-104777,delivered,RD-108,2026-06-01 13:24:59,
9545,PC-104778,hub_out,RD-108,2026-05-31 10:54:03,
9546,PC-104778,delivered,RD-108,2026-06-01 19:05:34,
9547,PC-104779,hub_out,RD-108,2026-05-31 20:22:13,
9548,PC-104779,delivered,RD-108,2026-06-01 16:39:05,
9549,PC-104780,hub_out,RD-108,2026-06-01 00:01:50,
9550,PC-104780,delivered,RD-108,2026-06-01 19:05:04,
9551,PC-104781,hub_out,RD-108,2026-05-31 07:05:19,
9552,PC-104781,delivered,RD-108,2026-06-01 18:33:08,
9553,PC-104782,hub_out,RD-108,2026-05-31 09:28:12,
9554,PC-104782,delivered,RD-108,2026-06-01 18:16:55,
9555,PC-104783,hub_out,RD-108,2026-05-31 09:18:02,
9556,PC-104783,delivered,RD-108,2026-06-01 16:03:52,
9557,PC-104784,hub_out,RD-108,2026-05-31 01:26:22,
9558,PC-104784,delivered,RD-108,2026-06-01 18:25:49,
9559,PC-104785,hub_out,RD-108,2026-06-01 02:20:33,
9560,PC-104785,failed_attempt,RD-108,2026-06-01 09:41:04,customer unreachable
9561,PC-104786,hub_out,RD-108,2026-06-01 05:28:02,
9562,PC-104786,delivered,RD-108,2026-06-02 10:35:27,
9563,PC-104787,hub_out,RD-108,2026-06-01 00:32:58,
9564,PC-104787,delivered,RD-108,2026-06-02 15:42:39,
9565,PC-104788,hub_out,RD-108,2026-05-31 22:46:21,
9566,PC-104788,delivered,RD-108,2026-06-02 16:57:41,
9567,PC-104789,hub_out,RD-108,2026-06-01 08:14:55,
9568,PC-104789,delivered,RD-108,2026-06-02 13:20:11,
9569,PC-104790,hub_out,RD-108,2026-06-01 05:48:58,
9570,PC-104790,delivered,RD-108,2026-06-02 15:20:30,
9571,PC-104791,hub_out,RD-108,2026-06-01 16:01:28,
9572,PC-104791,delivered,RD-108,2026-06-02 16:04:30,
9573,PC-104792,hub_out,RD-108,2026-06-01 16:33:45,
9574,PC-104792,delivered,RD-108,2026-06-02 19:54:06,
9575,PC-104793,hub_out,RD-108,2026-06-01 04:36:12,
9576,PC-104793,delivered,RD-108,2026-06-02 10:10:46,
9577,PC-104794,hub_out,RD-108,2026-06-01 02:22:22,
9578,PC-104794,delivered,RD-108,2026-06-02 13:27:54,
9579,PC-104795,hub_out,RD-108,2026-06-01 19:44:00,
9580,PC-104795,delivered,RD-108,2026-06-02 19:27:39,
9581,PC-104796,hub_out,RD-108,2026-06-01 00:16:26,
9582,PC-104796,delivered,RD-108,2026-06-02 17:06:34,
9583,PC-104797,hub_out,RD-108,2026-06-01 05:52:32,
9584,PC-104797,delivered,RD-108,2026-06-02 15:11:58,
9585,PC-104798,hub_out,RD-108,2026-06-01 06:37:34,
9586,PC-104798,delivered,RD-108,2026-06-02 19:55:52,
9587,PC-104799,hub_out,RD-108,2026-06-01 02:53:11,
9588,PC-104799,delivered,RD-108,2026-06-02 10:26:21,
9589,PC-104800,hub_out,RD-108,2026-06-01 12:53:45,
9590,PC-104800,delivered,RD-108,2026-06-02 19:35:34,
9591,PC-104801,hub_out,RD-108,2026-06-01 07:05:47,
9592,PC-104801,delivered,RD-108,2026-06-02 11:54:59,
9593,PC-104802,hub_out,RD-108,2026-06-01 04:12:08,
9594,PC-104802,delivered,RD-108,2026-06-02 16:43:27,
9595,PC-104803,hub_out,RD-108,2026-06-02 07:57:56,
9596,PC-104803,delivered,RD-108,2026-06-02 15:11:17,
9597,PC-104804,hub_out,RD-108,2026-06-01 11:38:53,
9598,PC-104804,delivered,RD-108,2026-06-02 14:36:06,
9599,PC-104805,hub_out,RD-108,2026-06-02 02:07:53,
9600,PC-104805,failed_attempt,RD-108,2026-06-02 13:17:44,shop closed
9601,PC-104806,hub_out,RD-108,2026-06-02 05:41:42,
9602,PC-104806,failed_attempt,RD-108,2026-06-02 10:57:34,customer refused
9603,PC-104807,hub_out,RD-108,2026-06-01 16:36:59,
9604,PC-104807,failed_attempt,RD-108,2026-06-02 09:03:43,customer unreachable
9605,PC-104808,hub_out,RD-108,2026-06-01 18:53:59,
9606,PC-104808,failed_attempt,RD-108,2026-06-02 10:04:50,customer refused
9607,PC-104809,hub_out,RD-108,2026-06-02 14:02:08,
9608,PC-104809,delivered,RD-108,2026-06-03 11:52:54,
9609,PC-104810,hub_out,RD-108,2026-06-02 20:16:37,
9610,PC-104810,delivered,RD-108,2026-06-03 15:34:16,
9611,PC-104811,hub_out,RD-108,2026-06-03 02:29:39,
9612,PC-104811,delivered,RD-108,2026-06-03 19:53:41,
9613,PC-104812,hub_out,RD-108,2026-06-02 23:22:04,
9614,PC-104812,delivered,RD-108,2026-06-03 15:03:45,
9615,PC-104813,hub_out,RD-108,2026-06-02 01:24:43,
9616,PC-104813,delivered,RD-108,2026-06-03 15:50:37,
9617,PC-104814,hub_out,RD-108,2026-06-01 07:04:18,
9618,PC-104814,delivered,RD-108,2026-06-03 09:31:08,
9619,PC-104815,hub_out,RD-108,2026-06-02 05:49:11,
9620,PC-104815,delivered,RD-108,2026-06-03 18:25:23,
9621,PC-104816,hub_out,RD-108,2026-06-02 00:58:52,
9622,PC-104816,delivered,RD-108,2026-06-03 14:42:24,
9623,PC-104817,hub_out,RD-108,2026-06-02 00:42:12,
9624,PC-104817,delivered,RD-108,2026-06-03 11:45:02,
9625,PC-104818,hub_out,RD-108,2026-06-02 20:39:58,
9626,PC-104818,delivered,RD-108,2026-06-03 19:02:04,
9627,PC-104819,hub_out,RD-108,2026-06-02 00:38:11,
9628,PC-104819,delivered,RD-108,2026-06-03 09:23:46,
9629,PC-104820,hub_out,RD-108,2026-06-02 12:22:27,
9630,PC-104820,delivered,RD-108,2026-06-03 12:02:12,
9631,PC-104821,hub_out,RD-108,2026-06-02 01:18:04,
9632,PC-104821,delivered,RD-108,2026-06-03 19:29:15,
9633,PC-104822,hub_out,RD-108,2026-06-02 19:34:31,
9634,PC-104822,delivered,RD-108,2026-06-03 15:02:15,
9635,PC-104823,hub_out,RD-108,2026-06-02 21:41:34,
9636,PC-104823,delivered,RD-108,2026-06-03 13:57:56,
9637,PC-104824,hub_out,RD-108,2026-06-02 07:12:16,
9638,PC-104824,delivered,RD-108,2026-06-03 16:01:23,
9639,PC-104825,hub_out,RD-108,2026-06-02 21:11:09,
9640,PC-104825,delivered,RD-108,2026-06-03 16:56:01,
9641,PC-104826,hub_out,RD-108,2026-06-02 20:09:50,
9642,PC-104826,delivered,RD-108,2026-06-03 13:56:29,
9643,PC-104827,hub_out,RD-108,2026-06-02 10:20:38,
9644,PC-104827,delivered,RD-108,2026-06-03 14:13:07,
9645,PC-104828,hub_out,RD-108,2026-06-02 18:02:53,
9646,PC-104828,delivered,RD-108,2026-06-03 10:45:05,
9647,PC-104829,hub_out,RD-108,2026-06-03 07:50:56,
9648,PC-104829,failed_attempt,RD-108,2026-06-03 15:23:29,shop closed
9649,PC-104830,hub_out,RD-108,2026-06-03 02:08:02,
9650,PC-104830,delivered,RD-108,2026-06-04 10:18:24,
9651,PC-104831,hub_out,RD-108,2026-06-03 20:57:29,
9652,PC-104831,delivered,RD-108,2026-06-04 13:59:51,
9653,PC-104832,hub_out,RD-108,2026-06-03 01:17:46,
9654,PC-104832,delivered,RD-108,2026-06-04 11:29:05,
9655,PC-104833,hub_out,RD-108,2026-06-03 12:03:57,
9656,PC-104833,delivered,RD-108,2026-06-04 17:16:32,
9657,PC-104834,hub_out,RD-108,2026-06-03 06:40:28,
9658,PC-104834,delivered,RD-108,2026-06-04 10:58:07,
9659,PC-104835,hub_out,RD-108,2026-06-03 03:01:49,
9660,PC-104835,delivered,RD-108,2026-06-04 09:16:40,
9661,PC-104836,hub_out,RD-108,2026-06-03 19:01:04,
9662,PC-104836,delivered,RD-108,2026-06-04 19:40:01,
9663,PC-104837,hub_out,RD-108,2026-06-03 04:30:56,
9664,PC-104837,delivered,RD-108,2026-06-04 16:43:21,
9665,PC-104838,hub_out,RD-108,2026-06-03 17:29:07,
9666,PC-104838,delivered,RD-108,2026-06-04 13:59:24,
9667,PC-104839,hub_out,RD-108,2026-06-03 10:20:49,
9668,PC-104839,delivered,RD-108,2026-06-04 18:59:22,
9669,PC-104840,hub_out,RD-108,2026-06-03 15:59:52,
9670,PC-104840,delivered,RD-108,2026-06-04 17:56:27,
9671,PC-104841,hub_out,RD-108,2026-06-02 23:48:45,
9672,PC-104841,delivered,RD-108,2026-06-04 15:11:11,
9673,PC-104842,hub_out,RD-108,2026-06-03 12:52:28,
9674,PC-104842,delivered,RD-108,2026-06-04 19:01:23,
9675,PC-104843,hub_out,RD-108,2026-06-03 10:07:57,
9676,PC-104843,delivered,RD-108,2026-06-04 15:18:22,
9677,PC-104844,hub_out,RD-108,2026-06-03 10:54:03,
9678,PC-104844,delivered,RD-108,2026-06-04 10:02:13,
9679,PC-104845,hub_out,RD-108,2026-06-03 23:52:51,
9680,PC-104845,delivered,RD-108,2026-06-04 17:18:26,
9681,PC-104846,hub_out,RD-108,2026-06-03 02:12:54,
9682,PC-104846,delivered,RD-108,2026-06-04 09:24:34,
9683,PC-104847,hub_out,RD-108,2026-06-03 04:23:08,
9684,PC-104847,delivered,RD-108,2026-06-04 16:39:46,
9685,PC-104848,hub_out,RD-108,2026-06-03 11:34:24,
9686,PC-104848,delivered,RD-108,2026-06-04 16:59:49,
9687,PC-104849,hub_out,RD-108,2026-06-02 22:16:49,
9688,PC-104849,delivered,RD-108,2026-06-04 12:28:19,
9689,PC-104850,hub_out,RD-108,2026-06-03 15:33:55,
9690,PC-104850,failed_attempt,RD-108,2026-06-04 15:41:22,customer unreachable
9691,PC-104851,hub_out,RD-108,2026-06-04 09:01:19,
9692,PC-104851,delivered,RD-108,2026-06-05 15:19:43,
9693,PC-104852,hub_out,RD-108,2026-06-04 10:05:25,
9694,PC-104852,delivered,RD-108,2026-06-05 18:52:34,
9695,PC-104853,hub_out,RD-108,2026-06-04 12:37:58,
9696,PC-104853,delivered,RD-108,2026-06-05 12:07:45,
9697,PC-104854,hub_out,RD-108,2026-06-03 20:45:48,
9698,PC-104854,delivered,RD-108,2026-06-05 09:38:48,
9699,PC-104855,hub_out,RD-108,2026-06-04 16:49:56,
9700,PC-104855,delivered,RD-108,2026-06-05 10:16:50,
9701,PC-104856,hub_out,RD-108,2026-06-04 12:17:41,
9702,PC-104856,delivered,RD-108,2026-06-05 19:39:26,
9703,PC-104857,hub_out,RD-108,2026-06-04 01:34:55,
9704,PC-104857,delivered,RD-108,2026-06-05 13:00:06,
9705,PC-104858,hub_out,RD-108,2026-06-04 12:36:34,
9706,PC-104858,delivered,RD-108,2026-06-05 18:11:59,
9707,PC-104859,hub_out,RD-108,2026-06-04 05:01:42,
9708,PC-104859,delivered,RD-108,2026-06-05 09:40:32,
9709,PC-104860,hub_out,RD-108,2026-06-04 14:44:19,
9710,PC-104860,delivered,RD-108,2026-06-05 15:41:25,
9711,PC-104861,hub_out,RD-108,2026-06-04 21:36:44,
9712,PC-104861,delivered,RD-108,2026-06-05 19:38:59,
9713,PC-104862,hub_out,RD-108,2026-06-04 08:52:55,
9714,PC-104862,delivered,RD-108,2026-06-05 18:03:34,
9715,PC-104863,hub_out,RD-108,2026-06-04 15:43:01,
9716,PC-104863,delivered,RD-108,2026-06-05 17:52:07,
9717,PC-104864,hub_out,RD-108,2026-06-04 07:59:55,
9718,PC-104864,delivered,RD-108,2026-06-05 19:05:56,
9719,PC-104865,hub_out,RD-108,2026-06-05 03:50:03,
9720,PC-104865,delivered,RD-108,2026-06-05 17:56:13,
9721,PC-104866,hub_out,RD-108,2026-06-04 12:51:38,
9722,PC-104866,delivered,RD-108,2026-06-05 13:46:20,
9723,PC-104867,hub_out,RD-108,2026-06-05 00:04:39,
9724,PC-104867,delivered,RD-108,2026-06-05 17:55:07,
9725,PC-104868,hub_out,RD-108,2026-06-04 13:47:38,
9726,PC-104868,delivered,RD-108,2026-06-05 15:40:40,
9727,PC-104869,hub_out,RD-108,2026-06-04 23:06:22,
9728,PC-104869,failed_attempt,RD-108,2026-06-05 16:19:51,cod not ready
9729,PC-104870,hub_out,RD-108,2026-06-05 13:50:50,
9730,PC-104870,delivered,RD-108,2026-06-06 11:02:45,
9731,PC-104871,hub_out,RD-108,2026-06-05 13:29:26,
9732,PC-104871,delivered,RD-108,2026-06-06 18:56:35,
9733,PC-104872,hub_out,RD-108,2026-06-05 15:07:21,
9734,PC-104872,delivered,RD-108,2026-06-06 10:27:05,
9735,PC-104873,hub_out,RD-108,2026-06-05 15:38:36,
9736,PC-104873,delivered,RD-108,2026-06-06 13:37:17,
9737,PC-104874,hub_out,RD-108,2026-06-06 09:39:27,
9738,PC-104874,delivered,RD-108,2026-06-06 19:50:17,
9739,PC-104875,hub_out,RD-108,2026-06-04 22:04:48,
9740,PC-104875,delivered,RD-108,2026-06-06 10:14:57,
9741,PC-104876,hub_out,RD-108,2026-06-05 23:09:14,
9742,PC-104876,delivered,RD-108,2026-06-06 16:09:06,
9743,PC-104877,hub_out,RD-108,2026-06-06 02:51:50,
9744,PC-104877,delivered,RD-108,2026-06-06 15:02:11,
9745,PC-104878,hub_out,RD-108,2026-06-05 17:44:52,
9746,PC-104878,delivered,RD-108,2026-06-06 13:43:45,
9747,PC-104879,hub_out,RD-108,2026-06-04 16:41:22,
9748,PC-104879,delivered,RD-108,2026-06-06 12:01:48,
9749,PC-104880,hub_out,RD-108,2026-06-05 11:04:23,
9750,PC-104880,delivered,RD-108,2026-06-06 16:20:24,
9751,PC-104881,hub_out,RD-108,2026-06-05 13:00:02,
9752,PC-104881,delivered,RD-108,2026-06-06 10:24:16,
9753,PC-104882,hub_out,RD-108,2026-06-05 11:49:44,
9754,PC-104882,delivered,RD-108,2026-06-06 12:07:21,
9755,PC-104883,hub_out,RD-108,2026-06-04 23:54:54,
9756,PC-104883,delivered,RD-108,2026-06-06 16:23:18,
9757,PC-104884,hub_out,RD-108,2026-06-05 23:07:54,
9758,PC-104884,delivered,RD-108,2026-06-06 09:33:07,
9759,PC-104885,hub_out,RD-108,2026-06-04 21:47:51,
9760,PC-104885,delivered,RD-108,2026-06-06 09:27:04,
9761,PC-104886,hub_out,RD-108,2026-06-05 06:16:10,
9762,PC-104886,delivered,RD-108,2026-06-06 18:32:53,
9763,PC-104887,hub_out,RD-108,2026-06-04 21:37:00,
9764,PC-104887,delivered,RD-108,2026-06-06 10:00:00,
9765,PC-104888,hub_out,RD-108,2026-06-05 03:42:11,
9766,PC-104888,delivered,RD-108,2026-06-06 16:11:47,
9767,PC-104889,hub_out,RD-108,2026-06-05 14:02:50,
9768,PC-104889,failed_attempt,RD-108,2026-06-06 13:00:55,shop closed
9769,PC-104890,hub_out,RD-108,2026-06-06 12:08:02,
9770,PC-104890,delivered,RD-108,2026-06-07 19:15:38,
9771,PC-104891,hub_out,RD-108,2026-06-06 01:54:58,
9772,PC-104891,delivered,RD-108,2026-06-07 17:00:31,
9773,PC-104892,hub_out,RD-108,2026-06-06 04:36:48,
9774,PC-104892,delivered,RD-108,2026-06-07 18:35:51,
9775,PC-104893,hub_out,RD-108,2026-06-06 05:42:29,
9776,PC-104893,delivered,RD-108,2026-06-07 17:16:49,
9777,PC-104894,hub_out,RD-108,2026-06-06 17:59:45,
9778,PC-104894,delivered,RD-108,2026-06-07 18:47:22,
9779,PC-104895,hub_out,RD-108,2026-06-06 12:58:51,
9780,PC-104895,delivered,RD-108,2026-06-07 09:46:14,
9781,PC-104896,hub_out,RD-108,2026-06-06 17:14:19,
9782,PC-104896,delivered,RD-108,2026-06-07 17:41:17,
9783,PC-104897,hub_out,RD-108,2026-06-06 06:13:52,
9784,PC-104897,delivered,RD-108,2026-06-07 11:32:55,
9785,PC-104898,hub_out,RD-108,2026-06-06 19:48:22,
9786,PC-104898,delivered,RD-108,2026-06-07 11:06:02,
9787,PC-104899,hub_out,RD-108,2026-06-06 22:14:12,
9788,PC-104899,delivered,RD-108,2026-06-07 17:52:03,
9789,PC-104900,hub_out,RD-108,2026-06-06 00:09:43,
9790,PC-104900,delivered,RD-108,2026-06-07 10:00:19,
9791,PC-104901,hub_out,RD-108,2026-06-06 04:03:25,
9792,PC-104901,delivered,RD-108,2026-06-07 11:03:02,
9793,PC-104902,hub_out,RD-108,2026-06-06 04:25:47,
9794,PC-104902,delivered,RD-108,2026-06-07 09:23:39,
9795,PC-104903,hub_out,RD-108,2026-06-05 23:01:04,
9796,PC-104903,delivered,RD-108,2026-06-07 15:50:34,
9797,PC-104904,hub_out,RD-108,2026-06-06 12:18:43,
9798,PC-104904,delivered,RD-108,2026-06-07 11:39:54,
9799,PC-104905,hub_out,RD-108,2026-06-06 14:53:10,
9800,PC-104905,delivered,RD-108,2026-06-07 19:01:48,
9801,PC-104906,hub_out,RD-108,2026-06-06 16:40:34,
9802,PC-104906,delivered,RD-108,2026-06-07 17:57:41,
9803,PC-104907,hub_out,RD-108,2026-06-06 08:26:47,
9804,PC-104907,delivered,RD-108,2026-06-07 09:11:28,
9805,PC-104908,hub_out,RD-108,2026-06-07 00:15:07,
9806,PC-104908,delivered,RD-108,2026-06-07 16:35:49,
9807,PC-104909,hub_out,RD-108,2026-06-06 00:01:38,
9808,PC-104909,delivered,RD-108,2026-06-07 10:41:14,
9809,PC-104910,hub_out,RD-108,2026-06-06 05:36:31,
9810,PC-104910,delivered,RD-108,2026-06-07 13:19:19,
9811,PC-104911,hub_out,RD-108,2026-06-07 11:49:53,
9812,PC-104911,failed_attempt,RD-108,2026-06-07 17:10:49,address not found
9813,PC-104912,hub_out,RD-108,2026-06-06 10:13:43,
9814,PC-104912,failed_attempt,RD-108,2026-06-07 09:17:19,cod not ready
9815,PC-104913,hub_out,RD-108,2026-06-06 19:41:43,
9816,PC-104913,failed_attempt,RD-108,2026-06-07 15:35:55,customer unreachable
9817,PC-104914,hub_out,RD-108,2026-06-07 21:37:29,
9818,PC-104914,delivered,RD-108,2026-06-08 13:53:51,
9819,PC-104915,hub_out,RD-108,2026-06-07 09:27:19,
9820,PC-104915,delivered,RD-108,2026-06-08 13:55:08,
9821,PC-104916,hub_out,RD-108,2026-06-07 12:27:10,
9822,PC-104916,delivered,RD-108,2026-06-08 17:00:05,
9823,PC-104917,hub_out,RD-108,2026-06-07 22:45:45,
9824,PC-104917,delivered,RD-108,2026-06-08 16:12:04,
9825,PC-104918,hub_out,RD-108,2026-06-06 13:45:45,
9826,PC-104918,delivered,RD-108,2026-06-08 16:17:14,
9827,PC-104919,hub_out,RD-108,2026-06-07 07:42:00,
9828,PC-104919,delivered,RD-108,2026-06-08 19:26:40,
9829,PC-104920,hub_out,RD-108,2026-06-08 04:57:06,
9830,PC-104920,delivered,RD-108,2026-06-08 17:22:54,
9831,PC-104921,hub_out,RD-108,2026-06-07 18:31:10,
9832,PC-104921,delivered,RD-108,2026-06-08 19:38:03,
9833,PC-104922,hub_out,RD-108,2026-06-07 15:21:54,
9834,PC-104922,delivered,RD-108,2026-06-08 15:48:15,
9835,PC-104923,hub_out,RD-108,2026-06-07 10:44:40,
9836,PC-104923,delivered,RD-108,2026-06-08 10:41:50,
9837,PC-104924,hub_out,RD-108,2026-06-08 04:29:00,
9838,PC-104924,delivered,RD-108,2026-06-08 13:21:49,
9839,PC-104925,hub_out,RD-108,2026-06-07 22:32:16,
9840,PC-104925,delivered,RD-108,2026-06-08 14:20:52,
9841,PC-104926,hub_out,RD-108,2026-06-08 02:20:47,
9842,PC-104926,delivered,RD-108,2026-06-08 17:26:42,
9843,PC-104927,hub_out,RD-108,2026-06-07 11:34:34,
9844,PC-104927,delivered,RD-108,2026-06-08 09:28:45,
9845,PC-104928,hub_out,RD-108,2026-06-07 07:40:56,
9846,PC-104928,delivered,RD-108,2026-06-08 09:35:08,
9847,PC-104929,hub_out,RD-108,2026-06-07 15:04:25,
9848,PC-104929,delivered,RD-108,2026-06-08 12:59:17,
9849,PC-104930,hub_out,RD-108,2026-06-08 01:19:50,
9850,PC-104930,delivered,RD-108,2026-06-08 15:47:26,
9851,PC-104931,hub_out,RD-108,2026-06-07 15:19:25,
9852,PC-104931,delivered,RD-108,2026-06-08 12:44:51,
9853,PC-104932,hub_out,RD-108,2026-06-07 06:44:36,
9854,PC-104932,delivered,RD-108,2026-06-08 13:21:34,
9855,PC-104933,hub_out,RD-108,2026-06-07 15:09:01,
9856,PC-104933,delivered,RD-108,2026-06-08 18:54:23,
9857,PC-104934,hub_out,RD-108,2026-06-07 14:56:05,
9858,PC-104934,delivered,RD-108,2026-06-08 12:18:44,
9859,PC-104935,hub_out,RD-108,2026-06-07 22:32:08,
9860,PC-104935,failed_attempt,RD-108,2026-06-08 17:17:16,address not found
9861,PC-104936,hub_out,RD-108,2026-06-08 02:20:34,
9862,PC-104936,failed_attempt,RD-108,2026-06-08 11:35:32,customer refused
9863,PC-104937,hub_out,RD-108,2026-06-07 21:05:53,
9864,PC-104937,failed_attempt,RD-108,2026-06-08 14:21:51,customer refused
9865,PC-104938,hub_out,RD-108,2026-06-08 14:41:47,
9866,PC-104938,delivered,RD-108,2026-06-09 16:15:52,
9867,PC-104939,hub_out,RD-108,2026-06-08 03:56:36,
9868,PC-104939,delivered,RD-108,2026-06-09 12:11:33,
9869,PC-104940,hub_out,RD-108,2026-06-08 01:04:51,
9870,PC-104940,delivered,RD-108,2026-06-09 10:53:18,
9871,PC-104941,hub_out,RD-108,2026-06-08 16:52:25,
9872,PC-104941,delivered,RD-108,2026-06-09 17:05:08,
9873,PC-104942,hub_out,RD-108,2026-06-08 22:38:42,
9874,PC-104942,delivered,RD-108,2026-06-09 12:36:29,
9875,PC-104943,hub_out,RD-108,2026-06-08 15:37:54,
9876,PC-104943,delivered,RD-108,2026-06-09 19:49:43,
9877,PC-104944,hub_out,RD-108,2026-06-08 00:57:30,
9878,PC-104944,delivered,RD-108,2026-06-09 14:15:19,
9879,PC-104945,hub_out,RD-108,2026-06-08 05:38:06,
9880,PC-104945,delivered,RD-108,2026-06-09 12:27:19,
9881,PC-104946,hub_out,RD-108,2026-06-08 15:33:34,
9882,PC-104946,delivered,RD-108,2026-06-09 19:42:09,
9883,PC-104947,hub_out,RD-108,2026-06-08 10:59:14,
9884,PC-104947,delivered,RD-108,2026-06-09 09:27:58,
9885,PC-104948,hub_out,RD-108,2026-06-08 20:34:55,
9886,PC-104948,delivered,RD-108,2026-06-09 18:56:35,
9887,PC-104949,hub_out,RD-108,2026-06-09 00:49:09,
9888,PC-104949,delivered,RD-108,2026-06-09 18:29:10,
9889,PC-104950,hub_out,RD-108,2026-06-08 09:56:58,
9890,PC-104950,delivered,RD-108,2026-06-09 16:40:15,
9891,PC-104951,hub_out,RD-108,2026-06-08 07:51:09,
9892,PC-104951,delivered,RD-108,2026-06-09 13:59:50,
9893,PC-104952,hub_out,RD-108,2026-06-08 02:37:42,
9894,PC-104952,delivered,RD-108,2026-06-09 15:29:44,
9895,PC-104953,hub_out,RD-108,2026-06-08 12:32:34,
9896,PC-104953,delivered,RD-108,2026-06-09 11:32:38,
9897,PC-104954,hub_out,RD-108,2026-06-08 07:30:29,
9898,PC-104954,delivered,RD-108,2026-06-09 11:51:03,
9899,PC-104955,hub_out,RD-108,2026-06-08 13:54:12,
9900,PC-104955,delivered,RD-108,2026-06-09 10:49:05,
9901,PC-104956,hub_out,RD-108,2026-06-08 19:48:48,
9902,PC-104956,delivered,RD-108,2026-06-09 19:53:43,
9903,PC-104957,hub_out,RD-108,2026-06-08 13:07:41,
9904,PC-104957,delivered,RD-108,2026-06-09 12:04:13,
9905,PC-104958,hub_out,RD-108,2026-06-08 08:04:42,
9906,PC-104958,delivered,RD-108,2026-06-09 15:59:51,
9907,PC-104959,hub_out,RD-108,2026-06-09 12:25:29,
9908,PC-104959,failed_attempt,RD-108,2026-06-09 15:49:18,customer unreachable
9909,PC-104960,hub_out,RD-108,2026-06-08 14:04:21,
9910,PC-104960,failed_attempt,RD-108,2026-06-09 13:52:09,customer refused
9911,PC-104961,hub_out,RD-108,2026-06-08 13:02:06,
9912,PC-104961,failed_attempt,RD-108,2026-06-09 10:10:14,shop closed
9913,PC-104962,hub_out,RD-108,2026-06-08 20:16:48,
9914,PC-104962,failed_attempt,RD-108,2026-06-09 09:32:24,cod not ready
9915,PC-104963,hub_out,RD-108,2026-06-09 05:39:15,
9916,PC-104963,delivered,RD-108,2026-06-10 18:35:15,
9917,PC-104964,hub_out,RD-108,2026-06-09 02:18:56,
9918,PC-104964,delivered,RD-108,2026-06-10 14:37:12,
9919,PC-104965,hub_out,RD-108,2026-06-09 17:23:24,
9920,PC-104965,delivered,RD-108,2026-06-10 14:05:43,
9921,PC-104966,hub_out,RD-108,2026-06-09 17:33:43,
9922,PC-104966,delivered,RD-108,2026-06-10 19:11:42,
9923,PC-104967,hub_out,RD-108,2026-06-09 05:05:05,
9924,PC-104967,delivered,RD-108,2026-06-10 14:58:33,
9925,PC-104968,hub_out,RD-108,2026-06-09 12:06:26,
9926,PC-104968,delivered,RD-108,2026-06-10 09:22:42,
9927,PC-104969,hub_out,RD-108,2026-06-09 14:35:42,
9928,PC-104969,delivered,RD-108,2026-06-10 13:52:47,
9929,PC-104970,hub_out,RD-108,2026-06-09 12:16:40,
9930,PC-104970,delivered,RD-108,2026-06-10 10:32:24,
9931,PC-104971,hub_out,RD-108,2026-06-09 04:16:52,
9932,PC-104971,delivered,RD-108,2026-06-10 09:10:31,
9933,PC-104972,hub_out,RD-108,2026-06-09 14:33:49,
9934,PC-104972,delivered,RD-108,2026-06-10 17:18:49,
9935,PC-104973,hub_out,RD-108,2026-06-09 15:17:26,
9936,PC-104973,delivered,RD-108,2026-06-10 17:09:15,
9937,PC-104974,hub_out,RD-108,2026-06-09 11:20:26,
9938,PC-104974,delivered,RD-108,2026-06-10 18:40:42,
9939,PC-104975,hub_out,RD-108,2026-06-09 00:34:28,
9940,PC-104975,delivered,RD-108,2026-06-10 12:06:10,
9941,PC-104976,hub_out,RD-108,2026-06-09 08:13:22,
9942,PC-104976,delivered,RD-108,2026-06-10 15:33:28,
9943,PC-104977,hub_out,RD-108,2026-06-10 01:30:02,
9944,PC-104977,delivered,RD-108,2026-06-10 19:58:54,
9945,PC-104978,hub_out,RD-108,2026-06-08 23:37:07,
9946,PC-104978,delivered,RD-108,2026-06-10 12:43:34,
9947,PC-104979,hub_out,RD-108,2026-06-10 10:29:08,
9948,PC-104979,failed_attempt,RD-108,2026-06-10 17:50:37,shop closed
9949,PC-104980,hub_out,RD-108,2026-06-09 23:36:31,
9950,PC-104980,failed_attempt,RD-108,2026-06-10 09:28:01,cod not ready
9951,PC-104981,hub_out,RD-108,2026-06-12 13:18:07,
9952,PC-104981,delivered,RD-108,2026-06-13 12:29:22,
9953,PC-104982,hub_out,RD-108,2026-06-12 06:09:33,
9954,PC-104982,delivered,RD-108,2026-06-13 11:38:03,
9955,PC-104983,hub_out,RD-108,2026-06-12 07:09:17,
9956,PC-104983,delivered,RD-108,2026-06-13 14:33:36,
9957,PC-104984,hub_out,RD-108,2026-06-12 10:47:03,
9958,PC-104984,delivered,RD-108,2026-06-13 19:22:40,
9959,PC-104985,hub_out,RD-108,2026-06-12 18:41:47,
9960,PC-104985,delivered,RD-108,2026-06-13 15:35:48,
9961,PC-104986,hub_out,RD-108,2026-06-12 12:11:42,
9962,PC-104986,delivered,RD-108,2026-06-13 11:26:09,
9963,PC-104987,hub_out,RD-108,2026-06-11 20:24:45,
9964,PC-104987,delivered,RD-108,2026-06-13 11:40:34,
9965,PC-104988,hub_out,RD-108,2026-06-12 21:10:54,
9966,PC-104988,delivered,RD-108,2026-06-13 18:21:12,
9967,PC-104989,hub_out,RD-108,2026-06-13 08:35:17,
9968,PC-104989,delivered,RD-108,2026-06-13 19:47:48,
9969,PC-104990,hub_out,RD-108,2026-06-12 18:26:07,
9970,PC-104990,delivered,RD-108,2026-06-13 17:40:02,
9971,PC-104991,hub_out,RD-108,2026-06-11 22:11:21,
9972,PC-104991,delivered,RD-108,2026-06-13 09:29:46,
9973,PC-104992,hub_out,RD-108,2026-06-12 21:28:29,
9974,PC-104992,delivered,RD-108,2026-06-13 18:08:18,
9975,PC-104993,hub_out,RD-108,2026-06-12 10:25:48,
9976,PC-104993,delivered,RD-108,2026-06-13 11:26:44,
9977,PC-104994,hub_out,RD-108,2026-06-12 02:01:45,
9978,PC-104994,delivered,RD-108,2026-06-13 12:09:02,
9979,PC-104995,hub_out,RD-108,2026-06-12 18:43:52,
9980,PC-104995,delivered,RD-108,2026-06-13 12:43:38,
9981,PC-104996,hub_out,RD-108,2026-06-13 06:46:01,
9982,PC-104996,failed_attempt,RD-108,2026-06-13 12:28:54,cod not ready
9983,PC-104997,hub_out,RD-108,2026-06-13 10:32:21,
9984,PC-104997,delivered,RD-108,2026-06-14 13:25:57,
9985,PC-104998,hub_out,RD-108,2026-06-13 07:31:51,
9986,PC-104998,delivered,RD-108,2026-06-14 14:12:19,
9987,PC-104999,hub_out,RD-108,2026-06-13 05:25:24,
9988,PC-104999,delivered,RD-108,2026-06-14 12:15:39,
9989,PC-105000,hub_out,RD-108,2026-06-12 19:37:52,
9990,PC-105000,delivered,RD-108,2026-06-14 11:45:34,
9991,PC-105001,hub_out,RD-108,2026-06-13 17:19:55,
9992,PC-105001,delivered,RD-108,2026-06-14 19:57:01,
9993,PC-105002,hub_out,RD-108,2026-06-12 20:18:46,
9994,PC-105002,delivered,RD-108,2026-06-14 14:56:18,
9995,PC-105003,hub_out,RD-108,2026-06-13 09:53:33,
9996,PC-105003,delivered,RD-108,2026-06-14 13:04:26,
9997,PC-105004,hub_out,RD-108,2026-06-12 16:44:05,
9998,PC-105004,delivered,RD-108,2026-06-14 09:57:37,
9999,PC-105005,hub_out,RD-108,2026-06-13 06:18:23,
10000,PC-105005,delivered,RD-108,2026-06-14 10:04:49,
10001,PC-105006,hub_out,RD-108,2026-06-13 08:23:37,
10002,PC-105006,delivered,RD-108,2026-06-14 18:12:59,
10003,PC-105007,hub_out,RD-108,2026-06-13 10:40:30,
10004,PC-105007,delivered,RD-108,2026-06-14 09:54:33,
10005,PC-105008,hub_out,RD-108,2026-06-13 12:31:05,
10006,PC-105008,delivered,RD-108,2026-06-14 19:45:40,
10007,PC-105009,hub_out,RD-108,2026-06-13 01:33:42,
10008,PC-105009,delivered,RD-108,2026-06-14 11:21:35,
10009,PC-105010,hub_out,RD-108,2026-06-13 04:50:00,
10010,PC-105010,delivered,RD-108,2026-06-14 09:24:30,
10011,PC-105011,hub_out,RD-108,2026-06-13 03:18:13,
10012,PC-105011,delivered,RD-108,2026-06-14 09:17:35,
10013,PC-105012,hub_out,RD-108,2026-06-13 00:37:41,
10014,PC-105012,delivered,RD-108,2026-06-14 09:24:45,
10015,PC-105013,hub_out,RD-108,2026-06-13 11:43:04,
10016,PC-105013,delivered,RD-108,2026-06-14 09:09:32,
10017,PC-105014,hub_out,RD-108,2026-06-13 12:21:37,
10018,PC-105014,delivered,RD-108,2026-06-14 15:46:59,
10019,PC-105015,hub_out,RD-108,2026-06-13 07:38:16,
10020,PC-105015,delivered,RD-108,2026-06-14 16:31:12,
10021,PC-105016,hub_out,RD-108,2026-06-13 08:48:30,
10022,PC-105016,delivered,RD-108,2026-06-14 12:57:30,
10023,PC-105017,hub_out,RD-108,2026-06-13 10:13:44,
10024,PC-105017,delivered,RD-108,2026-06-14 14:26:12,
10025,PC-105018,hub_out,RD-108,2026-06-13 13:53:55,
10026,PC-105018,failed_attempt,RD-108,2026-06-14 13:20:28,customer unreachable
10027,PC-105019,hub_out,RD-108,2026-06-15 07:54:29,
10028,PC-105019,delivered,RD-108,2026-06-16 17:38:25,
10029,PC-105020,hub_out,RD-108,2026-06-15 15:22:50,
10030,PC-105020,delivered,RD-108,2026-06-16 13:01:26,
10031,PC-105021,hub_out,RD-108,2026-06-15 07:23:19,
10032,PC-105021,delivered,RD-108,2026-06-16 19:04:21,
10033,PC-105022,hub_out,RD-108,2026-06-15 06:06:51,
10034,PC-105022,delivered,RD-108,2026-06-16 10:14:02,
10035,PC-105023,hub_out,RD-108,2026-06-15 11:01:13,
10036,PC-105023,delivered,RD-108,2026-06-16 16:56:07,
10037,PC-105024,hub_out,RD-108,2026-06-15 09:14:08,
10038,PC-105024,delivered,RD-108,2026-06-16 13:55:54,
10039,PC-105025,hub_out,RD-108,2026-06-16 01:08:55,
10040,PC-105025,delivered,RD-108,2026-06-16 15:07:22,
10041,PC-105026,hub_out,RD-108,2026-06-15 05:14:22,
10042,PC-105026,delivered,RD-108,2026-06-16 10:51:37,
10043,PC-105027,hub_out,RD-108,2026-06-15 09:37:29,
10044,PC-105027,delivered,RD-108,2026-06-16 10:07:46,
10045,PC-105028,hub_out,RD-108,2026-06-15 08:08:03,
10046,PC-105028,delivered,RD-108,2026-06-16 14:13:09,
10047,PC-105029,hub_out,RD-108,2026-06-15 05:34:28,
10048,PC-105029,delivered,RD-108,2026-06-16 10:32:34,
10049,PC-105030,hub_out,RD-108,2026-06-15 02:06:26,
10050,PC-105030,delivered,RD-108,2026-06-16 16:52:58,
10051,PC-105031,hub_out,RD-108,2026-06-15 23:24:57,
10052,PC-105031,delivered,RD-108,2026-06-16 16:39:48,
10053,PC-105032,hub_out,RD-108,2026-06-15 02:39:10,
10054,PC-105032,delivered,RD-108,2026-06-16 12:26:57,
10055,PC-105033,hub_out,RD-108,2026-06-15 10:17:53,
10056,PC-105033,delivered,RD-108,2026-06-16 12:25:31,
10057,PC-105034,hub_out,RD-108,2026-06-15 02:19:30,
10058,PC-105034,delivered,RD-108,2026-06-16 12:19:20,
10059,PC-105035,hub_out,RD-108,2026-06-15 07:48:44,
10060,PC-105035,delivered,RD-108,2026-06-16 18:13:09,
10061,PC-105036,hub_out,RD-108,2026-06-15 18:00:27,
10062,PC-105036,delivered,RD-108,2026-06-16 10:28:29,
10063,PC-105037,hub_out,RD-108,2026-06-15 07:31:33,
10064,PC-105037,delivered,RD-108,2026-06-16 13:12:22,
10065,PC-105038,hub_out,RD-108,2026-06-15 15:30:21,
10066,PC-105038,delivered,RD-108,2026-06-16 11:49:22,
10067,PC-105039,hub_out,RD-108,2026-06-16 04:00:17,
10068,PC-105039,delivered,RD-108,2026-06-16 19:03:28,
10069,PC-105040,hub_out,RD-108,2026-06-15 21:06:31,
10070,PC-105040,failed_attempt,RD-108,2026-06-16 10:22:07,address not found
10071,PC-105041,hub_out,RD-108,2026-06-16 06:15:31,
10072,PC-105041,failed_attempt,RD-108,2026-06-16 16:26:38,shop closed
10073,PC-105042,hub_out,RD-108,2026-06-15 15:58:55,
10074,PC-105042,failed_attempt,RD-108,2026-06-16 15:54:38,address not found
10075,PC-105043,hub_out,RD-108,2026-06-15 16:47:19,
10076,PC-105043,failed_attempt,RD-108,2026-06-16 16:11:15,cod not ready
10077,PC-105044,hub_out,RD-108,2026-06-16 04:06:58,
10078,PC-105044,delivered,RD-108,2026-06-17 11:15:18,
10079,PC-105045,hub_out,RD-108,2026-06-16 04:42:05,
10080,PC-105045,delivered,RD-108,2026-06-17 14:15:51,
10081,PC-105046,hub_out,RD-108,2026-06-16 17:18:03,
10082,PC-105046,delivered,RD-108,2026-06-17 10:07:27,
10083,PC-105047,hub_out,RD-108,2026-06-15 19:21:18,
10084,PC-105047,delivered,RD-108,2026-06-17 11:25:19,
10085,PC-105048,hub_out,RD-108,2026-06-15 13:48:37,
10086,PC-105048,delivered,RD-108,2026-06-17 16:55:48,
10087,PC-105049,hub_out,RD-108,2026-06-16 09:57:25,
10088,PC-105049,delivered,RD-108,2026-06-17 19:59:49,
10089,PC-105050,hub_out,RD-108,2026-06-16 12:10:55,
10090,PC-105050,delivered,RD-108,2026-06-17 12:38:10,
10091,PC-105051,hub_out,RD-108,2026-06-16 06:36:53,
10092,PC-105051,delivered,RD-108,2026-06-17 14:50:49,
10093,PC-105052,hub_out,RD-108,2026-06-16 18:54:03,
10094,PC-105052,delivered,RD-108,2026-06-17 19:01:00,
10095,PC-105053,hub_out,RD-108,2026-06-16 12:52:01,
10096,PC-105053,delivered,RD-108,2026-06-17 19:00:41,
10097,PC-105054,hub_out,RD-108,2026-06-16 00:50:47,
10098,PC-105054,delivered,RD-108,2026-06-17 13:25:39,
10099,PC-105055,hub_out,RD-108,2026-06-16 06:04:00,
10100,PC-105055,delivered,RD-108,2026-06-17 12:11:27,
10101,PC-105056,hub_out,RD-108,2026-06-16 16:31:43,
10102,PC-105056,delivered,RD-108,2026-06-17 16:27:41,
10103,PC-105057,hub_out,RD-108,2026-06-16 10:59:06,
10104,PC-105057,delivered,RD-108,2026-06-17 13:06:26,
10105,PC-105058,hub_out,RD-108,2026-06-16 00:44:09,
10106,PC-105058,delivered,RD-108,2026-06-17 12:36:40,
10107,PC-105059,hub_out,RD-108,2026-06-16 06:40:25,
10108,PC-105059,delivered,RD-108,2026-06-17 17:47:15,
10109,PC-105060,hub_out,RD-108,2026-06-16 13:37:32,
10110,PC-105060,delivered,RD-108,2026-06-17 12:45:19,
10111,PC-105061,hub_out,RD-108,2026-06-16 18:51:49,
10112,PC-105061,delivered,RD-108,2026-06-17 15:50:12,
10113,PC-105062,hub_out,RD-108,2026-06-17 01:50:18,
10114,PC-105062,delivered,RD-108,2026-06-17 19:47:51,
10115,PC-105063,hub_out,RD-108,2026-06-16 12:16:34,
10116,PC-105063,delivered,RD-108,2026-06-17 10:50:56,
10117,PC-105064,hub_out,RD-108,2026-06-17 08:42:14,
10118,PC-105064,failed_attempt,RD-108,2026-06-17 15:04:46,cod not ready
10119,PC-105065,hub_out,RD-108,2026-06-17 13:39:01,
10120,PC-105065,failed_attempt,RD-108,2026-06-17 17:35:59,customer refused
10121,PC-105066,hub_out,RD-108,2026-06-16 22:37:01,
10122,PC-105066,failed_attempt,RD-108,2026-06-17 19:19:47,customer unreachable
10123,PC-105067,hub_out,RD-108,2026-06-16 13:41:32,
10124,PC-105067,failed_attempt,RD-108,2026-06-17 14:39:38,cod not ready
10125,PC-105068,hub_out,RD-108,2026-06-17 16:31:33,
10126,PC-105068,delivered,RD-108,2026-06-18 10:34:13,
10127,PC-105069,hub_out,RD-108,2026-06-17 17:33:03,
10128,PC-105069,delivered,RD-108,2026-06-18 09:18:05,
10129,PC-105070,hub_out,RD-108,2026-06-17 14:58:47,
10130,PC-105070,delivered,RD-108,2026-06-18 19:57:02,
10131,PC-105071,hub_out,RD-108,2026-06-16 15:18:57,
10132,PC-105071,delivered,RD-108,2026-06-18 10:07:59,
10133,PC-105072,hub_out,RD-108,2026-06-17 10:37:35,
10134,PC-105072,delivered,RD-108,2026-06-18 10:33:10,
10135,PC-105073,hub_out,RD-108,2026-06-17 19:22:40,
10136,PC-105073,delivered,RD-108,2026-06-18 14:28:17,
10137,PC-105074,hub_out,RD-108,2026-06-16 23:10:31,
10138,PC-105074,delivered,RD-108,2026-06-18 09:48:33,
10139,PC-105075,hub_out,RD-108,2026-06-17 08:50:59,
10140,PC-105075,delivered,RD-108,2026-06-18 11:31:15,
10141,PC-105076,hub_out,RD-108,2026-06-17 15:28:53,
10142,PC-105076,delivered,RD-108,2026-06-18 17:41:14,
10143,PC-105077,hub_out,RD-108,2026-06-16 20:42:06,
10144,PC-105077,delivered,RD-108,2026-06-18 10:57:32,
10145,PC-105078,hub_out,RD-108,2026-06-17 05:57:03,
10146,PC-105078,delivered,RD-108,2026-06-18 14:10:10,
10147,PC-105079,hub_out,RD-108,2026-06-18 03:04:59,
10148,PC-105079,delivered,RD-108,2026-06-18 11:57:18,
10149,PC-105080,hub_out,RD-108,2026-06-17 10:11:02,
10150,PC-105080,delivered,RD-108,2026-06-18 19:29:52,
10151,PC-105081,hub_out,RD-108,2026-06-17 05:52:08,
10152,PC-105081,delivered,RD-108,2026-06-18 16:19:37,
10153,PC-105082,hub_out,RD-108,2026-06-17 16:04:59,
10154,PC-105082,delivered,RD-108,2026-06-18 17:18:54,
10155,PC-105083,hub_out,RD-108,2026-06-17 15:03:10,
10156,PC-105083,delivered,RD-108,2026-06-18 14:54:53,
10157,PC-105084,hub_out,RD-108,2026-06-17 22:16:13,
10158,PC-105084,delivered,RD-108,2026-06-18 18:36:18,
10159,PC-105085,hub_out,RD-108,2026-06-17 17:59:44,
10160,PC-105085,delivered,RD-108,2026-06-18 19:36:12,
10161,PC-105086,hub_out,RD-108,2026-06-16 22:20:58,
10162,PC-105086,delivered,RD-108,2026-06-18 17:49:25,
10163,PC-105087,hub_out,RD-108,2026-06-18 01:40:25,
10164,PC-105087,failed_attempt,RD-108,2026-06-18 16:52:17,customer refused
10165,PC-105088,hub_out,RD-108,2026-06-17 16:21:20,
10166,PC-105088,failed_attempt,RD-108,2026-06-18 13:27:01,customer refused
10167,PC-105089,hub_out,RD-108,2026-06-18 11:43:59,
10168,PC-105089,failed_attempt,RD-108,2026-06-18 16:49:48,customer unreachable
10169,PC-105090,hub_out,RD-108,2026-06-18 10:08:19,
10170,PC-105090,delivered,RD-108,2026-06-19 16:05:42,
10171,PC-105091,hub_out,RD-108,2026-06-18 13:43:04,
10172,PC-105091,delivered,RD-108,2026-06-19 10:32:16,
10173,PC-105092,hub_out,RD-108,2026-06-18 08:12:14,
10174,PC-105092,delivered,RD-108,2026-06-19 11:41:26,
10175,PC-105093,hub_out,RD-108,2026-06-18 18:19:13,
10176,PC-105093,delivered,RD-108,2026-06-19 16:31:37,
10177,PC-105094,hub_out,RD-108,2026-06-18 06:55:38,
10178,PC-105094,delivered,RD-108,2026-06-19 12:26:12,
10179,PC-105095,hub_out,RD-108,2026-06-18 06:10:56,
10180,PC-105095,delivered,RD-108,2026-06-19 19:59:05,
10181,PC-105096,hub_out,RD-108,2026-06-17 18:36:15,
10182,PC-105096,delivered,RD-108,2026-06-19 10:37:22,
10183,PC-105097,hub_out,RD-108,2026-06-18 04:06:24,
10184,PC-105097,delivered,RD-108,2026-06-19 10:53:03,
10185,PC-105098,hub_out,RD-108,2026-06-18 18:46:35,
10186,PC-105098,delivered,RD-108,2026-06-19 16:44:14,
10187,PC-105099,hub_out,RD-108,2026-06-19 00:18:49,
10188,PC-105099,delivered,RD-108,2026-06-19 17:31:07,
10189,PC-105100,hub_out,RD-108,2026-06-18 09:11:48,
10190,PC-105100,delivered,RD-108,2026-06-19 17:58:20,
10191,PC-105101,hub_out,RD-108,2026-06-18 05:59:42,
10192,PC-105101,delivered,RD-108,2026-06-19 19:34:35,
10193,PC-105102,hub_out,RD-108,2026-06-17 23:59:52,
10194,PC-105102,delivered,RD-108,2026-06-19 10:24:14,
10195,PC-105103,hub_out,RD-108,2026-06-18 10:22:14,
10196,PC-105103,delivered,RD-108,2026-06-19 13:46:34,
10197,PC-105104,hub_out,RD-108,2026-06-18 01:27:51,
10198,PC-105104,delivered,RD-108,2026-06-19 16:14:07,
10199,PC-105105,hub_out,RD-108,2026-06-18 05:46:58,
10200,PC-105105,delivered,RD-108,2026-06-19 18:35:41,
10201,PC-105106,hub_out,RD-108,2026-06-19 02:32:12,
10202,PC-105106,failed_attempt,RD-108,2026-06-19 17:46:08,customer unreachable
10203,PC-105107,hub_out,RD-108,2026-06-18 20:22:29,
10204,PC-105107,failed_attempt,RD-108,2026-06-19 15:38:46,customer unreachable
10205,PC-105108,hub_out,RD-108,2026-06-18 18:15:33,
10206,PC-105108,failed_attempt,RD-108,2026-06-19 17:56:30,customer refused
10207,PC-105109,hub_out,RD-108,2026-06-18 23:11:43,
10208,PC-105109,delivered,RD-108,2026-06-20 15:17:51,
10209,PC-105110,hub_out,RD-108,2026-06-19 09:42:28,
10210,PC-105110,delivered,RD-108,2026-06-20 17:49:32,
10211,PC-105111,hub_out,RD-108,2026-06-19 13:33:18,
10212,PC-105111,delivered,RD-108,2026-06-20 12:50:27,
10213,PC-105112,hub_out,RD-108,2026-06-19 03:50:44,
10214,PC-105112,delivered,RD-108,2026-06-20 11:11:27,
10215,PC-105113,hub_out,RD-108,2026-06-19 19:03:24,
10216,PC-105113,delivered,RD-108,2026-06-20 13:22:07,
10217,PC-105114,hub_out,RD-108,2026-06-18 16:51:33,
10218,PC-105114,delivered,RD-108,2026-06-20 09:13:00,
10219,PC-105115,hub_out,RD-108,2026-06-19 00:45:19,
10220,PC-105115,delivered,RD-108,2026-06-20 11:18:06,
10221,PC-105116,hub_out,RD-108,2026-06-19 15:53:46,
10222,PC-105116,delivered,RD-108,2026-06-20 13:30:34,
10223,PC-105117,hub_out,RD-108,2026-06-19 08:14:01,
10224,PC-105117,delivered,RD-108,2026-06-20 10:41:47,
10225,PC-105118,hub_out,RD-108,2026-06-19 01:59:37,
10226,PC-105118,delivered,RD-108,2026-06-20 12:22:16,
10227,PC-105119,hub_out,RD-108,2026-06-19 02:29:47,
10228,PC-105119,delivered,RD-108,2026-06-20 15:27:23,
10229,PC-105120,hub_out,RD-108,2026-06-19 21:02:33,
10230,PC-105120,delivered,RD-108,2026-06-20 11:40:59,
10231,PC-105121,hub_out,RD-108,2026-06-19 17:55:55,
10232,PC-105121,delivered,RD-108,2026-06-20 16:38:28,
10233,PC-105122,hub_out,RD-108,2026-06-19 11:41:46,
10234,PC-105122,delivered,RD-108,2026-06-20 09:44:39,
10235,PC-105123,hub_out,RD-108,2026-06-19 18:02:07,
10236,PC-105123,delivered,RD-108,2026-06-20 16:15:53,
10237,PC-105124,hub_out,RD-108,2026-06-18 23:08:16,
10238,PC-105124,delivered,RD-108,2026-06-20 17:13:39,
10239,PC-105125,hub_out,RD-108,2026-06-19 16:59:21,
10240,PC-105125,delivered,RD-108,2026-06-20 16:53:00,
10241,PC-105126,hub_out,RD-108,2026-06-19 12:10:55,
10242,PC-105126,delivered,RD-108,2026-06-20 15:06:52,
10243,PC-105127,hub_out,RD-108,2026-06-19 12:22:00,
10244,PC-105127,delivered,RD-108,2026-06-20 17:34:07,
10245,PC-105128,hub_out,RD-108,2026-06-19 16:50:07,
10246,PC-105128,failed_attempt,RD-108,2026-06-20 15:12:38,cod not ready
10247,PC-105129,hub_out,RD-108,2026-06-19 14:20:46,
10248,PC-105129,failed_attempt,RD-108,2026-06-20 11:47:41,address not found
10249,PC-105130,hub_out,RD-108,2026-06-20 08:58:49,
10250,PC-105130,failed_attempt,RD-108,2026-06-20 15:58:47,shop closed
10251,PC-105131,hub_out,RD-108,2026-06-20 02:43:06,
10252,PC-105131,delivered,RD-108,2026-06-21 12:15:55,
10253,PC-105132,hub_out,RD-108,2026-06-20 07:20:28,
10254,PC-105132,delivered,RD-108,2026-06-21 15:37:11,
10255,PC-105133,hub_out,RD-108,2026-06-20 19:54:34,
10256,PC-105133,delivered,RD-108,2026-06-21 09:28:54,
10257,PC-105134,hub_out,RD-108,2026-06-20 01:33:37,
10258,PC-105134,delivered,RD-108,2026-06-21 15:28:48,
10259,PC-105135,hub_out,RD-108,2026-06-20 06:39:47,
10260,PC-105135,delivered,RD-108,2026-06-21 15:46:52,
10261,PC-105136,hub_out,RD-108,2026-06-20 06:53:57,
10262,PC-105136,delivered,RD-108,2026-06-21 14:02:10,
10263,PC-105137,hub_out,RD-108,2026-06-19 11:56:17,
10264,PC-105137,delivered,RD-108,2026-06-21 13:27:53,
10265,PC-105138,hub_out,RD-108,2026-06-20 11:42:39,
10266,PC-105138,delivered,RD-108,2026-06-21 16:36:02,
10267,PC-105139,hub_out,RD-108,2026-06-20 14:46:11,
10268,PC-105139,delivered,RD-108,2026-06-21 09:34:11,
10269,PC-105140,hub_out,RD-108,2026-06-20 18:46:12,
10270,PC-105140,delivered,RD-108,2026-06-21 17:50:22,
10271,PC-105141,hub_out,RD-108,2026-06-20 19:21:01,
10272,PC-105141,delivered,RD-108,2026-06-21 15:14:11,
10273,PC-105142,hub_out,RD-108,2026-06-20 06:23:01,
10274,PC-105142,delivered,RD-108,2026-06-21 11:13:08,
10275,PC-105143,hub_out,RD-108,2026-06-19 08:56:43,
10276,PC-105143,delivered,RD-108,2026-06-21 10:42:19,
10277,PC-105144,hub_out,RD-108,2026-06-20 22:06:25,
10278,PC-105144,delivered,RD-108,2026-06-21 19:34:15,
10279,PC-105145,hub_out,RD-108,2026-06-20 15:01:49,
10280,PC-105145,delivered,RD-108,2026-06-21 13:58:58,
10281,PC-105146,hub_out,RD-108,2026-06-20 23:43:31,
10282,PC-105146,failed_attempt,RD-108,2026-06-21 18:04:44,cod not ready
10283,PC-105147,hub_out,RD-108,2026-06-20 21:41:04,
10284,PC-105147,failed_attempt,RD-108,2026-06-21 15:49:18,cod not ready
10285,PC-105148,hub_out,RD-108,2026-06-21 13:24:53,
10286,PC-105148,failed_attempt,RD-108,2026-06-21 15:31:13,address not found
10287,PC-105149,hub_out,RD-108,2026-06-20 17:01:47,
10288,PC-105149,failed_attempt,RD-108,2026-06-21 16:02:16,shop closed
10289,PC-105150,hub_out,RD-108,2026-06-23 03:45:12,
10290,PC-105150,delivered,RD-108,2026-06-24 15:32:48,
10291,PC-105151,hub_out,RD-108,2026-06-23 23:32:03,
10292,PC-105151,delivered,RD-108,2026-06-24 15:29:46,
10293,PC-105152,hub_out,RD-108,2026-06-23 15:52:27,
10294,PC-105152,delivered,RD-108,2026-06-24 11:12:37,
10295,PC-105153,hub_out,RD-108,2026-06-23 22:27:40,
10296,PC-105153,delivered,RD-108,2026-06-24 19:24:47,
10297,PC-105154,hub_out,RD-108,2026-06-23 13:34:10,
10298,PC-105154,delivered,RD-108,2026-06-24 10:32:24,
10299,PC-105155,hub_out,RD-108,2026-06-23 03:11:04,
10300,PC-105155,delivered,RD-108,2026-06-24 09:24:17,
10301,PC-105156,hub_out,RD-108,2026-06-23 09:16:56,
10302,PC-105156,delivered,RD-108,2026-06-24 18:43:52,
10303,PC-105157,hub_out,RD-108,2026-06-23 10:21:25,
10304,PC-105157,delivered,RD-108,2026-06-24 18:01:06,
10305,PC-105158,hub_out,RD-108,2026-06-23 05:07:20,
10306,PC-105158,delivered,RD-108,2026-06-24 12:04:13,
10307,PC-105159,hub_out,RD-108,2026-06-23 07:10:22,
10308,PC-105159,delivered,RD-108,2026-06-24 19:49:22,
10309,PC-105160,hub_out,RD-108,2026-06-22 23:14:49,
10310,PC-105160,delivered,RD-108,2026-06-24 11:38:04,
10311,PC-105161,hub_out,RD-108,2026-06-23 16:48:38,
10312,PC-105161,delivered,RD-108,2026-06-24 11:17:02,
10313,PC-105162,hub_out,RD-108,2026-06-23 22:49:28,
10314,PC-105162,delivered,RD-108,2026-06-24 12:30:59,
10315,PC-105163,hub_out,RD-108,2026-06-23 18:41:08,
10316,PC-105163,delivered,RD-108,2026-06-24 18:19:29,
10317,PC-105164,hub_out,RD-108,2026-06-23 10:22:06,
10318,PC-105164,delivered,RD-108,2026-06-24 18:54:18,
10319,PC-105165,hub_out,RD-108,2026-06-23 11:06:41,
10320,PC-105165,delivered,RD-108,2026-06-24 16:10:43,
10321,PC-105166,hub_out,RD-108,2026-06-23 10:55:36,
10322,PC-105166,failed_attempt,RD-108,2026-06-24 10:36:13,cod not ready
10323,PC-105167,hub_out,RD-108,2026-06-24 14:28:54,
10324,PC-105167,delivered,RD-108,2026-06-25 17:03:36,
10325,PC-105168,hub_out,RD-108,2026-06-24 23:02:05,
10326,PC-105168,delivered,RD-108,2026-06-25 16:09:43,
10327,PC-105169,hub_out,RD-108,2026-06-24 09:58:12,
10328,PC-105169,delivered,RD-108,2026-06-25 12:58:48,
10329,PC-105170,hub_out,RD-108,2026-06-24 05:46:21,
10330,PC-105170,delivered,RD-108,2026-06-25 10:02:03,
10331,PC-105171,hub_out,RD-108,2026-06-24 17:16:31,
10332,PC-105171,delivered,RD-108,2026-06-25 11:01:13,
10333,PC-105172,hub_out,RD-108,2026-06-25 02:55:49,
10334,PC-105172,delivered,RD-108,2026-06-25 15:19:10,
10335,PC-105173,hub_out,RD-108,2026-06-24 02:08:43,
10336,PC-105173,delivered,RD-108,2026-06-25 19:09:30,
10337,PC-105174,hub_out,RD-108,2026-06-24 14:47:01,
10338,PC-105174,delivered,RD-108,2026-06-25 13:45:38,
10339,PC-105175,hub_out,RD-108,2026-06-24 05:42:33,
10340,PC-105175,delivered,RD-108,2026-06-25 15:46:03,
10341,PC-105176,hub_out,RD-108,2026-06-25 04:09:59,
10342,PC-105176,delivered,RD-108,2026-06-25 18:33:46,
10343,PC-105177,hub_out,RD-108,2026-06-24 16:12:55,
10344,PC-105177,delivered,RD-108,2026-06-25 10:05:16,
10345,PC-105178,hub_out,RD-108,2026-06-24 21:59:41,
10346,PC-105178,delivered,RD-108,2026-06-25 17:28:07,
10347,PC-105179,hub_out,RD-108,2026-06-24 12:34:34,
10348,PC-105179,delivered,RD-108,2026-06-25 17:55:18,
10349,PC-105180,hub_out,RD-108,2026-06-23 20:52:21,
10350,PC-105180,delivered,RD-108,2026-06-25 15:14:10,
10351,PC-105181,hub_out,RD-108,2026-06-23 23:37:32,
10352,PC-105181,delivered,RD-108,2026-06-25 10:54:11,
10353,PC-105182,hub_out,RD-108,2026-06-25 00:35:43,
10354,PC-105182,delivered,RD-108,2026-06-25 18:34:17,
10355,PC-105183,hub_out,RD-108,2026-06-24 21:02:02,
10356,PC-105183,delivered,RD-108,2026-06-25 19:15:30,
10357,PC-105184,hub_out,RD-108,2026-06-24 22:25:54,
10358,PC-105184,delivered,RD-108,2026-06-25 14:11:59,
10359,PC-105185,hub_out,RD-108,2026-06-24 23:29:51,
10360,PC-105185,delivered,RD-108,2026-06-25 15:17:43,
10361,PC-105186,hub_out,RD-108,2026-06-24 18:46:14,
10362,PC-105186,failed_attempt,RD-108,2026-06-25 09:29:18,address not found
10363,PC-105187,hub_out,RD-108,2026-06-24 17:47:23,
10364,PC-105187,failed_attempt,RD-108,2026-06-25 16:50:21,customer refused
10365,PC-105188,hub_out,RD-108,2026-06-24 13:02:38,
10366,PC-105188,failed_attempt,RD-108,2026-06-25 15:55:49,customer unreachable
10367,PC-105189,hub_out,RD-108,2026-06-25 06:51:07,
10368,PC-105189,failed_attempt,RD-108,2026-06-25 18:03:38,shop closed
10369,PC-105190,hub_out,RD-108,2026-06-25 10:40:13,
10370,PC-105190,delivered,RD-108,2026-06-26 12:39:23,
10371,PC-105191,hub_out,RD-108,2026-06-25 17:24:05,
10372,PC-105191,delivered,RD-108,2026-06-26 16:05:55,
10373,PC-105192,hub_out,RD-108,2026-06-25 18:42:24,
10374,PC-105192,delivered,RD-108,2026-06-26 18:08:14,
10375,PC-105193,hub_out,RD-108,2026-06-25 15:55:49,
10376,PC-105193,delivered,RD-108,2026-06-26 14:59:37,
10377,PC-105194,hub_out,RD-108,2026-06-26 00:55:09,
10378,PC-105194,delivered,RD-108,2026-06-26 16:44:54,
10379,PC-105195,hub_out,RD-108,2026-06-24 15:03:14,
10380,PC-105195,delivered,RD-108,2026-06-26 16:02:33,
10381,PC-105196,hub_out,RD-108,2026-06-25 09:11:11,
10382,PC-105196,delivered,RD-108,2026-06-26 16:14:37,
10383,PC-105197,hub_out,RD-108,2026-06-25 10:36:44,
10384,PC-105197,delivered,RD-108,2026-06-26 09:36:02,
10385,PC-105198,hub_out,RD-108,2026-06-25 04:48:19,
10386,PC-105198,delivered,RD-108,2026-06-26 11:34:52,
10387,PC-105199,hub_out,RD-108,2026-06-24 20:52:31,
10388,PC-105199,delivered,RD-108,2026-06-26 13:20:24,
10389,PC-105200,hub_out,RD-108,2026-06-25 14:00:20,
10390,PC-105200,delivered,RD-108,2026-06-26 11:49:20,
10391,PC-105201,hub_out,RD-108,2026-06-25 08:11:56,
10392,PC-105201,delivered,RD-108,2026-06-26 13:45:19,
10393,PC-105202,hub_out,RD-108,2026-06-25 05:41:34,
10394,PC-105202,delivered,RD-108,2026-06-26 14:50:57,
10395,PC-105203,hub_out,RD-108,2026-06-25 00:19:01,
10396,PC-105203,delivered,RD-108,2026-06-26 11:27:07,
10397,PC-105204,hub_out,RD-108,2026-06-24 20:30:00,
10398,PC-105204,delivered,RD-108,2026-06-26 16:19:14,
10399,PC-105205,hub_out,RD-108,2026-06-25 06:00:45,
10400,PC-105205,delivered,RD-108,2026-06-26 11:01:30,
10401,PC-105206,hub_out,RD-108,2026-06-25 06:37:02,
10402,PC-105206,delivered,RD-108,2026-06-26 12:07:09,
10403,PC-105207,hub_out,RD-108,2026-06-25 21:07:36,
10404,PC-105207,failed_attempt,RD-108,2026-06-26 11:15:42,customer unreachable
10405,PC-105208,hub_out,RD-108,2026-06-27 04:20:33,
10406,PC-105208,delivered,RD-108,2026-06-27 18:43:06,
10407,PC-105209,hub_out,RD-108,2026-06-26 15:20:15,
10408,PC-105209,delivered,RD-108,2026-06-27 16:55:02,
10409,PC-105210,hub_out,RD-108,2026-06-26 18:17:55,
10410,PC-105210,delivered,RD-108,2026-06-27 10:00:44,
10411,PC-105211,hub_out,RD-108,2026-06-25 22:24:42,
10412,PC-105211,delivered,RD-108,2026-06-27 15:12:08,
10413,PC-105212,hub_out,RD-108,2026-06-26 05:26:23,
10414,PC-105212,delivered,RD-108,2026-06-27 13:13:05,
10415,PC-105213,hub_out,RD-108,2026-06-25 20:44:26,
10416,PC-105213,delivered,RD-108,2026-06-27 16:22:56,
10417,PC-105214,hub_out,RD-108,2026-06-26 03:00:05,
10418,PC-105214,delivered,RD-108,2026-06-27 11:47:44,
10419,PC-105215,hub_out,RD-108,2026-06-26 13:27:41,
10420,PC-105215,delivered,RD-108,2026-06-27 11:22:29,
10421,PC-105216,hub_out,RD-108,2026-06-26 11:49:42,
10422,PC-105216,delivered,RD-108,2026-06-27 16:36:46,
10423,PC-105217,hub_out,RD-108,2026-06-26 15:56:38,
10424,PC-105217,delivered,RD-108,2026-06-27 09:02:05,
10425,PC-105218,hub_out,RD-108,2026-06-25 18:58:58,
10426,PC-105218,delivered,RD-108,2026-06-27 10:20:59,
10427,PC-105219,hub_out,RD-108,2026-06-26 15:07:56,
10428,PC-105219,delivered,RD-108,2026-06-27 18:29:19,
10429,PC-105220,hub_out,RD-108,2026-06-26 11:26:08,
10430,PC-105220,delivered,RD-108,2026-06-27 17:27:32,
10431,PC-105221,hub_out,RD-108,2026-06-26 15:53:54,
10432,PC-105221,delivered,RD-108,2026-06-27 15:13:52,
10433,PC-105222,hub_out,RD-108,2026-06-26 04:08:47,
10434,PC-105222,delivered,RD-108,2026-06-27 09:39:46,
10435,PC-105223,hub_out,RD-108,2026-06-26 03:08:42,
10436,PC-105223,delivered,RD-108,2026-06-27 15:13:39,
10437,PC-105224,hub_out,RD-108,2026-06-26 01:39:04,
10438,PC-105224,delivered,RD-108,2026-06-27 12:15:18,
10439,PC-105225,hub_out,RD-108,2026-06-26 19:50:48,
10440,PC-105225,delivered,RD-108,2026-06-27 12:17:13,
10441,PC-105226,hub_out,RD-108,2026-06-26 01:49:26,
10442,PC-105226,delivered,RD-108,2026-06-27 10:30:44,
10443,PC-105227,hub_out,RD-108,2026-06-26 15:35:05,
10444,PC-105227,delivered,RD-108,2026-06-27 15:19:28,
10445,PC-105228,hub_out,RD-108,2026-06-26 22:51:13,
10446,PC-105228,failed_attempt,RD-108,2026-06-27 14:02:44,cod not ready
10447,PC-105229,hub_out,RD-108,2026-06-26 17:43:52,
10448,PC-105229,failed_attempt,RD-108,2026-06-27 14:57:42,customer unreachable
10449,PC-105230,hub_out,RD-108,2026-06-27 12:27:43,
10450,PC-105230,failed_attempt,RD-108,2026-06-27 18:48:48,customer unreachable
10451,PC-105231,hub_out,RD-108,2026-06-27 08:21:40,
10452,PC-105231,delivered,RD-108,2026-06-28 09:26:38,
10453,PC-105232,hub_out,RD-108,2026-06-27 14:20:31,
10454,PC-105232,delivered,RD-108,2026-06-28 09:20:32,
10455,PC-105233,hub_out,RD-108,2026-06-27 05:06:56,
10456,PC-105233,delivered,RD-108,2026-06-28 13:52:26,
10457,PC-105234,hub_out,RD-108,2026-06-27 14:55:05,
10458,PC-105234,delivered,RD-108,2026-06-28 11:31:41,
10459,PC-105235,hub_out,RD-108,2026-06-27 02:08:57,
10460,PC-105235,delivered,RD-108,2026-06-28 19:48:07,
10461,PC-105236,hub_out,RD-108,2026-06-26 16:27:02,
10462,PC-105236,delivered,RD-108,2026-06-28 09:27:12,
10463,PC-105237,hub_out,RD-108,2026-06-27 03:38:24,
10464,PC-105237,delivered,RD-108,2026-06-28 11:51:59,
10465,PC-105238,hub_out,RD-108,2026-06-27 21:53:53,
10466,PC-105238,delivered,RD-108,2026-06-28 13:30:29,
10467,PC-105239,hub_out,RD-108,2026-06-27 02:34:10,
10468,PC-105239,delivered,RD-108,2026-06-28 10:52:51,
10469,PC-105240,hub_out,RD-108,2026-06-27 11:02:41,
10470,PC-105240,delivered,RD-108,2026-06-28 12:59:45,
10471,PC-105241,hub_out,RD-108,2026-06-27 11:36:09,
10472,PC-105241,delivered,RD-108,2026-06-28 19:44:01,
10473,PC-105242,hub_out,RD-108,2026-06-27 06:27:54,
10474,PC-105242,delivered,RD-108,2026-06-28 12:03:11,
10475,PC-105243,hub_out,RD-108,2026-06-28 00:32:13,
10476,PC-105243,delivered,RD-108,2026-06-28 15:46:54,
10477,PC-105244,hub_out,RD-108,2026-06-27 03:54:00,
10478,PC-105244,delivered,RD-108,2026-06-28 10:40:09,
10479,PC-105245,hub_out,RD-108,2026-06-27 21:29:09,
10480,PC-105245,delivered,RD-108,2026-06-28 18:15:00,
10481,PC-105246,hub_out,RD-108,2026-06-27 03:59:55,
10482,PC-105246,delivered,RD-108,2026-06-28 17:07:21,
10483,PC-105247,hub_out,RD-108,2026-06-27 12:42:24,
10484,PC-105247,delivered,RD-108,2026-06-28 11:00:15,
10485,PC-105248,hub_out,RD-108,2026-06-26 20:56:03,
10486,PC-105248,delivered,RD-108,2026-06-28 11:12:23,
10487,PC-105249,hub_out,RD-108,2026-06-28 00:06:51,
10488,PC-105249,failed_attempt,RD-108,2026-06-28 12:17:18,shop closed
10489,PC-105250,hub_out,RD-108,2026-06-28 02:10:21,
10490,PC-105250,failed_attempt,RD-108,2026-06-28 16:14:35,customer unreachable
10491,PC-105251,hub_out,RD-108,2026-06-28 10:27:48,
10492,PC-105251,delivered,RD-108,2026-06-29 13:17:22,
10493,PC-105252,hub_out,RD-108,2026-06-28 10:39:41,
10494,PC-105252,delivered,RD-108,2026-06-29 15:50:37,
10495,PC-105253,hub_out,RD-108,2026-06-28 02:11:07,
10496,PC-105253,delivered,RD-108,2026-06-29 10:34:59,
10497,PC-105254,hub_out,RD-108,2026-06-28 07:45:35,
10498,PC-105254,delivered,RD-108,2026-06-29 10:55:54,
10499,PC-105255,hub_out,RD-108,2026-06-28 12:35:24,
10500,PC-105255,delivered,RD-108,2026-06-29 12:24:30,
10501,PC-105256,hub_out,RD-108,2026-06-27 13:42:55,
10502,PC-105256,delivered,RD-108,2026-06-29 14:41:59,
10503,PC-105257,hub_out,RD-108,2026-06-28 12:38:12,
10504,PC-105257,delivered,RD-108,2026-06-29 16:55:55,
10505,PC-105258,hub_out,RD-108,2026-06-29 04:53:42,
10506,PC-105258,delivered,RD-108,2026-06-29 15:55:21,
10507,PC-105259,hub_out,RD-108,2026-06-28 01:19:09,
10508,PC-105259,delivered,RD-108,2026-06-29 12:02:45,
10509,PC-105260,hub_out,RD-108,2026-06-27 12:15:02,
10510,PC-105260,delivered,RD-108,2026-06-29 11:43:25,
10511,PC-105261,hub_out,RD-108,2026-06-28 13:23:48,
10512,PC-105261,delivered,RD-108,2026-06-29 18:29:20,
10513,PC-105262,hub_out,RD-108,2026-06-27 13:29:44,
10514,PC-105262,delivered,RD-108,2026-06-29 10:55:51,
10515,PC-105263,hub_out,RD-108,2026-06-28 11:06:12,
10516,PC-105263,delivered,RD-108,2026-06-29 15:27:13,
10517,PC-105264,hub_out,RD-108,2026-06-28 23:49:36,
10518,PC-105264,delivered,RD-108,2026-06-29 15:24:56,
10519,PC-105265,hub_out,RD-108,2026-06-28 07:06:27,
10520,PC-105265,delivered,RD-108,2026-06-29 17:53:34,
10521,PC-105266,hub_out,RD-108,2026-06-29 01:36:03,
10522,PC-105266,delivered,RD-108,2026-06-29 19:49:12,
10523,PC-105267,hub_out,RD-108,2026-06-28 12:44:20,
10524,PC-105267,delivered,RD-108,2026-06-29 17:50:31,
10525,PC-105268,hub_out,RD-108,2026-06-28 13:39:31,
10526,PC-105268,delivered,RD-108,2026-06-29 09:51:43,
10527,PC-105269,hub_out,RD-108,2026-06-29 05:50:52,
10528,PC-105269,failed_attempt,RD-108,2026-06-29 18:17:16,shop closed
10529,PC-105270,hub_out,RD-108,2026-06-28 09:59:26,
10530,PC-105270,failed_attempt,RD-108,2026-06-29 09:51:10,address not found
10531,PC-105271,hub_out,RD-108,2026-06-29 07:29:56,
10532,PC-105271,delivered,RD-108,2026-06-30 16:29:07,
10533,PC-105272,hub_out,RD-108,2026-06-29 06:22:05,
10534,PC-105272,delivered,RD-108,2026-06-30 14:59:41,
10535,PC-105273,hub_out,RD-108,2026-06-29 18:56:44,
10536,PC-105273,delivered,RD-108,2026-06-30 17:38:19,
10537,PC-105274,hub_out,RD-108,2026-06-29 22:22:26,
10538,PC-105274,delivered,RD-108,2026-06-30 14:00:20,
10539,PC-105275,hub_out,RD-108,2026-06-29 22:34:32,
10540,PC-105275,delivered,RD-108,2026-06-30 13:30:38,
10541,PC-105276,hub_out,RD-108,2026-06-29 08:45:28,
10542,PC-105276,delivered,RD-108,2026-06-30 13:15:05,
10543,PC-105277,hub_out,RD-108,2026-06-29 06:09:05,
10544,PC-105277,delivered,RD-108,2026-06-30 16:50:32,
10545,PC-105278,hub_out,RD-108,2026-06-29 09:40:09,
10546,PC-105278,delivered,RD-108,2026-06-30 15:45:29,
10547,PC-105279,hub_out,RD-108,2026-06-29 17:28:39,
10548,PC-105279,delivered,RD-108,2026-06-30 14:04:03,
10549,PC-105280,hub_out,RD-108,2026-06-30 01:14:24,
10550,PC-105280,delivered,RD-108,2026-06-30 17:51:14,
10551,PC-105281,hub_out,RD-108,2026-06-29 22:20:19,
10552,PC-105281,delivered,RD-108,2026-06-30 16:37:17,
10553,PC-105282,hub_out,RD-108,2026-06-29 22:49:13,
10554,PC-105282,delivered,RD-108,2026-06-30 15:42:24,
10555,PC-105283,hub_out,RD-108,2026-06-29 06:48:18,
10556,PC-105283,delivered,RD-108,2026-06-30 09:51:50,
10557,PC-105284,hub_out,RD-108,2026-06-29 15:21:44,
10558,PC-105284,delivered,RD-108,2026-06-30 18:25:37,
10559,PC-105285,hub_out,RD-108,2026-06-29 01:24:39,
10560,PC-105285,delivered,RD-108,2026-06-30 12:16:01,
10561,PC-105286,hub_out,RD-108,2026-06-29 04:25:11,
10562,PC-105286,delivered,RD-108,2026-06-30 11:05:11,
10563,PC-105287,hub_out,RD-108,2026-06-29 15:37:28,
10564,PC-105287,delivered,RD-108,2026-06-30 19:08:06,
10565,PC-105288,hub_out,RD-108,2026-06-29 13:28:52,
10566,PC-105288,delivered,RD-108,2026-06-30 14:15:18,
10567,PC-105289,hub_out,RD-108,2026-06-29 08:51:42,
10568,PC-105289,delivered,RD-108,2026-06-30 11:40:40,
10569,PC-105290,hub_out,RD-108,2026-06-29 07:46:25,
10570,PC-105290,delivered,RD-108,2026-06-30 17:21:43,
10571,PC-105291,hub_out,RD-108,2026-06-29 11:29:09,
10572,PC-105291,delivered,RD-108,2026-06-30 17:20:41,
10573,PC-105292,hub_out,RD-108,2026-06-29 22:58:13,
10574,PC-105292,failed_attempt,RD-108,2026-06-30 09:22:51,cod not ready
10575,PC-105293,hub_out,RD-108,2026-06-29 22:20:46,
10576,PC-105293,failed_attempt,RD-108,2026-06-30 13:47:32,customer unreachable
10577,PC-105294,hub_out,RD-108,2026-06-30 09:36:46,
10578,PC-105294,failed_attempt,RD-108,2026-06-30 17:23:14,shop closed
10579,PC-105295,hub_out,RD-108,2026-06-30 12:36:49,
10580,PC-105295,failed_attempt,RD-108,2026-06-30 17:19:19,shop closed
10581,PC-105296,hub_out,RD-131,2026-05-31 20:44:46,
10582,PC-105296,delivered,RD-131,2026-06-02 12:45:43,
10583,PC-105297,hub_out,RD-131,2026-05-31 12:54:15,
10584,PC-105297,delivered,RD-131,2026-06-02 16:01:43,
10585,PC-105298,hub_out,RD-131,2026-05-31 14:46:33,
10586,PC-105298,delivered,RD-131,2026-06-02 12:21:45,
10587,PC-105299,hub_out,RD-131,2026-06-01 17:35:33,
10588,PC-105299,delivered,RD-131,2026-06-02 18:07:07,
10589,PC-105300,hub_out,RD-131,2026-05-31 16:20:38,
10590,PC-105300,delivered,RD-131,2026-06-02 14:25:28,
10591,PC-105301,hub_out,RD-131,2026-05-31 21:49:02,
10592,PC-105301,delivered,RD-131,2026-06-02 17:04:52,
10593,PC-105302,hub_out,RD-131,2026-05-31 17:39:00,
10594,PC-105302,delivered,RD-131,2026-06-02 17:54:04,
10595,PC-105303,hub_out,RD-131,2026-05-31 15:51:13,
10596,PC-105303,delivered,RD-131,2026-06-02 15:14:50,
10597,PC-105304,hub_out,RD-131,2026-05-31 14:54:09,
10598,PC-105304,delivered,RD-131,2026-06-02 14:38:23,
10599,PC-105305,hub_out,RD-131,2026-06-01 01:27:07,
10600,PC-105305,delivered,RD-131,2026-06-02 19:29:09,
10601,PC-105306,hub_out,RD-131,2026-05-31 14:50:38,
10602,PC-105306,delivered,RD-131,2026-06-02 10:17:48,
10603,PC-105307,hub_out,RD-131,2026-05-31 19:48:23,
10604,PC-105307,delivered,RD-131,2026-06-02 17:57:42,
10605,PC-105308,hub_out,RD-131,2026-05-31 05:25:47,
10606,PC-105308,delivered,RD-131,2026-06-02 14:12:34,
10607,PC-105309,hub_out,RD-131,2026-06-01 16:40:42,
10608,PC-105309,delivered,RD-131,2026-06-02 19:57:47,
10609,PC-105310,hub_out,RD-131,2026-05-31 15:31:32,
10610,PC-105310,delivered,RD-131,2026-06-02 09:04:10,
10611,PC-105311,hub_out,RD-131,2026-05-31 22:38:55,
10612,PC-105311,delivered,RD-131,2026-06-02 13:28:04,
10613,PC-105312,hub_out,RD-131,2026-06-02 04:14:05,
10614,PC-105312,failed_attempt,RD-131,2026-06-02 17:08:00,cod not ready
10615,PC-105313,hub_out,RD-131,2026-06-01 17:05:35,
10616,PC-105313,failed_attempt,RD-131,2026-06-02 11:04:13,address not found
10617,PC-105314,hub_out,RD-131,2026-06-01 21:39:13,
10618,PC-105314,failed_attempt,RD-131,2026-06-02 19:18:26,address not found
10619,PC-105315,hub_out,RD-131,2026-06-01 20:25:24,
10620,PC-105315,delivered,RD-131,2026-06-03 09:56:11,
10621,PC-105316,hub_out,RD-131,2026-05-31 22:04:51,
10622,PC-105316,delivered,RD-131,2026-06-03 12:40:54,
10623,PC-105317,hub_out,RD-131,2026-06-02 03:47:49,
10624,PC-105317,delivered,RD-131,2026-06-03 09:37:34,
10625,PC-105318,hub_out,RD-131,2026-06-01 13:29:48,
10626,PC-105318,delivered,RD-131,2026-06-03 10:35:14,
10627,PC-105319,hub_out,RD-131,2026-06-02 11:01:05,
10628,PC-105319,delivered,RD-131,2026-06-03 19:53:02,
10629,PC-105320,hub_out,RD-131,2026-06-02 01:43:26,
10630,PC-105320,delivered,RD-131,2026-06-03 09:32:35,
10631,PC-105321,hub_out,RD-131,2026-06-01 07:31:28,
10632,PC-105321,delivered,RD-131,2026-06-03 11:02:33,
10633,PC-105322,hub_out,RD-131,2026-06-01 21:18:19,
10634,PC-105322,delivered,RD-131,2026-06-03 14:51:41,
10635,PC-105323,hub_out,RD-131,2026-06-01 22:41:42,
10636,PC-105323,delivered,RD-131,2026-06-03 13:25:24,
10637,PC-105324,hub_out,RD-131,2026-06-02 02:02:18,
10638,PC-105324,delivered,RD-131,2026-06-03 19:42:28,
10639,PC-105325,hub_out,RD-131,2026-06-01 13:28:18,
10640,PC-105325,delivered,RD-131,2026-06-03 14:32:28,
10641,PC-105326,hub_out,RD-131,2026-06-02 11:58:09,
10642,PC-105326,delivered,RD-131,2026-06-03 14:13:54,
10643,PC-105327,hub_out,RD-131,2026-06-03 05:16:44,
10644,PC-105327,failed_attempt,RD-131,2026-06-03 17:38:18,cod not ready
10645,PC-105328,hub_out,RD-131,2026-06-02 17:00:24,
10646,PC-105328,failed_attempt,RD-131,2026-06-03 19:12:25,cod not ready
10647,PC-105329,hub_out,RD-131,2026-06-02 17:11:14,
10648,PC-105329,delivered,RD-131,2026-06-04 09:27:37,
10649,PC-105330,hub_out,RD-131,2026-06-02 21:51:46,
10650,PC-105330,delivered,RD-131,2026-06-04 13:05:24,
10651,PC-105331,hub_out,RD-131,2026-06-03 11:43:21,
10652,PC-105331,delivered,RD-131,2026-06-04 18:58:29,
10653,PC-105332,hub_out,RD-131,2026-06-02 22:14:22,
10654,PC-105332,delivered,RD-131,2026-06-04 14:37:14,
10655,PC-105333,hub_out,RD-131,2026-06-02 17:11:58,
10656,PC-105333,delivered,RD-131,2026-06-04 11:13:59,
10657,PC-105334,hub_out,RD-131,2026-06-02 18:50:53,
10658,PC-105334,delivered,RD-131,2026-06-04 14:47:46,
10659,PC-105335,hub_out,RD-131,2026-06-02 20:16:45,
10660,PC-105335,delivered,RD-131,2026-06-04 16:56:57,
10661,PC-105336,hub_out,RD-131,2026-06-03 05:10:05,
10662,PC-105336,delivered,RD-131,2026-06-04 16:02:55,
10663,PC-105337,hub_out,RD-131,2026-06-02 15:02:21,
10664,PC-105337,delivered,RD-131,2026-06-04 11:31:53,
10665,PC-105338,hub_out,RD-131,2026-06-03 00:39:41,
10666,PC-105338,delivered,RD-131,2026-06-04 11:13:43,
10667,PC-105339,hub_out,RD-131,2026-06-03 09:16:12,
10668,PC-105339,delivered,RD-131,2026-06-04 16:54:29,
10669,PC-105340,hub_out,RD-131,2026-06-02 18:21:55,
10670,PC-105340,delivered,RD-131,2026-06-04 12:00:46,
10671,PC-105341,hub_out,RD-131,2026-06-02 15:12:18,
10672,PC-105341,delivered,RD-131,2026-06-04 13:08:42,
10673,PC-105342,hub_out,RD-131,2026-06-02 21:55:41,
10674,PC-105342,delivered,RD-131,2026-06-04 15:17:57,
10675,PC-105343,hub_out,RD-131,2026-06-03 15:49:39,
10676,PC-105343,failed_attempt,RD-131,2026-06-04 13:27:57,customer refused
10677,PC-105344,hub_out,RD-131,2026-06-04 08:20:15,
10678,PC-105344,failed_attempt,RD-131,2026-06-04 14:27:41,address not found
10679,PC-105345,hub_out,RD-131,2026-06-04 01:49:56,
10680,PC-105345,failed_attempt,RD-131,2026-06-04 15:15:36,customer unreachable
10681,PC-105346,hub_out,RD-131,2026-06-03 21:37:13,
10682,PC-105346,failed_attempt,RD-131,2026-06-04 10:49:30,cod not ready
10683,PC-105347,hub_out,RD-131,2026-06-04 03:11:07,
10684,PC-105347,failed_attempt,RD-131,2026-06-04 13:21:35,shop closed
10685,PC-105348,hub_out,RD-131,2026-06-03 16:23:31,
10686,PC-105348,delivered,RD-131,2026-06-05 11:32:24,
10687,PC-105349,hub_out,RD-131,2026-06-04 04:16:03,
10688,PC-105349,delivered,RD-131,2026-06-05 18:49:44,
10689,PC-105350,hub_out,RD-131,2026-06-03 13:44:47,
10690,PC-105350,delivered,RD-131,2026-06-05 10:04:31,
10691,PC-105351,hub_out,RD-131,2026-06-04 03:20:46,
10692,PC-105351,delivered,RD-131,2026-06-05 18:40:45,
10693,PC-105352,hub_out,RD-131,2026-06-03 23:59:38,
10694,PC-105352,delivered,RD-131,2026-06-05 12:12:33,
10695,PC-105353,hub_out,RD-131,2026-06-03 02:33:45,
10696,PC-105353,delivered,RD-131,2026-06-05 11:02:35,
10697,PC-105354,hub_out,RD-131,2026-06-03 18:59:52,
10698,PC-105354,delivered,RD-131,2026-06-05 16:55:58,
10699,PC-105355,hub_out,RD-131,2026-06-04 11:03:41,
10700,PC-105355,delivered,RD-131,2026-06-05 12:25:27,
10701,PC-105356,hub_out,RD-131,2026-06-04 03:28:02,
10702,PC-105356,delivered,RD-131,2026-06-05 12:17:06,
10703,PC-105357,hub_out,RD-131,2026-06-03 21:40:00,
10704,PC-105357,delivered,RD-131,2026-06-05 11:02:52,
10705,PC-105358,hub_out,RD-131,2026-06-04 05:12:48,
10706,PC-105358,delivered,RD-131,2026-06-05 16:21:45,
10707,PC-105359,hub_out,RD-131,2026-06-03 19:05:44,
10708,PC-105359,delivered,RD-131,2026-06-05 12:50:22,
10709,PC-105360,hub_out,RD-131,2026-06-04 05:28:47,
10710,PC-105360,delivered,RD-131,2026-06-05 13:55:25,
10711,PC-105361,hub_out,RD-131,2026-06-03 17:07:54,
10712,PC-105361,delivered,RD-131,2026-06-05 09:34:53,
10713,PC-105362,hub_out,RD-131,2026-06-04 23:07:41,
10714,PC-105362,failed_attempt,RD-131,2026-06-05 19:03:24,customer refused
10715,PC-105363,hub_out,RD-131,2026-06-04 15:23:56,
10716,PC-105363,delivered,RD-131,2026-06-06 09:55:39,
10717,PC-105364,hub_out,RD-131,2026-06-04 07:13:51,
10718,PC-105364,delivered,RD-131,2026-06-06 11:16:41,
10719,PC-105365,hub_out,RD-131,2026-06-04 18:27:07,
10720,PC-105365,delivered,RD-131,2026-06-06 14:01:06,
10721,PC-105366,hub_out,RD-131,2026-06-05 10:51:13,
10722,PC-105366,delivered,RD-131,2026-06-06 19:44:04,
10723,PC-105367,hub_out,RD-131,2026-06-04 23:25:58,
10724,PC-105367,delivered,RD-131,2026-06-06 15:34:07,
10725,PC-105368,hub_out,RD-131,2026-06-05 01:11:54,
10726,PC-105368,delivered,RD-131,2026-06-06 11:43:51,
10727,PC-105369,hub_out,RD-131,2026-06-04 12:05:36,
10728,PC-105369,delivered,RD-131,2026-06-06 14:29:06,
10729,PC-105370,hub_out,RD-131,2026-06-05 17:29:38,
10730,PC-105370,delivered,RD-131,2026-06-06 16:52:59,
10731,PC-105371,hub_out,RD-131,2026-06-04 14:04:53,
10732,PC-105371,delivered,RD-131,2026-06-06 18:22:44,
10733,PC-105372,hub_out,RD-131,2026-06-05 18:38:14,
10734,PC-105372,failed_attempt,RD-131,2026-06-06 19:14:58,shop closed
10735,PC-105373,hub_out,RD-131,2026-06-05 15:04:32,
10736,PC-105373,failed_attempt,RD-131,2026-06-06 15:16:57,customer unreachable
10737,PC-105374,hub_out,RD-131,2026-06-06 03:32:55,
10738,PC-105374,failed_attempt,RD-131,2026-06-06 13:32:36,address not found
10739,PC-105375,hub_out,RD-131,2026-06-06 16:15:36,
10740,PC-105375,failed_attempt,RD-131,2026-06-06 19:42:54,address not found
10741,PC-105376,hub_out,RD-131,2026-06-06 10:43:50,
10742,PC-105376,failed_attempt,RD-131,2026-06-06 14:38:30,cod not ready
10743,PC-105377,hub_out,RD-131,2026-06-06 19:45:42,
10744,PC-105377,delivered,RD-131,2026-06-08 09:40:27,
10745,PC-105378,hub_out,RD-131,2026-06-07 00:20:46,
10746,PC-105378,delivered,RD-131,2026-06-08 09:18:35,
10747,PC-105379,hub_out,RD-131,2026-06-06 11:39:18,
10748,PC-105379,delivered,RD-131,2026-06-08 13:59:23,
10749,PC-105380,hub_out,RD-131,2026-06-06 14:39:59,
10750,PC-105380,delivered,RD-131,2026-06-08 10:17:50,
10751,PC-105381,hub_out,RD-131,2026-06-05 18:44:24,
10752,PC-105381,delivered,RD-131,2026-06-08 09:50:22,
10753,PC-105382,hub_out,RD-131,2026-06-06 18:57:29,
10754,PC-105382,delivered,RD-131,2026-06-08 11:18:44,
10755,PC-105383,hub_out,RD-131,2026-06-06 18:44:29,
10756,PC-105383,delivered,RD-131,2026-06-08 11:51:13,
10757,PC-105384,hub_out,RD-131,2026-06-06 11:27:58,
10758,PC-105384,delivered,RD-131,2026-06-08 14:52:53,
10759,PC-105385,hub_out,RD-131,2026-06-07 00:06:44,
10760,PC-105385,delivered,RD-131,2026-06-08 15:02:32,
10761,PC-105386,hub_out,RD-131,2026-06-06 21:33:38,
10762,PC-105386,delivered,RD-131,2026-06-08 13:37:27,
10763,PC-105387,hub_out,RD-131,2026-06-06 19:32:09,
10764,PC-105387,delivered,RD-131,2026-06-08 14:49:32,
10765,PC-105388,hub_out,RD-131,2026-06-07 03:59:05,
10766,PC-105388,delivered,RD-131,2026-06-08 18:27:18,
10767,PC-105389,hub_out,RD-131,2026-06-07 07:37:56,
10768,PC-105389,failed_attempt,RD-131,2026-06-08 10:18:33,cod not ready
10769,PC-105390,hub_out,RD-131,2026-06-07 20:59:58,
10770,PC-105390,failed_attempt,RD-131,2026-06-08 11:59:13,address not found
10771,PC-105391,hub_out,RD-131,2026-06-07 14:47:28,
10772,PC-105391,failed_attempt,RD-131,2026-06-08 09:23:31,customer unreachable
10773,PC-105392,hub_out,RD-131,2026-06-07 21:42:41,
10774,PC-105392,failed_attempt,RD-131,2026-06-08 15:12:15,customer unreachable
10775,PC-105393,hub_out,RD-131,2026-06-07 23:54:08,
10776,PC-105393,failed_attempt,RD-131,2026-06-08 10:44:52,cod not ready
10777,PC-105394,hub_out,RD-131,2026-06-07 05:43:12,
10778,PC-105394,delivered,RD-131,2026-06-09 09:09:58,
10779,PC-105395,hub_out,RD-131,2026-06-07 21:41:40,
10780,PC-105395,delivered,RD-131,2026-06-09 11:55:50,
10781,PC-105396,hub_out,RD-131,2026-06-07 13:38:48,
10782,PC-105396,delivered,RD-131,2026-06-09 10:35:24,
10783,PC-105397,hub_out,RD-131,2026-06-07 22:48:38,
10784,PC-105397,delivered,RD-131,2026-06-09 15:02:21,
10785,PC-105398,hub_out,RD-131,2026-06-07 22:10:42,
10786,PC-105398,delivered,RD-131,2026-06-09 18:10:48,
10787,PC-105399,hub_out,RD-131,2026-06-07 18:56:01,
10788,PC-105399,delivered,RD-131,2026-06-09 11:24:39,
10789,PC-105400,hub_out,RD-131,2026-06-07 23:24:22,
10790,PC-105400,delivered,RD-131,2026-06-09 16:31:29,
10791,PC-105401,hub_out,RD-131,2026-06-07 22:56:46,
10792,PC-105401,delivered,RD-131,2026-06-09 19:41:45,
10793,PC-105402,hub_out,RD-131,2026-06-07 20:11:51,
10794,PC-105402,delivered,RD-131,2026-06-09 14:08:33,
10795,PC-105403,hub_out,RD-131,2026-06-09 07:23:10,
10796,PC-105403,failed_attempt,RD-131,2026-06-09 13:21:19,customer refused
10797,PC-105404,hub_out,RD-131,2026-06-08 12:02:27,
10798,PC-105404,failed_attempt,RD-131,2026-06-09 14:51:44,cod not ready
10799,PC-105405,hub_out,RD-131,2026-06-08 20:08:43,
10800,PC-105405,failed_attempt,RD-131,2026-06-09 09:15:06,customer unreachable
10801,PC-105406,hub_out,RD-131,2026-06-08 23:34:30,
10802,PC-105406,failed_attempt,RD-131,2026-06-09 19:01:21,shop closed
10803,PC-105407,hub_out,RD-131,2026-06-09 15:02:26,
10804,PC-105407,failed_attempt,RD-131,2026-06-09 19:19:52,cod not ready
10805,PC-105408,hub_out,RD-131,2026-06-08 20:04:49,
10806,PC-105408,delivered,RD-131,2026-06-10 09:35:30,
10807,PC-105409,hub_out,RD-131,2026-06-09 05:34:09,
10808,PC-105409,delivered,RD-131,2026-06-10 18:39:24,
10809,PC-105410,hub_out,RD-131,2026-06-08 21:05:27,
10810,PC-105410,delivered,RD-131,2026-06-10 13:13:30,
10811,PC-105411,hub_out,RD-131,2026-06-09 02:59:29,
10812,PC-105411,delivered,RD-131,2026-06-10 11:03:06,
10813,PC-105412,hub_out,RD-131,2026-06-08 18:33:07,
10814,PC-105412,delivered,RD-131,2026-06-10 09:43:17,
10815,PC-105413,hub_out,RD-131,2026-06-09 05:46:38,
10816,PC-105413,delivered,RD-131,2026-06-10 14:27:18,
10817,PC-105414,hub_out,RD-131,2026-06-08 21:14:19,
10818,PC-105414,delivered,RD-131,2026-06-10 15:14:11,
10819,PC-105415,hub_out,RD-131,2026-06-08 21:49:07,
10820,PC-105415,delivered,RD-131,2026-06-10 14:18:01,
10821,PC-105416,hub_out,RD-131,2026-06-08 11:11:43,
10822,PC-105416,delivered,RD-131,2026-06-10 13:48:02,
10823,PC-105417,hub_out,RD-131,2026-06-08 23:17:42,
10824,PC-105417,delivered,RD-131,2026-06-10 19:19:33,
10825,PC-105418,hub_out,RD-131,2026-06-09 02:59:32,
10826,PC-105418,delivered,RD-131,2026-06-10 18:31:47,
10827,PC-105419,hub_out,RD-131,2026-06-09 03:00:57,
10828,PC-105419,delivered,RD-131,2026-06-10 15:30:26,
10829,PC-105420,hub_out,RD-131,2026-06-08 21:09:35,
10830,PC-105420,delivered,RD-131,2026-06-10 19:33:03,
10831,PC-105421,hub_out,RD-131,2026-06-08 18:27:22,
10832,PC-105421,delivered,RD-131,2026-06-10 09:32:45,
10833,PC-105422,hub_out,RD-131,2026-06-09 02:22:19,
10834,PC-105422,delivered,RD-131,2026-06-10 16:52:45,
10835,PC-105423,hub_out,RD-131,2026-06-08 08:03:27,
10836,PC-105423,delivered,RD-131,2026-06-10 13:38:33,
10837,PC-105424,hub_out,RD-131,2026-06-10 03:51:05,
10838,PC-105424,failed_attempt,RD-131,2026-06-10 09:03:23,shop closed
10839,PC-105425,hub_out,RD-131,2026-06-10 06:57:51,
10840,PC-105425,failed_attempt,RD-131,2026-06-10 15:35:18,cod not ready
10841,PC-105426,hub_out,RD-131,2026-06-10 21:56:58,
10842,PC-105426,delivered,RD-131,2026-06-12 18:28:15,
10843,PC-105427,hub_out,RD-131,2026-06-10 11:40:12,
10844,PC-105427,delivered,RD-131,2026-06-12 09:27:15,
10845,PC-105428,hub_out,RD-131,2026-06-10 13:34:14,
10846,PC-105428,delivered,RD-131,2026-06-12 11:39:29,
10847,PC-105429,hub_out,RD-131,2026-06-10 02:33:48,
10848,PC-105429,delivered,RD-131,2026-06-12 09:16:21,
10849,PC-105430,hub_out,RD-131,2026-06-11 18:01:00,
10850,PC-105430,delivered,RD-131,2026-06-12 18:38:53,
10851,PC-105431,hub_out,RD-131,2026-06-11 07:10:48,
10852,PC-105431,delivered,RD-131,2026-06-12 15:19:46,
10853,PC-105432,hub_out,RD-131,2026-06-10 22:51:52,
10854,PC-105432,delivered,RD-131,2026-06-12 10:55:58,
10855,PC-105433,hub_out,RD-131,2026-06-10 18:41:29,
10856,PC-105433,delivered,RD-131,2026-06-12 11:19:02,
10857,PC-105434,hub_out,RD-131,2026-06-10 20:21:39,
10858,PC-105434,delivered,RD-131,2026-06-12 14:01:58,
10859,PC-105435,hub_out,RD-131,2026-06-10 23:39:45,
10860,PC-105435,delivered,RD-131,2026-06-12 16:19:33,
10861,PC-105436,hub_out,RD-131,2026-06-10 21:46:01,
10862,PC-105436,delivered,RD-131,2026-06-12 09:48:11,
10863,PC-105437,hub_out,RD-131,2026-06-10 23:16:40,
10864,PC-105437,delivered,RD-131,2026-06-12 13:45:02,
10865,PC-105438,hub_out,RD-131,2026-06-11 02:38:34,
10866,PC-105438,delivered,RD-131,2026-06-12 10:48:46,
10867,PC-105439,hub_out,RD-131,2026-06-11 14:28:45,
10868,PC-105439,failed_attempt,RD-131,2026-06-12 13:07:27,shop closed
10869,PC-105440,hub_out,RD-131,2026-06-11 08:53:21,
10870,PC-105440,failed_attempt,RD-131,2026-06-12 13:44:42,shop closed
10871,PC-105441,hub_out,RD-131,2026-06-12 08:24:02,
10872,PC-105441,delivered,RD-131,2026-06-13 09:35:54,
10873,PC-105442,hub_out,RD-131,2026-06-12 10:46:12,
10874,PC-105442,delivered,RD-131,2026-06-13 18:23:36,
10875,PC-105443,hub_out,RD-131,2026-06-12 09:39:12,
10876,PC-105443,delivered,RD-131,2026-06-13 14:35:18,
10877,PC-105444,hub_out,RD-131,2026-06-12 09:55:31,
10878,PC-105444,delivered,RD-131,2026-06-13 19:14:41,
10879,PC-105445,hub_out,RD-131,2026-06-12 02:52:01,
10880,PC-105445,delivered,RD-131,2026-06-13 09:21:00,
10881,PC-105446,hub_out,RD-131,2026-06-12 15:21:22,
10882,PC-105446,delivered,RD-131,2026-06-13 14:38:16,
10883,PC-105447,hub_out,RD-131,2026-06-12 03:25:39,
10884,PC-105447,delivered,RD-131,2026-06-13 14:16:16,
10885,PC-105448,hub_out,RD-131,2026-06-11 21:31:59,
10886,PC-105448,delivered,RD-131,2026-06-13 15:25:32,
10887,PC-105449,hub_out,RD-131,2026-06-12 04:28:49,
10888,PC-105449,delivered,RD-131,2026-06-13 15:21:19,
10889,PC-105450,hub_out,RD-131,2026-06-11 14:50:34,
10890,PC-105450,delivered,RD-131,2026-06-13 12:44:12,
10891,PC-105451,hub_out,RD-131,2026-06-12 05:43:10,
10892,PC-105451,delivered,RD-131,2026-06-13 18:00:09,
10893,PC-105452,hub_out,RD-131,2026-06-11 03:23:56,
10894,PC-105452,delivered,RD-131,2026-06-13 11:37:28,
10895,PC-105453,hub_out,RD-131,2026-06-11 14:27:45,
10896,PC-105453,delivered,RD-131,2026-06-13 11:27:36,
10897,PC-105454,hub_out,RD-131,2026-06-11 16:28:38,
10898,PC-105454,delivered,RD-131,2026-06-13 13:24:24,
10899,PC-105455,hub_out,RD-131,2026-06-11 11:04:47,
10900,PC-105455,delivered,RD-131,2026-06-13 19:58:15,
10901,PC-105456,hub_out,RD-131,2026-06-11 01:51:53,
10902,PC-105456,delivered,RD-131,2026-06-13 09:43:16,
10903,PC-105457,hub_out,RD-131,2026-06-12 22:08:22,
10904,PC-105457,failed_attempt,RD-131,2026-06-13 10:33:54,customer refused
10905,PC-105458,hub_out,RD-131,2026-06-13 00:06:53,
10906,PC-105458,failed_attempt,RD-131,2026-06-13 19:25:41,shop closed
10907,PC-105459,hub_out,RD-131,2026-06-13 09:02:16,
10908,PC-105459,failed_attempt,RD-131,2026-06-13 15:29:49,customer refused
10909,PC-105460,hub_out,RD-131,2026-06-13 18:15:07,
10910,PC-105460,delivered,RD-131,2026-06-15 09:16:38,
10911,PC-105461,hub_out,RD-131,2026-06-14 02:02:33,
10912,PC-105461,delivered,RD-131,2026-06-15 18:11:27,
10913,PC-105462,hub_out,RD-131,2026-06-13 19:49:31,
10914,PC-105462,delivered,RD-131,2026-06-15 16:46:36,
10915,PC-105463,hub_out,RD-131,2026-06-13 11:16:08,
10916,PC-105463,delivered,RD-131,2026-06-15 12:28:20,
10917,PC-105464,hub_out,RD-131,2026-06-14 08:02:54,
10918,PC-105464,delivered,RD-131,2026-06-15 16:13:57,
10919,PC-105465,hub_out,RD-131,2026-06-13 21:58:19,
10920,PC-105465,delivered,RD-131,2026-06-15 13:26:00,
10921,PC-105466,hub_out,RD-131,2026-06-14 04:09:30,
10922,PC-105466,delivered,RD-131,2026-06-15 18:25:50,
10923,PC-105467,hub_out,RD-131,2026-06-14 09:23:56,
10924,PC-105467,delivered,RD-131,2026-06-15 15:52:34,
10925,PC-105468,hub_out,RD-131,2026-06-13 23:05:46,
10926,PC-105468,delivered,RD-131,2026-06-15 17:07:06,
10927,PC-105469,hub_out,RD-131,2026-06-13 00:06:40,
10928,PC-105469,delivered,RD-131,2026-06-15 17:52:31,
10929,PC-105470,hub_out,RD-131,2026-06-13 17:49:46,
10930,PC-105470,delivered,RD-131,2026-06-15 09:04:18,
10931,PC-105471,hub_out,RD-131,2026-06-14 00:05:47,
10932,PC-105471,delivered,RD-131,2026-06-15 16:02:58,
10933,PC-105472,hub_out,RD-131,2026-06-13 15:49:52,
10934,PC-105472,delivered,RD-131,2026-06-15 10:43:16,
10935,PC-105473,hub_out,RD-131,2026-06-14 04:25:20,
10936,PC-105473,delivered,RD-131,2026-06-15 15:30:32,
10937,PC-105474,hub_out,RD-131,2026-06-14 22:45:15,
10938,PC-105474,failed_attempt,RD-131,2026-06-15 16:53:11,cod not ready
10939,PC-105475,hub_out,RD-131,2026-06-14 20:36:57,
10940,PC-105475,failed_attempt,RD-131,2026-06-15 13:35:52,shop closed
10941,PC-105476,hub_out,RD-131,2026-06-15 06:09:57,
10942,PC-105476,failed_attempt,RD-131,2026-06-15 13:16:53,customer refused
10943,PC-105477,hub_out,RD-131,2026-06-14 20:18:44,
10944,PC-105477,failed_attempt,RD-131,2026-06-15 11:02:37,customer unreachable
10945,PC-105478,hub_out,RD-131,2026-06-15 12:54:06,
10946,PC-105478,delivered,RD-131,2026-06-16 16:43:47,
10947,PC-105479,hub_out,RD-131,2026-06-14 18:31:37,
10948,PC-105479,delivered,RD-131,2026-06-16 12:16:51,
10949,PC-105480,hub_out,RD-131,2026-06-14 21:34:06,
10950,PC-105480,delivered,RD-131,2026-06-16 09:08:35,
10951,PC-105481,hub_out,RD-131,2026-06-14 20:59:08,
10952,PC-105481,delivered,RD-131,2026-06-16 10:11:10,
10953,PC-105482,hub_out,RD-131,2026-06-14 06:10:07,
10954,PC-105482,delivered,RD-131,2026-06-16 13:14:42,
10955,PC-105483,hub_out,RD-131,2026-06-14 23:40:14,
10956,PC-105483,delivered,RD-131,2026-06-16 14:33:13,
10957,PC-105484,hub_out,RD-131,2026-06-14 16:00:44,
10958,PC-105484,delivered,RD-131,2026-06-16 13:02:32,
10959,PC-105485,hub_out,RD-131,2026-06-15 06:18:38,
10960,PC-105485,delivered,RD-131,2026-06-16 19:45:45,
10961,PC-105486,hub_out,RD-131,2026-06-14 01:44:18,
10962,PC-105486,delivered,RD-131,2026-06-16 11:44:18,
10963,PC-105487,hub_out,RD-131,2026-06-14 09:03:46,
10964,PC-105487,delivered,RD-131,2026-06-16 09:56:40,
10965,PC-105488,hub_out,RD-131,2026-06-15 06:20:02,
10966,PC-105488,delivered,RD-131,2026-06-16 16:30:18,
10967,PC-105489,hub_out,RD-131,2026-06-16 11:45:12,
10968,PC-105489,failed_attempt,RD-131,2026-06-16 17:13:12,cod not ready
10969,PC-105490,hub_out,RD-131,2026-06-15 20:02:39,
10970,PC-105490,failed_attempt,RD-131,2026-06-16 17:23:38,cod not ready
10971,PC-105491,hub_out,RD-131,2026-06-16 02:17:39,
10972,PC-105491,failed_attempt,RD-131,2026-06-16 19:44:30,customer unreachable
10973,PC-105492,hub_out,RD-131,2026-06-15 11:38:23,
10974,PC-105492,failed_attempt,RD-131,2026-06-16 09:31:08,address not found
10975,PC-105493,hub_out,RD-131,2026-06-15 15:52:46,
10976,PC-105493,delivered,RD-131,2026-06-17 17:50:24,
10977,PC-105494,hub_out,RD-131,2026-06-16 12:03:38,
10978,PC-105494,delivered,RD-131,2026-06-17 13:06:45,
10979,PC-105495,hub_out,RD-131,2026-06-16 08:36:54,
10980,PC-105495,delivered,RD-131,2026-06-17 15:33:34,
10981,PC-105496,hub_out,RD-131,2026-06-16 09:51:26,
10982,PC-105496,delivered,RD-131,2026-06-17 16:54:38,
10983,PC-105497,hub_out,RD-131,2026-06-15 23:09:05,
10984,PC-105497,delivered,RD-131,2026-06-17 10:05:46,
10985,PC-105498,hub_out,RD-131,2026-06-15 10:43:51,
10986,PC-105498,delivered,RD-131,2026-06-17 10:12:29,
10987,PC-105499,hub_out,RD-131,2026-06-15 13:32:34,
10988,PC-105499,delivered,RD-131,2026-06-17 09:46:53,
10989,PC-105500,hub_out,RD-131,2026-06-16 08:08:23,
10990,PC-105500,delivered,RD-131,2026-06-17 15:41:10,
10991,PC-105501,hub_out,RD-131,2026-06-15 19:42:08,
10992,PC-105501,delivered,RD-131,2026-06-17 14:34:21,
10993,PC-105502,hub_out,RD-131,2026-06-15 23:34:18,
10994,PC-105502,delivered,RD-131,2026-06-17 11:02:08,
10995,PC-105503,hub_out,RD-131,2026-06-16 13:32:06,
10996,PC-105503,delivered,RD-131,2026-06-17 17:33:42,
10997,PC-105504,hub_out,RD-131,2026-06-16 15:07:21,
10998,PC-105504,failed_attempt,RD-131,2026-06-17 11:13:26,shop closed
10999,PC-105505,hub_out,RD-131,2026-06-16 11:05:46,
11000,PC-105505,failed_attempt,RD-131,2026-06-17 11:37:56,address not found
11001,PC-105506,hub_out,RD-131,2026-06-15 21:11:51,
11002,PC-105506,delivered,RD-131,2026-06-18 16:51:14,
11003,PC-105507,hub_out,RD-131,2026-06-17 03:42:58,
11004,PC-105507,delivered,RD-131,2026-06-18 15:20:57,
11005,PC-105508,hub_out,RD-131,2026-06-17 15:07:06,
11006,PC-105508,delivered,RD-131,2026-06-18 19:43:29,
11007,PC-105509,hub_out,RD-131,2026-06-17 11:27:39,
11008,PC-105509,delivered,RD-131,2026-06-18 11:10:16,
11009,PC-105510,hub_out,RD-131,2026-06-16 19:04:43,
11010,PC-105510,delivered,RD-131,2026-06-18 14:30:55,
11011,PC-105511,hub_out,RD-131,2026-06-16 18:32:07,
11012,PC-105511,delivered,RD-131,2026-06-18 16:23:30,
11013,PC-105512,hub_out,RD-131,2026-06-16 23:13:01,
11014,PC-105512,delivered,RD-131,2026-06-18 12:42:24,
11015,PC-105513,hub_out,RD-131,2026-06-17 00:38:22,
11016,PC-105513,delivered,RD-131,2026-06-18 14:51:32,
11017,PC-105514,hub_out,RD-131,2026-06-17 05:39:32,
11018,PC-105514,delivered,RD-131,2026-06-18 19:22:15,
11019,PC-105515,hub_out,RD-131,2026-06-16 16:05:18,
11020,PC-105515,delivered,RD-131,2026-06-18 15:17:23,
11021,PC-105516,hub_out,RD-131,2026-06-17 04:17:08,
11022,PC-105516,delivered,RD-131,2026-06-18 18:06:04,
11023,PC-105517,hub_out,RD-131,2026-06-17 05:49:08,
11024,PC-105517,delivered,RD-131,2026-06-18 10:49:49,
11025,PC-105518,hub_out,RD-131,2026-06-16 13:52:35,
11026,PC-105518,delivered,RD-131,2026-06-18 09:37:31,
11027,PC-105519,hub_out,RD-131,2026-06-17 06:01:11,
11028,PC-105519,delivered,RD-131,2026-06-18 09:35:24,
11029,PC-105520,hub_out,RD-131,2026-06-17 18:33:23,
11030,PC-105520,failed_attempt,RD-131,2026-06-18 13:17:40,customer unreachable
11031,PC-105521,hub_out,RD-131,2026-06-18 02:52:15,
11032,PC-105521,failed_attempt,RD-131,2026-06-18 11:43:11,customer refused
11033,PC-105522,hub_out,RD-131,2026-06-18 01:40:46,
11034,PC-105522,failed_attempt,RD-131,2026-06-18 19:37:12,customer refused
11035,PC-105523,hub_out,RD-131,2026-06-19 02:42:02,
11036,PC-105523,delivered,RD-131,2026-06-20 14:24:53,
11037,PC-105524,hub_out,RD-131,2026-06-19 03:37:58,
11038,PC-105524,delivered,RD-131,2026-06-20 09:20:14,
11039,PC-105525,hub_out,RD-131,2026-06-18 17:32:44,
11040,PC-105525,delivered,RD-131,2026-06-20 18:57:06,
11041,PC-105526,hub_out,RD-131,2026-06-19 00:33:51,
11042,PC-105526,delivered,RD-131,2026-06-20 09:45:07,
11043,PC-105527,hub_out,RD-131,2026-06-19 05:05:28,
11044,PC-105527,delivered,RD-131,2026-06-20 17:02:31,
11045,PC-105528,hub_out,RD-131,2026-06-19 07:14:30,
11046,PC-105528,delivered,RD-131,2026-06-20 10:01:33,
11047,PC-105529,hub_out,RD-131,2026-06-19 07:50:15,
11048,PC-105529,delivered,RD-131,2026-06-20 13:04:01,
11049,PC-105530,hub_out,RD-131,2026-06-18 12:07:55,
11050,PC-105530,delivered,RD-131,2026-06-20 09:41:08,
11051,PC-105531,hub_out,RD-131,2026-06-18 22:01:12,
11052,PC-105531,delivered,RD-131,2026-06-20 17:09:41,
11053,PC-105532,hub_out,RD-131,2026-06-19 03:12:23,
11054,PC-105532,delivered,RD-131,2026-06-20 15:26:52,
11055,PC-105533,hub_out,RD-131,2026-06-19 02:42:06,
11056,PC-105533,delivered,RD-131,2026-06-20 18:50:18,
11057,PC-105534,hub_out,RD-131,2026-06-18 16:57:13,
11058,PC-105534,delivered,RD-131,2026-06-20 16:59:44,
11059,PC-105535,hub_out,RD-131,2026-06-19 20:33:03,
11060,PC-105535,failed_attempt,RD-131,2026-06-20 14:49:54,customer unreachable
11061,PC-105536,hub_out,RD-131,2026-06-20 02:18:26,
11062,PC-105536,delivered,RD-131,2026-06-21 16:07:05,
11063,PC-105537,hub_out,RD-131,2026-06-19 20:33:19,
11064,PC-105537,delivered,RD-131,2026-06-21 18:41:18,
11065,PC-105538,hub_out,RD-131,2026-06-19 16:02:56,
11066,PC-105538,delivered,RD-131,2026-06-21 15:27:15,
11067,PC-105539,hub_out,RD-131,2026-06-20 14:18:31,
11068,PC-105539,delivered,RD-131,2026-06-21 13:52:26,
11069,PC-105540,hub_out,RD-131,2026-06-20 13:37:30,
11070,PC-105540,delivered,RD-131,2026-06-21 17:36:34,
11071,PC-105541,hub_out,RD-131,2026-06-20 04:59:52,
11072,PC-105541,delivered,RD-131,2026-06-21 19:31:14,
11073,PC-105542,hub_out,RD-131,2026-06-20 06:07:27,
11074,PC-105542,delivered,RD-131,2026-06-21 14:12:28,
11075,PC-105543,hub_out,RD-131,2026-06-19 21:48:01,
11076,PC-105543,delivered,RD-131,2026-06-21 16:14:02,
11077,PC-105544,hub_out,RD-131,2026-06-20 00:21:50,
11078,PC-105544,delivered,RD-131,2026-06-21 09:09:47,
11079,PC-105545,hub_out,RD-131,2026-06-19 14:55:07,
11080,PC-105545,delivered,RD-131,2026-06-21 12:48:23,
11081,PC-105546,hub_out,RD-131,2026-06-20 08:05:50,
11082,PC-105546,failed_attempt,RD-131,2026-06-21 10:08:01,shop closed
11083,PC-105547,hub_out,RD-131,2026-06-22 03:46:20,
11084,PC-105547,delivered,RD-131,2026-06-23 19:53:31,
11085,PC-105548,hub_out,RD-131,2026-06-22 07:40:13,
11086,PC-105548,delivered,RD-131,2026-06-23 15:44:17,
11087,PC-105549,hub_out,RD-131,2026-06-22 06:41:32,
11088,PC-105549,delivered,RD-131,2026-06-23 19:25:06,
11089,PC-105550,hub_out,RD-131,2026-06-21 19:18:58,
11090,PC-105550,delivered,RD-131,2026-06-23 10:31:41,
11091,PC-105551,hub_out,RD-131,2026-06-22 08:24:14,
11092,PC-105551,delivered,RD-131,2026-06-23 18:35:04,
11093,PC-105552,hub_out,RD-131,2026-06-21 20:54:50,
11094,PC-105552,delivered,RD-131,2026-06-23 10:15:53,
11095,PC-105553,hub_out,RD-131,2026-06-21 22:24:14,
11096,PC-105553,delivered,RD-131,2026-06-23 09:37:34,
11097,PC-105554,hub_out,RD-131,2026-06-21 19:37:03,
11098,PC-105554,delivered,RD-131,2026-06-23 15:20:10,
11099,PC-105555,hub_out,RD-131,2026-06-21 23:28:00,
11100,PC-105555,delivered,RD-131,2026-06-23 12:12:35,
11101,PC-105556,hub_out,RD-131,2026-06-22 17:42:00,
11102,PC-105556,failed_attempt,RD-131,2026-06-23 17:27:20,cod not ready
11103,PC-105557,hub_out,RD-131,2026-06-23 08:14:01,
11104,PC-105557,failed_attempt,RD-131,2026-06-23 13:16:10,shop closed
11105,PC-105558,hub_out,RD-131,2026-06-22 15:03:52,
11106,PC-105558,failed_attempt,RD-131,2026-06-23 18:50:08,address not found
11107,PC-105559,hub_out,RD-131,2026-06-22 20:24:56,
11108,PC-105559,failed_attempt,RD-131,2026-06-23 14:16:07,address not found
11109,PC-105560,hub_out,RD-131,2026-06-22 07:08:47,
11110,PC-105560,delivered,RD-131,2026-06-24 15:30:06,
11111,PC-105561,hub_out,RD-131,2026-06-23 12:19:06,
11112,PC-105561,delivered,RD-131,2026-06-24 14:30:02,
11113,PC-105562,hub_out,RD-131,2026-06-22 22:58:27,
11114,PC-105562,delivered,RD-131,2026-06-24 10:18:58,
11115,PC-105563,hub_out,RD-131,2026-06-23 01:14:08,
11116,PC-105563,delivered,RD-131,2026-06-24 18:16:19,
11117,PC-105564,hub_out,RD-131,2026-06-23 06:09:00,
11118,PC-105564,delivered,RD-131,2026-06-24 18:33:27,
11119,PC-105565,hub_out,RD-131,2026-06-23 05:55:21,
11120,PC-105565,delivered,RD-131,2026-06-24 13:18:02,
11121,PC-105566,hub_out,RD-131,2026-06-23 13:18:02,
11122,PC-105566,delivered,RD-131,2026-06-24 14:01:18,
11123,PC-105567,hub_out,RD-131,2026-06-22 17:15:23,
11124,PC-105567,delivered,RD-131,2026-06-24 09:06:05,
11125,PC-105568,hub_out,RD-131,2026-06-22 19:38:14,
11126,PC-105568,delivered,RD-131,2026-06-24 19:02:37,
11127,PC-105569,hub_out,RD-131,2026-06-23 15:04:39,
11128,PC-105569,delivered,RD-131,2026-06-24 18:39:01,
11129,PC-105570,hub_out,RD-131,2026-06-22 07:34:12,
11130,PC-105570,delivered,RD-131,2026-06-24 12:47:26,
11131,PC-105571,hub_out,RD-131,2026-06-22 15:44:28,
11132,PC-105571,delivered,RD-131,2026-06-24 16:09:36,
11133,PC-105572,hub_out,RD-131,2026-06-22 21:14:25,
11134,PC-105572,delivered,RD-131,2026-06-24 19:06:39,
11135,PC-105573,hub_out,RD-131,2026-06-24 04:38:38,
11136,PC-105573,failed_attempt,RD-131,2026-06-24 19:27:17,customer refused
11137,PC-105574,hub_out,RD-131,2026-06-24 05:31:51,
11138,PC-105574,failed_attempt,RD-131,2026-06-24 18:55:52,address not found
11139,PC-105575,hub_out,RD-131,2026-06-23 18:56:07,
11140,PC-105575,failed_attempt,RD-131,2026-06-24 16:37:08,cod not ready
11141,PC-105576,hub_out,RD-131,2026-06-24 03:35:19,
11142,PC-105576,failed_attempt,RD-131,2026-06-24 11:40:03,customer unreachable
11143,PC-105577,hub_out,RD-131,2026-06-23 16:18:51,
11144,PC-105577,delivered,RD-131,2026-06-25 11:27:09,
11145,PC-105578,hub_out,RD-131,2026-06-23 17:55:32,
11146,PC-105578,delivered,RD-131,2026-06-25 14:35:30,
11147,PC-105579,hub_out,RD-131,2026-06-23 17:40:00,
11148,PC-105579,delivered,RD-131,2026-06-25 11:21:51,
11149,PC-105580,hub_out,RD-131,2026-06-23 23:49:07,
11150,PC-105580,delivered,RD-131,2026-06-25 18:36:10,
11151,PC-105581,hub_out,RD-131,2026-06-24 15:14:43,
11152,PC-105581,delivered,RD-131,2026-06-25 17:20:32,
11153,PC-105582,hub_out,RD-131,2026-06-24 00:42:48,
11154,PC-105582,delivered,RD-131,2026-06-25 09:36:01,
11155,PC-105583,hub_out,RD-131,2026-06-24 11:13:32,
11156,PC-105583,delivered,RD-131,2026-06-25 17:26:36,
11157,PC-105584,hub_out,RD-131,2026-06-24 05:48:32,
11158,PC-105584,delivered,RD-131,2026-06-25 18:05:45,
11159,PC-105585,hub_out,RD-131,2026-06-24 08:54:42,
11160,PC-105585,delivered,RD-131,2026-06-25 14:21:47,
11161,PC-105586,hub_out,RD-131,2026-06-24 03:42:10,
11162,PC-105586,delivered,RD-131,2026-06-25 15:03:29,
11163,PC-105587,hub_out,RD-131,2026-06-23 07:13:06,
11164,PC-105587,delivered,RD-131,2026-06-25 10:43:17,
11165,PC-105588,hub_out,RD-131,2026-06-23 17:08:00,
11166,PC-105588,delivered,RD-131,2026-06-25 17:25:02,
11167,PC-105589,hub_out,RD-131,2026-06-23 20:49:52,
11168,PC-105589,delivered,RD-131,2026-06-25 19:13:01,
11169,PC-105590,hub_out,RD-131,2026-06-23 10:18:43,
11170,PC-105590,delivered,RD-131,2026-06-25 13:38:15,
11171,PC-105591,hub_out,RD-131,2026-06-23 18:48:02,
11172,PC-105591,delivered,RD-131,2026-06-25 09:35:00,
11173,PC-105592,hub_out,RD-131,2026-06-25 00:45:49,
11174,PC-105592,failed_attempt,RD-131,2026-06-25 16:27:01,customer refused
11175,PC-105593,hub_out,RD-131,2026-06-24 22:33:04,
11176,PC-105593,failed_attempt,RD-131,2026-06-25 14:10:00,customer unreachable
11177,PC-105594,hub_out,RD-131,2026-06-24 22:43:43,
11178,PC-105594,delivered,RD-131,2026-06-26 10:54:09,
11179,PC-105595,hub_out,RD-131,2026-06-25 09:21:27,
11180,PC-105595,delivered,RD-131,2026-06-26 14:40:33,
11181,PC-105596,hub_out,RD-131,2026-06-24 20:03:07,
11182,PC-105596,delivered,RD-131,2026-06-26 09:59:28,
11183,PC-105597,hub_out,RD-131,2026-06-25 17:41:25,
11184,PC-105597,delivered,RD-131,2026-06-26 17:16:26,
11185,PC-105598,hub_out,RD-131,2026-06-25 00:59:29,
11186,PC-105598,delivered,RD-131,2026-06-26 19:33:23,
11187,PC-105599,hub_out,RD-131,2026-06-25 03:01:29,
11188,PC-105599,delivered,RD-131,2026-06-26 14:44:33,
11189,PC-105600,hub_out,RD-131,2026-06-25 07:48:36,
11190,PC-105600,delivered,RD-131,2026-06-26 19:57:54,
11191,PC-105601,hub_out,RD-131,2026-06-25 05:48:19,
11192,PC-105601,delivered,RD-131,2026-06-26 16:31:23,
11193,PC-105602,hub_out,RD-131,2026-06-25 13:39:03,
11194,PC-105602,delivered,RD-131,2026-06-26 13:21:08,
11195,PC-105603,hub_out,RD-131,2026-06-24 22:28:26,
11196,PC-105603,delivered,RD-131,2026-06-26 13:42:00,
11197,PC-105604,hub_out,RD-131,2026-06-24 13:50:33,
11198,PC-105604,delivered,RD-131,2026-06-26 18:57:07,
11199,PC-105605,hub_out,RD-131,2026-06-26 01:43:28,
11200,PC-105605,failed_attempt,RD-131,2026-06-26 18:38:07,cod not ready
11201,PC-105606,hub_out,RD-131,2026-06-25 20:48:05,
11202,PC-105606,delivered,RD-131,2026-06-27 11:05:09,
11203,PC-105607,hub_out,RD-131,2026-06-26 04:28:09,
11204,PC-105607,delivered,RD-131,2026-06-27 12:46:32,
11205,PC-105608,hub_out,RD-131,2026-06-25 20:36:45,
11206,PC-105608,delivered,RD-131,2026-06-27 17:14:55,
11207,PC-105609,hub_out,RD-131,2026-06-25 20:56:24,
11208,PC-105609,delivered,RD-131,2026-06-27 14:50:38,
11209,PC-105610,hub_out,RD-131,2026-06-25 23:50:02,
11210,PC-105610,delivered,RD-131,2026-06-27 13:23:06,
11211,PC-105611,hub_out,RD-131,2026-06-25 20:35:32,
11212,PC-105611,delivered,RD-131,2026-06-27 15:49:51,
11213,PC-105612,hub_out,RD-131,2026-06-26 00:38:55,
11214,PC-105612,delivered,RD-131,2026-06-27 10:36:28,
11215,PC-105613,hub_out,RD-131,2026-06-26 06:28:14,
11216,PC-105613,delivered,RD-131,2026-06-27 14:38:59,
11217,PC-105614,hub_out,RD-131,2026-06-25 19:02:44,
11218,PC-105614,delivered,RD-131,2026-06-27 18:31:19,
11219,PC-105615,hub_out,RD-131,2026-06-25 19:38:16,
11220,PC-105615,delivered,RD-131,2026-06-27 14:03:53,
11221,PC-105616,hub_out,RD-131,2026-06-26 08:21:26,
11222,PC-105616,delivered,RD-131,2026-06-27 13:01:53,
11223,PC-105617,hub_out,RD-131,2026-06-26 04:20:30,
11224,PC-105617,delivered,RD-131,2026-06-27 17:18:27,
11225,PC-105618,hub_out,RD-131,2026-06-25 18:21:10,
11226,PC-105618,delivered,RD-131,2026-06-27 12:51:35,
11227,PC-105619,hub_out,RD-131,2026-06-26 02:17:15,
11228,PC-105619,delivered,RD-131,2026-06-27 17:36:45,
11229,PC-105620,hub_out,RD-131,2026-06-25 23:26:52,
11230,PC-105620,delivered,RD-131,2026-06-27 14:11:32,
11231,PC-105621,hub_out,RD-131,2026-06-25 14:10:55,
11232,PC-105621,delivered,RD-131,2026-06-27 10:58:21,
11233,PC-105622,hub_out,RD-131,2026-06-27 01:48:04,
11234,PC-105622,failed_attempt,RD-131,2026-06-27 17:05:58,cod not ready
11235,PC-105623,hub_out,RD-131,2026-06-26 22:45:04,
11236,PC-105623,failed_attempt,RD-131,2026-06-27 11:10:35,cod not ready
11237,PC-105624,hub_out,RD-131,2026-06-26 20:38:56,
11238,PC-105624,delivered,RD-131,2026-06-28 19:04:45,
11239,PC-105625,hub_out,RD-131,2026-06-27 07:55:33,
11240,PC-105625,delivered,RD-131,2026-06-28 13:49:21,
11241,PC-105626,hub_out,RD-131,2026-06-27 06:38:24,
11242,PC-105626,delivered,RD-131,2026-06-28 14:25:46,
11243,PC-105627,hub_out,RD-131,2026-06-26 22:55:11,
11244,PC-105627,delivered,RD-131,2026-06-28 17:16:39,
11245,PC-105628,hub_out,RD-131,2026-06-26 16:43:24,
11246,PC-105628,delivered,RD-131,2026-06-28 14:04:49,
11247,PC-105629,hub_out,RD-131,2026-06-27 01:38:05,
11248,PC-105629,delivered,RD-131,2026-06-28 12:25:42,
11249,PC-105630,hub_out,RD-131,2026-06-26 21:46:16,
11250,PC-105630,delivered,RD-131,2026-06-28 15:15:14,
11251,PC-105631,hub_out,RD-131,2026-06-27 12:49:52,
11252,PC-105631,delivered,RD-131,2026-06-28 19:16:44,
11253,PC-105632,hub_out,RD-131,2026-06-27 04:46:21,
11254,PC-105632,delivered,RD-131,2026-06-28 15:04:16,
11255,PC-105633,hub_out,RD-131,2026-06-26 16:32:56,
11256,PC-105633,delivered,RD-131,2026-06-28 11:11:46,
11257,PC-105634,hub_out,RD-131,2026-06-26 23:45:37,
11258,PC-105634,delivered,RD-131,2026-06-28 17:05:56,
11259,PC-105635,hub_out,RD-131,2026-06-26 21:28:24,
11260,PC-105635,delivered,RD-131,2026-06-28 12:27:39,
11261,PC-105636,hub_out,RD-131,2026-06-27 09:21:52,
11262,PC-105636,delivered,RD-131,2026-06-28 14:35:20,
11263,PC-105637,hub_out,RD-131,2026-06-27 13:38:14,
11264,PC-105637,failed_attempt,RD-131,2026-06-28 12:36:29,customer refused
11265,PC-105638,hub_out,RD-131,2026-06-29 11:01:25,
11266,PC-105638,delivered,RD-131,2026-06-30 09:47:22,
11267,PC-105639,hub_out,RD-131,2026-06-28 16:47:03,
11268,PC-105639,delivered,RD-131,2026-06-30 12:31:31,
11269,PC-105640,hub_out,RD-131,2026-06-29 00:48:03,
11270,PC-105640,delivered,RD-131,2026-06-30 17:53:52,
11271,PC-105641,hub_out,RD-131,2026-06-29 01:12:14,
11272,PC-105641,delivered,RD-131,2026-06-30 09:12:13,
11273,PC-105642,hub_out,RD-131,2026-06-28 23:19:03,
11274,PC-105642,delivered,RD-131,2026-06-30 11:24:04,
11275,PC-105643,hub_out,RD-131,2026-06-29 00:06:12,
11276,PC-105643,delivered,RD-131,2026-06-30 09:31:19,
11277,PC-105644,hub_out,RD-131,2026-06-29 09:07:06,
11278,PC-105644,delivered,RD-131,2026-06-30 17:10:09,
11279,PC-105645,hub_out,RD-131,2026-06-28 17:48:01,
11280,PC-105645,delivered,RD-131,2026-06-30 09:06:15,
11281,PC-105646,hub_out,RD-131,2026-06-29 12:25:56,
11282,PC-105646,delivered,RD-131,2026-06-30 10:45:50,
11283,PC-105647,hub_out,RD-131,2026-06-28 18:42:57,
11284,PC-105647,delivered,RD-131,2026-06-30 16:46:04,
11285,PC-105648,hub_out,RD-131,2026-06-29 08:33:37,
11286,PC-105648,delivered,RD-131,2026-06-30 09:01:55,
11287,PC-105649,hub_out,RD-131,2026-06-29 00:37:09,
11288,PC-105649,delivered,RD-131,2026-06-30 18:22:33,
11289,PC-105650,hub_out,RD-131,2026-06-29 03:42:23,
11290,PC-105650,delivered,RD-131,2026-06-30 18:51:17,
11291,PC-105651,hub_out,RD-131,2026-06-29 03:39:11,
11292,PC-105651,delivered,RD-131,2026-06-30 19:36:00,
11293,PC-105652,hub_out,RD-131,2026-06-28 21:08:32,
11294,PC-105652,delivered,RD-131,2026-06-30 16:08:08,
11295,PC-105653,hub_out,RD-131,2026-06-29 01:24:06,
11296,PC-105653,delivered,RD-131,2026-06-30 18:36:03,
11297,PC-105654,hub_out,RD-131,2026-06-29 10:38:54,
11298,PC-105654,failed_attempt,RD-131,2026-06-30 10:51:26,shop closed
11299,PC-105655,hub_out,RD-131,2026-06-29 18:17:03,
11300,PC-105655,failed_attempt,RD-131,2026-06-30 10:10:08,address not found
11301,PC-105656,hub_out,RD-101,2026-05-31 15:37:39,
11302,PC-105656,delivered,RD-101,2026-06-01 18:09:31,
11303,PC-105657,hub_out,RD-101,2026-05-31 09:39:03,
11304,PC-105657,delivered,RD-101,2026-06-01 19:57:07,
11305,PC-105658,hub_out,RD-101,2026-05-31 15:04:28,
11306,PC-105658,delivered,RD-101,2026-06-01 13:46:35,
11307,PC-105659,hub_out,RD-101,2026-05-31 03:18:58,
11308,PC-105659,delivered,RD-101,2026-06-01 10:53:51,
11309,PC-105660,hub_out,RD-101,2026-05-30 23:35:03,
11310,PC-105660,delivered,RD-101,2026-06-01 12:28:37,
11311,PC-105661,hub_out,RD-101,2026-05-31 10:07:17,
11312,PC-105661,delivered,RD-101,2026-06-01 13:14:56,
11313,PC-105662,hub_out,RD-101,2026-05-31 13:40:10,
11314,PC-105662,delivered,RD-101,2026-06-01 18:03:20,
11315,PC-105663,hub_out,RD-101,2026-05-31 07:05:49,
11316,PC-105663,delivered,RD-101,2026-06-01 10:26:06,
11317,PC-105664,hub_out,RD-101,2026-05-30 20:22:09,
11318,PC-105664,delivered,RD-101,2026-06-01 09:35:52,
11319,PC-105665,hub_out,RD-101,2026-05-30 21:00:52,
11320,PC-105665,delivered,RD-101,2026-06-01 10:54:52,
11321,PC-105666,hub_out,RD-101,2026-06-01 07:07:30,
11322,PC-105666,delivered,RD-101,2026-06-01 18:47:13,
11323,PC-105667,hub_out,RD-101,2026-05-31 12:58:37,
11324,PC-105667,delivered,RD-101,2026-06-01 09:54:54,
11325,PC-105668,hub_out,RD-101,2026-05-31 02:14:27,
11326,PC-105668,delivered,RD-101,2026-06-01 10:22:47,
11327,PC-105669,hub_out,RD-101,2026-05-31 11:18:09,
11328,PC-105669,delivered,RD-101,2026-06-01 16:53:44,
11329,PC-105670,hub_out,RD-101,2026-05-31 09:04:16,
11330,PC-105670,delivered,RD-101,2026-06-01 19:25:19,
11331,PC-105671,hub_out,RD-101,2026-05-30 17:16:27,
11332,PC-105671,delivered,RD-101,2026-06-01 19:08:50,
11333,PC-105672,hub_out,RD-101,2026-05-31 09:59:17,
11334,PC-105672,delivered,RD-101,2026-06-01 12:13:28,
11335,PC-105673,hub_out,RD-101,2026-05-31 06:43:33,
11336,PC-105673,delivered,RD-101,2026-06-01 09:17:59,
11337,PC-105674,hub_out,RD-101,2026-05-31 05:35:36,
11338,PC-105674,delivered,RD-101,2026-06-01 10:38:58,
11339,PC-105675,hub_out,RD-101,2026-06-01 06:56:35,
11340,PC-105675,failed_attempt,RD-101,2026-06-01 17:32:45,shop closed
11341,PC-105676,hub_out,RD-101,2026-06-01 06:49:09,
11342,PC-105676,failed_attempt,RD-101,2026-06-01 16:01:19,cod not ready
11343,PC-105677,hub_out,RD-101,2026-06-01 00:30:44,
11344,PC-105677,failed_attempt,RD-101,2026-06-01 11:15:10,customer refused
11345,PC-105678,hub_out,RD-101,2026-06-01 02:56:29,
11346,PC-105678,delivered,RD-101,2026-06-02 15:07:22,
11347,PC-105679,hub_out,RD-101,2026-06-01 04:37:39,
11348,PC-105679,delivered,RD-101,2026-06-02 12:42:49,
11349,PC-105680,hub_out,RD-101,2026-06-01 05:30:06,
11350,PC-105680,delivered,RD-101,2026-06-02 11:53:22,
11351,PC-105681,hub_out,RD-101,2026-06-01 21:45:32,
11352,PC-105681,delivered,RD-101,2026-06-02 16:55:13,
11353,PC-105682,hub_out,RD-101,2026-06-01 16:36:01,
11354,PC-105682,delivered,RD-101,2026-06-02 18:27:20,
11355,PC-105683,hub_out,RD-101,2026-06-01 03:42:31,
11356,PC-105683,delivered,RD-101,2026-06-02 13:30:33,
11357,PC-105684,hub_out,RD-101,2026-06-01 16:17:51,
11358,PC-105684,delivered,RD-101,2026-06-02 16:42:47,
11359,PC-105685,hub_out,RD-101,2026-05-31 19:52:16,
11360,PC-105685,delivered,RD-101,2026-06-02 12:43:40,
11361,PC-105686,hub_out,RD-101,2026-05-31 21:39:41,
11362,PC-105686,delivered,RD-101,2026-06-02 10:12:19,
11363,PC-105687,hub_out,RD-101,2026-06-01 14:16:44,
11364,PC-105687,delivered,RD-101,2026-06-02 12:04:57,
11365,PC-105688,hub_out,RD-101,2026-06-01 11:25:55,
11366,PC-105688,delivered,RD-101,2026-06-02 18:36:27,
11367,PC-105689,hub_out,RD-101,2026-06-01 10:15:20,
11368,PC-105689,delivered,RD-101,2026-06-02 13:24:11,
11369,PC-105690,hub_out,RD-101,2026-06-01 13:24:01,
11370,PC-105690,delivered,RD-101,2026-06-02 19:35:58,
11371,PC-105691,hub_out,RD-101,2026-06-01 02:48:57,
11372,PC-105691,delivered,RD-101,2026-06-02 10:38:24,
11373,PC-105692,hub_out,RD-101,2026-06-01 16:52:41,
11374,PC-105692,delivered,RD-101,2026-06-02 14:32:32,
11375,PC-105693,hub_out,RD-101,2026-06-01 11:12:28,
11376,PC-105693,delivered,RD-101,2026-06-02 11:12:51,
11377,PC-105694,hub_out,RD-101,2026-06-01 22:58:29,
11378,PC-105694,delivered,RD-101,2026-06-02 15:36:31,
11379,PC-105695,hub_out,RD-101,2026-05-31 21:45:31,
11380,PC-105695,delivered,RD-101,2026-06-02 12:13:39,
11381,PC-105696,hub_out,RD-101,2026-06-02 03:38:57,
11382,PC-105696,delivered,RD-101,2026-06-02 17:17:08,
11383,PC-105697,hub_out,RD-101,2026-06-01 02:37:46,
11384,PC-105697,delivered,RD-101,2026-06-02 12:41:47,
11385,PC-105698,hub_out,RD-101,2026-06-01 12:30:26,
11386,PC-105698,delivered,RD-101,2026-06-02 15:10:51,
11387,PC-105699,hub_out,RD-101,2026-05-31 14:25:38,
11388,PC-105699,delivered,RD-101,2026-06-02 11:50:06,
11389,PC-105700,hub_out,RD-101,2026-05-31 21:33:21,
11390,PC-105700,delivered,RD-101,2026-06-02 14:12:45,
11391,PC-105701,hub_out,RD-101,2026-06-02 06:54:15,
11392,PC-105701,failed_attempt,RD-101,2026-06-02 19:03:48,address not found
11393,PC-105702,hub_out,RD-101,2026-06-01 13:16:09,
11394,PC-105702,failed_attempt,RD-101,2026-06-02 15:44:57,shop closed
11395,PC-105703,hub_out,RD-101,2026-06-01 21:20:21,
11396,PC-105703,failed_attempt,RD-101,2026-06-02 15:55:54,cod not ready
11397,PC-105704,hub_out,RD-101,2026-06-02 22:33:37,
11398,PC-105704,delivered,RD-101,2026-06-04 12:34:35,
11399,PC-105705,hub_out,RD-101,2026-06-03 06:01:13,
11400,PC-105705,delivered,RD-101,2026-06-04 15:30:18,
11401,PC-105706,hub_out,RD-101,2026-06-03 09:19:58,
11402,PC-105706,delivered,RD-101,2026-06-04 15:31:12,
11403,PC-105707,hub_out,RD-101,2026-06-03 02:12:10,
11404,PC-105707,delivered,RD-101,2026-06-04 16:50:19,
11405,PC-105708,hub_out,RD-101,2026-06-03 07:27:16,
11406,PC-105708,delivered,RD-101,2026-06-04 18:49:50,
11407,PC-105709,hub_out,RD-101,2026-06-02 22:33:01,
11408,PC-105709,delivered,RD-101,2026-06-04 16:35:20,
11409,PC-105710,hub_out,RD-101,2026-06-03 00:11:46,
11410,PC-105710,delivered,RD-101,2026-06-04 11:38:03,
11411,PC-105711,hub_out,RD-101,2026-06-03 05:11:32,
11412,PC-105711,delivered,RD-101,2026-06-04 12:52:51,
11413,PC-105712,hub_out,RD-101,2026-06-03 17:05:05,
11414,PC-105712,delivered,RD-101,2026-06-04 13:04:06,
11415,PC-105713,hub_out,RD-101,2026-06-03 21:20:35,
11416,PC-105713,delivered,RD-101,2026-06-04 18:24:22,
11417,PC-105714,hub_out,RD-101,2026-06-03 12:15:39,
11418,PC-105714,delivered,RD-101,2026-06-04 15:29:48,
11419,PC-105715,hub_out,RD-101,2026-06-03 13:25:19,
11420,PC-105715,delivered,RD-101,2026-06-04 18:41:48,
11421,PC-105716,hub_out,RD-101,2026-06-02 19:38:30,
11422,PC-105716,delivered,RD-101,2026-06-04 14:07:32,
11423,PC-105717,hub_out,RD-101,2026-06-03 17:57:15,
11424,PC-105717,delivered,RD-101,2026-06-04 13:59:53,
11425,PC-105718,hub_out,RD-101,2026-06-03 16:26:12,
11426,PC-105718,delivered,RD-101,2026-06-04 15:49:22,
11427,PC-105719,hub_out,RD-101,2026-06-03 03:46:02,
11428,PC-105719,delivered,RD-101,2026-06-04 15:29:59,
11429,PC-105720,hub_out,RD-101,2026-06-02 14:57:15,
11430,PC-105720,delivered,RD-101,2026-06-04 11:32:30,
11431,PC-105721,hub_out,RD-101,2026-06-03 04:55:32,
11432,PC-105721,delivered,RD-101,2026-06-04 09:33:55,
11433,PC-105722,hub_out,RD-101,2026-06-03 16:26:38,
11434,PC-105722,delivered,RD-101,2026-06-04 14:45:19,
11435,PC-105723,hub_out,RD-101,2026-06-03 01:31:05,
11436,PC-105723,delivered,RD-101,2026-06-04 11:41:10,
11437,PC-105724,hub_out,RD-101,2026-06-03 12:26:22,
11438,PC-105724,delivered,RD-101,2026-06-04 19:14:52,
11439,PC-105725,hub_out,RD-101,2026-06-03 22:00:20,
11440,PC-105725,failed_attempt,RD-101,2026-06-04 13:15:46,shop closed
11441,PC-105726,hub_out,RD-101,2026-06-03 19:10:16,
11442,PC-105726,failed_attempt,RD-101,2026-06-04 15:16:17,cod not ready
11443,PC-105727,hub_out,RD-101,2026-06-04 02:08:47,
11444,PC-105727,failed_attempt,RD-101,2026-06-04 18:19:09,customer refused
11445,PC-105728,hub_out,RD-101,2026-06-04 01:00:15,
11446,PC-105728,delivered,RD-101,2026-06-05 18:06:15,
11447,PC-105729,hub_out,RD-101,2026-06-04 14:23:54,
11448,PC-105729,delivered,RD-101,2026-06-05 16:17:50,
11449,PC-105730,hub_out,RD-101,2026-06-04 12:46:56,
11450,PC-105730,delivered,RD-101,2026-06-05 12:10:46,
11451,PC-105731,hub_out,RD-101,2026-06-04 08:01:06,
11452,PC-105731,delivered,RD-101,2026-06-05 12:07:07,
11453,PC-105732,hub_out,RD-101,2026-06-03 14:19:33,
11454,PC-105732,delivered,RD-101,2026-06-05 09:16:36,
11455,PC-105733,hub_out,RD-101,2026-06-04 10:43:37,
11456,PC-105733,delivered,RD-101,2026-06-05 15:25:20,
11457,PC-105734,hub_out,RD-101,2026-06-04 12:36:33,
11458,PC-105734,delivered,RD-101,2026-06-05 15:35:34,
11459,PC-105735,hub_out,RD-101,2026-06-03 23:40:09,
11460,PC-105735,delivered,RD-101,2026-06-05 11:49:08,
11461,PC-105736,hub_out,RD-101,2026-06-04 02:12:56,
11462,PC-105736,delivered,RD-101,2026-06-05 09:57:33,
11463,PC-105737,hub_out,RD-101,2026-06-04 12:38:06,
11464,PC-105737,delivered,RD-101,2026-06-05 13:40:23,
11465,PC-105738,hub_out,RD-101,2026-06-03 18:01:31,
11466,PC-105738,delivered,RD-101,2026-06-05 10:15:50,
11467,PC-105739,hub_out,RD-101,2026-06-03 23:29:29,
11468,PC-105739,delivered,RD-101,2026-06-05 13:27:31,
11469,PC-105740,hub_out,RD-101,2026-06-04 08:29:02,
11470,PC-105740,delivered,RD-101,2026-06-05 15:19:30,
11471,PC-105741,hub_out,RD-101,2026-06-03 23:01:26,
11472,PC-105741,delivered,RD-101,2026-06-05 10:09:30,
11473,PC-105742,hub_out,RD-101,2026-06-04 06:53:20,
11474,PC-105742,delivered,RD-101,2026-06-05 18:10:30,
11475,PC-105743,hub_out,RD-101,2026-06-04 17:54:47,
11476,PC-105743,delivered,RD-101,2026-06-05 19:33:05,
11477,PC-105744,hub_out,RD-101,2026-06-03 15:43:25,
11478,PC-105744,delivered,RD-101,2026-06-05 10:32:48,
11479,PC-105745,hub_out,RD-101,2026-06-04 05:28:54,
11480,PC-105745,delivered,RD-101,2026-06-05 13:42:49,
11481,PC-105746,hub_out,RD-101,2026-06-04 04:26:17,
11482,PC-105746,delivered,RD-101,2026-06-05 11:27:17,
11483,PC-105747,hub_out,RD-101,2026-06-04 15:19:12,
11484,PC-105747,delivered,RD-101,2026-06-05 13:35:49,
11485,PC-105748,hub_out,RD-101,2026-06-03 17:52:13,
11486,PC-105748,delivered,RD-101,2026-06-05 15:21:58,
11487,PC-105749,hub_out,RD-101,2026-06-04 14:22:39,
11488,PC-105749,delivered,RD-101,2026-06-05 16:39:20,
11489,PC-105750,hub_out,RD-101,2026-06-04 23:55:16,
11490,PC-105750,failed_attempt,RD-101,2026-06-05 18:36:10,cod not ready
11491,PC-105751,hub_out,RD-101,2026-06-05 05:45:20,
11492,PC-105751,delivered,RD-101,2026-06-06 14:48:39,
11493,PC-105752,hub_out,RD-101,2026-06-05 02:20:13,
11494,PC-105752,delivered,RD-101,2026-06-06 12:54:03,
11495,PC-105753,hub_out,RD-101,2026-06-05 12:58:53,
11496,PC-105753,delivered,RD-101,2026-06-06 16:13:43,
11497,PC-105754,hub_out,RD-101,2026-06-05 21:02:17,
11498,PC-105754,delivered,RD-101,2026-06-06 17:37:10,
11499,PC-105755,hub_out,RD-101,2026-06-05 04:34:37,
11500,PC-105755,delivered,RD-101,2026-06-06 09:15:23,
11501,PC-105756,hub_out,RD-101,2026-06-05 05:38:57,
11502,PC-105756,delivered,RD-101,2026-06-06 15:17:40,
11503,PC-105757,hub_out,RD-101,2026-06-05 15:33:57,
11504,PC-105757,delivered,RD-101,2026-06-06 12:44:49,
11505,PC-105758,hub_out,RD-101,2026-06-05 19:22:49,
11506,PC-105758,delivered,RD-101,2026-06-06 18:43:24,
11507,PC-105759,hub_out,RD-101,2026-06-04 22:50:14,
11508,PC-105759,delivered,RD-101,2026-06-06 19:13:25,
11509,PC-105760,hub_out,RD-101,2026-06-04 16:04:49,
11510,PC-105760,delivered,RD-101,2026-06-06 14:48:13,
11511,PC-105761,hub_out,RD-101,2026-06-04 18:51:08,
11512,PC-105761,delivered,RD-101,2026-06-06 15:03:14,
11513,PC-105762,hub_out,RD-101,2026-06-05 03:07:57,
11514,PC-105762,delivered,RD-101,2026-06-06 17:51:31,
11515,PC-105763,hub_out,RD-101,2026-06-05 09:04:27,
11516,PC-105763,delivered,RD-101,2026-06-06 16:09:37,
11517,PC-105764,hub_out,RD-101,2026-06-04 20:52:30,
11518,PC-105764,delivered,RD-101,2026-06-06 10:59:52,
11519,PC-105765,hub_out,RD-101,2026-06-05 05:35:01,
11520,PC-105765,delivered,RD-101,2026-06-06 18:03:27,
11521,PC-105766,hub_out,RD-101,2026-06-04 23:12:52,
11522,PC-105766,delivered,RD-101,2026-06-06 17:10:19,
11523,PC-105767,hub_out,RD-101,2026-06-05 16:37:46,
11524,PC-105767,delivered,RD-101,2026-06-06 19:39:58,
11525,PC-105768,hub_out,RD-101,2026-06-05 04:42:28,
11526,PC-105768,delivered,RD-101,2026-06-06 09:56:45,
11527,PC-105769,hub_out,RD-101,2026-06-05 10:44:46,
11528,PC-105769,delivered,RD-101,2026-06-06 19:14:33,
11529,PC-105770,hub_out,RD-101,2026-06-05 05:41:21,
11530,PC-105770,delivered,RD-101,2026-06-06 19:10:50,
11531,PC-105771,hub_out,RD-101,2026-06-05 19:42:12,
11532,PC-105771,failed_attempt,RD-101,2026-06-06 17:01:50,customer refused
11533,PC-105772,hub_out,RD-101,2026-06-05 15:08:58,
11534,PC-105772,failed_attempt,RD-101,2026-06-06 09:45:35,cod not ready
11535,PC-105773,hub_out,RD-101,2026-06-06 02:52:35,
11536,PC-105773,failed_attempt,RD-101,2026-06-06 14:40:29,shop closed
11537,PC-105774,hub_out,RD-101,2026-06-06 03:09:22,
11538,PC-105774,failed_attempt,RD-101,2026-06-06 19:51:49,customer unreachable
11539,PC-105775,hub_out,RD-101,2026-06-06 06:23:50,
11540,PC-105775,delivered,RD-101,2026-06-07 17:06:53,
11541,PC-105776,hub_out,RD-101,2026-06-06 00:59:03,
11542,PC-105776,delivered,RD-101,2026-06-07 13:25:45,
11543,PC-105777,hub_out,RD-101,2026-06-06 10:22:23,
11544,PC-105777,delivered,RD-101,2026-06-07 19:28:04,
11545,PC-105778,hub_out,RD-101,2026-06-06 08:12:42,
11546,PC-105778,delivered,RD-101,2026-06-07 15:59:19,
11547,PC-105779,hub_out,RD-101,2026-06-05 23:40:54,
11548,PC-105779,delivered,RD-101,2026-06-07 09:52:36,
11549,PC-105780,hub_out,RD-101,2026-06-05 23:35:32,
11550,PC-105780,delivered,RD-101,2026-06-07 12:43:47,
11551,PC-105781,hub_out,RD-101,2026-06-06 10:10:40,
11552,PC-105781,delivered,RD-101,2026-06-07 10:07:29,
11553,PC-105782,hub_out,RD-101,2026-06-06 06:04:48,
11554,PC-105782,delivered,RD-101,2026-06-07 12:34:04,
11555,PC-105783,hub_out,RD-101,2026-06-06 06:46:42,
11556,PC-105783,delivered,RD-101,2026-06-07 18:31:31,
11557,PC-105784,hub_out,RD-101,2026-06-06 03:01:39,
11558,PC-105784,delivered,RD-101,2026-06-07 10:17:49,
11559,PC-105785,hub_out,RD-101,2026-06-06 14:20:25,
11560,PC-105785,delivered,RD-101,2026-06-07 14:46:56,
11561,PC-105786,hub_out,RD-101,2026-06-07 01:33:22,
11562,PC-105786,delivered,RD-101,2026-06-07 17:46:45,
11563,PC-105787,hub_out,RD-101,2026-06-06 08:03:01,
11564,PC-105787,delivered,RD-101,2026-06-07 11:06:32,
11565,PC-105788,hub_out,RD-101,2026-06-06 06:34:58,
11566,PC-105788,delivered,RD-101,2026-06-07 10:25:51,
11567,PC-105789,hub_out,RD-101,2026-06-06 01:32:45,
11568,PC-105789,delivered,RD-101,2026-06-07 09:35:45,
11569,PC-105790,hub_out,RD-101,2026-06-05 20:29:32,
11570,PC-105790,delivered,RD-101,2026-06-07 12:16:34,
11571,PC-105791,hub_out,RD-101,2026-06-06 13:20:01,
11572,PC-105791,delivered,RD-101,2026-06-07 09:52:14,
11573,PC-105792,hub_out,RD-101,2026-06-06 10:55:03,
11574,PC-105792,delivered,RD-101,2026-06-07 17:13:50,
11575,PC-105793,hub_out,RD-101,2026-06-07 01:25:20,
11576,PC-105793,failed_attempt,RD-101,2026-06-07 13:48:18,shop closed
11577,PC-105794,hub_out,RD-101,2026-06-06 22:23:42,
11578,PC-105794,failed_attempt,RD-101,2026-06-07 17:16:23,customer refused
11579,PC-105795,hub_out,RD-101,2026-06-06 20:22:23,
11580,PC-105795,failed_attempt,RD-101,2026-06-07 14:20:56,shop closed
11581,PC-105796,hub_out,RD-101,2026-06-08 07:09:58,
11582,PC-105796,delivered,RD-101,2026-06-09 13:36:58,
11583,PC-105797,hub_out,RD-101,2026-06-07 21:49:27,
11584,PC-105797,delivered,RD-101,2026-06-09 10:55:39,
11585,PC-105798,hub_out,RD-101,2026-06-08 14:25:55,
11586,PC-105798,delivered,RD-101,2026-06-09 15:27:32,
11587,PC-105799,hub_out,RD-101,2026-06-07 17:55:02,
11588,PC-105799,delivered,RD-101,2026-06-09 10:29:45,
11589,PC-105800,hub_out,RD-101,2026-06-08 15:13:28,
11590,PC-105800,delivered,RD-101,2026-06-09 18:56:52,
11591,PC-105801,hub_out,RD-101,2026-06-08 01:00:46,
11592,PC-105801,delivered,RD-101,2026-06-09 17:13:32,
11593,PC-105802,hub_out,RD-101,2026-06-08 05:21:03,
11594,PC-105802,delivered,RD-101,2026-06-09 09:49:57,
11595,PC-105803,hub_out,RD-101,2026-06-08 12:21:23,
11596,PC-105803,delivered,RD-101,2026-06-09 14:52:49,
11597,PC-105804,hub_out,RD-101,2026-06-07 20:44:49,
11598,PC-105804,delivered,RD-101,2026-06-09 14:15:15,
11599,PC-105805,hub_out,RD-101,2026-06-07 18:52:27,
11600,PC-105805,delivered,RD-101,2026-06-09 11:48:46,
11601,PC-105806,hub_out,RD-101,2026-06-08 06:08:03,
11602,PC-105806,delivered,RD-101,2026-06-09 16:13:06,
11603,PC-105807,hub_out,RD-101,2026-06-07 10:06:41,
11604,PC-105807,delivered,RD-101,2026-06-09 14:33:17,
11605,PC-105808,hub_out,RD-101,2026-06-08 11:19:24,
11606,PC-105808,delivered,RD-101,2026-06-09 11:42:32,
11607,PC-105809,hub_out,RD-101,2026-06-08 01:17:08,
11608,PC-105809,delivered,RD-101,2026-06-09 12:34:31,
11609,PC-105810,hub_out,RD-101,2026-06-08 00:48:10,
11610,PC-105810,delivered,RD-101,2026-06-09 16:21:01,
11611,PC-105811,hub_out,RD-101,2026-06-08 00:09:02,
11612,PC-105811,delivered,RD-101,2026-06-09 14:02:09,
11613,PC-105812,hub_out,RD-101,2026-06-08 06:47:39,
11614,PC-105812,delivered,RD-101,2026-06-09 19:35:27,
11615,PC-105813,hub_out,RD-101,2026-06-08 08:09:57,
11616,PC-105813,failed_attempt,RD-101,2026-06-09 09:56:29,customer unreachable
11617,PC-105814,hub_out,RD-101,2026-06-09 02:13:05,
11618,PC-105814,failed_attempt,RD-101,2026-06-09 13:01:44,address not found
11619,PC-105815,hub_out,RD-101,2026-06-08 13:10:16,
11620,PC-105815,failed_attempt,RD-101,2026-06-09 10:38:34,customer unreachable
11621,PC-105816,hub_out,RD-101,2026-06-12 00:02:32,
11622,PC-105816,delivered,RD-101,2026-06-12 15:22:35,
11623,PC-105817,hub_out,RD-101,2026-06-11 07:14:37,
11624,PC-105817,delivered,RD-101,2026-06-12 09:05:09,
11625,PC-105818,hub_out,RD-101,2026-06-11 10:05:12,
11626,PC-105818,delivered,RD-101,2026-06-12 19:44:31,
11627,PC-105819,hub_out,RD-101,2026-06-11 02:45:21,
11628,PC-105819,delivered,RD-101,2026-06-12 17:53:34,
11629,PC-105820,hub_out,RD-101,2026-06-11 10:43:50,
11630,PC-105820,delivered,RD-101,2026-06-12 15:33:17,
11631,PC-105821,hub_out,RD-101,2026-06-10 21:28:16,
11632,PC-105821,delivered,RD-101,2026-06-12 13:51:49,
11633,PC-105822,hub_out,RD-101,2026-06-10 22:22:20,
11634,PC-105822,delivered,RD-101,2026-06-12 11:04:42,
11635,PC-105823,hub_out,RD-101,2026-06-11 06:58:35,
11636,PC-105823,delivered,RD-101,2026-06-12 14:50:39,
11637,PC-105824,hub_out,RD-101,2026-06-11 02:12:15,
11638,PC-105824,delivered,RD-101,2026-06-12 16:59:46,
11639,PC-105825,hub_out,RD-101,2026-06-11 05:29:56,
11640,PC-105825,delivered,RD-101,2026-06-12 10:19:02,
11641,PC-105826,hub_out,RD-101,2026-06-11 06:47:21,
11642,PC-105826,delivered,RD-101,2026-06-12 13:54:59,
11643,PC-105827,hub_out,RD-101,2026-06-11 06:58:44,
11644,PC-105827,delivered,RD-101,2026-06-12 16:47:31,
11645,PC-105828,hub_out,RD-101,2026-06-11 21:48:05,
11646,PC-105828,delivered,RD-101,2026-06-12 18:50:37,
11647,PC-105829,hub_out,RD-101,2026-06-11 11:11:54,
11648,PC-105829,delivered,RD-101,2026-06-12 10:48:52,
11649,PC-105830,hub_out,RD-101,2026-06-11 10:43:15,
11650,PC-105830,delivered,RD-101,2026-06-12 17:42:04,
11651,PC-105831,hub_out,RD-101,2026-06-11 12:20:26,
11652,PC-105831,delivered,RD-101,2026-06-12 12:47:27,
11653,PC-105832,hub_out,RD-101,2026-06-11 06:06:09,
11654,PC-105832,delivered,RD-101,2026-06-12 10:39:45,
11655,PC-105833,hub_out,RD-101,2026-06-11 00:26:49,
11656,PC-105833,delivered,RD-101,2026-06-12 17:58:53,
11657,PC-105834,hub_out,RD-101,2026-06-11 05:50:38,
11658,PC-105834,delivered,RD-101,2026-06-12 09:09:18,
11659,PC-105835,hub_out,RD-101,2026-06-12 03:33:32,
11660,PC-105835,failed_attempt,RD-101,2026-06-12 19:15:06,address not found
11661,PC-105836,hub_out,RD-101,2026-06-13 16:59:46,
11662,PC-105836,delivered,RD-101,2026-06-14 15:12:07,
11663,PC-105837,hub_out,RD-101,2026-06-12 11:45:50,
11664,PC-105837,delivered,RD-101,2026-06-14 11:43:11,
11665,PC-105838,hub_out,RD-101,2026-06-13 02:57:17,
11666,PC-105838,delivered,RD-101,2026-06-14 12:36:43,
11667,PC-105839,hub_out,RD-101,2026-06-13 14:18:12,
11668,PC-105839,delivered,RD-101,2026-06-14 19:32:32,
11669,PC-105840,hub_out,RD-101,2026-06-14 04:04:34,
11670,PC-105840,delivered,RD-101,2026-06-14 19:59:43,
11671,PC-105841,hub_out,RD-101,2026-06-13 23:05:14,
11672,PC-105841,delivered,RD-101,2026-06-14 19:29:08,
11673,PC-105842,hub_out,RD-101,2026-06-13 10:15:20,
11674,PC-105842,delivered,RD-101,2026-06-14 15:16:20,
11675,PC-105843,hub_out,RD-101,2026-06-13 00:21:30,
11676,PC-105843,delivered,RD-101,2026-06-14 17:28:36,
11677,PC-105844,hub_out,RD-101,2026-06-12 21:52:31,
11678,PC-105844,delivered,RD-101,2026-06-14 09:57:06,
11679,PC-105845,hub_out,RD-101,2026-06-13 01:09:53,
11680,PC-105845,delivered,RD-101,2026-06-14 16:54:51,
11681,PC-105846,hub_out,RD-101,2026-06-13 20:26:13,
11682,PC-105846,delivered,RD-101,2026-06-14 14:47:24,
11683,PC-105847,hub_out,RD-101,2026-06-12 23:26:58,
11684,PC-105847,delivered,RD-101,2026-06-14 15:03:09,
11685,PC-105848,hub_out,RD-101,2026-06-13 20:06:23,
11686,PC-105848,delivered,RD-101,2026-06-14 13:33:24,
11687,PC-105849,hub_out,RD-101,2026-06-12 14:25:06,
11688,PC-105849,delivered,RD-101,2026-06-14 09:21:11,
11689,PC-105850,hub_out,RD-101,2026-06-13 02:12:14,
11690,PC-105850,delivered,RD-101,2026-06-14 15:06:55,
11691,PC-105851,hub_out,RD-101,2026-06-13 04:47:50,
11692,PC-105851,delivered,RD-101,2026-06-14 18:13:22,
11693,PC-105852,hub_out,RD-101,2026-06-13 23:09:07,
11694,PC-105852,delivered,RD-101,2026-06-14 11:17:19,
11695,PC-105853,hub_out,RD-101,2026-06-12 23:58:46,
11696,PC-105853,delivered,RD-101,2026-06-14 14:37:32,
11697,PC-105854,hub_out,RD-101,2026-06-14 03:17:58,
11698,PC-105854,delivered,RD-101,2026-06-14 15:15:58,
11699,PC-105855,hub_out,RD-101,2026-06-14 04:58:04,
11700,PC-105855,failed_attempt,RD-101,2026-06-14 15:38:33,address not found
11701,PC-105856,hub_out,RD-101,2026-06-14 13:35:17,
11702,PC-105856,failed_attempt,RD-101,2026-06-14 18:58:19,shop closed
11703,PC-105857,hub_out,RD-101,2026-06-13 20:28:59,
11704,PC-105857,failed_attempt,RD-101,2026-06-14 09:05:03,address not found
11705,PC-105858,hub_out,RD-101,2026-06-13 14:44:59,
11706,PC-105858,failed_attempt,RD-101,2026-06-14 13:06:30,cod not ready
11707,PC-105859,hub_out,RD-101,2026-06-14 05:32:51,
11708,PC-105859,delivered,RD-101,2026-06-15 09:49:09,
11709,PC-105860,hub_out,RD-101,2026-06-13 19:35:00,
11710,PC-105860,delivered,RD-101,2026-06-15 13:02:05,
11711,PC-105861,hub_out,RD-101,2026-06-14 16:43:56,
11712,PC-105861,delivered,RD-101,2026-06-15 16:43:51,
11713,PC-105862,hub_out,RD-101,2026-06-14 04:23:12,
11714,PC-105862,delivered,RD-101,2026-06-15 09:40:53,
11715,PC-105863,hub_out,RD-101,2026-06-14 11:06:51,
11716,PC-105863,delivered,RD-101,2026-06-15 19:08:15,
11717,PC-105864,hub_out,RD-101,2026-06-14 22:22:25,
11718,PC-105864,delivered,RD-101,2026-06-15 12:05:32,
11719,PC-105865,hub_out,RD-101,2026-06-14 14:18:00,
11720,PC-105865,delivered,RD-101,2026-06-15 17:11:08,
11721,PC-105866,hub_out,RD-101,2026-06-14 15:35:58,
11722,PC-105866,delivered,RD-101,2026-06-15 12:45:58,
11723,PC-105867,hub_out,RD-101,2026-06-14 18:20:47,
11724,PC-105867,delivered,RD-101,2026-06-15 16:03:12,
11725,PC-105868,hub_out,RD-101,2026-06-14 08:41:23,
11726,PC-105868,delivered,RD-101,2026-06-15 10:13:44,
11727,PC-105869,hub_out,RD-101,2026-06-14 00:17:07,
11728,PC-105869,delivered,RD-101,2026-06-15 13:25:32,
11729,PC-105870,hub_out,RD-101,2026-06-14 14:17:11,
11730,PC-105870,delivered,RD-101,2026-06-15 18:25:59,
11731,PC-105871,hub_out,RD-101,2026-06-14 07:57:01,
11732,PC-105871,delivered,RD-101,2026-06-15 09:52:29,
11733,PC-105872,hub_out,RD-101,2026-06-14 11:23:24,
11734,PC-105872,delivered,RD-101,2026-06-15 19:57:15,
11735,PC-105873,hub_out,RD-101,2026-06-13 23:49:58,
11736,PC-105873,delivered,RD-101,2026-06-15 13:45:23,
11737,PC-105874,hub_out,RD-101,2026-06-14 00:27:40,
11738,PC-105874,delivered,RD-101,2026-06-15 10:36:46,
11739,PC-105875,hub_out,RD-101,2026-06-14 22:07:28,
11740,PC-105875,delivered,RD-101,2026-06-15 15:23:47,
11741,PC-105876,hub_out,RD-101,2026-06-15 02:21:04,
11742,PC-105876,failed_attempt,RD-101,2026-06-15 16:19:52,shop closed
11743,PC-105877,hub_out,RD-101,2026-06-14 22:01:42,
11744,PC-105877,failed_attempt,RD-101,2026-06-15 09:22:26,address not found
11745,PC-105878,hub_out,RD-101,2026-06-14 16:15:08,
11746,PC-105878,failed_attempt,RD-101,2026-06-15 19:06:48,shop closed
11747,PC-105879,hub_out,RD-101,2026-06-15 11:59:41,
11748,PC-105879,failed_attempt,RD-101,2026-06-15 18:50:36,cod not ready
11749,PC-105880,hub_out,RD-101,2026-06-16 06:48:55,
11750,PC-105880,delivered,RD-101,2026-06-17 14:07:29,
11751,PC-105881,hub_out,RD-101,2026-06-16 07:47:23,
11752,PC-105881,delivered,RD-101,2026-06-17 16:02:10,
11753,PC-105882,hub_out,RD-101,2026-06-16 17:00:58,
11754,PC-105882,delivered,RD-101,2026-06-17 15:31:15,
11755,PC-105883,hub_out,RD-101,2026-06-16 04:17:01,
11756,PC-105883,delivered,RD-101,2026-06-17 13:54:40,
11757,PC-105884,hub_out,RD-101,2026-06-15 19:15:45,
11758,PC-105884,delivered,RD-101,2026-06-17 12:05:34,
11759,PC-105885,hub_out,RD-101,2026-06-16 11:25:25,
11760,PC-105885,delivered,RD-101,2026-06-17 14:57:12,
11761,PC-105886,hub_out,RD-101,2026-06-16 17:23:47,
11762,PC-105886,delivered,RD-101,2026-06-17 14:22:48,
11763,PC-105887,hub_out,RD-101,2026-06-16 10:20:24,
11764,PC-105887,delivered,RD-101,2026-06-17 10:30:28,
11765,PC-105888,hub_out,RD-101,2026-06-16 08:08:59,
11766,PC-105888,delivered,RD-101,2026-06-17 11:07:31,
11767,PC-105889,hub_out,RD-101,2026-06-16 06:26:12,
11768,PC-105889,delivered,RD-101,2026-06-17 19:02:30,
11769,PC-105890,hub_out,RD-101,2026-06-16 11:29:30,
11770,PC-105890,delivered,RD-101,2026-06-17 16:22:48,
11771,PC-105891,hub_out,RD-101,2026-06-16 05:19:04,
11772,PC-105891,delivered,RD-101,2026-06-17 11:13:58,
11773,PC-105892,hub_out,RD-101,2026-06-16 05:38:12,
11774,PC-105892,delivered,RD-101,2026-06-17 17:13:16,
11775,PC-105893,hub_out,RD-101,2026-06-16 12:45:17,
11776,PC-105893,delivered,RD-101,2026-06-17 15:21:12,
11777,PC-105894,hub_out,RD-101,2026-06-16 13:24:40,
11778,PC-105894,delivered,RD-101,2026-06-17 13:16:55,
11779,PC-105895,hub_out,RD-101,2026-06-17 04:54:56,
11780,PC-105895,delivered,RD-101,2026-06-17 17:51:35,
11781,PC-105896,hub_out,RD-101,2026-06-17 10:37:09,
11782,PC-105896,delivered,RD-101,2026-06-17 18:28:38,
11783,PC-105897,hub_out,RD-101,2026-06-16 07:01:36,
11784,PC-105897,delivered,RD-101,2026-06-17 15:54:15,
11785,PC-105898,hub_out,RD-101,2026-06-15 12:22:24,
11786,PC-105898,delivered,RD-101,2026-06-17 09:40:32,
11787,PC-105899,hub_out,RD-101,2026-06-16 15:02:25,
11788,PC-105899,delivered,RD-101,2026-06-17 16:35:33,
11789,PC-105900,hub_out,RD-101,2026-06-17 08:29:40,
11790,PC-105900,failed_attempt,RD-101,2026-06-17 14:01:51,customer refused
11791,PC-105901,hub_out,RD-101,2026-06-16 23:08:22,
11792,PC-105901,failed_attempt,RD-101,2026-06-17 15:46:02,customer unreachable
11793,PC-105902,hub_out,RD-101,2026-06-17 03:09:05,
11794,PC-105902,failed_attempt,RD-101,2026-06-17 17:09:31,cod not ready
11795,PC-105903,hub_out,RD-101,2026-06-16 12:44:28,
11796,PC-105903,failed_attempt,RD-101,2026-06-17 14:17:18,cod not ready
11797,PC-105904,hub_out,RD-101,2026-06-17 01:48:46,
11798,PC-105904,delivered,RD-101,2026-06-18 13:11:10,
11799,PC-105905,hub_out,RD-101,2026-06-16 18:46:27,
11800,PC-105905,delivered,RD-101,2026-06-18 09:36:27,
11801,PC-105906,hub_out,RD-101,2026-06-17 21:32:39,
11802,PC-105906,delivered,RD-101,2026-06-18 18:41:53,
11803,PC-105907,hub_out,RD-101,2026-06-16 19:44:05,
11804,PC-105907,delivered,RD-101,2026-06-18 17:41:08,
11805,PC-105908,hub_out,RD-101,2026-06-17 16:17:24,
11806,PC-105908,delivered,RD-101,2026-06-18 13:26:14,
11807,PC-105909,hub_out,RD-101,2026-06-17 14:47:24,
11808,PC-105909,delivered,RD-101,2026-06-18 16:09:38,
11809,PC-105910,hub_out,RD-101,2026-06-16 17:38:22,
11810,PC-105910,delivered,RD-101,2026-06-18 09:56:09,
11811,PC-105911,hub_out,RD-101,2026-06-16 15:22:18,
11812,PC-105911,delivered,RD-101,2026-06-18 09:48:51,
11813,PC-105912,hub_out,RD-101,2026-06-17 15:42:28,
11814,PC-105912,delivered,RD-101,2026-06-18 18:48:00,
11815,PC-105913,hub_out,RD-101,2026-06-17 09:49:13,
11816,PC-105913,delivered,RD-101,2026-06-18 18:27:34,
11817,PC-105914,hub_out,RD-101,2026-06-17 03:16:41,
11818,PC-105914,delivered,RD-101,2026-06-18 12:57:19,
11819,PC-105915,hub_out,RD-101,2026-06-18 10:02:20,
11820,PC-105915,delivered,RD-101,2026-06-18 12:11:52,
11821,PC-105916,hub_out,RD-101,2026-06-17 09:11:25,
11822,PC-105916,delivered,RD-101,2026-06-18 15:17:17,
11823,PC-105917,hub_out,RD-101,2026-06-17 09:15:01,
11824,PC-105917,delivered,RD-101,2026-06-18 14:44:31,
11825,PC-105918,hub_out,RD-101,2026-06-17 14:20:39,
11826,PC-105918,delivered,RD-101,2026-06-18 15:38:56,
11827,PC-105919,hub_out,RD-101,2026-06-17 02:24:28,
11828,PC-105919,delivered,RD-101,2026-06-18 10:11:04,
11829,PC-105920,hub_out,RD-101,2026-06-17 22:45:23,
11830,PC-105920,delivered,RD-101,2026-06-18 18:47:48,
11831,PC-105921,hub_out,RD-101,2026-06-17 14:07:00,
11832,PC-105921,delivered,RD-101,2026-06-18 10:00:30,
11833,PC-105922,hub_out,RD-101,2026-06-17 09:46:01,
11834,PC-105922,delivered,RD-101,2026-06-18 14:14:45,
11835,PC-105923,hub_out,RD-101,2026-06-17 15:09:06,
11836,PC-105923,delivered,RD-101,2026-06-18 18:23:10,
11837,PC-105924,hub_out,RD-101,2026-06-17 15:16:57,
11838,PC-105924,delivered,RD-101,2026-06-18 16:28:19,
11839,PC-105925,hub_out,RD-101,2026-06-16 19:26:58,
11840,PC-105925,delivered,RD-101,2026-06-18 12:28:30,
11841,PC-105926,hub_out,RD-101,2026-06-17 07:07:54,
11842,PC-105926,delivered,RD-101,2026-06-18 11:00:05,
11843,PC-105927,hub_out,RD-101,2026-06-17 14:51:31,
11844,PC-105927,delivered,RD-101,2026-06-18 11:06:39,
11845,PC-105928,hub_out,RD-101,2026-06-18 05:54:47,
11846,PC-105928,failed_attempt,RD-101,2026-06-18 14:43:33,cod not ready
11847,PC-105929,hub_out,RD-101,2026-06-18 03:17:42,
11848,PC-105929,failed_attempt,RD-101,2026-06-18 13:46:59,address not found
11849,PC-105930,hub_out,RD-101,2026-06-17 21:52:49,
11850,PC-105930,failed_attempt,RD-101,2026-06-18 15:43:37,customer refused
11851,PC-105931,hub_out,RD-101,2026-06-19 00:50:25,
11852,PC-105931,delivered,RD-101,2026-06-20 17:59:29,
11853,PC-105932,hub_out,RD-101,2026-06-18 22:00:08,
11854,PC-105932,delivered,RD-101,2026-06-20 18:38:12,
11855,PC-105933,hub_out,RD-101,2026-06-20 00:16:06,
11856,PC-105933,delivered,RD-101,2026-06-20 13:55:45,
11857,PC-105934,hub_out,RD-101,2026-06-18 18:58:44,
11858,PC-105934,delivered,RD-101,2026-06-20 09:29:02,
11859,PC-105935,hub_out,RD-101,2026-06-18 22:55:38,
11860,PC-105935,delivered,RD-101,2026-06-20 14:05:13,
11861,PC-105936,hub_out,RD-101,2026-06-19 05:06:46,
11862,PC-105936,delivered,RD-101,2026-06-20 12:48:53,
11863,PC-105937,hub_out,RD-101,2026-06-19 10:36:47,
11864,PC-105937,delivered,RD-101,2026-06-20 16:02:14,
11865,PC-105938,hub_out,RD-101,2026-06-19 10:28:38,
11866,PC-105938,delivered,RD-101,2026-06-20 14:21:41,
11867,PC-105939,hub_out,RD-101,2026-06-19 11:15:18,
11868,PC-105939,delivered,RD-101,2026-06-20 13:05:41,
11869,PC-105940,hub_out,RD-101,2026-06-19 21:49:04,
11870,PC-105940,delivered,RD-101,2026-06-20 18:43:42,
11871,PC-105941,hub_out,RD-101,2026-06-18 21:16:37,
11872,PC-105941,delivered,RD-101,2026-06-20 09:03:49,
11873,PC-105942,hub_out,RD-101,2026-06-19 20:39:10,
11874,PC-105942,delivered,RD-101,2026-06-20 11:41:48,
11875,PC-105943,hub_out,RD-101,2026-06-18 16:37:17,
11876,PC-105943,delivered,RD-101,2026-06-20 13:47:25,
11877,PC-105944,hub_out,RD-101,2026-06-19 01:00:32,
11878,PC-105944,delivered,RD-101,2026-06-20 13:03:15,
11879,PC-105945,hub_out,RD-101,2026-06-19 14:01:02,
11880,PC-105945,delivered,RD-101,2026-06-20 13:40:18,
11881,PC-105946,hub_out,RD-101,2026-06-19 15:55:08,
11882,PC-105946,delivered,RD-101,2026-06-20 19:30:56,
11883,PC-105947,hub_out,RD-101,2026-06-18 19:54:02,
11884,PC-105947,delivered,RD-101,2026-06-20 09:12:41,
11885,PC-105948,hub_out,RD-101,2026-06-18 22:09:24,
11886,PC-105948,delivered,RD-101,2026-06-20 16:06:22,
11887,PC-105949,hub_out,RD-101,2026-06-19 21:33:59,
11888,PC-105949,failed_attempt,RD-101,2026-06-20 18:38:13,customer unreachable
11889,PC-105950,hub_out,RD-101,2026-06-19 20:14:31,
11890,PC-105950,delivered,RD-101,2026-06-21 14:52:23,
11891,PC-105951,hub_out,RD-101,2026-06-20 09:48:09,
11892,PC-105951,delivered,RD-101,2026-06-21 09:11:13,
11893,PC-105952,hub_out,RD-101,2026-06-20 03:21:42,
11894,PC-105952,delivered,RD-101,2026-06-21 19:40:21,
11895,PC-105953,hub_out,RD-101,2026-06-19 23:04:06,
11896,PC-105953,delivered,RD-101,2026-06-21 16:13:28,
11897,PC-105954,hub_out,RD-101,2026-06-20 17:15:31,
11898,PC-105954,delivered,RD-101,2026-06-21 16:22:49,
11899,PC-105955,hub_out,RD-101,2026-06-20 04:53:47,
11900,PC-105955,delivered,RD-101,2026-06-21 17:46:16,
11901,PC-105956,hub_out,RD-101,2026-06-20 03:48:56,
11902,PC-105956,delivered,RD-101,2026-06-21 09:29:07,
11903,PC-105957,hub_out,RD-101,2026-06-20 02:36:21,
11904,PC-105957,delivered,RD-101,2026-06-21 14:18:06,
11905,PC-105958,hub_out,RD-101,2026-06-20 15:22:05,
11906,PC-105958,delivered,RD-101,2026-06-21 13:40:29,
11907,PC-105959,hub_out,RD-101,2026-06-20 00:59:54,
11908,PC-105959,delivered,RD-101,2026-06-21 09:38:51,
11909,PC-105960,hub_out,RD-101,2026-06-20 11:56:40,
11910,PC-105960,delivered,RD-101,2026-06-21 19:16:06,
11911,PC-105961,hub_out,RD-101,2026-06-20 02:46:14,
11912,PC-105961,delivered,RD-101,2026-06-21 09:46:10,
11913,PC-105962,hub_out,RD-101,2026-06-20 07:29:09,
11914,PC-105962,delivered,RD-101,2026-06-21 14:53:59,
11915,PC-105963,hub_out,RD-101,2026-06-19 18:54:28,
11916,PC-105963,delivered,RD-101,2026-06-21 09:25:35,
11917,PC-105964,hub_out,RD-101,2026-06-20 01:24:56,
11918,PC-105964,delivered,RD-101,2026-06-21 17:22:23,
11919,PC-105965,hub_out,RD-101,2026-06-19 21:24:18,
11920,PC-105965,delivered,RD-101,2026-06-21 10:20:27,
11921,PC-105966,hub_out,RD-101,2026-06-20 21:28:40,
11922,PC-105966,delivered,RD-101,2026-06-21 16:32:48,
11923,PC-105967,hub_out,RD-101,2026-06-20 14:54:16,
11924,PC-105967,delivered,RD-101,2026-06-21 15:54:29,
11925,PC-105968,hub_out,RD-101,2026-06-19 19:36:40,
11926,PC-105968,delivered,RD-101,2026-06-21 15:32:20,
11927,PC-105969,hub_out,RD-101,2026-06-20 13:49:32,
11928,PC-105969,failed_attempt,RD-101,2026-06-21 15:02:02,shop closed
11929,PC-105970,hub_out,RD-101,2026-06-21 10:12:56,
11930,PC-105970,failed_attempt,RD-101,2026-06-21 19:09:34,shop closed
11931,PC-105971,hub_out,RD-101,2026-06-20 19:29:57,
11932,PC-105971,failed_attempt,RD-101,2026-06-21 17:08:07,shop closed
11933,PC-105972,hub_out,RD-101,2026-06-21 02:30:58,
11934,PC-105972,delivered,RD-101,2026-06-22 11:42:17,
11935,PC-105973,hub_out,RD-101,2026-06-21 11:27:59,
11936,PC-105973,delivered,RD-101,2026-06-22 18:31:37,
11937,PC-105974,hub_out,RD-101,2026-06-21 10:40:50,
11938,PC-105974,delivered,RD-101,2026-06-22 19:03:22,
11939,PC-105975,hub_out,RD-101,2026-06-20 18:24:34,
11940,PC-105975,delivered,RD-101,2026-06-22 11:47:34,
11941,PC-105976,hub_out,RD-101,2026-06-21 05:35:33,
11942,PC-105976,delivered,RD-101,2026-06-22 19:09:53,
11943,PC-105977,hub_out,RD-101,2026-06-21 14:27:54,
11944,PC-105977,delivered,RD-101,2026-06-22 15:19:16,
11945,PC-105978,hub_out,RD-101,2026-06-21 12:34:20,
11946,PC-105978,delivered,RD-101,2026-06-22 10:27:59,
11947,PC-105979,hub_out,RD-101,2026-06-21 03:32:31,
11948,PC-105979,delivered,RD-101,2026-06-22 12:14:52,
11949,PC-105980,hub_out,RD-101,2026-06-21 01:23:31,
11950,PC-105980,delivered,RD-101,2026-06-22 15:37:08,
11951,PC-105981,hub_out,RD-101,2026-06-21 11:10:57,
11952,PC-105981,delivered,RD-101,2026-06-22 19:25:51,
11953,PC-105982,hub_out,RD-101,2026-06-21 11:26:34,
11954,PC-105982,delivered,RD-101,2026-06-22 19:46:51,
11955,PC-105983,hub_out,RD-101,2026-06-20 19:46:09,
11956,PC-105983,delivered,RD-101,2026-06-22 09:16:25,
11957,PC-105984,hub_out,RD-101,2026-06-21 09:55:00,
11958,PC-105984,delivered,RD-101,2026-06-22 13:37:49,
11959,PC-105985,hub_out,RD-101,2026-06-21 19:05:35,
11960,PC-105985,delivered,RD-101,2026-06-22 19:10:55,
11961,PC-105986,hub_out,RD-101,2026-06-20 22:13:17,
11962,PC-105986,delivered,RD-101,2026-06-22 12:11:14,
11963,PC-105987,hub_out,RD-101,2026-06-20 12:43:07,
11964,PC-105987,delivered,RD-101,2026-06-22 12:04:07,
11965,PC-105988,hub_out,RD-101,2026-06-21 00:54:34,
11966,PC-105988,delivered,RD-101,2026-06-22 15:21:10,
11967,PC-105989,hub_out,RD-101,2026-06-21 02:02:59,
11968,PC-105989,delivered,RD-101,2026-06-22 17:15:19,
11969,PC-105990,hub_out,RD-101,2026-06-21 09:39:06,
11970,PC-105990,delivered,RD-101,2026-06-22 15:36:24,
11971,PC-105991,hub_out,RD-101,2026-06-20 23:40:30,
11972,PC-105991,delivered,RD-101,2026-06-22 19:32:46,
11973,PC-105992,hub_out,RD-101,2026-06-21 02:10:28,
11974,PC-105992,delivered,RD-101,2026-06-22 10:02:53,
11975,PC-105993,hub_out,RD-101,2026-06-21 13:52:23,
11976,PC-105993,delivered,RD-101,2026-06-22 16:16:32,
11977,PC-105994,hub_out,RD-101,2026-06-22 05:09:15,
11978,PC-105994,failed_attempt,RD-101,2026-06-22 16:29:59,customer refused
11979,PC-105995,hub_out,RD-101,2026-06-22 04:40:55,
11980,PC-105995,delivered,RD-101,2026-06-23 15:00:39,
11981,PC-105996,hub_out,RD-101,2026-06-22 16:40:33,
11982,PC-105996,delivered,RD-101,2026-06-23 11:45:09,
11983,PC-105997,hub_out,RD-101,2026-06-21 23:35:10,
11984,PC-105997,delivered,RD-101,2026-06-23 11:38:43,
11985,PC-105998,hub_out,RD-101,2026-06-22 02:56:59,
11986,PC-105998,delivered,RD-101,2026-06-23 11:49:01,
11987,PC-105999,hub_out,RD-101,2026-06-22 04:47:11,
11988,PC-105999,delivered,RD-101,2026-06-23 12:42:03,
11989,PC-106000,hub_out,RD-101,2026-06-22 05:33:50,
11990,PC-106000,delivered,RD-101,2026-06-23 10:40:06,
11991,PC-106001,hub_out,RD-101,2026-06-22 11:32:39,
11992,PC-106001,delivered,RD-101,2026-06-23 12:49:25,
11993,PC-106002,hub_out,RD-101,2026-06-22 14:34:59,
11994,PC-106002,delivered,RD-101,2026-06-23 13:27:19,
11995,PC-106003,hub_out,RD-101,2026-06-22 17:49:35,
11996,PC-106003,delivered,RD-101,2026-06-23 18:28:21,
11997,PC-106004,hub_out,RD-101,2026-06-22 03:43:29,
11998,PC-106004,delivered,RD-101,2026-06-23 13:16:20,
11999,PC-106005,hub_out,RD-101,2026-06-22 12:27:23,
12000,PC-106005,delivered,RD-101,2026-06-23 10:18:52,
12001,PC-106006,hub_out,RD-101,2026-06-21 23:55:20,
12002,PC-106006,delivered,RD-101,2026-06-23 17:17:39,
12003,PC-106007,hub_out,RD-101,2026-06-22 03:59:17,
12004,PC-106007,delivered,RD-101,2026-06-23 13:03:52,
12005,PC-106008,hub_out,RD-101,2026-06-22 05:53:53,
12006,PC-106008,delivered,RD-101,2026-06-23 09:57:13,
12007,PC-106009,hub_out,RD-101,2026-06-22 06:32:07,
12008,PC-106009,delivered,RD-101,2026-06-23 12:30:43,
12009,PC-106010,hub_out,RD-101,2026-06-22 05:36:24,
12010,PC-106010,delivered,RD-101,2026-06-23 12:02:08,
12011,PC-106011,hub_out,RD-101,2026-06-22 20:48:56,
12012,PC-106011,delivered,RD-101,2026-06-23 13:25:09,
12013,PC-106012,hub_out,RD-101,2026-06-22 06:37:00,
12014,PC-106012,delivered,RD-101,2026-06-23 19:43:14,
12015,PC-106013,hub_out,RD-101,2026-06-22 11:48:36,
12016,PC-106013,delivered,RD-101,2026-06-23 11:28:51,
12017,PC-106014,hub_out,RD-101,2026-06-21 12:59:19,
12018,PC-106014,delivered,RD-101,2026-06-23 12:02:42,
12019,PC-106015,hub_out,RD-101,2026-06-22 16:17:02,
12020,PC-106015,delivered,RD-101,2026-06-23 13:15:17,
12021,PC-106016,hub_out,RD-101,2026-06-23 13:42:20,
12022,PC-106016,failed_attempt,RD-101,2026-06-23 18:50:48,shop closed
12023,PC-106017,hub_out,RD-101,2026-06-23 05:07:09,
12024,PC-106017,failed_attempt,RD-101,2026-06-23 16:51:13,shop closed
12025,PC-106018,hub_out,RD-101,2026-06-23 05:10:33,
12026,PC-106018,failed_attempt,RD-101,2026-06-23 15:38:30,customer unreachable
12027,PC-106019,hub_out,RD-101,2026-06-23 15:37:03,
12028,PC-106019,delivered,RD-101,2026-06-24 09:01:49,
12029,PC-106020,hub_out,RD-101,2026-06-23 10:51:27,
12030,PC-106020,delivered,RD-101,2026-06-24 15:48:38,
12031,PC-106021,hub_out,RD-101,2026-06-23 07:32:10,
12032,PC-106021,delivered,RD-101,2026-06-24 16:44:24,
12033,PC-106022,hub_out,RD-101,2026-06-23 12:32:27,
12034,PC-106022,delivered,RD-101,2026-06-24 18:22:17,
12035,PC-106023,hub_out,RD-101,2026-06-23 07:54:21,
12036,PC-106023,delivered,RD-101,2026-06-24 15:11:27,
12037,PC-106024,hub_out,RD-101,2026-06-23 21:06:48,
12038,PC-106024,delivered,RD-101,2026-06-24 15:16:42,
12039,PC-106025,hub_out,RD-101,2026-06-23 06:17:44,
12040,PC-106025,delivered,RD-101,2026-06-24 11:09:10,
12041,PC-106026,hub_out,RD-101,2026-06-23 17:14:00,
12042,PC-106026,delivered,RD-101,2026-06-24 18:53:56,
12043,PC-106027,hub_out,RD-101,2026-06-22 15:24:53,
12044,PC-106027,delivered,RD-101,2026-06-24 10:13:57,
12045,PC-106028,hub_out,RD-101,2026-06-23 18:23:12,
12046,PC-106028,delivered,RD-101,2026-06-24 19:39:19,
12047,PC-106029,hub_out,RD-101,2026-06-22 12:37:30,
12048,PC-106029,delivered,RD-101,2026-06-24 15:00:44,
12049,PC-106030,hub_out,RD-101,2026-06-23 00:25:07,
12050,PC-106030,delivered,RD-101,2026-06-24 16:02:19,
12051,PC-106031,hub_out,RD-101,2026-06-23 21:21:59,
12052,PC-106031,delivered,RD-101,2026-06-24 18:29:06,
12053,PC-106032,hub_out,RD-101,2026-06-23 08:19:03,
12054,PC-106032,delivered,RD-101,2026-06-24 19:10:54,
12055,PC-106033,hub_out,RD-101,2026-06-23 22:29:52,
12056,PC-106033,delivered,RD-101,2026-06-24 13:21:04,
12057,PC-106034,hub_out,RD-101,2026-06-23 13:58:25,
12058,PC-106034,delivered,RD-101,2026-06-24 10:48:27,
12059,PC-106035,hub_out,RD-101,2026-06-23 07:35:28,
12060,PC-106035,delivered,RD-101,2026-06-24 12:25:51,
12061,PC-106036,hub_out,RD-101,2026-06-23 22:30:47,
12062,PC-106036,delivered,RD-101,2026-06-24 18:11:57,
12063,PC-106037,hub_out,RD-101,2026-06-24 04:21:35,
12064,PC-106037,failed_attempt,RD-101,2026-06-24 15:20:02,customer refused
12065,PC-106038,hub_out,RD-101,2026-06-24 02:54:49,
12066,PC-106038,failed_attempt,RD-101,2026-06-24 11:07:35,customer unreachable
12067,PC-106039,hub_out,RD-101,2026-06-24 06:39:46,
12068,PC-106039,delivered,RD-101,2026-06-25 16:56:45,
12069,PC-106040,hub_out,RD-101,2026-06-24 01:30:51,
12070,PC-106040,delivered,RD-101,2026-06-25 19:13:02,
12071,PC-106041,hub_out,RD-101,2026-06-23 22:29:35,
12072,PC-106041,delivered,RD-101,2026-06-25 09:56:22,
12073,PC-106042,hub_out,RD-101,2026-06-24 01:56:55,
12074,PC-106042,delivered,RD-101,2026-06-25 10:45:40,
12075,PC-106043,hub_out,RD-101,2026-06-23 23:29:39,
12076,PC-106043,delivered,RD-101,2026-06-25 09:37:36,
12077,PC-106044,hub_out,RD-101,2026-06-24 06:37:11,
12078,PC-106044,delivered,RD-101,2026-06-25 15:33:44,
12079,PC-106045,hub_out,RD-101,2026-06-23 22:06:51,
12080,PC-106045,delivered,RD-101,2026-06-25 11:14:23,
12081,PC-106046,hub_out,RD-101,2026-06-24 14:49:19,
12082,PC-106046,delivered,RD-101,2026-06-25 18:23:28,
12083,PC-106047,hub_out,RD-101,2026-06-24 15:48:37,
12084,PC-106047,delivered,RD-101,2026-06-25 18:43:58,
12085,PC-106048,hub_out,RD-101,2026-06-24 08:09:54,
12086,PC-106048,delivered,RD-101,2026-06-25 09:53:24,
12087,PC-106049,hub_out,RD-101,2026-06-24 09:57:56,
12088,PC-106049,delivered,RD-101,2026-06-25 15:40:13,
12089,PC-106050,hub_out,RD-101,2026-06-24 18:18:30,
12090,PC-106050,delivered,RD-101,2026-06-25 19:19:32,
12091,PC-106051,hub_out,RD-101,2026-06-24 10:08:07,
12092,PC-106051,delivered,RD-101,2026-06-25 13:55:53,
12093,PC-106052,hub_out,RD-101,2026-06-24 06:31:29,
12094,PC-106052,delivered,RD-101,2026-06-25 17:17:20,
12095,PC-106053,hub_out,RD-101,2026-06-23 21:11:45,
12096,PC-106053,delivered,RD-101,2026-06-25 16:17:28,
12097,PC-106054,hub_out,RD-101,2026-06-24 04:09:38,
12098,PC-106054,delivered,RD-101,2026-06-25 13:39:11,
12099,PC-106055,hub_out,RD-101,2026-06-25 04:08:00,
12100,PC-106055,failed_attempt,RD-101,2026-06-25 12:46:38,cod not ready
12101,PC-106056,hub_out,RD-101,2026-06-24 16:06:10,
12102,PC-106056,failed_attempt,RD-101,2026-06-25 15:34:06,customer unreachable
12103,PC-106057,hub_out,RD-101,2026-06-24 22:01:09,
12104,PC-106057,failed_attempt,RD-101,2026-06-25 17:35:39,address not found
12105,PC-106058,hub_out,RD-101,2026-06-25 04:46:53,
12106,PC-106058,failed_attempt,RD-101,2026-06-25 14:01:20,customer unreachable
12107,PC-106059,hub_out,RD-101,2026-06-24 21:19:51,
12108,PC-106059,delivered,RD-101,2026-06-26 09:52:19,
12109,PC-106060,hub_out,RD-101,2026-06-24 15:44:47,
12110,PC-106060,delivered,RD-101,2026-06-26 14:59:59,
12111,PC-106061,hub_out,RD-101,2026-06-25 03:58:18,
12112,PC-106061,delivered,RD-101,2026-06-26 13:30:21,
12113,PC-106062,hub_out,RD-101,2026-06-25 21:59:51,
12114,PC-106062,delivered,RD-101,2026-06-26 18:46:34,
12115,PC-106063,hub_out,RD-101,2026-06-24 13:37:44,
12116,PC-106063,delivered,RD-101,2026-06-26 14:25:01,
12117,PC-106064,hub_out,RD-101,2026-06-25 00:21:12,
12118,PC-106064,delivered,RD-101,2026-06-26 16:38:05,
12119,PC-106065,hub_out,RD-101,2026-06-25 23:29:24,
12120,PC-106065,delivered,RD-101,2026-06-26 09:55:06,
12121,PC-106066,hub_out,RD-101,2026-06-25 18:56:18,
12122,PC-106066,delivered,RD-101,2026-06-26 15:06:18,
12123,PC-106067,hub_out,RD-101,2026-06-25 14:05:07,
12124,PC-106067,delivered,RD-101,2026-06-26 17:16:47,
12125,PC-106068,hub_out,RD-101,2026-06-25 09:42:08,
12126,PC-106068,delivered,RD-101,2026-06-26 13:46:10,
12127,PC-106069,hub_out,RD-101,2026-06-25 00:43:01,
12128,PC-106069,delivered,RD-101,2026-06-26 10:21:03,
12129,PC-106070,hub_out,RD-101,2026-06-24 23:03:19,
12130,PC-106070,delivered,RD-101,2026-06-26 11:06:46,
12131,PC-106071,hub_out,RD-101,2026-06-24 23:35:52,
12132,PC-106071,delivered,RD-101,2026-06-26 19:49:01,
12133,PC-106072,hub_out,RD-101,2026-06-25 02:54:20,
12134,PC-106072,delivered,RD-101,2026-06-26 15:47:49,
12135,PC-106073,hub_out,RD-101,2026-06-25 05:39:37,
12136,PC-106073,delivered,RD-101,2026-06-26 18:46:11,
12137,PC-106074,hub_out,RD-101,2026-06-25 08:59:46,
12138,PC-106074,delivered,RD-101,2026-06-26 13:24:14,
12139,PC-106075,hub_out,RD-101,2026-06-25 05:49:51,
12140,PC-106075,delivered,RD-101,2026-06-26 12:56:46,
12141,PC-106076,hub_out,RD-101,2026-06-25 09:20:42,
12142,PC-106076,delivered,RD-101,2026-06-26 17:35:18,
12143,PC-106077,hub_out,RD-101,2026-06-25 10:53:20,
12144,PC-106077,delivered,RD-101,2026-06-26 17:55:59,
12145,PC-106078,hub_out,RD-101,2026-06-25 14:35:02,
12146,PC-106078,delivered,RD-101,2026-06-26 19:43:18,
12147,PC-106079,hub_out,RD-101,2026-06-25 13:07:32,
12148,PC-106079,delivered,RD-101,2026-06-26 11:24:46,
12149,PC-106080,hub_out,RD-101,2026-06-25 08:31:13,
12150,PC-106080,delivered,RD-101,2026-06-26 12:58:36,
12151,PC-106081,hub_out,RD-101,2026-06-25 05:54:15,
12152,PC-106081,delivered,RD-101,2026-06-26 16:57:35,
12153,PC-106082,hub_out,RD-101,2026-06-25 17:53:41,
12154,PC-106082,failed_attempt,RD-101,2026-06-26 09:40:29,cod not ready
12155,PC-106083,hub_out,RD-101,2026-06-25 16:40:42,
12156,PC-106083,failed_attempt,RD-101,2026-06-26 11:45:12,cod not ready
12157,PC-106084,hub_out,RD-101,2026-06-25 20:09:04,
12158,PC-106084,failed_attempt,RD-101,2026-06-26 13:29:45,cod not ready
12159,PC-106085,hub_out,RD-101,2026-06-25 16:04:26,
12160,PC-106085,failed_attempt,RD-101,2026-06-26 13:34:13,customer refused
12161,PC-106086,hub_out,RD-101,2026-06-26 12:33:08,
12162,PC-106086,delivered,RD-101,2026-06-27 09:12:51,
12163,PC-106087,hub_out,RD-101,2026-06-25 15:05:07,
12164,PC-106087,delivered,RD-101,2026-06-27 15:19:07,
12165,PC-106088,hub_out,RD-101,2026-06-26 02:58:40,
12166,PC-106088,delivered,RD-101,2026-06-27 13:12:03,
12167,PC-106089,hub_out,RD-101,2026-06-27 03:03:55,
12168,PC-106089,delivered,RD-101,2026-06-27 19:21:39,
12169,PC-106090,hub_out,RD-101,2026-06-26 03:10:28,
12170,PC-106090,delivered,RD-101,2026-06-27 15:54:09,
12171,PC-106091,hub_out,RD-101,2026-06-26 04:39:06,
12172,PC-106091,delivered,RD-101,2026-06-27 11:29:42,
12173,PC-106092,hub_out,RD-101,2026-06-26 08:43:27,
12174,PC-106092,delivered,RD-101,2026-06-27 16:49:58,
12175,PC-106093,hub_out,RD-101,2026-06-26 13:56:40,
12176,PC-106093,delivered,RD-101,2026-06-27 14:02:04,
12177,PC-106094,hub_out,RD-101,2026-06-26 19:27:29,
12178,PC-106094,delivered,RD-101,2026-06-27 16:28:32,
12179,PC-106095,hub_out,RD-101,2026-06-26 18:01:35,
12180,PC-106095,delivered,RD-101,2026-06-27 14:20:33,
12181,PC-106096,hub_out,RD-101,2026-06-26 02:23:44,
12182,PC-106096,delivered,RD-101,2026-06-27 12:10:47,
12183,PC-106097,hub_out,RD-101,2026-06-26 19:53:03,
12184,PC-106097,delivered,RD-101,2026-06-27 15:34:08,
12185,PC-106098,hub_out,RD-101,2026-06-26 06:21:43,
12186,PC-106098,delivered,RD-101,2026-06-27 16:53:21,
12187,PC-106099,hub_out,RD-101,2026-06-26 00:53:41,
12188,PC-106099,delivered,RD-101,2026-06-27 17:41:56,
12189,PC-106100,hub_out,RD-101,2026-06-26 06:37:43,
12190,PC-106100,delivered,RD-101,2026-06-27 15:09:58,
12191,PC-106101,hub_out,RD-101,2026-06-26 11:30:51,
12192,PC-106101,delivered,RD-101,2026-06-27 11:18:15,
12193,PC-106102,hub_out,RD-101,2026-06-26 06:19:11,
12194,PC-106102,delivered,RD-101,2026-06-27 18:10:13,
12195,PC-106103,hub_out,RD-101,2026-06-26 04:51:03,
12196,PC-106103,delivered,RD-101,2026-06-27 15:24:33,
12197,PC-106104,hub_out,RD-101,2026-06-26 23:31:49,
12198,PC-106104,delivered,RD-101,2026-06-27 15:07:37,
12199,PC-106105,hub_out,RD-101,2026-06-26 04:21:13,
12200,PC-106105,delivered,RD-101,2026-06-27 16:35:56,
12201,PC-106106,hub_out,RD-101,2026-06-26 04:25:26,
12202,PC-106106,delivered,RD-101,2026-06-27 17:13:15,
12203,PC-106107,hub_out,RD-101,2026-06-27 01:34:08,
12204,PC-106107,failed_attempt,RD-101,2026-06-27 11:44:04,shop closed
12205,PC-106108,hub_out,RD-101,2026-06-27 16:02:03,
12206,PC-106108,delivered,RD-101,2026-06-28 17:59:12,
12207,PC-106109,hub_out,RD-101,2026-06-27 12:20:50,
12208,PC-106109,delivered,RD-101,2026-06-28 16:53:03,
12209,PC-106110,hub_out,RD-101,2026-06-27 07:31:34,
12210,PC-106110,delivered,RD-101,2026-06-28 10:39:29,
12211,PC-106111,hub_out,RD-101,2026-06-27 12:31:06,
12212,PC-106111,delivered,RD-101,2026-06-28 13:47:33,
12213,PC-106112,hub_out,RD-101,2026-06-26 08:50:41,
12214,PC-106112,delivered,RD-101,2026-06-28 11:46:18,
12215,PC-106113,hub_out,RD-101,2026-06-27 08:19:15,
12216,PC-106113,delivered,RD-101,2026-06-28 15:08:57,
12217,PC-106114,hub_out,RD-101,2026-06-27 23:03:41,
12218,PC-106114,delivered,RD-101,2026-06-28 11:29:09,
12219,PC-106115,hub_out,RD-101,2026-06-27 17:22:11,
12220,PC-106115,delivered,RD-101,2026-06-28 15:41:59,
12221,PC-106116,hub_out,RD-101,2026-06-27 11:29:40,
12222,PC-106116,delivered,RD-101,2026-06-28 19:29:42,
12223,PC-106117,hub_out,RD-101,2026-06-27 23:46:18,
12224,PC-106117,delivered,RD-101,2026-06-28 09:46:46,
12225,PC-106118,hub_out,RD-101,2026-06-27 14:27:12,
12226,PC-106118,delivered,RD-101,2026-06-28 14:54:32,
12227,PC-106119,hub_out,RD-101,2026-06-27 10:01:23,
12228,PC-106119,delivered,RD-101,2026-06-28 17:38:20,
12229,PC-106120,hub_out,RD-101,2026-06-27 08:39:25,
12230,PC-106120,delivered,RD-101,2026-06-28 14:32:42,
12231,PC-106121,hub_out,RD-101,2026-06-26 17:28:55,
12232,PC-106121,delivered,RD-101,2026-06-28 09:07:11,
12233,PC-106122,hub_out,RD-101,2026-06-27 11:08:47,
12234,PC-106122,delivered,RD-101,2026-06-28 14:06:09,
12235,PC-106123,hub_out,RD-101,2026-06-27 04:08:04,
12236,PC-106123,delivered,RD-101,2026-06-28 11:36:19,
12237,PC-106124,hub_out,RD-101,2026-06-26 15:33:59,
12238,PC-106124,delivered,RD-101,2026-06-28 12:42:02,
12239,PC-106125,hub_out,RD-101,2026-06-27 07:48:07,
12240,PC-106125,delivered,RD-101,2026-06-28 16:53:28,
12241,PC-106126,hub_out,RD-101,2026-06-27 03:30:43,
12242,PC-106126,delivered,RD-101,2026-06-28 17:31:25,
12243,PC-106127,hub_out,RD-101,2026-06-27 10:29:37,
12244,PC-106127,delivered,RD-101,2026-06-28 13:53:08,
12245,PC-106128,hub_out,RD-101,2026-06-27 05:27:50,
12246,PC-106128,delivered,RD-101,2026-06-28 09:15:25,
12247,PC-106129,hub_out,RD-101,2026-06-27 02:57:36,
12248,PC-106129,delivered,RD-101,2026-06-28 18:37:16,
12249,PC-106130,hub_out,RD-101,2026-06-28 04:08:14,
12250,PC-106130,failed_attempt,RD-101,2026-06-28 13:50:58,address not found
12251,PC-106131,hub_out,RD-101,2026-06-27 22:07:16,
12252,PC-106131,failed_attempt,RD-101,2026-06-28 19:29:54,address not found
12253,PC-106132,hub_out,RD-101,2026-06-28 11:41:22,
12254,PC-106132,failed_attempt,RD-101,2026-06-28 19:24:24,shop closed
12255,PC-106133,hub_out,RD-101,2026-06-28 05:03:02,
12256,PC-106133,delivered,RD-101,2026-06-29 18:33:46,
12257,PC-106134,hub_out,RD-101,2026-06-28 01:33:48,
12258,PC-106134,delivered,RD-101,2026-06-29 15:10:34,
12259,PC-106135,hub_out,RD-101,2026-06-28 12:58:38,
12260,PC-106135,delivered,RD-101,2026-06-29 18:01:48,
12261,PC-106136,hub_out,RD-101,2026-06-28 01:44:16,
12262,PC-106136,delivered,RD-101,2026-06-29 12:11:27,
12263,PC-106137,hub_out,RD-101,2026-06-27 17:10:07,
12264,PC-106137,delivered,RD-101,2026-06-29 12:13:51,
12265,PC-106138,hub_out,RD-101,2026-06-28 04:11:56,
12266,PC-106138,delivered,RD-101,2026-06-29 10:59:55,
12267,PC-106139,hub_out,RD-101,2026-06-28 19:43:52,
12268,PC-106139,delivered,RD-101,2026-06-29 13:34:11,
12269,PC-106140,hub_out,RD-101,2026-06-28 11:09:18,
12270,PC-106140,delivered,RD-101,2026-06-29 12:53:55,
12271,PC-106141,hub_out,RD-101,2026-06-28 12:26:23,
12272,PC-106141,delivered,RD-101,2026-06-29 19:29:35,
12273,PC-106142,hub_out,RD-101,2026-06-28 04:39:55,
12274,PC-106142,delivered,RD-101,2026-06-29 11:01:24,
12275,PC-106143,hub_out,RD-101,2026-06-28 17:17:04,
12276,PC-106143,delivered,RD-101,2026-06-29 15:08:43,
12277,PC-106144,hub_out,RD-101,2026-06-28 12:43:35,
12278,PC-106144,delivered,RD-101,2026-06-29 16:32:33,
12279,PC-106145,hub_out,RD-101,2026-06-27 22:18:54,
12280,PC-106145,delivered,RD-101,2026-06-29 19:53:41,
12281,PC-106146,hub_out,RD-101,2026-06-27 23:52:43,
12282,PC-106146,delivered,RD-101,2026-06-29 12:51:08,
12283,PC-106147,hub_out,RD-101,2026-06-28 03:03:28,
12284,PC-106147,delivered,RD-101,2026-06-29 11:59:15,
12285,PC-106148,hub_out,RD-101,2026-06-28 01:31:30,
12286,PC-106148,delivered,RD-101,2026-06-29 16:24:48,
12287,PC-106149,hub_out,RD-101,2026-06-28 05:40:23,
12288,PC-106149,delivered,RD-101,2026-06-29 09:55:16,
12289,PC-106150,hub_out,RD-101,2026-06-28 08:07:00,
12290,PC-106150,delivered,RD-101,2026-06-29 10:25:36,
12291,PC-106151,hub_out,RD-101,2026-06-28 13:59:40,
12292,PC-106151,delivered,RD-101,2026-06-29 17:13:33,
12293,PC-106152,hub_out,RD-101,2026-06-28 02:38:27,
12294,PC-106152,delivered,RD-101,2026-06-29 12:51:33,
12295,PC-106153,hub_out,RD-101,2026-06-28 14:27:24,
12296,PC-106153,delivered,RD-101,2026-06-29 14:56:16,
12297,PC-106154,hub_out,RD-101,2026-06-29 11:08:46,
12298,PC-106154,failed_attempt,RD-101,2026-06-29 16:14:07,cod not ready
12299,PC-106155,hub_out,RD-101,2026-06-28 16:00:43,
12300,PC-106155,failed_attempt,RD-101,2026-06-29 15:25:31,customer refused
12301,PC-106156,hub_out,RD-102,2026-05-31 09:26:42,
12302,PC-106156,delivered,RD-102,2026-06-01 09:38:21,
12303,PC-106157,hub_out,RD-102,2026-05-31 05:51:26,
12304,PC-106157,delivered,RD-102,2026-06-01 19:47:47,
12305,PC-106158,hub_out,RD-102,2026-05-31 00:46:58,
12306,PC-106158,delivered,RD-102,2026-06-01 14:21:56,
12307,PC-106159,hub_out,RD-102,2026-05-31 17:02:14,
12308,PC-106159,delivered,RD-102,2026-06-01 19:25:41,
12309,PC-106160,hub_out,RD-102,2026-05-31 19:52:21,
12310,PC-106160,delivered,RD-102,2026-06-01 11:25:39,
12311,PC-106161,hub_out,RD-102,2026-06-01 02:09:05,
12312,PC-106161,delivered,RD-102,2026-06-01 17:18:18,
12313,PC-106162,hub_out,RD-102,2026-05-30 23:01:09,
12314,PC-106162,delivered,RD-102,2026-06-01 13:01:32,
12315,PC-106163,hub_out,RD-102,2026-05-31 20:15:36,
12316,PC-106163,delivered,RD-102,2026-06-01 18:05:13,
12317,PC-106164,hub_out,RD-102,2026-05-30 23:11:43,
12318,PC-106164,delivered,RD-102,2026-06-01 13:46:23,
12319,PC-106165,hub_out,RD-102,2026-05-31 05:07:47,
12320,PC-106165,delivered,RD-102,2026-06-01 11:55:28,
12321,PC-106166,hub_out,RD-102,2026-05-31 14:57:55,
12322,PC-106166,delivered,RD-102,2026-06-01 19:02:15,
12323,PC-106167,hub_out,RD-102,2026-05-31 08:22:05,
12324,PC-106167,delivered,RD-102,2026-06-01 09:19:09,
12325,PC-106168,hub_out,RD-102,2026-05-31 06:51:50,
12326,PC-106168,delivered,RD-102,2026-06-01 13:52:26,
12327,PC-106169,hub_out,RD-102,2026-05-31 11:58:17,
12328,PC-106169,delivered,RD-102,2026-06-01 10:31:34,
12329,PC-106170,hub_out,RD-102,2026-05-31 08:43:50,
12330,PC-106170,delivered,RD-102,2026-06-01 16:33:33,
12331,PC-106171,hub_out,RD-102,2026-05-31 05:16:59,
12332,PC-106171,delivered,RD-102,2026-06-01 11:23:35,
12333,PC-106172,hub_out,RD-102,2026-05-31 07:20:12,
12334,PC-106172,delivered,RD-102,2026-06-01 18:19:26,
12335,PC-106173,hub_out,RD-102,2026-05-31 12:24:07,
12336,PC-106173,delivered,RD-102,2026-06-01 13:16:50,
12337,PC-106174,hub_out,RD-102,2026-05-31 01:30:05,
12338,PC-106174,delivered,RD-102,2026-06-01 13:25:34,
12339,PC-106175,hub_out,RD-102,2026-05-31 19:18:46,
12340,PC-106175,delivered,RD-102,2026-06-01 19:13:50,
12341,PC-106176,hub_out,RD-102,2026-06-01 02:57:52,
12342,PC-106176,failed_attempt,RD-102,2026-06-01 16:54:05,customer unreachable
12343,PC-106177,hub_out,RD-102,2026-05-31 18:45:17,
12344,PC-106177,failed_attempt,RD-102,2026-06-01 14:05:20,customer unreachable
12345,PC-106178,hub_out,RD-102,2026-06-01 08:21:21,
12346,PC-106178,failed_attempt,RD-102,2026-06-01 12:56:45,cod not ready
12347,PC-106179,hub_out,RD-102,2026-05-31 15:05:27,
12348,PC-106179,failed_attempt,RD-102,2026-06-01 16:11:23,shop closed
12349,PC-106180,hub_out,RD-102,2026-06-01 20:40:53,
12350,PC-106180,delivered,RD-102,2026-06-02 14:05:59,
12351,PC-106181,hub_out,RD-102,2026-06-01 12:26:46,
12352,PC-106181,delivered,RD-102,2026-06-02 15:29:57,
12353,PC-106182,hub_out,RD-102,2026-06-01 05:58:33,
12354,PC-106182,delivered,RD-102,2026-06-02 09:30:09,
12355,PC-106183,hub_out,RD-102,2026-06-01 08:53:55,
12356,PC-106183,delivered,RD-102,2026-06-02 12:27:36,
12357,PC-106184,hub_out,RD-102,2026-06-01 18:41:45,
12358,PC-106184,delivered,RD-102,2026-06-02 14:50:37,
12359,PC-106185,hub_out,RD-102,2026-06-01 12:11:36,
12360,PC-106185,delivered,RD-102,2026-06-02 12:16:35,
12361,PC-106186,hub_out,RD-102,2026-06-01 16:00:18,
12362,PC-106186,delivered,RD-102,2026-06-02 13:28:48,
12363,PC-106187,hub_out,RD-102,2026-06-01 12:11:58,
12364,PC-106187,delivered,RD-102,2026-06-02 18:13:44,
12365,PC-106188,hub_out,RD-102,2026-06-01 20:24:20,
12366,PC-106188,delivered,RD-102,2026-06-02 18:51:37,
12367,PC-106189,hub_out,RD-102,2026-06-01 16:02:40,
12368,PC-106189,delivered,RD-102,2026-06-02 10:58:48,
12369,PC-106190,hub_out,RD-102,2026-06-01 12:34:26,
12370,PC-106190,delivered,RD-102,2026-06-02 13:17:10,
12371,PC-106191,hub_out,RD-102,2026-06-01 12:57:32,
12372,PC-106191,delivered,RD-102,2026-06-02 17:27:55,
12373,PC-106192,hub_out,RD-102,2026-06-01 08:08:33,
12374,PC-106192,delivered,RD-102,2026-06-02 10:02:29,
12375,PC-106193,hub_out,RD-102,2026-06-01 16:07:48,
12376,PC-106193,delivered,RD-102,2026-06-02 11:26:13,
12377,PC-106194,hub_out,RD-102,2026-06-01 04:19:27,
12378,PC-106194,delivered,RD-102,2026-06-02 18:10:11,
12379,PC-106195,hub_out,RD-102,2026-06-02 00:37:47,
12380,PC-106195,delivered,RD-102,2026-06-02 10:21:17,
12381,PC-106196,hub_out,RD-102,2026-06-01 08:49:29,
12382,PC-106196,delivered,RD-102,2026-06-02 14:15:31,
12383,PC-106197,hub_out,RD-102,2026-05-31 20:29:26,
12384,PC-106197,delivered,RD-102,2026-06-02 15:20:07,
12385,PC-106198,hub_out,RD-102,2026-06-01 02:43:09,
12386,PC-106198,delivered,RD-102,2026-06-02 13:12:04,
12387,PC-106199,hub_out,RD-102,2026-06-02 00:42:12,
12388,PC-106199,delivered,RD-102,2026-06-02 12:16:07,
12389,PC-106200,hub_out,RD-102,2026-06-01 05:39:12,
12390,PC-106200,delivered,RD-102,2026-06-02 13:12:22,
12391,PC-106201,hub_out,RD-102,2026-06-02 09:38:01,
12392,PC-106201,failed_attempt,RD-102,2026-06-02 18:29:01,cod not ready
12393,PC-106202,hub_out,RD-102,2026-06-02 02:39:22,
12394,PC-106202,failed_attempt,RD-102,2026-06-02 11:04:06,shop closed
12395,PC-106203,hub_out,RD-102,2026-06-02 12:00:48,
12396,PC-106203,delivered,RD-102,2026-06-03 14:17:51,
12397,PC-106204,hub_out,RD-102,2026-06-02 15:45:21,
12398,PC-106204,delivered,RD-102,2026-06-03 19:28:49,
12399,PC-106205,hub_out,RD-102,2026-06-02 22:19:03,
12400,PC-106205,delivered,RD-102,2026-06-03 15:24:53,
12401,PC-106206,hub_out,RD-102,2026-06-02 13:04:50,
12402,PC-106206,delivered,RD-102,2026-06-03 12:46:50,
12403,PC-106207,hub_out,RD-102,2026-06-02 15:05:51,
12404,PC-106207,delivered,RD-102,2026-06-03 17:56:19,
12405,PC-106208,hub_out,RD-102,2026-06-02 18:06:31,
12406,PC-106208,delivered,RD-102,2026-06-03 13:23:03,
12407,PC-106209,hub_out,RD-102,2026-06-02 21:11:33,
12408,PC-106209,delivered,RD-102,2026-06-03 19:06:13,
12409,PC-106210,hub_out,RD-102,2026-06-02 07:56:54,
12410,PC-106210,delivered,RD-102,2026-06-03 11:09:52,
12411,PC-106211,hub_out,RD-102,2026-06-02 15:49:47,
12412,PC-106211,delivered,RD-102,2026-06-03 19:21:25,
12413,PC-106212,hub_out,RD-102,2026-06-02 23:59:01,
12414,PC-106212,delivered,RD-102,2026-06-03 12:11:11,
12415,PC-106213,hub_out,RD-102,2026-06-02 18:43:07,
12416,PC-106213,delivered,RD-102,2026-06-03 17:42:02,
12417,PC-106214,hub_out,RD-102,2026-06-02 23:54:23,
12418,PC-106214,delivered,RD-102,2026-06-03 15:42:44,
12419,PC-106215,hub_out,RD-102,2026-06-02 20:15:01,
12420,PC-106215,delivered,RD-102,2026-06-03 13:17:27,
12421,PC-106216,hub_out,RD-102,2026-06-02 20:52:35,
12422,PC-106216,delivered,RD-102,2026-06-03 16:15:09,
12423,PC-106217,hub_out,RD-102,2026-06-02 12:14:01,
12424,PC-106217,delivered,RD-102,2026-06-03 09:55:14,
12425,PC-106218,hub_out,RD-102,2026-06-02 15:27:31,
12426,PC-106218,delivered,RD-102,2026-06-03 17:00:59,
12427,PC-106219,hub_out,RD-102,2026-06-02 18:26:05,
12428,PC-106219,delivered,RD-102,2026-06-03 14:26:35,
12429,PC-106220,hub_out,RD-102,2026-06-02 12:06:20,
12430,PC-106220,delivered,RD-102,2026-06-03 11:44:21,
12431,PC-106221,hub_out,RD-102,2026-06-02 21:36:26,
12432,PC-106221,delivered,RD-102,2026-06-03 12:22:26,
12433,PC-106222,hub_out,RD-102,2026-06-03 05:03:36,
12434,PC-106222,failed_attempt,RD-102,2026-06-03 11:30:39,address not found
12435,PC-106223,hub_out,RD-102,2026-06-02 13:56:04,
12436,PC-106223,failed_attempt,RD-102,2026-06-03 14:10:40,address not found
12437,PC-106224,hub_out,RD-102,2026-06-02 20:51:10,
12438,PC-106224,failed_attempt,RD-102,2026-06-03 19:23:16,customer unreachable
12439,PC-106225,hub_out,RD-102,2026-06-03 08:06:05,
12440,PC-106225,delivered,RD-102,2026-06-04 18:05:06,
12441,PC-106226,hub_out,RD-102,2026-06-03 11:32:22,
12442,PC-106226,delivered,RD-102,2026-06-04 13:53:00,
12443,PC-106227,hub_out,RD-102,2026-06-04 13:09:58,
12444,PC-106227,delivered,RD-102,2026-06-04 19:26:14,
12445,PC-106228,hub_out,RD-102,2026-06-03 02:19:20,
12446,PC-106228,delivered,RD-102,2026-06-04 10:33:44,
12447,PC-106229,hub_out,RD-102,2026-06-03 15:43:31,
12448,PC-106229,delivered,RD-102,2026-06-04 15:26:26,
12449,PC-106230,hub_out,RD-102,2026-06-03 11:10:41,
12450,PC-106230,delivered,RD-102,2026-06-04 11:18:36,
12451,PC-106231,hub_out,RD-102,2026-06-03 19:47:19,
12452,PC-106231,delivered,RD-102,2026-06-04 16:21:23,
12453,PC-106232,hub_out,RD-102,2026-06-02 18:10:04,
12454,PC-106232,delivered,RD-102,2026-06-04 09:25:08,
12455,PC-106233,hub_out,RD-102,2026-06-02 17:55:24,
12456,PC-106233,delivered,RD-102,2026-06-04 11:43:14,
12457,PC-106234,hub_out,RD-102,2026-06-03 14:16:36,
12458,PC-106234,delivered,RD-102,2026-06-04 14:40:30,
12459,PC-106235,hub_out,RD-102,2026-06-04 04:50:21,
12460,PC-106235,delivered,RD-102,2026-06-04 18:02:51,
12461,PC-106236,hub_out,RD-102,2026-06-03 05:50:17,
12462,PC-106236,delivered,RD-102,2026-06-04 12:30:38,
12463,PC-106237,hub_out,RD-102,2026-06-03 00:49:57,
12464,PC-106237,delivered,RD-102,2026-06-04 09:41:03,
12465,PC-106238,hub_out,RD-102,2026-06-03 10:06:54,
12466,PC-106238,delivered,RD-102,2026-06-04 17:02:23,
12467,PC-106239,hub_out,RD-102,2026-06-03 07:39:22,
12468,PC-106239,delivered,RD-102,2026-06-04 12:31:02,
12469,PC-106240,hub_out,RD-102,2026-06-03 14:32:01,
12470,PC-106240,delivered,RD-102,2026-06-04 13:24:45,
12471,PC-106241,hub_out,RD-102,2026-06-02 22:10:46,
12472,PC-106241,delivered,RD-102,2026-06-04 10:04:29,
12473,PC-106242,hub_out,RD-102,2026-06-02 17:07:10,
12474,PC-106242,delivered,RD-102,2026-06-04 10:30:48,
12475,PC-106243,hub_out,RD-102,2026-06-04 01:29:22,
12476,PC-106243,delivered,RD-102,2026-06-04 16:41:18,
12477,PC-106244,hub_out,RD-102,2026-06-03 08:44:20,
12478,PC-106244,delivered,RD-102,2026-06-04 09:05:07,
12479,PC-106245,hub_out,RD-102,2026-06-03 18:52:54,
12480,PC-106245,delivered,RD-102,2026-06-04 16:36:21,
12481,PC-106246,hub_out,RD-102,2026-06-03 09:14:05,
12482,PC-106246,failed_attempt,RD-102,2026-06-04 11:48:17,customer unreachable
12483,PC-106247,hub_out,RD-102,2026-06-04 04:34:06,
12484,PC-106247,failed_attempt,RD-102,2026-06-04 10:02:13,cod not ready
12485,PC-106248,hub_out,RD-102,2026-06-03 15:56:59,
12486,PC-106248,failed_attempt,RD-102,2026-06-04 13:42:32,cod not ready
12487,PC-106249,hub_out,RD-102,2026-06-04 05:52:24,
12488,PC-106249,failed_attempt,RD-102,2026-06-04 18:20:01,cod not ready
12489,PC-106250,hub_out,RD-102,2026-06-05 03:54:02,
12490,PC-106250,delivered,RD-102,2026-06-06 12:46:14,
12491,PC-106251,hub_out,RD-102,2026-06-05 04:06:09,
12492,PC-106251,delivered,RD-102,2026-06-06 15:27:57,
12493,PC-106252,hub_out,RD-102,2026-06-05 15:38:19,
12494,PC-106252,delivered,RD-102,2026-06-06 10:49:24,
12495,PC-106253,hub_out,RD-102,2026-06-05 02:19:15,
12496,PC-106253,delivered,RD-102,2026-06-06 15:27:56,
12497,PC-106254,hub_out,RD-102,2026-06-05 21:14:42,
12498,PC-106254,delivered,RD-102,2026-06-06 17:17:42,
12499,PC-106255,hub_out,RD-102,2026-06-05 14:52:01,
12500,PC-106255,delivered,RD-102,2026-06-06 11:13:37,
12501,PC-106256,hub_out,RD-102,2026-06-05 03:13:55,
12502,PC-106256,delivered,RD-102,2026-06-06 10:47:04,
12503,PC-106257,hub_out,RD-102,2026-06-06 01:03:47,
12504,PC-106257,delivered,RD-102,2026-06-06 16:22:01,
12505,PC-106258,hub_out,RD-102,2026-06-05 05:43:30,
12506,PC-106258,delivered,RD-102,2026-06-06 12:11:07,
12507,PC-106259,hub_out,RD-102,2026-06-05 00:49:22,
12508,PC-106259,delivered,RD-102,2026-06-06 10:28:24,
12509,PC-106260,hub_out,RD-102,2026-06-05 14:17:37,
12510,PC-106260,delivered,RD-102,2026-06-06 19:03:51,
12511,PC-106261,hub_out,RD-102,2026-06-05 06:10:56,
12512,PC-106261,delivered,RD-102,2026-06-06 16:32:10,
12513,PC-106262,hub_out,RD-102,2026-06-05 14:23:49,
12514,PC-106262,delivered,RD-102,2026-06-06 15:45:35,
12515,PC-106263,hub_out,RD-102,2026-06-06 10:08:51,
12516,PC-106263,delivered,RD-102,2026-06-06 17:57:38,
12517,PC-106264,hub_out,RD-102,2026-06-05 21:01:03,
12518,PC-106264,delivered,RD-102,2026-06-06 17:33:22,
12519,PC-106265,hub_out,RD-102,2026-06-05 14:41:34,
12520,PC-106265,delivered,RD-102,2026-06-06 12:43:47,
12521,PC-106266,hub_out,RD-102,2026-06-06 02:26:27,
12522,PC-106266,delivered,RD-102,2026-06-06 17:04:23,
12523,PC-106267,hub_out,RD-102,2026-06-05 14:19:59,
12524,PC-106267,delivered,RD-102,2026-06-06 11:02:06,
12525,PC-106268,hub_out,RD-102,2026-06-05 04:55:38,
12526,PC-106268,delivered,RD-102,2026-06-06 10:27:04,
12527,PC-106269,hub_out,RD-102,2026-06-04 20:22:29,
12528,PC-106269,delivered,RD-102,2026-06-06 16:45:20,
12529,PC-106270,hub_out,RD-102,2026-06-06 02:23:05,
12530,PC-106270,failed_attempt,RD-102,2026-06-06 13:49:44,cod not ready
12531,PC-106271,hub_out,RD-102,2026-06-05 22:02:48,
12532,PC-106271,failed_attempt,RD-102,2026-06-06 09:58:03,address not found
12533,PC-106272,hub_out,RD-102,2026-06-06 09:56:00,
12534,PC-106272,failed_attempt,RD-102,2026-06-06 14:49:15,address not found
12535,PC-106273,hub_out,RD-102,2026-06-06 09:52:04,
12536,PC-106273,failed_attempt,RD-102,2026-06-06 19:51:06,customer refused
12537,PC-106274,hub_out,RD-102,2026-06-05 16:04:03,
12538,PC-106274,failed_attempt,RD-102,2026-06-06 14:45:39,shop closed
12539,PC-106275,hub_out,RD-102,2026-06-06 11:15:46,
12540,PC-106275,delivered,RD-102,2026-06-07 16:02:09,
12541,PC-106276,hub_out,RD-102,2026-06-06 15:27:20,
12542,PC-106276,delivered,RD-102,2026-06-07 09:16:03,
12543,PC-106277,hub_out,RD-102,2026-06-06 15:13:27,
12544,PC-106277,delivered,RD-102,2026-06-07 15:42:28,
12545,PC-106278,hub_out,RD-102,2026-06-06 07:25:27,
12546,PC-106278,delivered,RD-102,2026-06-07 16:46:50,
12547,PC-106279,hub_out,RD-102,2026-06-06 19:08:29,
12548,PC-106279,delivered,RD-102,2026-06-07 12:34:48,
12549,PC-106280,hub_out,RD-102,2026-06-06 03:08:16,
12550,PC-106280,delivered,RD-102,2026-06-07 12:00:03,
12551,PC-106281,hub_out,RD-102,2026-06-05 23:44:05,
12552,PC-106281,delivered,RD-102,2026-06-07 11:19:20,
12553,PC-106282,hub_out,RD-102,2026-06-05 12:31:32,
12554,PC-106282,delivered,RD-102,2026-06-07 09:52:49,
12555,PC-106283,hub_out,RD-102,2026-06-06 21:35:14,
12556,PC-106283,delivered,RD-102,2026-06-07 11:53:21,
12557,PC-106284,hub_out,RD-102,2026-06-06 15:18:21,
12558,PC-106284,delivered,RD-102,2026-06-07 11:33:30,
12559,PC-106285,hub_out,RD-102,2026-06-06 03:47:53,
12560,PC-106285,delivered,RD-102,2026-06-07 12:48:42,
12561,PC-106286,hub_out,RD-102,2026-06-06 14:10:17,
12562,PC-106286,delivered,RD-102,2026-06-07 17:19:46,
12563,PC-106287,hub_out,RD-102,2026-06-06 14:23:33,
12564,PC-106287,delivered,RD-102,2026-06-07 09:06:32,
12565,PC-106288,hub_out,RD-102,2026-06-06 18:29:41,
12566,PC-106288,delivered,RD-102,2026-06-07 18:15:41,
12567,PC-106289,hub_out,RD-102,2026-06-06 08:11:35,
12568,PC-106289,delivered,RD-102,2026-06-07 12:08:52,
12569,PC-106290,hub_out,RD-102,2026-06-06 06:58:21,
12570,PC-106290,delivered,RD-102,2026-06-07 18:18:25,
12571,PC-106291,hub_out,RD-102,2026-06-06 13:05:57,
12572,PC-106291,delivered,RD-102,2026-06-07 18:38:55,
12573,PC-106292,hub_out,RD-102,2026-06-06 10:39:30,
12574,PC-106292,delivered,RD-102,2026-06-07 17:54:55,
12575,PC-106293,hub_out,RD-102,2026-06-06 06:07:54,
12576,PC-106293,delivered,RD-102,2026-06-07 12:42:57,
12577,PC-106294,hub_out,RD-102,2026-06-06 10:50:36,
12578,PC-106294,delivered,RD-102,2026-06-07 13:57:06,
12579,PC-106295,hub_out,RD-102,2026-06-06 10:46:26,
12580,PC-106295,delivered,RD-102,2026-06-07 13:09:39,
12581,PC-106296,hub_out,RD-102,2026-06-06 03:17:23,
12582,PC-106296,delivered,RD-102,2026-06-07 17:20:41,
12583,PC-106297,hub_out,RD-102,2026-06-06 06:50:22,
12584,PC-106297,delivered,RD-102,2026-06-07 11:03:07,
12585,PC-106298,hub_out,RD-102,2026-06-05 18:21:59,
12586,PC-106298,delivered,RD-102,2026-06-07 11:23:14,
12587,PC-106299,hub_out,RD-102,2026-06-06 07:33:11,
12588,PC-106299,delivered,RD-102,2026-06-07 09:31:07,
12589,PC-106300,hub_out,RD-102,2026-06-06 16:40:49,
12590,PC-106300,failed_attempt,RD-102,2026-06-07 11:46:12,customer refused
12591,PC-106301,hub_out,RD-102,2026-06-07 09:51:48,
12592,PC-106301,failed_attempt,RD-102,2026-06-07 15:51:15,address not found
12593,PC-106302,hub_out,RD-102,2026-06-06 15:13:25,
12594,PC-106302,failed_attempt,RD-102,2026-06-07 15:01:30,customer unreachable
12595,PC-106303,hub_out,RD-102,2026-06-06 20:47:35,
12596,PC-106303,failed_attempt,RD-102,2026-06-07 19:19:05,cod not ready
12597,PC-106304,hub_out,RD-102,2026-06-08 21:41:00,
12598,PC-106304,delivered,RD-102,2026-06-09 09:40:00,
12599,PC-106305,hub_out,RD-102,2026-06-07 22:05:30,
12600,PC-106305,delivered,RD-102,2026-06-09 13:18:10,
12601,PC-106306,hub_out,RD-102,2026-06-08 03:46:30,
12602,PC-106306,delivered,RD-102,2026-06-09 12:19:53,
12603,PC-106307,hub_out,RD-102,2026-06-08 18:25:51,
12604,PC-106307,delivered,RD-102,2026-06-09 16:27:07,
12605,PC-106308,hub_out,RD-102,2026-06-08 14:55:03,
12606,PC-106308,delivered,RD-102,2026-06-09 19:47:08,
12607,PC-106309,hub_out,RD-102,2026-06-08 13:23:33,
12608,PC-106309,delivered,RD-102,2026-06-09 13:28:18,
12609,PC-106310,hub_out,RD-102,2026-06-07 21:25:56,
12610,PC-106310,delivered,RD-102,2026-06-09 11:50:23,
12611,PC-106311,hub_out,RD-102,2026-06-08 07:45:05,
12612,PC-106311,delivered,RD-102,2026-06-09 09:06:58,
12613,PC-106312,hub_out,RD-102,2026-06-08 12:38:29,
12614,PC-106312,delivered,RD-102,2026-06-09 10:58:43,
12615,PC-106313,hub_out,RD-102,2026-06-08 09:25:03,
12616,PC-106313,delivered,RD-102,2026-06-09 10:29:11,
12617,PC-106314,hub_out,RD-102,2026-06-08 02:05:01,
12618,PC-106314,delivered,RD-102,2026-06-09 09:37:21,
12619,PC-106315,hub_out,RD-102,2026-06-08 20:25:33,
12620,PC-106315,delivered,RD-102,2026-06-09 18:27:29,
12621,PC-106316,hub_out,RD-102,2026-06-08 21:21:23,
12622,PC-106316,delivered,RD-102,2026-06-09 19:48:16,
12623,PC-106317,hub_out,RD-102,2026-06-08 12:20:50,
12624,PC-106317,delivered,RD-102,2026-06-09 15:06:55,
12625,PC-106318,hub_out,RD-102,2026-06-07 23:29:23,
12626,PC-106318,delivered,RD-102,2026-06-09 15:54:07,
12627,PC-106319,hub_out,RD-102,2026-06-08 03:53:26,
12628,PC-106319,delivered,RD-102,2026-06-09 10:10:13,
12629,PC-106320,hub_out,RD-102,2026-06-08 07:20:14,
12630,PC-106320,delivered,RD-102,2026-06-09 11:44:25,
12631,PC-106321,hub_out,RD-102,2026-06-08 19:10:06,
12632,PC-106321,delivered,RD-102,2026-06-09 19:20:01,
12633,PC-106322,hub_out,RD-102,2026-06-09 02:42:33,
12634,PC-106322,delivered,RD-102,2026-06-09 19:15:01,
12635,PC-106323,hub_out,RD-102,2026-06-08 17:12:28,
12636,PC-106323,failed_attempt,RD-102,2026-06-09 16:47:19,cod not ready
12637,PC-106324,hub_out,RD-102,2026-06-08 20:28:18,
12638,PC-106324,failed_attempt,RD-102,2026-06-09 13:18:45,cod not ready
12639,PC-106325,hub_out,RD-102,2026-06-09 01:05:45,
12640,PC-106325,failed_attempt,RD-102,2026-06-09 19:19:22,customer refused
12641,PC-106326,hub_out,RD-102,2026-06-09 15:10:55,
12642,PC-106326,failed_attempt,RD-102,2026-06-09 19:58:29,customer refused
12643,PC-106327,hub_out,RD-102,2026-06-08 23:16:06,
12644,PC-106327,failed_attempt,RD-102,2026-06-09 19:45:59,address not found
12645,PC-106328,hub_out,RD-102,2026-06-09 22:30:17,
12646,PC-106328,delivered,RD-102,2026-06-11 13:30:52,
12647,PC-106329,hub_out,RD-102,2026-06-10 16:21:28,
12648,PC-106329,delivered,RD-102,2026-06-11 18:48:34,
12649,PC-106330,hub_out,RD-102,2026-06-09 16:12:56,
12650,PC-106330,delivered,RD-102,2026-06-11 10:03:42,
12651,PC-106331,hub_out,RD-102,2026-06-10 09:30:03,
12652,PC-106331,delivered,RD-102,2026-06-11 18:00:31,
12653,PC-106332,hub_out,RD-102,2026-06-10 15:04:40,
12654,PC-106332,delivered,RD-102,2026-06-11 16:22:54,
12655,PC-106333,hub_out,RD-102,2026-06-10 17:41:46,
12656,PC-106333,delivered,RD-102,2026-06-11 11:50:51,
12657,PC-106334,hub_out,RD-102,2026-06-09 18:39:50,
12658,PC-106334,delivered,RD-102,2026-06-11 11:27:50,
12659,PC-106335,hub_out,RD-102,2026-06-11 11:39:35,
12660,PC-106335,delivered,RD-102,2026-06-11 19:08:35,
12661,PC-106336,hub_out,RD-102,2026-06-10 11:02:41,
12662,PC-106336,delivered,RD-102,2026-06-11 10:42:52,
12663,PC-106337,hub_out,RD-102,2026-06-10 07:18:11,
12664,PC-106337,delivered,RD-102,2026-06-11 10:55:40,
12665,PC-106338,hub_out,RD-102,2026-06-10 04:47:26,
12666,PC-106338,delivered,RD-102,2026-06-11 14:29:05,
12667,PC-106339,hub_out,RD-102,2026-06-11 03:38:58,
12668,PC-106339,delivered,RD-102,2026-06-11 17:42:48,
12669,PC-106340,hub_out,RD-102,2026-06-10 18:08:31,
12670,PC-106340,delivered,RD-102,2026-06-11 10:01:39,
12671,PC-106341,hub_out,RD-102,2026-06-10 10:34:24,
12672,PC-106341,delivered,RD-102,2026-06-11 14:20:00,
12673,PC-106342,hub_out,RD-102,2026-06-11 12:56:22,
12674,PC-106342,delivered,RD-102,2026-06-11 16:01:10,
12675,PC-106343,hub_out,RD-102,2026-06-10 20:07:51,
12676,PC-106343,delivered,RD-102,2026-06-11 12:40:36,
12677,PC-106344,hub_out,RD-102,2026-06-10 06:34:17,
12678,PC-106344,delivered,RD-102,2026-06-11 15:53:55,
12679,PC-106345,hub_out,RD-102,2026-06-10 06:52:48,
12680,PC-106345,delivered,RD-102,2026-06-11 10:09:56,
12681,PC-106346,hub_out,RD-102,2026-06-10 23:09:57,
12682,PC-106346,delivered,RD-102,2026-06-11 14:25:49,
12683,PC-106347,hub_out,RD-102,2026-06-11 02:30:43,
12684,PC-106347,failed_attempt,RD-102,2026-06-11 12:31:44,cod not ready
12685,PC-106348,hub_out,RD-102,2026-06-10 23:12:54,
12686,PC-106348,failed_attempt,RD-102,2026-06-11 15:40:04,cod not ready
12687,PC-106349,hub_out,RD-102,2026-06-10 20:39:21,
12688,PC-106349,failed_attempt,RD-102,2026-06-11 16:12:53,cod not ready
12689,PC-106350,hub_out,RD-102,2026-06-10 23:16:28,
12690,PC-106350,failed_attempt,RD-102,2026-06-11 10:20:56,address not found
12691,PC-106351,hub_out,RD-102,2026-06-11 00:41:27,
12692,PC-106351,delivered,RD-102,2026-06-12 17:32:05,
12693,PC-106352,hub_out,RD-102,2026-06-12 01:07:44,
12694,PC-106352,delivered,RD-102,2026-06-12 13:00:58,
12695,PC-106353,hub_out,RD-102,2026-06-11 06:45:56,
12696,PC-106353,delivered,RD-102,2026-06-12 09:32:42,
12697,PC-106354,hub_out,RD-102,2026-06-11 05:27:55,
12698,PC-106354,delivered,RD-102,2026-06-12 15:06:47,
12699,PC-106355,hub_out,RD-102,2026-06-11 06:04:19,
12700,PC-106355,delivered,RD-102,2026-06-12 10:12:21,
12701,PC-106356,hub_out,RD-102,2026-06-11 17:21:26,
12702,PC-106356,delivered,RD-102,2026-06-12 14:20:42,
12703,PC-106357,hub_out,RD-102,2026-06-10 18:12:57,
12704,PC-106357,delivered,RD-102,2026-06-12 14:00:39,
12705,PC-106358,hub_out,RD-102,2026-06-11 13:17:03,
12706,PC-106358,delivered,RD-102,2026-06-12 11:45:54,
12707,PC-106359,hub_out,RD-102,2026-06-11 13:18:46,
12708,PC-106359,delivered,RD-102,2026-06-12 18:36:53,
12709,PC-106360,hub_out,RD-102,2026-06-11 06:23:32,
12710,PC-106360,delivered,RD-102,2026-06-12 16:30:27,
12711,PC-106361,hub_out,RD-102,2026-06-10 13:09:57,
12712,PC-106361,delivered,RD-102,2026-06-12 10:31:02,
12713,PC-106362,hub_out,RD-102,2026-06-12 02:59:52,
12714,PC-106362,delivered,RD-102,2026-06-12 18:38:38,
12715,PC-106363,hub_out,RD-102,2026-06-11 10:08:01,
12716,PC-106363,delivered,RD-102,2026-06-12 17:21:08,
12717,PC-106364,hub_out,RD-102,2026-06-11 04:40:21,
12718,PC-106364,delivered,RD-102,2026-06-12 10:29:28,
12719,PC-106365,hub_out,RD-102,2026-06-11 15:19:05,
12720,PC-106365,delivered,RD-102,2026-06-12 17:52:35,
12721,PC-106366,hub_out,RD-102,2026-06-11 10:39:04,
12722,PC-106366,delivered,RD-102,2026-06-12 15:52:55,
12723,PC-106367,hub_out,RD-102,2026-06-11 13:46:53,
12724,PC-106367,delivered,RD-102,2026-06-12 09:42:08,
12725,PC-106368,hub_out,RD-102,2026-06-11 14:28:23,
12726,PC-106368,delivered,RD-102,2026-06-12 15:05:35,
12727,PC-106369,hub_out,RD-102,2026-06-11 08:11:13,
12728,PC-106369,delivered,RD-102,2026-06-12 12:09:36,
12729,PC-106370,hub_out,RD-102,2026-06-11 09:17:24,
12730,PC-106370,delivered,RD-102,2026-06-12 13:52:20,
12731,PC-106371,hub_out,RD-102,2026-06-11 09:10:24,
12732,PC-106371,delivered,RD-102,2026-06-12 14:49:03,
12733,PC-106372,hub_out,RD-102,2026-06-12 04:17:38,
12734,PC-106372,delivered,RD-102,2026-06-12 18:33:44,
12735,PC-106373,hub_out,RD-102,2026-06-12 09:48:56,
12736,PC-106373,failed_attempt,RD-102,2026-06-12 14:50:12,cod not ready
12737,PC-106374,hub_out,RD-102,2026-06-11 16:10:01,
12738,PC-106374,failed_attempt,RD-102,2026-06-12 09:23:31,address not found
12739,PC-106375,hub_out,RD-102,2026-06-12 08:02:50,
12740,PC-106375,failed_attempt,RD-102,2026-06-12 13:36:14,cod not ready
12741,PC-106376,hub_out,RD-102,2026-06-12 05:14:34,
12742,PC-106376,failed_attempt,RD-102,2026-06-12 12:00:42,address not found
12743,PC-106377,hub_out,RD-102,2026-06-12 05:46:27,
12744,PC-106377,failed_attempt,RD-102,2026-06-12 17:37:05,customer unreachable
12745,PC-106378,hub_out,RD-102,2026-06-11 20:30:07,
12746,PC-106378,delivered,RD-102,2026-06-13 09:41:27,
12747,PC-106379,hub_out,RD-102,2026-06-12 12:08:09,
12748,PC-106379,delivered,RD-102,2026-06-13 15:20:23,
12749,PC-106380,hub_out,RD-102,2026-06-12 18:58:41,
12750,PC-106380,delivered,RD-102,2026-06-13 14:12:55,
12751,PC-106381,hub_out,RD-102,2026-06-11 14:53:17,
12752,PC-106381,delivered,RD-102,2026-06-13 09:25:34,
12753,PC-106382,hub_out,RD-102,2026-06-11 22:54:34,
12754,PC-106382,delivered,RD-102,2026-06-13 14:22:26,
12755,PC-106383,hub_out,RD-102,2026-06-12 11:05:46,
12756,PC-106383,delivered,RD-102,2026-06-13 18:00:07,
12757,PC-106384,hub_out,RD-102,2026-06-12 05:56:27,
12758,PC-106384,delivered,RD-102,2026-06-13 14:00:26,
12759,PC-106385,hub_out,RD-102,2026-06-12 05:34:39,
12760,PC-106385,delivered,RD-102,2026-06-13 16:57:39,
12761,PC-106386,hub_out,RD-102,2026-06-12 11:02:38,
12762,PC-106386,delivered,RD-102,2026-06-13 12:35:26,
12763,PC-106387,hub_out,RD-102,2026-06-12 00:38:03,
12764,PC-106387,delivered,RD-102,2026-06-13 13:33:22,
12765,PC-106388,hub_out,RD-102,2026-06-12 11:17:08,
12766,PC-106388,delivered,RD-102,2026-06-13 17:13:39,
12767,PC-106389,hub_out,RD-102,2026-06-11 23:06:06,
12768,PC-106389,delivered,RD-102,2026-06-13 11:29:13,
12769,PC-106390,hub_out,RD-102,2026-06-12 02:08:27,
12770,PC-106390,delivered,RD-102,2026-06-13 13:34:34,
12771,PC-106391,hub_out,RD-102,2026-06-12 13:39:14,
12772,PC-106391,delivered,RD-102,2026-06-13 17:31:11,
12773,PC-106392,hub_out,RD-102,2026-06-12 12:11:40,
12774,PC-106392,delivered,RD-102,2026-06-13 15:41:13,
12775,PC-106393,hub_out,RD-102,2026-06-11 15:10:38,
12776,PC-106393,delivered,RD-102,2026-06-13 10:22:56,
12777,PC-106394,hub_out,RD-102,2026-06-11 23:04:21,
12778,PC-106394,delivered,RD-102,2026-06-13 09:41:21,
12779,PC-106395,hub_out,RD-102,2026-06-12 20:23:01,
12780,PC-106395,delivered,RD-102,2026-06-13 19:12:49,
12781,PC-106396,hub_out,RD-102,2026-06-12 07:55:00,
12782,PC-106396,delivered,RD-102,2026-06-13 15:50:16,
12783,PC-106397,hub_out,RD-102,2026-06-12 16:42:30,
12784,PC-106397,delivered,RD-102,2026-06-13 13:41:55,
12785,PC-106398,hub_out,RD-102,2026-06-12 19:53:01,
12786,PC-106398,delivered,RD-102,2026-06-13 14:47:12,
12787,PC-106399,hub_out,RD-102,2026-06-12 15:01:05,
12788,PC-106399,delivered,RD-102,2026-06-13 18:37:10,
12789,PC-106400,hub_out,RD-102,2026-06-11 21:41:18,
12790,PC-106400,delivered,RD-102,2026-06-13 11:23:53,
12791,PC-106401,hub_out,RD-102,2026-06-12 12:46:01,
12792,PC-106401,delivered,RD-102,2026-06-13 18:44:33,
12793,PC-106402,hub_out,RD-102,2026-06-12 15:44:53,
12794,PC-106402,delivered,RD-102,2026-06-13 13:16:00,
12795,PC-106403,hub_out,RD-102,2026-06-12 20:41:07,
12796,PC-106403,failed_attempt,RD-102,2026-06-13 09:16:07,customer refused
12797,PC-106404,hub_out,RD-102,2026-06-14 01:14:40,
12798,PC-106404,delivered,RD-102,2026-06-14 17:18:04,
12799,PC-106405,hub_out,RD-102,2026-06-13 05:04:42,
12800,PC-106405,delivered,RD-102,2026-06-14 09:00:39,
12801,PC-106406,hub_out,RD-102,2026-06-13 14:22:09,
12802,PC-106406,delivered,RD-102,2026-06-14 09:20:50,
12803,PC-106407,hub_out,RD-102,2026-06-12 22:39:43,
12804,PC-106407,delivered,RD-102,2026-06-14 16:16:00,
12805,PC-106408,hub_out,RD-102,2026-06-13 10:27:29,
12806,PC-106408,delivered,RD-102,2026-06-14 16:26:53,
12807,PC-106409,hub_out,RD-102,2026-06-13 20:43:01,
12808,PC-106409,delivered,RD-102,2026-06-14 15:04:59,
12809,PC-106410,hub_out,RD-102,2026-06-13 14:12:10,
12810,PC-106410,delivered,RD-102,2026-06-14 16:55:59,
12811,PC-106411,hub_out,RD-102,2026-06-13 11:34:49,
12812,PC-106411,delivered,RD-102,2026-06-14 16:18:37,
12813,PC-106412,hub_out,RD-102,2026-06-13 06:51:26,
12814,PC-106412,delivered,RD-102,2026-06-14 18:33:49,
12815,PC-106413,hub_out,RD-102,2026-06-12 22:01:37,
12816,PC-106413,delivered,RD-102,2026-06-14 13:06:23,
12817,PC-106414,hub_out,RD-102,2026-06-13 08:51:29,
12818,PC-106414,delivered,RD-102,2026-06-14 10:45:00,
12819,PC-106415,hub_out,RD-102,2026-06-13 09:39:57,
12820,PC-106415,delivered,RD-102,2026-06-14 12:03:02,
12821,PC-106416,hub_out,RD-102,2026-06-13 13:27:47,
12822,PC-106416,delivered,RD-102,2026-06-14 17:07:42,
12823,PC-106417,hub_out,RD-102,2026-06-13 20:00:36,
12824,PC-106417,delivered,RD-102,2026-06-14 14:03:20,
12825,PC-106418,hub_out,RD-102,2026-06-13 14:54:12,
12826,PC-106418,delivered,RD-102,2026-06-14 17:33:35,
12827,PC-106419,hub_out,RD-102,2026-06-13 01:01:54,
12828,PC-106419,delivered,RD-102,2026-06-14 10:50:06,
12829,PC-106420,hub_out,RD-102,2026-06-13 00:28:42,
12830,PC-106420,delivered,RD-102,2026-06-14 16:10:37,
12831,PC-106421,hub_out,RD-102,2026-06-13 14:22:18,
12832,PC-106421,delivered,RD-102,2026-06-14 18:14:33,
12833,PC-106422,hub_out,RD-102,2026-06-12 19:24:34,
12834,PC-106422,delivered,RD-102,2026-06-14 11:29:10,
12835,PC-106423,hub_out,RD-102,2026-06-12 20:56:00,
12836,PC-106423,delivered,RD-102,2026-06-14 12:43:01,
12837,PC-106424,hub_out,RD-102,2026-06-14 05:11:03,
12838,PC-106424,delivered,RD-102,2026-06-14 15:09:27,
12839,PC-106425,hub_out,RD-102,2026-06-13 03:11:29,
12840,PC-106425,delivered,RD-102,2026-06-14 11:14:57,
12841,PC-106426,hub_out,RD-102,2026-06-13 12:51:46,
12842,PC-106426,delivered,RD-102,2026-06-14 16:16:35,
12843,PC-106427,hub_out,RD-102,2026-06-13 20:07:06,
12844,PC-106427,delivered,RD-102,2026-06-14 15:43:09,
12845,PC-106428,hub_out,RD-102,2026-06-13 23:03:39,
12846,PC-106428,failed_attempt,RD-102,2026-06-14 17:29:56,customer refused
12847,PC-106429,hub_out,RD-102,2026-06-14 03:55:31,
12848,PC-106429,failed_attempt,RD-102,2026-06-14 12:44:54,cod not ready
12849,PC-106430,hub_out,RD-102,2026-06-14 18:43:46,
12850,PC-106430,delivered,RD-102,2026-06-15 15:41:21,
12851,PC-106431,hub_out,RD-102,2026-06-14 12:15:33,
12852,PC-106431,delivered,RD-102,2026-06-15 19:44:17,
12853,PC-106432,hub_out,RD-102,2026-06-15 02:16:58,
12854,PC-106432,delivered,RD-102,2026-06-15 11:05:07,
12855,PC-106433,hub_out,RD-102,2026-06-14 04:11:34,
12856,PC-106433,delivered,RD-102,2026-06-15 12:25:32,
12857,PC-106434,hub_out,RD-102,2026-06-14 16:55:03,
12858,PC-106434,delivered,RD-102,2026-06-15 16:49:57,
12859,PC-106435,hub_out,RD-102,2026-06-13 12:09:00,
12860,PC-106435,delivered,RD-102,2026-06-15 10:51:20,
12861,PC-106436,hub_out,RD-102,2026-06-15 05:38:26,
12862,PC-106436,delivered,RD-102,2026-06-15 16:21:39,
12863,PC-106437,hub_out,RD-102,2026-06-14 16:39:42,
12864,PC-106437,delivered,RD-102,2026-06-15 19:19:31,
12865,PC-106438,hub_out,RD-102,2026-06-14 15:20:54,
12866,PC-106438,delivered,RD-102,2026-06-15 16:45:44,
12867,PC-106439,hub_out,RD-102,2026-06-14 19:28:41,
12868,PC-106439,delivered,RD-102,2026-06-15 14:27:24,
12869,PC-106440,hub_out,RD-102,2026-06-14 21:50:18,
12870,PC-106440,delivered,RD-102,2026-06-15 13:03:25,
12871,PC-106441,hub_out,RD-102,2026-06-14 23:06:46,
12872,PC-106441,delivered,RD-102,2026-06-15 18:29:03,
12873,PC-106442,hub_out,RD-102,2026-06-14 08:35:41,
12874,PC-106442,delivered,RD-102,2026-06-15 13:06:53,
12875,PC-106443,hub_out,RD-102,2026-06-14 18:18:28,
12876,PC-106443,delivered,RD-102,2026-06-15 18:44:38,
12877,PC-106444,hub_out,RD-102,2026-06-14 12:15:26,
12878,PC-106444,delivered,RD-102,2026-06-15 19:30:59,
12879,PC-106445,hub_out,RD-102,2026-06-13 19:48:54,
12880,PC-106445,delivered,RD-102,2026-06-15 10:19:06,
12881,PC-106446,hub_out,RD-102,2026-06-14 10:11:06,
12882,PC-106446,delivered,RD-102,2026-06-15 11:28:05,
12883,PC-106447,hub_out,RD-102,2026-06-14 13:50:49,
12884,PC-106447,delivered,RD-102,2026-06-15 14:05:13,
12885,PC-106448,hub_out,RD-102,2026-06-14 19:07:34,
12886,PC-106448,delivered,RD-102,2026-06-15 16:48:46,
12887,PC-106449,hub_out,RD-102,2026-06-14 17:25:44,
12888,PC-106449,failed_attempt,RD-102,2026-06-15 19:31:21,address not found
12889,PC-106450,hub_out,RD-102,2026-06-14 20:51:23,
12890,PC-106450,failed_attempt,RD-102,2026-06-15 16:06:57,shop closed
12891,PC-106451,hub_out,RD-102,2026-06-15 07:22:57,
12892,PC-106451,failed_attempt,RD-102,2026-06-15 16:02:37,customer refused
12893,PC-106452,hub_out,RD-102,2026-06-14 17:02:40,
12894,PC-106452,delivered,RD-102,2026-06-16 14:09:07,
12895,PC-106453,hub_out,RD-102,2026-06-15 07:08:55,
12896,PC-106453,delivered,RD-102,2026-06-16 18:31:01,
12897,PC-106454,hub_out,RD-102,2026-06-15 14:37:21,
12898,PC-106454,delivered,RD-102,2026-06-16 16:33:57,
12899,PC-106455,hub_out,RD-102,2026-06-15 06:50:09,
12900,PC-106455,delivered,RD-102,2026-06-16 10:37:24,
12901,PC-106456,hub_out,RD-102,2026-06-15 08:44:07,
12902,PC-106456,delivered,RD-102,2026-06-16 10:46:20,
12903,PC-106457,hub_out,RD-102,2026-06-15 11:50:51,
12904,PC-106457,delivered,RD-102,2026-06-16 12:37:48,
12905,PC-106458,hub_out,RD-102,2026-06-15 13:59:40,
12906,PC-106458,delivered,RD-102,2026-06-16 14:55:16,
12907,PC-106459,hub_out,RD-102,2026-06-15 15:28:47,
12908,PC-106459,delivered,RD-102,2026-06-16 19:50:30,
12909,PC-106460,hub_out,RD-102,2026-06-15 06:15:48,
12910,PC-106460,delivered,RD-102,2026-06-16 11:46:03,
12911,PC-106461,hub_out,RD-102,2026-06-15 22:51:21,
12912,PC-106461,delivered,RD-102,2026-06-16 19:14:49,
12913,PC-106462,hub_out,RD-102,2026-06-15 08:41:42,
12914,PC-106462,delivered,RD-102,2026-06-16 17:00:25,
12915,PC-106463,hub_out,RD-102,2026-06-16 04:58:45,
12916,PC-106463,delivered,RD-102,2026-06-16 19:13:25,
12917,PC-106464,hub_out,RD-102,2026-06-15 22:37:38,
12918,PC-106464,delivered,RD-102,2026-06-16 18:12:50,
12919,PC-106465,hub_out,RD-102,2026-06-15 16:53:17,
12920,PC-106465,delivered,RD-102,2026-06-16 11:35:54,
12921,PC-106466,hub_out,RD-102,2026-06-15 13:41:18,
12922,PC-106466,delivered,RD-102,2026-06-16 10:12:15,
12923,PC-106467,hub_out,RD-102,2026-06-15 18:04:40,
12924,PC-106467,delivered,RD-102,2026-06-16 15:43:32,
12925,PC-106468,hub_out,RD-102,2026-06-15 04:50:49,
12926,PC-106468,delivered,RD-102,2026-06-16 10:08:29,
12927,PC-106469,hub_out,RD-102,2026-06-15 00:35:54,
12928,PC-106469,delivered,RD-102,2026-06-16 10:22:32,
12929,PC-106470,hub_out,RD-102,2026-06-15 03:13:03,
12930,PC-106470,delivered,RD-102,2026-06-16 11:31:09,
12931,PC-106471,hub_out,RD-102,2026-06-15 15:38:25,
12932,PC-106471,delivered,RD-102,2026-06-16 10:03:28,
12933,PC-106472,hub_out,RD-102,2026-06-15 00:53:49,
12934,PC-106472,delivered,RD-102,2026-06-16 14:04:13,
12935,PC-106473,hub_out,RD-102,2026-06-15 04:34:39,
12936,PC-106473,delivered,RD-102,2026-06-16 09:50:35,
12937,PC-106474,hub_out,RD-102,2026-06-15 17:17:13,
12938,PC-106474,delivered,RD-102,2026-06-16 19:43:10,
12939,PC-106475,hub_out,RD-102,2026-06-15 13:54:19,
12940,PC-106475,failed_attempt,RD-102,2026-06-16 16:23:51,customer refused
12941,PC-106476,hub_out,RD-102,2026-06-16 14:06:56,
12942,PC-106476,delivered,RD-102,2026-06-17 16:38:43,
12943,PC-106477,hub_out,RD-102,2026-06-16 11:54:08,
12944,PC-106477,delivered,RD-102,2026-06-17 11:51:23,
12945,PC-106478,hub_out,RD-102,2026-06-16 06:56:03,
12946,PC-106478,delivered,RD-102,2026-06-17 11:37:24,
12947,PC-106479,hub_out,RD-102,2026-06-17 07:36:50,
12948,PC-106479,delivered,RD-102,2026-06-17 15:46:43,
12949,PC-106480,hub_out,RD-102,2026-06-17 07:13:11,
12950,PC-106480,delivered,RD-102,2026-06-17 12:07:43,
12951,PC-106481,hub_out,RD-102,2026-06-16 21:58:02,
12952,PC-106481,delivered,RD-102,2026-06-17 17:23:00,
12953,PC-106482,hub_out,RD-102,2026-06-16 05:05:48,
12954,PC-106482,delivered,RD-102,2026-06-17 13:32:08,
12955,PC-106483,hub_out,RD-102,2026-06-16 18:14:33,
12956,PC-106483,delivered,RD-102,2026-06-17 13:38:21,
12957,PC-106484,hub_out,RD-102,2026-06-17 01:10:28,
12958,PC-106484,delivered,RD-102,2026-06-17 16:33:30,
12959,PC-106485,hub_out,RD-102,2026-06-17 14:55:18,
12960,PC-106485,delivered,RD-102,2026-06-17 19:18:58,
12961,PC-106486,hub_out,RD-102,2026-06-16 22:22:51,
12962,PC-106486,delivered,RD-102,2026-06-17 17:14:15,
12963,PC-106487,hub_out,RD-102,2026-06-16 10:38:57,
12964,PC-106487,delivered,RD-102,2026-06-17 16:56:34,
12965,PC-106488,hub_out,RD-102,2026-06-16 10:04:31,
12966,PC-106488,delivered,RD-102,2026-06-17 19:36:57,
12967,PC-106489,hub_out,RD-102,2026-06-16 04:59:43,
12968,PC-106489,delivered,RD-102,2026-06-17 15:20:40,
12969,PC-106490,hub_out,RD-102,2026-06-16 16:53:55,
12970,PC-106490,delivered,RD-102,2026-06-17 18:17:45,
12971,PC-106491,hub_out,RD-102,2026-06-17 04:24:28,
12972,PC-106491,delivered,RD-102,2026-06-17 11:31:58,
12973,PC-106492,hub_out,RD-102,2026-06-16 09:20:16,
12974,PC-106492,delivered,RD-102,2026-06-17 12:47:00,
12975,PC-106493,hub_out,RD-102,2026-06-15 14:44:34,
12976,PC-106493,delivered,RD-102,2026-06-17 09:45:41,
12977,PC-106494,hub_out,RD-102,2026-06-16 06:39:13,
12978,PC-106494,delivered,RD-102,2026-06-17 09:20:11,
12979,PC-106495,hub_out,RD-102,2026-06-16 22:59:12,
12980,PC-106495,delivered,RD-102,2026-06-17 16:10:34,
12981,PC-106496,hub_out,RD-102,2026-06-16 20:27:51,
12982,PC-106496,delivered,RD-102,2026-06-17 14:25:26,
12983,PC-106497,hub_out,RD-102,2026-06-16 04:15:58,
12984,PC-106497,delivered,RD-102,2026-06-17 18:16:50,
12985,PC-106498,hub_out,RD-102,2026-06-16 07:41:24,
12986,PC-106498,delivered,RD-102,2026-06-17 13:22:25,
12987,PC-106499,hub_out,RD-102,2026-06-16 21:10:08,
12988,PC-106499,delivered,RD-102,2026-06-17 15:56:56,
12989,PC-106500,hub_out,RD-102,2026-06-16 19:55:39,
12990,PC-106500,failed_attempt,RD-102,2026-06-17 18:57:30,cod not ready
12991,PC-106501,hub_out,RD-102,2026-06-16 22:31:39,
12992,PC-106501,failed_attempt,RD-102,2026-06-17 12:11:50,address not found
12993,PC-106502,hub_out,RD-102,2026-06-17 02:38:33,
12994,PC-106502,failed_attempt,RD-102,2026-06-17 10:43:11,customer unreachable
12995,PC-106503,hub_out,RD-102,2026-06-16 16:44:33,
12996,PC-106503,failed_attempt,RD-102,2026-06-17 17:41:20,customer unreachable
12997,PC-106504,hub_out,RD-102,2026-06-16 21:35:57,
12998,PC-106504,failed_attempt,RD-102,2026-06-17 13:07:06,address not found
12999,PC-106505,hub_out,RD-102,2026-06-17 03:35:05,
13000,PC-106505,delivered,RD-102,2026-06-18 17:27:10,
13001,PC-106506,hub_out,RD-102,2026-06-17 05:15:08,
13002,PC-106506,delivered,RD-102,2026-06-18 15:58:05,
13003,PC-106507,hub_out,RD-102,2026-06-18 04:55:38,
13004,PC-106507,delivered,RD-102,2026-06-18 13:39:31,
13005,PC-106508,hub_out,RD-102,2026-06-17 15:25:49,
13006,PC-106508,delivered,RD-102,2026-06-18 17:08:57,
13007,PC-106509,hub_out,RD-102,2026-06-17 08:53:34,
13008,PC-106509,delivered,RD-102,2026-06-18 10:51:31,
13009,PC-106510,hub_out,RD-102,2026-06-17 01:40:12,
13010,PC-106510,delivered,RD-102,2026-06-18 15:34:32,
13011,PC-106511,hub_out,RD-102,2026-06-17 16:02:59,
13012,PC-106511,delivered,RD-102,2026-06-18 19:09:45,
13013,PC-106512,hub_out,RD-102,2026-06-17 14:17:15,
13014,PC-106512,delivered,RD-102,2026-06-18 16:25:06,
13015,PC-106513,hub_out,RD-102,2026-06-17 16:37:00,
13016,PC-106513,delivered,RD-102,2026-06-18 11:33:26,
13017,PC-106514,hub_out,RD-102,2026-06-17 10:02:19,
13018,PC-106514,delivered,RD-102,2026-06-18 15:34:15,
13019,PC-106515,hub_out,RD-102,2026-06-17 04:00:04,
13020,PC-106515,delivered,RD-102,2026-06-18 12:56:47,
13021,PC-106516,hub_out,RD-102,2026-06-17 15:15:09,
13022,PC-106516,delivered,RD-102,2026-06-18 19:25:07,
13023,PC-106517,hub_out,RD-102,2026-06-17 23:36:21,
13024,PC-106517,delivered,RD-102,2026-06-18 12:24:06,
13025,PC-106518,hub_out,RD-102,2026-06-17 03:13:59,
13026,PC-106518,delivered,RD-102,2026-06-18 11:52:00,
13027,PC-106519,hub_out,RD-102,2026-06-17 12:38:23,
13028,PC-106519,delivered,RD-102,2026-06-18 15:51:37,
13029,PC-106520,hub_out,RD-102,2026-06-16 17:27:28,
13030,PC-106520,delivered,RD-102,2026-06-18 11:30:28,
13031,PC-106521,hub_out,RD-102,2026-06-17 03:39:19,
13032,PC-106521,delivered,RD-102,2026-06-18 13:44:23,
13033,PC-106522,hub_out,RD-102,2026-06-17 03:14:27,
13034,PC-106522,delivered,RD-102,2026-06-18 18:16:50,
13035,PC-106523,hub_out,RD-102,2026-06-17 19:56:31,
13036,PC-106523,delivered,RD-102,2026-06-18 18:42:48,
13037,PC-106524,hub_out,RD-102,2026-06-17 06:33:14,
13038,PC-106524,delivered,RD-102,2026-06-18 19:56:15,
13039,PC-106525,hub_out,RD-102,2026-06-17 01:33:40,
13040,PC-106525,delivered,RD-102,2026-06-18 09:42:58,
13041,PC-106526,hub_out,RD-102,2026-06-17 13:18:11,
13042,PC-106526,delivered,RD-102,2026-06-18 18:09:23,
13043,PC-106527,hub_out,RD-102,2026-06-17 09:22:45,
13044,PC-106527,delivered,RD-102,2026-06-18 10:47:27,
13045,PC-106528,hub_out,RD-102,2026-06-17 11:37:08,
13046,PC-106528,delivered,RD-102,2026-06-18 13:50:54,
13047,PC-106529,hub_out,RD-102,2026-06-18 03:28:20,
13048,PC-106529,delivered,RD-102,2026-06-18 17:02:55,
13049,PC-106530,hub_out,RD-102,2026-06-17 16:14:19,
13050,PC-106530,failed_attempt,RD-102,2026-06-18 15:16:05,customer unreachable
13051,PC-106531,hub_out,RD-102,2026-06-18 13:41:55,
13052,PC-106531,delivered,RD-102,2026-06-19 14:54:49,
13053,PC-106532,hub_out,RD-102,2026-06-18 22:14:53,
13054,PC-106532,delivered,RD-102,2026-06-19 09:17:02,
13055,PC-106533,hub_out,RD-102,2026-06-17 19:51:44,
13056,PC-106533,delivered,RD-102,2026-06-19 11:55:56,
13057,PC-106534,hub_out,RD-102,2026-06-18 13:47:35,
13058,PC-106534,delivered,RD-102,2026-06-19 09:18:59,
13059,PC-106535,hub_out,RD-102,2026-06-18 10:02:28,
13060,PC-106535,delivered,RD-102,2026-06-19 11:58:16,
13061,PC-106536,hub_out,RD-102,2026-06-18 09:04:10,
13062,PC-106536,delivered,RD-102,2026-06-19 14:10:06,
13063,PC-106537,hub_out,RD-102,2026-06-18 08:00:58,
13064,PC-106537,delivered,RD-102,2026-06-19 14:54:52,
13065,PC-106538,hub_out,RD-102,2026-06-18 05:03:26,
13066,PC-106538,delivered,RD-102,2026-06-19 09:31:58,
13067,PC-106539,hub_out,RD-102,2026-06-18 16:04:37,
13068,PC-106539,delivered,RD-102,2026-06-19 15:13:49,
13069,PC-106540,hub_out,RD-102,2026-06-18 17:35:52,
13070,PC-106540,delivered,RD-102,2026-06-19 16:32:31,
13071,PC-106541,hub_out,RD-102,2026-06-19 07:12:04,
13072,PC-106541,delivered,RD-102,2026-06-19 16:31:28,
13073,PC-106542,hub_out,RD-102,2026-06-19 03:54:41,
13074,PC-106542,delivered,RD-102,2026-06-19 13:01:47,
13075,PC-106543,hub_out,RD-102,2026-06-18 02:10:17,
13076,PC-106543,delivered,RD-102,2026-06-19 17:36:58,
13077,PC-106544,hub_out,RD-102,2026-06-18 18:33:49,
13078,PC-106544,delivered,RD-102,2026-06-19 18:50:26,
13079,PC-106545,hub_out,RD-102,2026-06-18 12:14:41,
13080,PC-106545,delivered,RD-102,2026-06-19 11:23:09,
13081,PC-106546,hub_out,RD-102,2026-06-18 10:50:16,
13082,PC-106546,delivered,RD-102,2026-06-19 19:05:10,
13083,PC-106547,hub_out,RD-102,2026-06-18 04:13:44,
13084,PC-106547,delivered,RD-102,2026-06-19 13:38:57,
13085,PC-106548,hub_out,RD-102,2026-06-17 20:45:24,
13086,PC-106548,delivered,RD-102,2026-06-19 10:01:55,
13087,PC-106549,hub_out,RD-102,2026-06-18 05:24:55,
13088,PC-106549,delivered,RD-102,2026-06-19 16:09:14,
13089,PC-106550,hub_out,RD-102,2026-06-18 09:15:48,
13090,PC-106550,delivered,RD-102,2026-06-19 09:47:13,
13091,PC-106551,hub_out,RD-102,2026-06-18 01:55:05,
13092,PC-106551,delivered,RD-102,2026-06-19 16:08:08,
13093,PC-106552,hub_out,RD-102,2026-06-18 17:54:42,
13094,PC-106552,delivered,RD-102,2026-06-19 12:56:36,
13095,PC-106553,hub_out,RD-102,2026-06-18 07:20:48,
13096,PC-106553,delivered,RD-102,2026-06-19 13:15:24,
13097,PC-106554,hub_out,RD-102,2026-06-18 18:10:34,
13098,PC-106554,delivered,RD-102,2026-06-19 17:40:02,
13099,PC-106555,hub_out,RD-102,2026-06-18 16:58:09,
13100,PC-106555,failed_attempt,RD-102,2026-06-19 14:38:37,shop closed
13101,PC-106556,hub_out,RD-102,2026-06-19 14:24:21,
13102,PC-106556,delivered,RD-102,2026-06-20 17:46:30,
13103,PC-106557,hub_out,RD-102,2026-06-19 06:54:57,
13104,PC-106557,delivered,RD-102,2026-06-20 14:43:02,
13105,PC-106558,hub_out,RD-102,2026-06-19 17:43:49,
13106,PC-106558,delivered,RD-102,2026-06-20 16:11:11,
13107,PC-106559,hub_out,RD-102,2026-06-19 21:52:22,
13108,PC-106559,delivered,RD-102,2026-06-20 10:14:40,
13109,PC-106560,hub_out,RD-102,2026-06-18 23:33:37,
13110,PC-106560,delivered,RD-102,2026-06-20 10:45:26,
13111,PC-106561,hub_out,RD-102,2026-06-19 03:39:30,
13112,PC-106561,delivered,RD-102,2026-06-20 14:54:08,
13113,PC-106562,hub_out,RD-102,2026-06-19 09:21:14,
13114,PC-106562,delivered,RD-102,2026-06-20 15:54:58,
13115,PC-106563,hub_out,RD-102,2026-06-19 05:56:10,
13116,PC-106563,delivered,RD-102,2026-06-20 11:50:21,
13117,PC-106564,hub_out,RD-102,2026-06-19 17:24:16,
13118,PC-106564,delivered,RD-102,2026-06-20 16:07:51,
13119,PC-106565,hub_out,RD-102,2026-06-20 02:12:06,
13120,PC-106565,delivered,RD-102,2026-06-20 19:38:26,
13121,PC-106566,hub_out,RD-102,2026-06-19 05:49:03,
13122,PC-106566,delivered,RD-102,2026-06-20 11:36:03,
13123,PC-106567,hub_out,RD-102,2026-06-19 11:41:34,
13124,PC-106567,delivered,RD-102,2026-06-20 11:55:45,
13125,PC-106568,hub_out,RD-102,2026-06-19 03:09:38,
13126,PC-106568,delivered,RD-102,2026-06-20 10:02:11,
13127,PC-106569,hub_out,RD-102,2026-06-19 06:03:16,
13128,PC-106569,delivered,RD-102,2026-06-20 14:52:53,
13129,PC-106570,hub_out,RD-102,2026-06-19 08:11:47,
13130,PC-106570,delivered,RD-102,2026-06-20 15:00:15,
13131,PC-106571,hub_out,RD-102,2026-06-18 23:21:40,
13132,PC-106571,delivered,RD-102,2026-06-20 16:14:44,
13133,PC-106572,hub_out,RD-102,2026-06-19 11:21:15,
13134,PC-106572,delivered,RD-102,2026-06-20 17:20:20,
13135,PC-106573,hub_out,RD-102,2026-06-19 16:52:46,
13136,PC-106573,delivered,RD-102,2026-06-20 16:44:18,
13137,PC-106574,hub_out,RD-102,2026-06-19 16:56:57,
13138,PC-106574,delivered,RD-102,2026-06-20 10:27:23,
13139,PC-106575,hub_out,RD-102,2026-06-20 04:17:42,
13140,PC-106575,failed_attempt,RD-102,2026-06-20 19:19:07,customer refused
13141,PC-106576,hub_out,RD-102,2026-06-19 20:25:08,
13142,PC-106576,failed_attempt,RD-102,2026-06-20 11:11:48,customer refused
13143,PC-106577,hub_out,RD-102,2026-06-21 14:31:14,
13144,PC-106577,delivered,RD-102,2026-06-21 15:12:03,
13145,PC-106578,hub_out,RD-102,2026-06-20 07:15:54,
13146,PC-106578,delivered,RD-102,2026-06-21 17:31:50,
13147,PC-106579,hub_out,RD-102,2026-06-19 21:50:41,
13148,PC-106579,delivered,RD-102,2026-06-21 16:40:17,
13149,PC-106580,hub_out,RD-102,2026-06-20 10:38:04,
13150,PC-106580,delivered,RD-102,2026-06-21 14:53:19,
13151,PC-106581,hub_out,RD-102,2026-06-20 06:57:26,
13152,PC-106581,delivered,RD-102,2026-06-21 16:52:06,
13153,PC-106582,hub_out,RD-102,2026-06-20 08:55:00,
13154,PC-106582,delivered,RD-102,2026-06-21 11:20:16,
13155,PC-106583,hub_out,RD-102,2026-06-20 02:02:44,
13156,PC-106583,delivered,RD-102,2026-06-21 13:11:52,
13157,PC-106584,hub_out,RD-102,2026-06-20 17:06:34,
13158,PC-106584,delivered,RD-102,2026-06-21 15:56:52,
13159,PC-106585,hub_out,RD-102,2026-06-20 11:17:03,
13160,PC-106585,delivered,RD-102,2026-06-21 17:10:06,
13161,PC-106586,hub_out,RD-102,2026-06-20 03:05:56,
13162,PC-106586,delivered,RD-102,2026-06-21 18:54:03,
13163,PC-106587,hub_out,RD-102,2026-06-20 09:15:47,
13164,PC-106587,delivered,RD-102,2026-06-21 12:01:49,
13165,PC-106588,hub_out,RD-102,2026-06-20 01:55:37,
13166,PC-106588,delivered,RD-102,2026-06-21 12:06:39,
13167,PC-106589,hub_out,RD-102,2026-06-20 17:28:57,
13168,PC-106589,delivered,RD-102,2026-06-21 19:49:53,
13169,PC-106590,hub_out,RD-102,2026-06-20 08:18:26,
13170,PC-106590,delivered,RD-102,2026-06-21 14:23:52,
13171,PC-106591,hub_out,RD-102,2026-06-20 11:49:46,
13172,PC-106591,delivered,RD-102,2026-06-21 19:49:26,
13173,PC-106592,hub_out,RD-102,2026-06-20 07:13:10,
13174,PC-106592,delivered,RD-102,2026-06-21 10:35:11,
13175,PC-106593,hub_out,RD-102,2026-06-20 15:32:41,
13176,PC-106593,delivered,RD-102,2026-06-21 11:56:10,
13177,PC-106594,hub_out,RD-102,2026-06-20 06:18:30,
13178,PC-106594,delivered,RD-102,2026-06-21 11:35:42,
13179,PC-106595,hub_out,RD-102,2026-06-20 14:20:14,
13180,PC-106595,delivered,RD-102,2026-06-21 19:06:04,
13181,PC-106596,hub_out,RD-102,2026-06-20 12:04:37,
13182,PC-106596,delivered,RD-102,2026-06-21 15:38:40,
13183,PC-106597,hub_out,RD-102,2026-06-20 18:29:35,
13184,PC-106597,delivered,RD-102,2026-06-21 19:50:46,
13185,PC-106598,hub_out,RD-102,2026-06-20 22:27:57,
13186,PC-106598,delivered,RD-102,2026-06-21 17:33:41,
13187,PC-106599,hub_out,RD-102,2026-06-20 17:23:07,
13188,PC-106599,failed_attempt,RD-102,2026-06-21 10:23:14,address not found
13189,PC-106600,hub_out,RD-102,2026-06-20 12:41:35,
13190,PC-106600,failed_attempt,RD-102,2026-06-21 09:58:35,shop closed
13191,PC-106601,hub_out,RD-102,2026-06-21 12:42:36,
13192,PC-106601,delivered,RD-102,2026-06-23 19:40:38,
13193,PC-106602,hub_out,RD-102,2026-06-22 21:54:31,
13194,PC-106602,delivered,RD-102,2026-06-23 15:49:14,
13195,PC-106603,hub_out,RD-102,2026-06-22 03:42:08,
13196,PC-106603,delivered,RD-102,2026-06-23 12:20:19,
13197,PC-106604,hub_out,RD-102,2026-06-22 08:12:49,
13198,PC-106604,delivered,RD-102,2026-06-23 12:31:28,
13199,PC-106605,hub_out,RD-102,2026-06-22 02:00:56,
13200,PC-106605,delivered,RD-102,2026-06-23 16:21:17,
13201,PC-106606,hub_out,RD-102,2026-06-22 03:31:07,
13202,PC-106606,delivered,RD-102,2026-06-23 11:36:55,
13203,PC-106607,hub_out,RD-102,2026-06-22 21:56:26,
13204,PC-106607,delivered,RD-102,2026-06-23 16:38:49,
13205,PC-106608,hub_out,RD-102,2026-06-22 06:54:35,
13206,PC-106608,delivered,RD-102,2026-06-23 11:30:19,
13207,PC-106609,hub_out,RD-102,2026-06-22 02:57:48,
13208,PC-106609,delivered,RD-102,2026-06-23 09:52:20,
13209,PC-106610,hub_out,RD-102,2026-06-22 06:49:26,
13210,PC-106610,delivered,RD-102,2026-06-23 09:17:49,
13211,PC-106611,hub_out,RD-102,2026-06-22 20:07:51,
13212,PC-106611,delivered,RD-102,2026-06-23 16:06:07,
13213,PC-106612,hub_out,RD-102,2026-06-22 09:45:53,
13214,PC-106612,delivered,RD-102,2026-06-23 09:19:21,
13215,PC-106613,hub_out,RD-102,2026-06-22 11:30:36,
13216,PC-106613,delivered,RD-102,2026-06-23 18:42:41,
13217,PC-106614,hub_out,RD-102,2026-06-22 11:08:23,
13218,PC-106614,delivered,RD-102,2026-06-23 10:52:51,
13219,PC-106615,hub_out,RD-102,2026-06-22 09:24:26,
13220,PC-106615,delivered,RD-102,2026-06-23 19:21:00,
13221,PC-106616,hub_out,RD-102,2026-06-22 10:18:19,
13222,PC-106616,delivered,RD-102,2026-06-23 13:36:09,
13223,PC-106617,hub_out,RD-102,2026-06-22 18:39:58,
13224,PC-106617,delivered,RD-102,2026-06-23 16:24:43,
13225,PC-106618,hub_out,RD-102,2026-06-22 03:42:47,
13226,PC-106618,delivered,RD-102,2026-06-23 09:09:40,
13227,PC-106619,hub_out,RD-102,2026-06-22 09:58:10,
13228,PC-106619,delivered,RD-102,2026-06-23 12:22:43,
13229,PC-106620,hub_out,RD-102,2026-06-22 12:44:10,
13230,PC-106620,delivered,RD-102,2026-06-23 19:36:58,
13231,PC-106621,hub_out,RD-102,2026-06-22 06:34:31,
13232,PC-106621,delivered,RD-102,2026-06-23 14:30:30,
13233,PC-106622,hub_out,RD-102,2026-06-22 21:03:02,
13234,PC-106622,delivered,RD-102,2026-06-23 17:55:07,
13235,PC-106623,hub_out,RD-102,2026-06-22 05:51:55,
13236,PC-106623,delivered,RD-102,2026-06-23 11:07:54,
13237,PC-106624,hub_out,RD-102,2026-06-23 04:40:59,
13238,PC-106624,failed_attempt,RD-102,2026-06-23 12:30:19,customer refused
13239,PC-106625,hub_out,RD-102,2026-06-22 13:05:08,
13240,PC-106625,failed_attempt,RD-102,2026-06-23 16:06:58,customer unreachable
13241,PC-106626,hub_out,RD-102,2026-06-22 15:12:23,
13242,PC-106626,failed_attempt,RD-102,2026-06-23 14:06:00,cod not ready
13243,PC-106627,hub_out,RD-102,2026-06-23 13:05:38,
13244,PC-106627,delivered,RD-102,2026-06-24 19:16:05,
13245,PC-106628,hub_out,RD-102,2026-06-23 03:06:44,
13246,PC-106628,delivered,RD-102,2026-06-24 11:31:53,
13247,PC-106629,hub_out,RD-102,2026-06-23 12:13:16,
13248,PC-106629,delivered,RD-102,2026-06-24 16:50:16,
13249,PC-106630,hub_out,RD-102,2026-06-23 07:01:10,
13250,PC-106630,delivered,RD-102,2026-06-24 13:59:15,
13251,PC-106631,hub_out,RD-102,2026-06-23 18:19:50,
13252,PC-106631,delivered,RD-102,2026-06-24 16:54:40,
13253,PC-106632,hub_out,RD-102,2026-06-23 07:15:20,
13254,PC-106632,delivered,RD-102,2026-06-24 16:15:16,
13255,PC-106633,hub_out,RD-102,2026-06-23 08:36:17,
13256,PC-106633,delivered,RD-102,2026-06-24 09:53:27,
13257,PC-106634,hub_out,RD-102,2026-06-22 23:12:28,
13258,PC-106634,delivered,RD-102,2026-06-24 15:07:21,
13259,PC-106635,hub_out,RD-102,2026-06-23 10:24:24,
13260,PC-106635,delivered,RD-102,2026-06-24 15:38:46,
13261,PC-106636,hub_out,RD-102,2026-06-23 23:06:40,
13262,PC-106636,delivered,RD-102,2026-06-24 19:58:42,
13263,PC-106637,hub_out,RD-102,2026-06-23 19:02:36,
13264,PC-106637,delivered,RD-102,2026-06-24 10:38:31,
13265,PC-106638,hub_out,RD-102,2026-06-23 07:21:50,
13266,PC-106638,delivered,RD-102,2026-06-24 10:52:24,
13267,PC-106639,hub_out,RD-102,2026-06-23 09:57:49,
13268,PC-106639,delivered,RD-102,2026-06-24 09:29:28,
13269,PC-106640,hub_out,RD-102,2026-06-23 04:24:29,
13270,PC-106640,delivered,RD-102,2026-06-24 13:36:40,
13271,PC-106641,hub_out,RD-102,2026-06-23 09:38:01,
13272,PC-106641,delivered,RD-102,2026-06-24 11:38:36,
13273,PC-106642,hub_out,RD-102,2026-06-23 16:01:09,
13274,PC-106642,delivered,RD-102,2026-06-24 17:15:15,
13275,PC-106643,hub_out,RD-102,2026-06-22 20:35:32,
13276,PC-106643,delivered,RD-102,2026-06-24 09:44:45,
13277,PC-106644,hub_out,RD-102,2026-06-23 14:42:48,
13278,PC-106644,delivered,RD-102,2026-06-24 18:37:02,
13279,PC-106645,hub_out,RD-102,2026-06-23 02:59:55,
13280,PC-106645,delivered,RD-102,2026-06-24 15:04:39,
13281,PC-106646,hub_out,RD-102,2026-06-23 10:04:11,
13282,PC-106646,delivered,RD-102,2026-06-24 12:17:55,
13283,PC-106647,hub_out,RD-102,2026-06-23 08:21:17,
13284,PC-106647,delivered,RD-102,2026-06-24 11:18:09,
13285,PC-106648,hub_out,RD-102,2026-06-23 04:04:32,
13286,PC-106648,delivered,RD-102,2026-06-24 11:02:14,
13287,PC-106649,hub_out,RD-102,2026-06-23 22:26:49,
13288,PC-106649,delivered,RD-102,2026-06-24 17:50:59,
13289,PC-106650,hub_out,RD-102,2026-06-23 07:07:26,
13290,PC-106650,delivered,RD-102,2026-06-24 13:39:58,
13291,PC-106651,hub_out,RD-102,2026-06-23 12:24:13,
13292,PC-106651,delivered,RD-102,2026-06-24 09:00:07,
13293,PC-106652,hub_out,RD-102,2026-06-23 22:15:07,
13294,PC-106652,failed_attempt,RD-102,2026-06-24 12:12:13,customer unreachable
13295,PC-106653,hub_out,RD-102,2026-06-24 21:33:20,
13296,PC-106653,delivered,RD-102,2026-06-25 19:53:04,
13297,PC-106654,hub_out,RD-102,2026-06-24 14:37:38,
13298,PC-106654,delivered,RD-102,2026-06-25 17:32:11,
13299,PC-106655,hub_out,RD-102,2026-06-24 16:56:06,
13300,PC-106655,delivered,RD-102,2026-06-25 12:39:48,
13301,PC-106656,hub_out,RD-102,2026-06-24 17:36:30,
13302,PC-106656,delivered,RD-102,2026-06-25 13:14:56,
13303,PC-106657,hub_out,RD-102,2026-06-25 00:18:00,
13304,PC-106657,delivered,RD-102,2026-06-25 16:59:04,
13305,PC-106658,hub_out,RD-102,2026-06-23 22:31:44,
13306,PC-106658,delivered,RD-102,2026-06-25 12:49:34,
13307,PC-106659,hub_out,RD-102,2026-06-24 08:02:14,
13308,PC-106659,delivered,RD-102,2026-06-25 11:39:40,
13309,PC-106660,hub_out,RD-102,2026-06-24 02:29:00,
13310,PC-106660,delivered,RD-102,2026-06-25 14:35:34,
13311,PC-106661,hub_out,RD-102,2026-06-24 14:24:15,
13312,PC-106661,delivered,RD-102,2026-06-25 19:41:04,
13313,PC-106662,hub_out,RD-102,2026-06-24 07:56:37,
13314,PC-106662,delivered,RD-102,2026-06-25 09:28:47,
13315,PC-106663,hub_out,RD-102,2026-06-24 06:08:31,
13316,PC-106663,delivered,RD-102,2026-06-25 18:28:43,
13317,PC-106664,hub_out,RD-102,2026-06-25 00:34:39,
13318,PC-106664,delivered,RD-102,2026-06-25 19:15:52,
13319,PC-106665,hub_out,RD-102,2026-06-24 11:15:12,
13320,PC-106665,delivered,RD-102,2026-06-25 11:22:43,
13321,PC-106666,hub_out,RD-102,2026-06-23 21:09:29,
13322,PC-106666,delivered,RD-102,2026-06-25 15:35:39,
13323,PC-106667,hub_out,RD-102,2026-06-24 21:20:12,
13324,PC-106667,delivered,RD-102,2026-06-25 18:05:30,
13325,PC-106668,hub_out,RD-102,2026-06-24 15:58:36,
13326,PC-106668,delivered,RD-102,2026-06-25 18:29:14,
13327,PC-106669,hub_out,RD-102,2026-06-24 14:38:12,
13328,PC-106669,delivered,RD-102,2026-06-25 16:46:41,
13329,PC-106670,hub_out,RD-102,2026-06-24 17:24:29,
13330,PC-106670,delivered,RD-102,2026-06-25 13:47:13,
13331,PC-106671,hub_out,RD-102,2026-06-24 05:55:48,
13332,PC-106671,delivered,RD-102,2026-06-25 14:10:21,
13333,PC-106672,hub_out,RD-102,2026-06-24 12:50:51,
13334,PC-106672,delivered,RD-102,2026-06-25 14:52:07,
13335,PC-106673,hub_out,RD-102,2026-06-24 14:15:13,
13336,PC-106673,delivered,RD-102,2026-06-25 19:57:27,
13337,PC-106674,hub_out,RD-102,2026-06-24 18:24:44,
13338,PC-106674,delivered,RD-102,2026-06-25 19:03:02,
13339,PC-106675,hub_out,RD-102,2026-06-24 05:18:01,
13340,PC-106675,delivered,RD-102,2026-06-25 10:37:04,
13341,PC-106676,hub_out,RD-102,2026-06-25 04:48:46,
13342,PC-106676,failed_attempt,RD-102,2026-06-25 12:37:07,shop closed
13343,PC-106677,hub_out,RD-102,2026-06-24 12:17:27,
13344,PC-106677,failed_attempt,RD-102,2026-06-25 14:13:30,shop closed
13345,PC-106678,hub_out,RD-102,2026-06-24 21:14:32,
13346,PC-106678,failed_attempt,RD-102,2026-06-25 18:46:36,customer refused
13347,PC-106679,hub_out,RD-102,2026-06-24 12:25:12,
13348,PC-106679,failed_attempt,RD-102,2026-06-25 12:59:04,shop closed
13349,PC-106680,hub_out,RD-102,2026-06-25 17:08:51,
13350,PC-106680,delivered,RD-102,2026-06-26 09:45:16,
13351,PC-106681,hub_out,RD-102,2026-06-25 11:45:52,
13352,PC-106681,delivered,RD-102,2026-06-26 19:08:11,
13353,PC-106682,hub_out,RD-102,2026-06-25 11:16:04,
13354,PC-106682,delivered,RD-102,2026-06-26 09:18:39,
13355,PC-106683,hub_out,RD-102,2026-06-26 02:37:20,
13356,PC-106683,delivered,RD-102,2026-06-26 19:18:36,
13357,PC-106684,hub_out,RD-102,2026-06-25 08:23:31,
13358,PC-106684,delivered,RD-102,2026-06-26 12:29:34,
13359,PC-106685,hub_out,RD-102,2026-06-25 17:16:04,
13360,PC-106685,delivered,RD-102,2026-06-26 16:47:17,
13361,PC-106686,hub_out,RD-102,2026-06-25 06:11:07,
13362,PC-106686,delivered,RD-102,2026-06-26 10:38:39,
13363,PC-106687,hub_out,RD-102,2026-06-25 04:21:38,
13364,PC-106687,delivered,RD-102,2026-06-26 09:15:54,
13365,PC-106688,hub_out,RD-102,2026-06-25 20:23:40,
13366,PC-106688,delivered,RD-102,2026-06-26 13:17:59,
13367,PC-106689,hub_out,RD-102,2026-06-25 04:42:39,
13368,PC-106689,delivered,RD-102,2026-06-26 14:52:31,
13369,PC-106690,hub_out,RD-102,2026-06-25 17:26:19,
13370,PC-106690,delivered,RD-102,2026-06-26 16:43:38,
13371,PC-106691,hub_out,RD-102,2026-06-25 03:28:30,
13372,PC-106691,delivered,RD-102,2026-06-26 12:58:42,
13373,PC-106692,hub_out,RD-102,2026-06-25 10:36:58,
13374,PC-106692,delivered,RD-102,2026-06-26 18:18:56,
13375,PC-106693,hub_out,RD-102,2026-06-25 07:47:12,
13376,PC-106693,delivered,RD-102,2026-06-26 12:11:16,
13377,PC-106694,hub_out,RD-102,2026-06-25 16:37:19,
13378,PC-106694,delivered,RD-102,2026-06-26 19:31:18,
13379,PC-106695,hub_out,RD-102,2026-06-25 12:42:52,
13380,PC-106695,delivered,RD-102,2026-06-26 15:41:55,
13381,PC-106696,hub_out,RD-102,2026-06-25 19:40:07,
13382,PC-106696,delivered,RD-102,2026-06-26 15:33:09,
13383,PC-106697,hub_out,RD-102,2026-06-25 08:21:18,
13384,PC-106697,delivered,RD-102,2026-06-26 19:25:29,
13385,PC-106698,hub_out,RD-102,2026-06-25 11:48:46,
13386,PC-106698,delivered,RD-102,2026-06-26 12:19:32,
13387,PC-106699,hub_out,RD-102,2026-06-25 20:45:25,
13388,PC-106699,delivered,RD-102,2026-06-26 18:57:13,
13389,PC-106700,hub_out,RD-102,2026-06-26 12:50:27,
13390,PC-106700,failed_attempt,RD-102,2026-06-26 18:28:00,address not found
13391,PC-106701,hub_out,RD-102,2026-06-26 05:44:32,
13392,PC-106701,failed_attempt,RD-102,2026-06-26 12:42:24,shop closed
13393,PC-106702,hub_out,RD-102,2026-06-25 09:31:18,
13394,PC-106702,failed_attempt,RD-102,2026-06-26 11:13:55,customer refused
13395,PC-106703,hub_out,RD-102,2026-06-26 02:48:55,
13396,PC-106703,failed_attempt,RD-102,2026-06-26 11:49:55,address not found
13397,PC-106704,hub_out,RD-102,2026-06-25 18:02:31,
13398,PC-106704,failed_attempt,RD-102,2026-06-26 15:12:10,customer refused
13399,PC-106705,hub_out,RD-102,2026-06-25 22:16:48,
13400,PC-106705,delivered,RD-102,2026-06-27 12:41:46,
13401,PC-106706,hub_out,RD-102,2026-06-26 16:46:09,
13402,PC-106706,delivered,RD-102,2026-06-27 16:42:19,
13403,PC-106707,hub_out,RD-102,2026-06-26 16:44:01,
13404,PC-106707,delivered,RD-102,2026-06-27 18:05:22,
13405,PC-106708,hub_out,RD-102,2026-06-26 06:58:32,
13406,PC-106708,delivered,RD-102,2026-06-27 14:22:10,
13407,PC-106709,hub_out,RD-102,2026-06-26 12:13:33,
13408,PC-106709,delivered,RD-102,2026-06-27 18:50:09,
13409,PC-106710,hub_out,RD-102,2026-06-26 19:02:44,
13410,PC-106710,delivered,RD-102,2026-06-27 19:54:32,
13411,PC-106711,hub_out,RD-102,2026-06-27 09:36:12,
13412,PC-106711,delivered,RD-102,2026-06-27 19:39:10,
13413,PC-106712,hub_out,RD-102,2026-06-26 11:38:00,
13414,PC-106712,delivered,RD-102,2026-06-27 18:58:42,
13415,PC-106713,hub_out,RD-102,2026-06-26 03:33:41,
13416,PC-106713,delivered,RD-102,2026-06-27 10:29:12,
13417,PC-106714,hub_out,RD-102,2026-06-27 00:02:57,
13418,PC-106714,delivered,RD-102,2026-06-27 18:42:56,
13419,PC-106715,hub_out,RD-102,2026-06-26 10:58:20,
13420,PC-106715,delivered,RD-102,2026-06-27 18:56:11,
13421,PC-106716,hub_out,RD-102,2026-06-26 11:33:30,
13422,PC-106716,delivered,RD-102,2026-06-27 17:47:04,
13423,PC-106717,hub_out,RD-102,2026-06-26 01:36:36,
13424,PC-106717,delivered,RD-102,2026-06-27 17:14:48,
13425,PC-106718,hub_out,RD-102,2026-06-26 06:09:10,
13426,PC-106718,delivered,RD-102,2026-06-27 10:30:29,
13427,PC-106719,hub_out,RD-102,2026-06-26 19:03:43,
13428,PC-106719,delivered,RD-102,2026-06-27 12:33:25,
13429,PC-106720,hub_out,RD-102,2026-06-26 15:58:13,
13430,PC-106720,delivered,RD-102,2026-06-27 14:12:44,
13431,PC-106721,hub_out,RD-102,2026-06-26 01:42:53,
13432,PC-106721,delivered,RD-102,2026-06-27 09:01:22,
13433,PC-106722,hub_out,RD-102,2026-06-26 19:47:34,
13434,PC-106722,delivered,RD-102,2026-06-27 14:11:20,
13435,PC-106723,hub_out,RD-102,2026-06-27 04:24:03,
13436,PC-106723,delivered,RD-102,2026-06-27 14:55:00,
13437,PC-106724,hub_out,RD-102,2026-06-26 19:42:47,
13438,PC-106724,delivered,RD-102,2026-06-27 16:39:28,
13439,PC-106725,hub_out,RD-102,2026-06-26 15:11:40,
13440,PC-106725,delivered,RD-102,2026-06-27 13:27:29,
13441,PC-106726,hub_out,RD-102,2026-06-26 14:59:07,
13442,PC-106726,delivered,RD-102,2026-06-27 17:13:56,
13443,PC-106727,hub_out,RD-102,2026-06-27 04:40:28,
13444,PC-106727,failed_attempt,RD-102,2026-06-27 17:41:00,customer refused
13445,PC-106728,hub_out,RD-102,2026-06-28 08:36:49,
13446,PC-106728,delivered,RD-102,2026-06-28 15:40:34,
13447,PC-106729,hub_out,RD-102,2026-06-27 23:38:09,
13448,PC-106729,delivered,RD-102,2026-06-28 19:34:58,
13449,PC-106730,hub_out,RD-102,2026-06-27 22:20:42,
13450,PC-106730,delivered,RD-102,2026-06-28 18:08:49,
13451,PC-106731,hub_out,RD-102,2026-06-27 18:04:33,
13452,PC-106731,delivered,RD-102,2026-06-28 19:27:16,
13453,PC-106732,hub_out,RD-102,2026-06-27 14:50:26,
13454,PC-106732,delivered,RD-102,2026-06-28 18:46:32,
13455,PC-106733,hub_out,RD-102,2026-06-27 10:36:27,
13456,PC-106733,delivered,RD-102,2026-06-28 15:18:46,
13457,PC-106734,hub_out,RD-102,2026-06-27 15:42:12,
13458,PC-106734,delivered,RD-102,2026-06-28 13:50:49,
13459,PC-106735,hub_out,RD-102,2026-06-27 00:40:17,
13460,PC-106735,delivered,RD-102,2026-06-28 11:06:05,
13461,PC-106736,hub_out,RD-102,2026-06-27 09:52:46,
13462,PC-106736,delivered,RD-102,2026-06-28 11:32:22,
13463,PC-106737,hub_out,RD-102,2026-06-27 02:23:57,
13464,PC-106737,delivered,RD-102,2026-06-28 14:38:36,
13465,PC-106738,hub_out,RD-102,2026-06-27 06:12:39,
13466,PC-106738,delivered,RD-102,2026-06-28 16:40:58,
13467,PC-106739,hub_out,RD-102,2026-06-27 07:35:56,
13468,PC-106739,delivered,RD-102,2026-06-28 11:55:53,
13469,PC-106740,hub_out,RD-102,2026-06-27 22:10:57,
13470,PC-106740,delivered,RD-102,2026-06-28 13:33:31,
13471,PC-106741,hub_out,RD-102,2026-06-27 03:24:29,
13472,PC-106741,delivered,RD-102,2026-06-28 12:56:18,
13473,PC-106742,hub_out,RD-102,2026-06-28 06:20:32,
13474,PC-106742,delivered,RD-102,2026-06-28 18:56:05,
13475,PC-106743,hub_out,RD-102,2026-06-27 16:57:03,
13476,PC-106743,delivered,RD-102,2026-06-28 12:37:19,
13477,PC-106744,hub_out,RD-102,2026-06-27 10:13:54,
13478,PC-106744,delivered,RD-102,2026-06-28 09:22:04,
13479,PC-106745,hub_out,RD-102,2026-06-27 05:18:00,
13480,PC-106745,delivered,RD-102,2026-06-28 13:39:41,
13481,PC-106746,hub_out,RD-102,2026-06-27 17:45:03,
13482,PC-106746,delivered,RD-102,2026-06-28 10:38:05,
13483,PC-106747,hub_out,RD-102,2026-06-27 23:03:23,
13484,PC-106747,delivered,RD-102,2026-06-28 19:10:02,
13485,PC-106748,hub_out,RD-102,2026-06-28 02:29:12,
13486,PC-106748,delivered,RD-102,2026-06-28 12:42:00,
13487,PC-106749,hub_out,RD-102,2026-06-27 01:04:36,
13488,PC-106749,delivered,RD-102,2026-06-28 09:56:25,
13489,PC-106750,hub_out,RD-102,2026-06-27 08:05:55,
13490,PC-106750,delivered,RD-102,2026-06-28 14:13:46,
13491,PC-106751,hub_out,RD-102,2026-06-27 18:33:39,
13492,PC-106751,delivered,RD-102,2026-06-28 12:16:16,
13493,PC-106752,hub_out,RD-102,2026-06-27 06:57:08,
13494,PC-106752,delivered,RD-102,2026-06-28 16:37:26,
13495,PC-106753,hub_out,RD-102,2026-06-27 08:59:38,
13496,PC-106753,failed_attempt,RD-102,2026-06-28 10:44:16,address not found
13497,PC-106754,hub_out,RD-102,2026-06-27 13:00:05,
13498,PC-106754,failed_attempt,RD-102,2026-06-28 14:28:58,customer refused
13499,PC-106755,hub_out,RD-102,2026-06-28 02:23:09,
13500,PC-106755,failed_attempt,RD-102,2026-06-28 16:45:48,address not found
13501,PC-106756,hub_out,RD-102,2026-06-27 20:33:02,
13502,PC-106756,failed_attempt,RD-102,2026-06-28 10:55:57,cod not ready
13503,PC-106757,hub_out,RD-102,2026-06-29 00:22:27,
13504,PC-106757,delivered,RD-102,2026-06-30 09:27:16,
13505,PC-106758,hub_out,RD-102,2026-06-28 22:39:04,
13506,PC-106758,delivered,RD-102,2026-06-30 16:15:46,
13507,PC-106759,hub_out,RD-102,2026-06-30 01:02:57,
13508,PC-106759,delivered,RD-102,2026-06-30 15:21:09,
13509,PC-106760,hub_out,RD-102,2026-06-29 15:28:47,
13510,PC-106760,delivered,RD-102,2026-06-30 15:29:01,
13511,PC-106761,hub_out,RD-102,2026-06-30 10:17:11,
13512,PC-106761,delivered,RD-102,2026-06-30 18:33:32,
13513,PC-106762,hub_out,RD-102,2026-06-29 08:52:07,
13514,PC-106762,delivered,RD-102,2026-06-30 18:56:27,
13515,PC-106763,hub_out,RD-102,2026-06-29 09:04:52,
13516,PC-106763,delivered,RD-102,2026-06-30 16:12:43,
13517,PC-106764,hub_out,RD-102,2026-06-29 15:30:30,
13518,PC-106764,delivered,RD-102,2026-06-30 15:08:34,
13519,PC-106765,hub_out,RD-102,2026-06-29 08:56:27,
13520,PC-106765,delivered,RD-102,2026-06-30 12:12:11,
13521,PC-106766,hub_out,RD-102,2026-06-29 10:40:10,
13522,PC-106766,delivered,RD-102,2026-06-30 09:27:31,
13523,PC-106767,hub_out,RD-102,2026-06-29 15:38:43,
13524,PC-106767,delivered,RD-102,2026-06-30 16:50:37,
13525,PC-106768,hub_out,RD-102,2026-06-29 08:47:02,
13526,PC-106768,delivered,RD-102,2026-06-30 14:57:26,
13527,PC-106769,hub_out,RD-102,2026-06-29 07:03:06,
13528,PC-106769,delivered,RD-102,2026-06-30 14:33:05,
13529,PC-106770,hub_out,RD-102,2026-06-29 14:39:55,
13530,PC-106770,delivered,RD-102,2026-06-30 13:59:42,
13531,PC-106771,hub_out,RD-102,2026-06-29 10:17:46,
13532,PC-106771,delivered,RD-102,2026-06-30 18:44:57,
13533,PC-106772,hub_out,RD-102,2026-06-29 01:38:49,
13534,PC-106772,delivered,RD-102,2026-06-30 16:37:32,
13535,PC-106773,hub_out,RD-102,2026-06-29 20:10:41,
13536,PC-106773,delivered,RD-102,2026-06-30 14:47:27,
13537,PC-106774,hub_out,RD-102,2026-06-29 10:20:53,
13538,PC-106774,delivered,RD-102,2026-06-30 09:31:46,
13539,PC-106775,hub_out,RD-102,2026-06-29 05:07:41,
13540,PC-106775,delivered,RD-102,2026-06-30 17:11:04,
13541,PC-106776,hub_out,RD-102,2026-06-29 18:52:51,
13542,PC-106776,delivered,RD-102,2026-06-30 14:43:52,
13543,PC-106777,hub_out,RD-102,2026-06-29 08:34:37,
13544,PC-106777,delivered,RD-102,2026-06-30 12:46:02,
13545,PC-106778,hub_out,RD-102,2026-06-30 08:30:42,
13546,PC-106778,failed_attempt,RD-102,2026-06-30 18:21:46,customer unreachable
13547,PC-106779,hub_out,RD-102,2026-06-30 05:49:01,
13548,PC-106779,failed_attempt,RD-102,2026-06-30 19:19:39,customer unreachable
13549,PC-106780,hub_out,RD-102,2026-06-30 07:28:31,
13550,PC-106780,failed_attempt,RD-102,2026-06-30 10:30:16,customer unreachable
13551,PC-106781,hub_out,RD-102,2026-06-30 01:26:49,
13552,PC-106781,failed_attempt,RD-102,2026-06-30 13:21:52,address not found
13553,PC-106782,hub_out,RD-102,2026-06-29 17:41:14,
13554,PC-106782,failed_attempt,RD-102,2026-06-30 14:32:46,customer unreachable
13555,PC-106783,hub_out,RD-103,2026-05-30 19:23:22,
13556,PC-106783,delivered,RD-103,2026-06-01 15:26:31,
13557,PC-106784,hub_out,RD-103,2026-05-31 04:35:03,
13558,PC-106784,delivered,RD-103,2026-06-01 11:23:25,
13559,PC-106785,hub_out,RD-103,2026-06-01 00:33:42,
13560,PC-106785,delivered,RD-103,2026-06-01 15:49:32,
13561,PC-106786,hub_out,RD-103,2026-05-30 06:21:02,
13562,PC-106786,delivered,RD-103,2026-06-01 11:29:43,
13563,PC-106787,hub_out,RD-103,2026-05-30 17:32:53,
13564,PC-106787,delivered,RD-103,2026-06-01 14:01:27,
13565,PC-106788,hub_out,RD-103,2026-05-30 19:07:47,
13566,PC-106788,delivered,RD-103,2026-06-01 13:25:22,
13567,PC-106789,hub_out,RD-103,2026-05-31 00:34:24,
13568,PC-106789,delivered,RD-103,2026-06-01 10:59:00,
13569,PC-106790,hub_out,RD-103,2026-05-31 02:08:46,
13570,PC-106790,delivered,RD-103,2026-06-01 17:41:44,
13571,PC-106791,hub_out,RD-103,2026-05-30 12:58:52,
13572,PC-106791,delivered,RD-103,2026-06-01 09:45:36,
13573,PC-106792,hub_out,RD-103,2026-05-31 17:41:01,
13574,PC-106792,delivered,RD-103,2026-06-01 17:17:29,
13575,PC-106793,hub_out,RD-103,2026-05-30 14:04:31,
13576,PC-106793,delivered,RD-103,2026-06-01 13:53:40,
13577,PC-106794,hub_out,RD-103,2026-05-30 13:16:00,
13578,PC-106794,delivered,RD-103,2026-06-01 10:12:21,
13579,PC-106795,hub_out,RD-103,2026-05-31 08:48:59,
13580,PC-106795,delivered,RD-103,2026-06-01 16:14:25,
13581,PC-106796,hub_out,RD-103,2026-05-30 21:45:01,
13582,PC-106796,delivered,RD-103,2026-06-01 11:36:02,
13583,PC-106797,hub_out,RD-103,2026-05-31 03:29:16,
13584,PC-106797,delivered,RD-103,2026-06-01 09:05:05,
13585,PC-106798,hub_out,RD-103,2026-05-31 00:16:57,
13586,PC-106798,delivered,RD-103,2026-06-01 10:35:44,
13587,PC-106799,hub_out,RD-103,2026-05-30 23:38:15,
13588,PC-106799,delivered,RD-103,2026-06-01 18:31:09,
13589,PC-106800,hub_out,RD-103,2026-05-31 18:07:42,
13590,PC-106800,failed_attempt,RD-103,2026-06-01 12:40:24,customer unreachable
13591,PC-106801,hub_out,RD-103,2026-05-31 18:35:23,
13592,PC-106801,delivered,RD-103,2026-06-02 14:35:17,
13593,PC-106802,hub_out,RD-103,2026-06-01 12:53:29,
13594,PC-106802,delivered,RD-103,2026-06-02 17:50:47,
13595,PC-106803,hub_out,RD-103,2026-06-01 13:01:01,
13596,PC-106803,delivered,RD-103,2026-06-02 17:32:15,
13597,PC-106804,hub_out,RD-103,2026-05-31 13:43:46,
13598,PC-106804,delivered,RD-103,2026-06-02 09:48:23,
13599,PC-106805,hub_out,RD-103,2026-05-31 19:56:21,
13600,PC-106805,delivered,RD-103,2026-06-02 13:46:21,
13601,PC-106806,hub_out,RD-103,2026-06-01 02:55:13,
13602,PC-106806,delivered,RD-103,2026-06-02 14:36:58,
13603,PC-106807,hub_out,RD-103,2026-05-31 20:08:43,
13604,PC-106807,delivered,RD-103,2026-06-02 09:42:47,
13605,PC-106808,hub_out,RD-103,2026-05-31 22:50:14,
13606,PC-106808,delivered,RD-103,2026-06-02 09:24:10,
13607,PC-106809,hub_out,RD-103,2026-05-31 18:57:14,
13608,PC-106809,delivered,RD-103,2026-06-02 16:16:51,
13609,PC-106810,hub_out,RD-103,2026-05-31 21:51:06,
13610,PC-106810,delivered,RD-103,2026-06-02 14:38:50,
13611,PC-106811,hub_out,RD-103,2026-06-01 09:49:21,
13612,PC-106811,delivered,RD-103,2026-06-02 17:30:03,
13613,PC-106812,hub_out,RD-103,2026-06-01 00:03:44,
13614,PC-106812,delivered,RD-103,2026-06-02 10:55:26,
13615,PC-106813,hub_out,RD-103,2026-05-31 06:24:10,
13616,PC-106813,delivered,RD-103,2026-06-02 13:57:43,
13617,PC-106814,hub_out,RD-103,2026-06-01 09:43:49,
13618,PC-106814,delivered,RD-103,2026-06-02 15:28:17,
13619,PC-106815,hub_out,RD-103,2026-06-01 05:11:56,
13620,PC-106815,delivered,RD-103,2026-06-02 17:11:56,
13621,PC-106816,hub_out,RD-103,2026-06-01 01:52:40,
13622,PC-106816,delivered,RD-103,2026-06-02 14:51:56,
13623,PC-106817,hub_out,RD-103,2026-06-02 06:49:53,
13624,PC-106817,failed_attempt,RD-103,2026-06-02 18:47:22,customer unreachable
13625,PC-106818,hub_out,RD-103,2026-06-02 09:28:50,
13626,PC-106818,failed_attempt,RD-103,2026-06-02 17:14:00,customer refused
13627,PC-106819,hub_out,RD-103,2026-06-01 23:45:54,
13628,PC-106819,failed_attempt,RD-103,2026-06-02 16:49:31,shop closed
13629,PC-106820,hub_out,RD-103,2026-06-02 06:52:43,
13630,PC-106820,failed_attempt,RD-103,2026-06-02 14:10:46,shop closed
13631,PC-106821,hub_out,RD-103,2026-06-01 07:53:30,
13632,PC-106821,delivered,RD-103,2026-06-03 12:22:25,
13633,PC-106822,hub_out,RD-103,2026-06-02 06:32:29,
13634,PC-106822,delivered,RD-103,2026-06-03 16:24:51,
13635,PC-106823,hub_out,RD-103,2026-06-01 12:00:12,
13636,PC-106823,delivered,RD-103,2026-06-03 13:29:18,
13637,PC-106824,hub_out,RD-103,2026-06-01 21:54:19,
13638,PC-106824,delivered,RD-103,2026-06-03 13:38:11,
13639,PC-106825,hub_out,RD-103,2026-06-01 00:30:16,
13640,PC-106825,delivered,RD-103,2026-06-03 13:56:04,
13641,PC-106826,hub_out,RD-103,2026-06-01 21:50:00,
13642,PC-106826,delivered,RD-103,2026-06-03 15:01:35,
13643,PC-106827,hub_out,RD-103,2026-06-01 21:19:51,
13644,PC-106827,delivered,RD-103,2026-06-03 14:42:38,
13645,PC-106828,hub_out,RD-103,2026-06-01 10:25:39,
13646,PC-106828,delivered,RD-103,2026-06-03 11:01:53,
13647,PC-106829,hub_out,RD-103,2026-06-01 15:43:51,
13648,PC-106829,delivered,RD-103,2026-06-03 09:44:49,
13649,PC-106830,hub_out,RD-103,2026-06-01 16:49:16,
13650,PC-106830,delivered,RD-103,2026-06-03 12:15:13,
13651,PC-106831,hub_out,RD-103,2026-06-02 03:51:59,
13652,PC-106831,delivered,RD-103,2026-06-03 13:33:11,
13653,PC-106832,hub_out,RD-103,2026-06-02 16:09:30,
13654,PC-106832,delivered,RD-103,2026-06-03 15:57:58,
13655,PC-106833,hub_out,RD-103,2026-06-01 14:29:31,
13656,PC-106833,delivered,RD-103,2026-06-03 16:01:13,
13657,PC-106834,hub_out,RD-103,2026-06-02 01:58:26,
13658,PC-106834,delivered,RD-103,2026-06-03 11:02:17,
13659,PC-106835,hub_out,RD-103,2026-06-01 05:07:09,
13660,PC-106835,delivered,RD-103,2026-06-03 15:08:17,
13661,PC-106836,hub_out,RD-103,2026-06-02 05:03:15,
13662,PC-106836,delivered,RD-103,2026-06-03 10:26:33,
13663,PC-106837,hub_out,RD-103,2026-06-02 08:03:24,
13664,PC-106837,delivered,RD-103,2026-06-03 11:29:08,
13665,PC-106838,hub_out,RD-103,2026-06-01 15:41:08,
13666,PC-106838,delivered,RD-103,2026-06-03 17:43:41,
13667,PC-106839,hub_out,RD-103,2026-06-01 01:05:56,
13668,PC-106839,delivered,RD-103,2026-06-03 10:00:57,
13669,PC-106840,hub_out,RD-103,2026-06-01 19:11:25,
13670,PC-106840,delivered,RD-103,2026-06-03 19:55:21,
13671,PC-106841,hub_out,RD-103,2026-06-02 15:10:38,
13672,PC-106841,failed_attempt,RD-103,2026-06-03 13:40:27,customer unreachable
13673,PC-106842,hub_out,RD-103,2026-06-02 15:07:46,
13674,PC-106842,failed_attempt,RD-103,2026-06-03 16:15:02,customer unreachable
13675,PC-106843,hub_out,RD-103,2026-06-02 21:49:48,
13676,PC-106843,failed_attempt,RD-103,2026-06-03 10:56:05,shop closed
13677,PC-106844,hub_out,RD-103,2026-06-03 04:13:01,
13678,PC-106844,delivered,RD-103,2026-06-04 14:01:22,
13679,PC-106845,hub_out,RD-103,2026-06-03 05:15:06,
13680,PC-106845,delivered,RD-103,2026-06-04 17:06:05,
13681,PC-106846,hub_out,RD-103,2026-06-02 20:21:46,
13682,PC-106846,delivered,RD-103,2026-06-04 12:06:57,
13683,PC-106847,hub_out,RD-103,2026-06-02 12:59:54,
13684,PC-106847,delivered,RD-103,2026-06-04 17:38:20,
13685,PC-106848,hub_out,RD-103,2026-06-02 23:52:11,
13686,PC-106848,delivered,RD-103,2026-06-04 13:29:36,
13687,PC-106849,hub_out,RD-103,2026-06-03 11:51:31,
13688,PC-106849,delivered,RD-103,2026-06-04 19:44:55,
13689,PC-106850,hub_out,RD-103,2026-06-02 14:24:04,
13690,PC-106850,delivered,RD-103,2026-06-04 09:07:45,
13691,PC-106851,hub_out,RD-103,2026-06-03 06:36:23,
13692,PC-106851,delivered,RD-103,2026-06-04 10:28:13,
13693,PC-106852,hub_out,RD-103,2026-06-02 23:24:26,
13694,PC-106852,delivered,RD-103,2026-06-04 14:16:22,
13695,PC-106853,hub_out,RD-103,2026-06-02 18:51:50,
13696,PC-106853,delivered,RD-103,2026-06-04 12:29:50,
13697,PC-106854,hub_out,RD-103,2026-06-02 23:40:33,
13698,PC-106854,delivered,RD-103,2026-06-04 17:25:27,
13699,PC-106855,hub_out,RD-103,2026-06-03 05:27:04,
13700,PC-106855,delivered,RD-103,2026-06-04 10:23:49,
13701,PC-106856,hub_out,RD-103,2026-06-02 22:55:56,
13702,PC-106856,delivered,RD-103,2026-06-04 19:49:33,
13703,PC-106857,hub_out,RD-103,2026-06-03 02:10:47,
13704,PC-106857,delivered,RD-103,2026-06-04 11:32:18,
13705,PC-106858,hub_out,RD-103,2026-06-03 05:16:08,
13706,PC-106858,delivered,RD-103,2026-06-04 19:19:54,
13707,PC-106859,hub_out,RD-103,2026-06-03 11:01:49,
13708,PC-106859,failed_attempt,RD-103,2026-06-04 11:44:39,cod not ready
13709,PC-106860,hub_out,RD-103,2026-06-04 00:42:20,
13710,PC-106860,failed_attempt,RD-103,2026-06-04 10:53:07,shop closed
13711,PC-106861,hub_out,RD-103,2026-06-04 02:15:20,
13712,PC-106861,failed_attempt,RD-103,2026-06-04 15:42:29,cod not ready
13713,PC-106862,hub_out,RD-103,2026-06-03 17:57:32,
13714,PC-106862,failed_attempt,RD-103,2026-06-04 12:36:10,customer unreachable
13715,PC-106863,hub_out,RD-103,2026-06-03 22:35:21,
13716,PC-106863,delivered,RD-103,2026-06-05 19:17:45,
13717,PC-106864,hub_out,RD-103,2026-06-03 17:51:19,
13718,PC-106864,delivered,RD-103,2026-06-05 14:04:40,
13719,PC-106865,hub_out,RD-103,2026-06-03 23:28:12,
13720,PC-106865,delivered,RD-103,2026-06-05 10:09:28,
13721,PC-106866,hub_out,RD-103,2026-06-03 15:14:27,
13722,PC-106866,delivered,RD-103,2026-06-05 14:28:59,
13723,PC-106867,hub_out,RD-103,2026-06-03 13:32:18,
13724,PC-106867,delivered,RD-103,2026-06-05 09:20:35,
13725,PC-106868,hub_out,RD-103,2026-06-04 04:32:11,
13726,PC-106868,delivered,RD-103,2026-06-05 17:22:27,
13727,PC-106869,hub_out,RD-103,2026-06-04 23:09:38,
13728,PC-106869,delivered,RD-103,2026-06-05 16:53:58,
13729,PC-106870,hub_out,RD-103,2026-06-03 21:04:51,
13730,PC-106870,delivered,RD-103,2026-06-05 10:17:58,
13731,PC-106871,hub_out,RD-103,2026-06-04 03:25:38,
13732,PC-106871,delivered,RD-103,2026-06-05 17:48:16,
13733,PC-106872,hub_out,RD-103,2026-06-03 13:50:28,
13734,PC-106872,delivered,RD-103,2026-06-05 13:51:24,
13735,PC-106873,hub_out,RD-103,2026-06-04 08:46:31,
13736,PC-106873,delivered,RD-103,2026-06-05 09:33:07,
13737,PC-106874,hub_out,RD-103,2026-06-04 12:03:28,
13738,PC-106874,delivered,RD-103,2026-06-05 13:25:33,
13739,PC-106875,hub_out,RD-103,2026-06-04 06:45:17,
13740,PC-106875,delivered,RD-103,2026-06-05 14:04:24,
13741,PC-106876,hub_out,RD-103,2026-06-03 16:44:25,
13742,PC-106876,delivered,RD-103,2026-06-05 13:41:54,
13743,PC-106877,hub_out,RD-103,2026-06-04 13:12:30,
13744,PC-106877,delivered,RD-103,2026-06-05 18:24:37,
13745,PC-106878,hub_out,RD-103,2026-06-04 00:06:19,
13746,PC-106878,delivered,RD-103,2026-06-05 13:40:49,
13747,PC-106879,hub_out,RD-103,2026-06-04 14:29:49,
13748,PC-106879,delivered,RD-103,2026-06-05 09:38:53,
13749,PC-106880,hub_out,RD-103,2026-06-03 09:25:25,
13750,PC-106880,delivered,RD-103,2026-06-05 19:30:03,
13751,PC-106881,hub_out,RD-103,2026-06-04 08:07:28,
13752,PC-106881,delivered,RD-103,2026-06-05 10:43:47,
13753,PC-106882,hub_out,RD-103,2026-06-03 11:42:41,
13754,PC-106882,delivered,RD-103,2026-06-05 09:29:46,
13755,PC-106883,hub_out,RD-103,2026-06-04 05:54:50,
13756,PC-106883,delivered,RD-103,2026-06-05 17:52:29,
13757,PC-106884,hub_out,RD-103,2026-06-04 23:39:01,
13758,PC-106884,failed_attempt,RD-103,2026-06-05 16:13:50,cod not ready
13759,PC-106885,hub_out,RD-103,2026-06-05 09:20:42,
13760,PC-106885,failed_attempt,RD-103,2026-06-05 14:37:38,customer unreachable
13761,PC-106886,hub_out,RD-103,2026-06-05 01:52:12,
13762,PC-106886,failed_attempt,RD-103,2026-06-05 09:18:50,customer refused
13763,PC-106887,hub_out,RD-103,2026-06-06 05:23:47,
13764,PC-106887,delivered,RD-103,2026-06-07 15:32:17,
13765,PC-106888,hub_out,RD-103,2026-06-06 08:31:33,
13766,PC-106888,delivered,RD-103,2026-06-07 18:53:04,
13767,PC-106889,hub_out,RD-103,2026-06-06 04:22:00,
13768,PC-106889,delivered,RD-103,2026-06-07 19:29:00,
13769,PC-106890,hub_out,RD-103,2026-06-06 10:01:18,
13770,PC-106890,delivered,RD-103,2026-06-07 12:32:28,
13771,PC-106891,hub_out,RD-103,2026-06-05 18:31:24,
13772,PC-106891,delivered,RD-103,2026-06-07 18:32:01,
13773,PC-106892,hub_out,RD-103,2026-06-06 01:59:17,
13774,PC-106892,delivered,RD-103,2026-06-07 19:51:04,
13775,PC-106893,hub_out,RD-103,2026-06-05 08:10:11,
13776,PC-106893,delivered,RD-103,2026-06-07 10:34:48,
13777,PC-106894,hub_out,RD-103,2026-06-06 14:17:24,
13778,PC-106894,delivered,RD-103,2026-06-07 19:07:29,
13779,PC-106895,hub_out,RD-103,2026-06-06 07:35:31,
13780,PC-106895,delivered,RD-103,2026-06-07 17:47:04,
13781,PC-106896,hub_out,RD-103,2026-06-05 11:27:08,
13782,PC-106896,delivered,RD-103,2026-06-07 10:25:11,
13783,PC-106897,hub_out,RD-103,2026-06-05 12:30:53,
13784,PC-106897,delivered,RD-103,2026-06-07 10:37:51,
13785,PC-106898,hub_out,RD-103,2026-06-05 19:04:55,
13786,PC-106898,delivered,RD-103,2026-06-07 13:16:35,
13787,PC-106899,hub_out,RD-103,2026-06-05 18:38:28,
13788,PC-106899,delivered,RD-103,2026-06-07 12:26:16,
13789,PC-106900,hub_out,RD-103,2026-06-05 16:24:44,
13790,PC-106900,delivered,RD-103,2026-06-07 11:13:20,
13791,PC-106901,hub_out,RD-103,2026-06-05 22:22:30,
13792,PC-106901,delivered,RD-103,2026-06-07 11:36:50,
13793,PC-106902,hub_out,RD-103,2026-06-06 01:25:59,
13794,PC-106902,delivered,RD-103,2026-06-07 17:21:30,
13795,PC-106903,hub_out,RD-103,2026-06-05 09:49:23,
13796,PC-106903,delivered,RD-103,2026-06-07 13:01:03,
13797,PC-106904,hub_out,RD-103,2026-06-06 13:22:51,
13798,PC-106904,delivered,RD-103,2026-06-07 17:23:19,
13799,PC-106905,hub_out,RD-103,2026-06-06 04:29:26,
13800,PC-106905,delivered,RD-103,2026-06-07 18:51:16,
13801,PC-106906,hub_out,RD-103,2026-06-06 22:21:15,
13802,PC-106906,failed_attempt,RD-103,2026-06-07 13:51:30,address not found
13803,PC-106907,hub_out,RD-103,2026-06-07 02:44:13,
13804,PC-106907,failed_attempt,RD-103,2026-06-07 13:50:57,shop closed
13805,PC-106908,hub_out,RD-103,2026-06-06 21:50:40,
13806,PC-106908,failed_attempt,RD-103,2026-06-07 19:32:41,address not found
13807,PC-106909,hub_out,RD-103,2026-06-07 05:36:33,
13808,PC-106909,failed_attempt,RD-103,2026-06-07 10:51:23,address not found
13809,PC-106910,hub_out,RD-103,2026-06-06 08:47:45,
13810,PC-106910,delivered,RD-103,2026-06-08 14:28:38,
13811,PC-106911,hub_out,RD-103,2026-06-06 19:12:14,
13812,PC-106911,delivered,RD-103,2026-06-08 10:03:25,
13813,PC-106912,hub_out,RD-103,2026-06-07 04:09:09,
13814,PC-106912,delivered,RD-103,2026-06-08 18:46:34,
13815,PC-106913,hub_out,RD-103,2026-06-06 21:06:10,
13816,PC-106913,delivered,RD-103,2026-06-08 16:31:54,
13817,PC-106914,hub_out,RD-103,2026-06-07 13:39:50,
13818,PC-106914,delivered,RD-103,2026-06-08 12:40:23,
13819,PC-106915,hub_out,RD-103,2026-06-06 16:58:03,
13820,PC-106915,delivered,RD-103,2026-06-08 15:57:45,
13821,PC-106916,hub_out,RD-103,2026-06-06 08:25:13,
13822,PC-106916,delivered,RD-103,2026-06-08 13:58:58,
13823,PC-106917,hub_out,RD-103,2026-06-06 20:27:25,
13824,PC-106917,delivered,RD-103,2026-06-08 12:44:58,
13825,PC-106918,hub_out,RD-103,2026-06-06 12:41:27,
13826,PC-106918,delivered,RD-103,2026-06-08 14:55:37,
13827,PC-106919,hub_out,RD-103,2026-06-06 15:38:38,
13828,PC-106919,delivered,RD-103,2026-06-08 13:08:21,
13829,PC-106920,hub_out,RD-103,2026-06-07 15:46:05,
13830,PC-106920,delivered,RD-103,2026-06-08 16:06:08,
13831,PC-106921,hub_out,RD-103,2026-06-07 01:32:55,
13832,PC-106921,delivered,RD-103,2026-06-08 11:31:16,
13833,PC-106922,hub_out,RD-103,2026-06-07 06:57:23,
13834,PC-106922,delivered,RD-103,2026-06-08 09:49:00,
13835,PC-106923,hub_out,RD-103,2026-06-06 15:00:25,
13836,PC-106923,delivered,RD-103,2026-06-08 15:36:42,
13837,PC-106924,hub_out,RD-103,2026-06-06 17:44:57,
13838,PC-106924,delivered,RD-103,2026-06-08 18:29:52,
13839,PC-106925,hub_out,RD-103,2026-06-08 05:36:32,
13840,PC-106925,failed_attempt,RD-103,2026-06-08 15:04:53,customer refused
13841,PC-106926,hub_out,RD-103,2026-06-07 14:25:12,
13842,PC-106926,failed_attempt,RD-103,2026-06-08 09:53:06,customer unreachable
13843,PC-106927,hub_out,RD-103,2026-06-07 17:09:18,
13844,PC-106927,failed_attempt,RD-103,2026-06-08 11:03:46,customer unreachable
13845,PC-106928,hub_out,RD-103,2026-06-07 13:43:23,
13846,PC-106928,failed_attempt,RD-103,2026-06-08 16:24:51,shop closed
13847,PC-106929,hub_out,RD-103,2026-06-08 15:11:51,
13848,PC-106929,delivered,RD-103,2026-06-09 15:34:12,
13849,PC-106930,hub_out,RD-103,2026-06-08 05:14:47,
13850,PC-106930,delivered,RD-103,2026-06-09 18:17:26,
13851,PC-106931,hub_out,RD-103,2026-06-08 00:21:03,
13852,PC-106931,delivered,RD-103,2026-06-09 16:31:11,
13853,PC-106932,hub_out,RD-103,2026-06-08 05:06:49,
13854,PC-106932,delivered,RD-103,2026-06-09 09:00:01,
13855,PC-106933,hub_out,RD-103,2026-06-08 09:23:38,
13856,PC-106933,delivered,RD-103,2026-06-09 12:58:14,
13857,PC-106934,hub_out,RD-103,2026-06-07 21:16:22,
13858,PC-106934,delivered,RD-103,2026-06-09 12:54:35,
13859,PC-106935,hub_out,RD-103,2026-06-07 23:53:15,
13860,PC-106935,delivered,RD-103,2026-06-09 11:40:23,
13861,PC-106936,hub_out,RD-103,2026-06-07 16:17:11,
13862,PC-106936,delivered,RD-103,2026-06-09 13:13:45,
13863,PC-106937,hub_out,RD-103,2026-06-07 07:38:18,
13864,PC-106937,delivered,RD-103,2026-06-09 10:21:54,
13865,PC-106938,hub_out,RD-103,2026-06-07 22:29:15,
13866,PC-106938,delivered,RD-103,2026-06-09 17:03:48,
13867,PC-106939,hub_out,RD-103,2026-06-07 23:37:17,
13868,PC-106939,delivered,RD-103,2026-06-09 13:33:58,
13869,PC-106940,hub_out,RD-103,2026-06-07 04:50:22,
13870,PC-106940,delivered,RD-103,2026-06-09 09:20:48,
13871,PC-106941,hub_out,RD-103,2026-06-07 17:43:14,
13872,PC-106941,delivered,RD-103,2026-06-09 17:27:38,
13873,PC-106942,hub_out,RD-103,2026-06-07 23:56:16,
13874,PC-106942,delivered,RD-103,2026-06-09 12:16:09,
13875,PC-106943,hub_out,RD-103,2026-06-07 21:29:37,
13876,PC-106943,delivered,RD-103,2026-06-09 10:48:02,
13877,PC-106944,hub_out,RD-103,2026-06-08 05:29:34,
13878,PC-106944,delivered,RD-103,2026-06-09 15:55:58,
13879,PC-106945,hub_out,RD-103,2026-06-07 09:10:33,
13880,PC-106945,delivered,RD-103,2026-06-09 09:25:41,
13881,PC-106946,hub_out,RD-103,2026-06-08 05:33:50,
13882,PC-106946,delivered,RD-103,2026-06-09 18:09:54,
13883,PC-106947,hub_out,RD-103,2026-06-08 01:31:53,
13884,PC-106947,delivered,RD-103,2026-06-09 11:08:39,
13885,PC-106948,hub_out,RD-103,2026-06-08 18:07:04,
13886,PC-106948,delivered,RD-103,2026-06-09 19:52:21,
13887,PC-106949,hub_out,RD-103,2026-06-09 09:48:07,
13888,PC-106949,failed_attempt,RD-103,2026-06-09 14:08:37,customer unreachable
13889,PC-106950,hub_out,RD-103,2026-06-09 02:04:34,
13890,PC-106950,failed_attempt,RD-103,2026-06-09 19:11:57,cod not ready
13891,PC-106951,hub_out,RD-103,2026-06-09 00:42:36,
13892,PC-106951,failed_attempt,RD-103,2026-06-09 16:23:48,cod not ready
13893,PC-106952,hub_out,RD-103,2026-06-10 02:16:56,
13894,PC-106952,delivered,RD-103,2026-06-11 13:27:16,
13895,PC-106953,hub_out,RD-103,2026-06-09 22:06:22,
13896,PC-106953,delivered,RD-103,2026-06-11 11:16:12,
13897,PC-106954,hub_out,RD-103,2026-06-10 01:15:02,
13898,PC-106954,delivered,RD-103,2026-06-11 09:51:52,
13899,PC-106955,hub_out,RD-103,2026-06-10 00:02:56,
13900,PC-106955,delivered,RD-103,2026-06-11 12:34:14,
13901,PC-106956,hub_out,RD-103,2026-06-09 20:38:32,
13902,PC-106956,delivered,RD-103,2026-06-11 12:51:11,
13903,PC-106957,hub_out,RD-103,2026-06-09 21:42:12,
13904,PC-106957,delivered,RD-103,2026-06-11 11:12:13,
13905,PC-106958,hub_out,RD-103,2026-06-10 14:12:34,
13906,PC-106958,delivered,RD-103,2026-06-11 16:24:04,
13907,PC-106959,hub_out,RD-103,2026-06-10 01:46:11,
13908,PC-106959,delivered,RD-103,2026-06-11 11:31:14,
13909,PC-106960,hub_out,RD-103,2026-06-09 13:25:18,
13910,PC-106960,delivered,RD-103,2026-06-11 13:11:59,
13911,PC-106961,hub_out,RD-103,2026-06-09 18:45:02,
13912,PC-106961,delivered,RD-103,2026-06-11 13:27:53,
13913,PC-106962,hub_out,RD-103,2026-06-10 04:50:21,
13914,PC-106962,delivered,RD-103,2026-06-11 19:57:39,
13915,PC-106963,hub_out,RD-103,2026-06-10 03:13:22,
13916,PC-106963,delivered,RD-103,2026-06-11 13:45:25,
13917,PC-106964,hub_out,RD-103,2026-06-09 17:12:33,
13918,PC-106964,delivered,RD-103,2026-06-11 09:04:37,
13919,PC-106965,hub_out,RD-103,2026-06-10 04:32:54,
13920,PC-106965,delivered,RD-103,2026-06-11 16:06:35,
13921,PC-106966,hub_out,RD-103,2026-06-10 03:49:20,
13922,PC-106966,delivered,RD-103,2026-06-11 13:07:30,
13923,PC-106967,hub_out,RD-103,2026-06-09 21:44:05,
13924,PC-106967,delivered,RD-103,2026-06-11 09:33:15,
13925,PC-106968,hub_out,RD-103,2026-06-10 16:48:28,
13926,PC-106968,delivered,RD-103,2026-06-11 19:33:27,
13927,PC-106969,hub_out,RD-103,2026-06-09 17:48:08,
13928,PC-106969,delivered,RD-103,2026-06-11 19:14:13,
13929,PC-106970,hub_out,RD-103,2026-06-11 03:07:41,
13930,PC-106970,failed_attempt,RD-103,2026-06-11 12:54:43,customer refused
13931,PC-106971,hub_out,RD-103,2026-06-10 20:02:44,
13932,PC-106971,failed_attempt,RD-103,2026-06-11 19:19:29,customer refused
13933,PC-106972,hub_out,RD-103,2026-06-11 10:42:26,
13934,PC-106972,delivered,RD-103,2026-06-12 10:36:08,
13935,PC-106973,hub_out,RD-103,2026-06-10 22:57:08,
13936,PC-106973,delivered,RD-103,2026-06-12 15:32:06,
13937,PC-106974,hub_out,RD-103,2026-06-10 11:18:22,
13938,PC-106974,delivered,RD-103,2026-06-12 13:20:19,
13939,PC-106975,hub_out,RD-103,2026-06-11 00:06:24,
13940,PC-106975,delivered,RD-103,2026-06-12 09:24:48,
13941,PC-106976,hub_out,RD-103,2026-06-11 06:51:24,
13942,PC-106976,delivered,RD-103,2026-06-12 16:29:30,
13943,PC-106977,hub_out,RD-103,2026-06-11 03:37:33,
13944,PC-106977,delivered,RD-103,2026-06-12 18:17:56,
13945,PC-106978,hub_out,RD-103,2026-06-11 15:48:30,
13946,PC-106978,delivered,RD-103,2026-06-12 13:54:21,
13947,PC-106979,hub_out,RD-103,2026-06-10 14:39:45,
13948,PC-106979,delivered,RD-103,2026-06-12 13:07:43,
13949,PC-106980,hub_out,RD-103,2026-06-11 15:26:21,
13950,PC-106980,delivered,RD-103,2026-06-12 13:58:01,
13951,PC-106981,hub_out,RD-103,2026-06-10 13:28:31,
13952,PC-106981,delivered,RD-103,2026-06-12 15:39:59,
13953,PC-106982,hub_out,RD-103,2026-06-11 03:43:02,
13954,PC-106982,delivered,RD-103,2026-06-12 15:33:17,
13955,PC-106983,hub_out,RD-103,2026-06-11 13:15:25,
13956,PC-106983,delivered,RD-103,2026-06-12 17:52:34,
13957,PC-106984,hub_out,RD-103,2026-06-10 22:49:24,
13958,PC-106984,delivered,RD-103,2026-06-12 17:09:12,
13959,PC-106985,hub_out,RD-103,2026-06-10 09:03:48,
13960,PC-106985,delivered,RD-103,2026-06-12 09:04:49,
13961,PC-106986,hub_out,RD-103,2026-06-11 03:11:45,
13962,PC-106986,delivered,RD-103,2026-06-12 17:50:09,
13963,PC-106987,hub_out,RD-103,2026-06-10 15:36:03,
13964,PC-106987,delivered,RD-103,2026-06-12 13:17:51,
13965,PC-106988,hub_out,RD-103,2026-06-11 03:46:56,
13966,PC-106988,delivered,RD-103,2026-06-12 15:14:49,
13967,PC-106989,hub_out,RD-103,2026-06-11 03:14:15,
13968,PC-106989,delivered,RD-103,2026-06-12 13:10:23,
13969,PC-106990,hub_out,RD-103,2026-06-11 05:09:37,
13970,PC-106990,delivered,RD-103,2026-06-12 16:17:11,
13971,PC-106991,hub_out,RD-103,2026-06-11 14:26:07,
13972,PC-106991,delivered,RD-103,2026-06-12 17:43:36,
13973,PC-106992,hub_out,RD-103,2026-06-10 19:32:48,
13974,PC-106992,delivered,RD-103,2026-06-12 15:02:01,
13975,PC-106993,hub_out,RD-103,2026-06-11 18:58:33,
13976,PC-106993,failed_attempt,RD-103,2026-06-12 11:42:48,customer unreachable
13977,PC-106994,hub_out,RD-103,2026-06-12 00:31:06,
13978,PC-106994,failed_attempt,RD-103,2026-06-12 09:39:00,shop closed
13979,PC-106995,hub_out,RD-103,2026-06-12 17:22:42,
13980,PC-106995,delivered,RD-103,2026-06-14 11:14:28,
13981,PC-106996,hub_out,RD-103,2026-06-12 12:22:35,
13982,PC-106996,delivered,RD-103,2026-06-14 18:00:42,
13983,PC-106997,hub_out,RD-103,2026-06-13 01:32:49,
13984,PC-106997,delivered,RD-103,2026-06-14 09:18:19,
13985,PC-106998,hub_out,RD-103,2026-06-13 16:41:49,
13986,PC-106998,delivered,RD-103,2026-06-14 10:27:04,
13987,PC-106999,hub_out,RD-103,2026-06-13 05:54:46,
13988,PC-106999,delivered,RD-103,2026-06-14 17:03:47,
13989,PC-107000,hub_out,RD-103,2026-06-13 08:05:27,
13990,PC-107000,delivered,RD-103,2026-06-14 10:37:56,
13991,PC-107001,hub_out,RD-103,2026-06-12 22:39:21,
13992,PC-107001,delivered,RD-103,2026-06-14 14:55:46,
13993,PC-107002,hub_out,RD-103,2026-06-13 02:24:53,
13994,PC-107002,delivered,RD-103,2026-06-14 14:40:38,
13995,PC-107003,hub_out,RD-103,2026-06-12 07:38:58,
13996,PC-107003,delivered,RD-103,2026-06-14 10:46:39,
13997,PC-107004,hub_out,RD-103,2026-06-13 03:46:15,
13998,PC-107004,delivered,RD-103,2026-06-14 19:56:55,
13999,PC-107005,hub_out,RD-103,2026-06-13 01:45:37,
14000,PC-107005,delivered,RD-103,2026-06-14 11:20:46,
14001,PC-107006,hub_out,RD-103,2026-06-12 14:53:21,
14002,PC-107006,delivered,RD-103,2026-06-14 10:53:39,
14003,PC-107007,hub_out,RD-103,2026-06-13 03:57:26,
14004,PC-107007,delivered,RD-103,2026-06-14 12:27:38,
14005,PC-107008,hub_out,RD-103,2026-06-12 13:03:00,
14006,PC-107008,delivered,RD-103,2026-06-14 12:13:38,
14007,PC-107009,hub_out,RD-103,2026-06-12 22:40:46,
14008,PC-107009,delivered,RD-103,2026-06-14 11:04:13,
14009,PC-107010,hub_out,RD-103,2026-06-12 18:23:05,
14010,PC-107010,delivered,RD-103,2026-06-14 17:34:46,
14011,PC-107011,hub_out,RD-103,2026-06-13 02:05:05,
14012,PC-107011,delivered,RD-103,2026-06-14 14:44:28,
14013,PC-107012,hub_out,RD-103,2026-06-14 05:22:45,
14014,PC-107012,failed_attempt,RD-103,2026-06-14 17:33:51,customer unreachable
14015,PC-107013,hub_out,RD-103,2026-06-14 03:43:16,
14016,PC-107013,failed_attempt,RD-103,2026-06-14 19:26:38,customer unreachable
14017,PC-107014,hub_out,RD-103,2026-06-14 07:26:28,
14018,PC-107014,failed_attempt,RD-103,2026-06-14 14:56:27,cod not ready
14019,PC-107015,hub_out,RD-103,2026-06-14 03:43:12,
14020,PC-107015,delivered,RD-103,2026-06-15 09:56:03,
14021,PC-107016,hub_out,RD-103,2026-06-13 23:49:47,
14022,PC-107016,delivered,RD-103,2026-06-15 17:30:42,
14023,PC-107017,hub_out,RD-103,2026-06-14 15:03:31,
14024,PC-107017,delivered,RD-103,2026-06-15 17:55:41,
14025,PC-107018,hub_out,RD-103,2026-06-14 11:39:39,
14026,PC-107018,delivered,RD-103,2026-06-15 17:56:56,
14027,PC-107019,hub_out,RD-103,2026-06-13 19:50:10,
14028,PC-107019,delivered,RD-103,2026-06-15 17:36:40,
14029,PC-107020,hub_out,RD-103,2026-06-13 09:56:50,
14030,PC-107020,delivered,RD-103,2026-06-15 12:02:08,
14031,PC-107021,hub_out,RD-103,2026-06-13 23:20:55,
14032,PC-107021,delivered,RD-103,2026-06-15 13:40:59,
14033,PC-107022,hub_out,RD-103,2026-06-13 22:53:34,
14034,PC-107022,delivered,RD-103,2026-06-15 17:03:49,
14035,PC-107023,hub_out,RD-103,2026-06-14 02:54:39,
14036,PC-107023,delivered,RD-103,2026-06-15 10:18:47,
14037,PC-107024,hub_out,RD-103,2026-06-13 16:43:07,
14038,PC-107024,delivered,RD-103,2026-06-15 10:24:13,
14039,PC-107025,hub_out,RD-103,2026-06-13 17:51:56,
14040,PC-107025,delivered,RD-103,2026-06-15 13:07:15,
14041,PC-107026,hub_out,RD-103,2026-06-13 14:09:23,
14042,PC-107026,delivered,RD-103,2026-06-15 13:35:29,
14043,PC-107027,hub_out,RD-103,2026-06-14 03:02:19,
14044,PC-107027,delivered,RD-103,2026-06-15 18:33:46,
14045,PC-107028,hub_out,RD-103,2026-06-14 11:32:15,
14046,PC-107028,delivered,RD-103,2026-06-15 17:41:10,
14047,PC-107029,hub_out,RD-103,2026-06-14 03:43:27,
14048,PC-107029,delivered,RD-103,2026-06-15 11:05:10,
14049,PC-107030,hub_out,RD-103,2026-06-14 08:16:14,
14050,PC-107030,failed_attempt,RD-103,2026-06-15 11:19:02,shop closed
14051,PC-107031,hub_out,RD-103,2026-06-15 03:52:20,
14052,PC-107031,failed_attempt,RD-103,2026-06-15 09:29:45,shop closed
14053,PC-107032,hub_out,RD-103,2026-06-15 06:57:26,
14054,PC-107032,failed_attempt,RD-103,2026-06-15 13:07:27,customer unreachable
14055,PC-107033,hub_out,RD-103,2026-06-14 13:01:52,
14056,PC-107033,delivered,RD-103,2026-06-16 15:19:07,
14057,PC-107034,hub_out,RD-103,2026-06-14 11:30:10,
14058,PC-107034,delivered,RD-103,2026-06-16 12:14:03,
14059,PC-107035,hub_out,RD-103,2026-06-15 09:59:07,
14060,PC-107035,delivered,RD-103,2026-06-16 17:26:15,
14061,PC-107036,hub_out,RD-103,2026-06-14 21:57:28,
14062,PC-107036,delivered,RD-103,2026-06-16 11:14:35,
14063,PC-107037,hub_out,RD-103,2026-06-14 20:07:06,
14064,PC-107037,delivered,RD-103,2026-06-16 15:43:10,
14065,PC-107038,hub_out,RD-103,2026-06-14 17:31:28,
14066,PC-107038,delivered,RD-103,2026-06-16 16:21:41,
14067,PC-107039,hub_out,RD-103,2026-06-14 19:28:16,
14068,PC-107039,delivered,RD-103,2026-06-16 13:52:53,
14069,PC-107040,hub_out,RD-103,2026-06-14 19:31:27,
14070,PC-107040,delivered,RD-103,2026-06-16 11:39:04,
14071,PC-107041,hub_out,RD-103,2026-06-14 21:50:57,
14072,PC-107041,delivered,RD-103,2026-06-16 14:03:01,
14073,PC-107042,hub_out,RD-103,2026-06-14 09:11:15,
14074,PC-107042,delivered,RD-103,2026-06-16 18:17:05,
14075,PC-107043,hub_out,RD-103,2026-06-15 13:54:45,
14076,PC-107043,delivered,RD-103,2026-06-16 18:21:35,
14077,PC-107044,hub_out,RD-103,2026-06-14 10:27:52,
14078,PC-107044,delivered,RD-103,2026-06-16 16:27:14,
14079,PC-107045,hub_out,RD-103,2026-06-14 20:02:17,
14080,PC-107045,delivered,RD-103,2026-06-16 10:33:46,
14081,PC-107046,hub_out,RD-103,2026-06-14 13:00:08,
14082,PC-107046,delivered,RD-103,2026-06-16 09:40:26,
14083,PC-107047,hub_out,RD-103,2026-06-14 17:19:55,
14084,PC-107047,delivered,RD-103,2026-06-16 14:54:46,
14085,PC-107048,hub_out,RD-103,2026-06-16 02:27:54,
14086,PC-107048,failed_attempt,RD-103,2026-06-16 11:02:10,shop closed
14087,PC-107049,hub_out,RD-103,2026-06-15 02:16:33,
14088,PC-107049,delivered,RD-103,2026-06-17 10:37:08,
14089,PC-107050,hub_out,RD-103,2026-06-15 13:08:00,
14090,PC-107050,delivered,RD-103,2026-06-17 17:28:32,
14091,PC-107051,hub_out,RD-103,2026-06-15 22:16:13,
14092,PC-107051,delivered,RD-103,2026-06-17 18:35:04,
14093,PC-107052,hub_out,RD-103,2026-06-15 09:14:35,
14094,PC-107052,delivered,RD-103,2026-06-17 09:46:21,
14095,PC-107053,hub_out,RD-103,2026-06-15 18:50:32,
14096,PC-107053,delivered,RD-103,2026-06-17 18:39:03,
14097,PC-107054,hub_out,RD-103,2026-06-15 14:23:57,
14098,PC-107054,delivered,RD-103,2026-06-17 17:58:30,
14099,PC-107055,hub_out,RD-103,2026-06-16 04:26:31,
14100,PC-107055,delivered,RD-103,2026-06-17 09:27:18,
14101,PC-107056,hub_out,RD-103,2026-06-15 21:33:41,
14102,PC-107056,delivered,RD-103,2026-06-17 09:26:36,
14103,PC-107057,hub_out,RD-103,2026-06-16 02:17:13,
14104,PC-107057,delivered,RD-103,2026-06-17 14:04:15,
14105,PC-107058,hub_out,RD-103,2026-06-15 11:29:20,
14106,PC-107058,delivered,RD-103,2026-06-17 09:40:51,
14107,PC-107059,hub_out,RD-103,2026-06-15 20:37:07,
14108,PC-107059,delivered,RD-103,2026-06-17 09:47:16,
14109,PC-107060,hub_out,RD-103,2026-06-16 00:12:33,
14110,PC-107060,delivered,RD-103,2026-06-17 11:21:57,
14111,PC-107061,hub_out,RD-103,2026-06-15 22:55:55,
14112,PC-107061,delivered,RD-103,2026-06-17 13:57:05,
14113,PC-107062,hub_out,RD-103,2026-06-16 03:21:38,
14114,PC-107062,delivered,RD-103,2026-06-17 16:23:18,
14115,PC-107063,hub_out,RD-103,2026-06-17 12:02:40,
14116,PC-107063,failed_attempt,RD-103,2026-06-17 17:04:29,address not found
14117,PC-107064,hub_out,RD-103,2026-06-16 20:48:12,
14118,PC-107064,failed_attempt,RD-103,2026-06-17 09:35:32,customer refused
14119,PC-107065,hub_out,RD-103,2026-06-16 09:15:27,
14120,PC-107065,failed_attempt,RD-103,2026-06-17 10:31:59,customer unreachable
14121,PC-107066,hub_out,RD-103,2026-06-16 19:26:05,
14122,PC-107066,failed_attempt,RD-103,2026-06-17 18:58:08,shop closed
14123,PC-107067,hub_out,RD-103,2026-06-17 00:03:16,
14124,PC-107067,delivered,RD-103,2026-06-18 15:13:56,
14125,PC-107068,hub_out,RD-103,2026-06-16 14:18:27,
14126,PC-107068,delivered,RD-103,2026-06-18 12:44:19,
14127,PC-107069,hub_out,RD-103,2026-06-16 14:07:39,
14128,PC-107069,delivered,RD-103,2026-06-18 13:16:11,
14129,PC-107070,hub_out,RD-103,2026-06-16 23:31:00,
14130,PC-107070,delivered,RD-103,2026-06-18 13:00:31,
14131,PC-107071,hub_out,RD-103,2026-06-16 20:13:03,
14132,PC-107071,delivered,RD-103,2026-06-18 15:35:00,
14133,PC-107072,hub_out,RD-103,2026-06-16 17:57:26,
14134,PC-107072,delivered,RD-103,2026-06-18 11:28:03,
14135,PC-107073,hub_out,RD-103,2026-06-16 23:48:45,
14136,PC-107073,delivered,RD-103,2026-06-18 13:05:55,
14137,PC-107074,hub_out,RD-103,2026-06-17 04:05:42,
14138,PC-107074,delivered,RD-103,2026-06-18 17:20:50,
14139,PC-107075,hub_out,RD-103,2026-06-16 21:21:27,
14140,PC-107075,delivered,RD-103,2026-06-18 09:14:53,
14141,PC-107076,hub_out,RD-103,2026-06-17 00:42:02,
14142,PC-107076,delivered,RD-103,2026-06-18 18:48:10,
14143,PC-107077,hub_out,RD-103,2026-06-16 09:00:54,
14144,PC-107077,delivered,RD-103,2026-06-18 10:37:31,
14145,PC-107078,hub_out,RD-103,2026-06-16 21:37:40,
14146,PC-107078,delivered,RD-103,2026-06-18 12:48:36,
14147,PC-107079,hub_out,RD-103,2026-06-16 22:53:33,
14148,PC-107079,delivered,RD-103,2026-06-18 15:08:39,
14149,PC-107080,hub_out,RD-103,2026-06-17 16:13:43,
14150,PC-107080,delivered,RD-103,2026-06-18 14:19:46,
14151,PC-107081,hub_out,RD-103,2026-06-16 20:48:06,
14152,PC-107081,delivered,RD-103,2026-06-18 09:24:44,
14153,PC-107082,hub_out,RD-103,2026-06-17 19:13:48,
14154,PC-107082,delivered,RD-103,2026-06-18 10:50:28,
14155,PC-107083,hub_out,RD-103,2026-06-16 20:41:14,
14156,PC-107083,delivered,RD-103,2026-06-18 14:30:53,
14157,PC-107084,hub_out,RD-103,2026-06-17 11:42:46,
14158,PC-107084,delivered,RD-103,2026-06-18 15:02:01,
14159,PC-107085,hub_out,RD-103,2026-06-17 09:24:07,
14160,PC-107085,delivered,RD-103,2026-06-18 17:11:29,
14161,PC-107086,hub_out,RD-103,2026-06-16 23:13:59,
14162,PC-107086,delivered,RD-103,2026-06-18 17:12:28,
14163,PC-107087,hub_out,RD-103,2026-06-17 06:09:59,
14164,PC-107087,failed_attempt,RD-103,2026-06-18 09:51:18,address not found
14165,PC-107088,hub_out,RD-103,2026-06-18 06:32:09,
14166,PC-107088,failed_attempt,RD-103,2026-06-18 18:21:36,shop closed
14167,PC-107089,hub_out,RD-103,2026-06-17 14:05:16,
14168,PC-107089,delivered,RD-103,2026-06-19 16:18:55,
14169,PC-107090,hub_out,RD-103,2026-06-17 19:10:05,
14170,PC-107090,delivered,RD-103,2026-06-19 14:35:20,
14171,PC-107091,hub_out,RD-103,2026-06-17 19:17:01,
14172,PC-107091,delivered,RD-103,2026-06-19 19:41:39,
14173,PC-107092,hub_out,RD-103,2026-06-18 04:45:26,
14174,PC-107092,delivered,RD-103,2026-06-19 10:40:01,
14175,PC-107093,hub_out,RD-103,2026-06-17 02:27:01,
14176,PC-107093,delivered,RD-103,2026-06-19 10:39:49,
14177,PC-107094,hub_out,RD-103,2026-06-18 00:37:49,
14178,PC-107094,delivered,RD-103,2026-06-19 10:11:37,
14179,PC-107095,hub_out,RD-103,2026-06-17 15:14:42,
14180,PC-107095,delivered,RD-103,2026-06-19 17:06:36,
14181,PC-107096,hub_out,RD-103,2026-06-18 05:25:01,
14182,PC-107096,delivered,RD-103,2026-06-19 17:12:40,
14183,PC-107097,hub_out,RD-103,2026-06-17 14:20:55,
14184,PC-107097,delivered,RD-103,2026-06-19 15:35:12,
14185,PC-107098,hub_out,RD-103,2026-06-17 19:19:58,
14186,PC-107098,delivered,RD-103,2026-06-19 09:30:42,
14187,PC-107099,hub_out,RD-103,2026-06-18 03:10:00,
14188,PC-107099,delivered,RD-103,2026-06-19 13:55:15,
14189,PC-107100,hub_out,RD-103,2026-06-17 20:54:34,
14190,PC-107100,delivered,RD-103,2026-06-19 18:02:31,
14191,PC-107101,hub_out,RD-103,2026-06-18 17:12:40,
14192,PC-107101,delivered,RD-103,2026-06-19 17:11:25,
14193,PC-107102,hub_out,RD-103,2026-06-17 19:29:18,
14194,PC-107102,delivered,RD-103,2026-06-19 12:29:26,
14195,PC-107103,hub_out,RD-103,2026-06-17 23:24:53,
14196,PC-107103,delivered,RD-103,2026-06-19 12:59:49,
14197,PC-107104,hub_out,RD-103,2026-06-17 21:29:07,
14198,PC-107104,delivered,RD-103,2026-06-19 15:49:05,
14199,PC-107105,hub_out,RD-103,2026-06-18 09:53:57,
14200,PC-107105,delivered,RD-103,2026-06-19 18:38:52,
14201,PC-107106,hub_out,RD-103,2026-06-18 08:28:30,
14202,PC-107106,delivered,RD-103,2026-06-19 17:10:38,
14203,PC-107107,hub_out,RD-103,2026-06-19 03:15:00,
14204,PC-107107,failed_attempt,RD-103,2026-06-19 14:39:48,cod not ready
14205,PC-107108,hub_out,RD-103,2026-06-18 07:49:38,
14206,PC-107108,failed_attempt,RD-103,2026-06-19 10:41:35,address not found
14207,PC-107109,hub_out,RD-103,2026-06-18 20:51:07,
14208,PC-107109,failed_attempt,RD-103,2026-06-19 17:50:49,cod not ready
14209,PC-107110,hub_out,RD-103,2026-06-19 18:59:21,
14210,PC-107110,delivered,RD-103,2026-06-21 11:04:15,
14211,PC-107111,hub_out,RD-103,2026-06-20 08:16:39,
14212,PC-107111,delivered,RD-103,2026-06-21 19:58:18,
14213,PC-107112,hub_out,RD-103,2026-06-19 19:59:41,
14214,PC-107112,delivered,RD-103,2026-06-21 19:07:39,
14215,PC-107113,hub_out,RD-103,2026-06-20 08:11:47,
14216,PC-107113,delivered,RD-103,2026-06-21 12:21:52,
14217,PC-107114,hub_out,RD-103,2026-06-19 18:31:06,
14218,PC-107114,delivered,RD-103,2026-06-21 16:51:20,
14219,PC-107115,hub_out,RD-103,2026-06-20 08:56:21,
14220,PC-107115,delivered,RD-103,2026-06-21 19:45:53,
14221,PC-107116,hub_out,RD-103,2026-06-20 01:20:37,
14222,PC-107116,delivered,RD-103,2026-06-21 16:20:11,
14223,PC-107117,hub_out,RD-103,2026-06-20 06:45:44,
14224,PC-107117,delivered,RD-103,2026-06-21 18:09:06,
14225,PC-107118,hub_out,RD-103,2026-06-20 08:31:01,
14226,PC-107118,delivered,RD-103,2026-06-21 17:09:40,
14227,PC-107119,hub_out,RD-103,2026-06-19 18:03:07,
14228,PC-107119,delivered,RD-103,2026-06-21 09:16:08,
14229,PC-107120,hub_out,RD-103,2026-06-19 16:25:46,
14230,PC-107120,delivered,RD-103,2026-06-21 13:47:15,
14231,PC-107121,hub_out,RD-103,2026-06-19 11:22:06,
14232,PC-107121,delivered,RD-103,2026-06-21 12:10:15,
14233,PC-107122,hub_out,RD-103,2026-06-19 10:47:28,
14234,PC-107122,delivered,RD-103,2026-06-21 13:22:57,
14235,PC-107123,hub_out,RD-103,2026-06-20 11:22:45,
14236,PC-107123,delivered,RD-103,2026-06-21 18:27:18,
14237,PC-107124,hub_out,RD-103,2026-06-20 05:13:26,
14238,PC-107124,delivered,RD-103,2026-06-21 14:18:01,
14239,PC-107125,hub_out,RD-103,2026-06-20 04:51:49,
14240,PC-107125,delivered,RD-103,2026-06-21 14:43:27,
14241,PC-107126,hub_out,RD-103,2026-06-21 02:08:33,
14242,PC-107126,failed_attempt,RD-103,2026-06-21 12:59:54,shop closed
14243,PC-107127,hub_out,RD-103,2026-06-21 01:04:05,
14244,PC-107127,failed_attempt,RD-103,2026-06-21 16:13:30,cod not ready
14245,PC-107128,hub_out,RD-103,2026-06-20 17:44:49,
14246,PC-107128,failed_attempt,RD-103,2026-06-21 10:23:59,cod not ready
14247,PC-107129,hub_out,RD-103,2026-06-21 20:45:02,
14248,PC-107129,delivered,RD-103,2026-06-23 18:05:04,
14249,PC-107130,hub_out,RD-103,2026-06-22 05:37:59,
14250,PC-107130,delivered,RD-103,2026-06-23 18:00:12,
14251,PC-107131,hub_out,RD-103,2026-06-21 05:24:49,
14252,PC-107131,delivered,RD-103,2026-06-23 09:02:10,
14253,PC-107132,hub_out,RD-103,2026-06-21 20:06:04,
14254,PC-107132,delivered,RD-103,2026-06-23 14:35:57,
14255,PC-107133,hub_out,RD-103,2026-06-21 17:33:01,
14256,PC-107133,delivered,RD-103,2026-06-23 09:53:49,
14257,PC-107134,hub_out,RD-103,2026-06-22 00:06:32,
14258,PC-107134,delivered,RD-103,2026-06-23 16:19:45,
14259,PC-107135,hub_out,RD-103,2026-06-22 10:14:16,
14260,PC-107135,delivered,RD-103,2026-06-23 15:39:52,
14261,PC-107136,hub_out,RD-103,2026-06-21 23:33:40,
14262,PC-107136,delivered,RD-103,2026-06-23 11:21:49,
14263,PC-107137,hub_out,RD-103,2026-06-21 16:06:00,
14264,PC-107137,delivered,RD-103,2026-06-23 12:17:31,
14265,PC-107138,hub_out,RD-103,2026-06-21 23:55:18,
14266,PC-107138,delivered,RD-103,2026-06-23 16:17:30,
14267,PC-107139,hub_out,RD-103,2026-06-22 07:17:02,
14268,PC-107139,delivered,RD-103,2026-06-23 16:30:03,
14269,PC-107140,hub_out,RD-103,2026-06-21 03:51:57,
14270,PC-107140,delivered,RD-103,2026-06-23 11:31:26,
14271,PC-107141,hub_out,RD-103,2026-06-21 10:37:13,
14272,PC-107141,delivered,RD-103,2026-06-23 17:57:01,
14273,PC-107142,hub_out,RD-103,2026-06-22 13:39:01,
14274,PC-107142,delivered,RD-103,2026-06-23 10:45:49,
14275,PC-107143,hub_out,RD-103,2026-06-21 22:40:29,
14276,PC-107143,delivered,RD-103,2026-06-23 13:17:43,
14277,PC-107144,hub_out,RD-103,2026-06-21 21:05:18,
14278,PC-107144,delivered,RD-103,2026-06-23 11:02:07,
14279,PC-107145,hub_out,RD-103,2026-06-21 14:27:09,
14280,PC-107145,delivered,RD-103,2026-06-23 10:40:07,
14281,PC-107146,hub_out,RD-103,2026-06-21 22:03:05,
14282,PC-107146,delivered,RD-103,2026-06-23 15:29:41,
14283,PC-107147,hub_out,RD-103,2026-06-21 16:46:50,
14284,PC-107147,delivered,RD-103,2026-06-23 13:20:13,
14285,PC-107148,hub_out,RD-103,2026-06-22 05:56:44,
14286,PC-107148,delivered,RD-103,2026-06-23 14:06:10,
14287,PC-107149,hub_out,RD-103,2026-06-23 02:44:27,
14288,PC-107149,failed_attempt,RD-103,2026-06-23 10:38:19,shop closed
14289,PC-107150,hub_out,RD-103,2026-06-22 11:57:35,
14290,PC-107150,delivered,RD-103,2026-06-24 10:06:15,
14291,PC-107151,hub_out,RD-103,2026-06-23 03:39:25,
14292,PC-107151,delivered,RD-103,2026-06-24 16:45:43,
14293,PC-107152,hub_out,RD-103,2026-06-23 14:42:16,
14294,PC-107152,delivered,RD-103,2026-06-24 13:48:01,
14295,PC-107153,hub_out,RD-103,2026-06-23 00:38:37,
14296,PC-107153,delivered,RD-103,2026-06-24 19:35:06,
14297,PC-107154,hub_out,RD-103,2026-06-23 12:43:19,
14298,PC-107154,delivered,RD-103,2026-06-24 19:22:40,
14299,PC-107155,hub_out,RD-103,2026-06-23 06:07:22,
14300,PC-107155,delivered,RD-103,2026-06-24 17:13:16,
14301,PC-107156,hub_out,RD-103,2026-06-23 02:35:38,
14302,PC-107156,delivered,RD-103,2026-06-24 12:11:46,
14303,PC-107157,hub_out,RD-103,2026-06-23 10:58:50,
14304,PC-107157,delivered,RD-103,2026-06-24 18:11:00,
14305,PC-107158,hub_out,RD-103,2026-06-23 00:38:27,
14306,PC-107158,delivered,RD-103,2026-06-24 11:42:19,
14307,PC-107159,hub_out,RD-103,2026-06-23 04:02:58,
14308,PC-107159,delivered,RD-103,2026-06-24 15:33:22,
14309,PC-107160,hub_out,RD-103,2026-06-22 10:30:10,
14310,PC-107160,delivered,RD-103,2026-06-24 12:53:26,
14311,PC-107161,hub_out,RD-103,2026-06-23 01:04:46,
14312,PC-107161,delivered,RD-103,2026-06-24 19:53:14,
14313,PC-107162,hub_out,RD-103,2026-06-22 11:10:04,
14314,PC-107162,delivered,RD-103,2026-06-24 15:05:16,
14315,PC-107163,hub_out,RD-103,2026-06-23 07:32:33,
14316,PC-107163,delivered,RD-103,2026-06-24 16:30:14,
14317,PC-107164,hub_out,RD-103,2026-06-23 04:45:10,
14318,PC-107164,delivered,RD-103,2026-06-24 12:00:02,
14319,PC-107165,hub_out,RD-103,2026-06-22 21:03:05,
14320,PC-107165,delivered,RD-103,2026-06-24 11:45:39,
14321,PC-107166,hub_out,RD-103,2026-06-22 17:07:30,
14322,PC-107166,delivered,RD-103,2026-06-24 11:22:36,
14323,PC-107167,hub_out,RD-103,2026-06-22 16:24:08,
14324,PC-107167,delivered,RD-103,2026-06-24 11:15:15,
14325,PC-107168,hub_out,RD-103,2026-06-23 11:11:44,
14326,PC-107168,delivered,RD-103,2026-06-24 18:48:48,
14327,PC-107169,hub_out,RD-103,2026-06-23 08:37:48,
14328,PC-107169,delivered,RD-103,2026-06-24 16:43:14,
14329,PC-107170,hub_out,RD-103,2026-06-22 23:20:25,
14330,PC-107170,delivered,RD-103,2026-06-24 16:51:13,
14331,PC-107171,hub_out,RD-103,2026-06-24 08:50:49,
14332,PC-107171,failed_attempt,RD-103,2026-06-24 13:55:05,customer unreachable
14333,PC-107172,hub_out,RD-103,2026-06-23 00:42:29,
14334,PC-107172,delivered,RD-103,2026-06-25 15:07:39,
14335,PC-107173,hub_out,RD-103,2026-06-23 20:50:19,
14336,PC-107173,delivered,RD-103,2026-06-25 13:24:59,
14337,PC-107174,hub_out,RD-103,2026-06-23 05:22:04,
14338,PC-107174,delivered,RD-103,2026-06-25 10:33:10,
14339,PC-107175,hub_out,RD-103,2026-06-23 23:36:14,
14340,PC-107175,delivered,RD-103,2026-06-25 09:44:07,
14341,PC-107176,hub_out,RD-103,2026-06-23 16:11:36,
14342,PC-107176,delivered,RD-103,2026-06-25 12:14:30,
14343,PC-107177,hub_out,RD-103,2026-06-23 22:01:14,
14344,PC-107177,delivered,RD-103,2026-06-25 17:50:16,
14345,PC-107178,hub_out,RD-103,2026-06-23 18:57:31,
14346,PC-107178,delivered,RD-103,2026-06-25 12:29:25,
14347,PC-107179,hub_out,RD-103,2026-06-23 17:02:05,
14348,PC-107179,delivered,RD-103,2026-06-25 16:38:22,
14349,PC-107180,hub_out,RD-103,2026-06-25 06:11:22,
14350,PC-107180,delivered,RD-103,2026-06-25 19:40:20,
14351,PC-107181,hub_out,RD-103,2026-06-23 20:50:54,
14352,PC-107181,delivered,RD-103,2026-06-25 14:55:32,
14353,PC-107182,hub_out,RD-103,2026-06-23 16:35:47,
14354,PC-107182,delivered,RD-103,2026-06-25 18:51:56,
14355,PC-107183,hub_out,RD-103,2026-06-23 22:15:24,
14356,PC-107183,delivered,RD-103,2026-06-25 10:55:47,
14357,PC-107184,hub_out,RD-103,2026-06-23 22:42:07,
14358,PC-107184,delivered,RD-103,2026-06-25 09:42:50,
14359,PC-107185,hub_out,RD-103,2026-06-23 13:56:49,
14360,PC-107185,delivered,RD-103,2026-06-25 12:52:09,
14361,PC-107186,hub_out,RD-103,2026-06-23 14:26:27,
14362,PC-107186,delivered,RD-103,2026-06-25 16:45:58,
14363,PC-107187,hub_out,RD-103,2026-06-24 06:29:43,
14364,PC-107187,delivered,RD-103,2026-06-25 14:33:01,
14365,PC-107188,hub_out,RD-103,2026-06-25 05:13:27,
14366,PC-107188,failed_attempt,RD-103,2026-06-25 15:48:37,customer unreachable
14367,PC-107189,hub_out,RD-103,2026-06-25 07:15:13,
14368,PC-107189,failed_attempt,RD-103,2026-06-25 19:45:56,customer refused
14369,PC-107190,hub_out,RD-103,2026-06-25 10:13:26,
14370,PC-107190,failed_attempt,RD-103,2026-06-25 13:24:28,shop closed
14371,PC-107191,hub_out,RD-103,2026-06-25 09:14:02,
14372,PC-107191,failed_attempt,RD-103,2026-06-25 18:34:49,cod not ready
14373,PC-107192,hub_out,RD-103,2026-06-25 02:39:42,
14374,PC-107192,delivered,RD-103,2026-06-26 12:02:58,
14375,PC-107193,hub_out,RD-103,2026-06-25 06:08:13,
14376,PC-107193,delivered,RD-103,2026-06-26 12:40:45,
14377,PC-107194,hub_out,RD-103,2026-06-24 20:00:20,
14378,PC-107194,delivered,RD-103,2026-06-26 12:28:07,
14379,PC-107195,hub_out,RD-103,2026-06-25 05:21:09,
14380,PC-107195,delivered,RD-103,2026-06-26 18:14:49,
14381,PC-107196,hub_out,RD-103,2026-06-24 17:50:14,
14382,PC-107196,delivered,RD-103,2026-06-26 09:25:28,
14383,PC-107197,hub_out,RD-103,2026-06-24 12:57:35,
14384,PC-107197,delivered,RD-103,2026-06-26 15:15:17,
14385,PC-107198,hub_out,RD-103,2026-06-24 14:04:37,
14386,PC-107198,delivered,RD-103,2026-06-26 14:14:25,
14387,PC-107199,hub_out,RD-103,2026-06-25 05:28:10,
14388,PC-107199,delivered,RD-103,2026-06-26 15:11:06,
14389,PC-107200,hub_out,RD-103,2026-06-25 05:40:21,
14390,PC-107200,delivered,RD-103,2026-06-26 15:03:26,
14391,PC-107201,hub_out,RD-103,2026-06-24 23:21:32,
14392,PC-107201,delivered,RD-103,2026-06-26 11:27:52,
14393,PC-107202,hub_out,RD-103,2026-06-24 23:53:25,
14394,PC-107202,delivered,RD-103,2026-06-26 19:09:10,
14395,PC-107203,hub_out,RD-103,2026-06-24 23:57:57,
14396,PC-107203,delivered,RD-103,2026-06-26 16:35:31,
14397,PC-107204,hub_out,RD-103,2026-06-24 23:00:01,
14398,PC-107204,delivered,RD-103,2026-06-26 11:44:52,
14399,PC-107205,hub_out,RD-103,2026-06-25 03:45:41,
14400,PC-107205,delivered,RD-103,2026-06-26 18:00:05,
14401,PC-107206,hub_out,RD-103,2026-06-24 22:09:35,
14402,PC-107206,delivered,RD-103,2026-06-26 18:01:04,
14403,PC-107207,hub_out,RD-103,2026-06-26 12:45:58,
14404,PC-107207,failed_attempt,RD-103,2026-06-26 19:10:13,address not found
14405,PC-107208,hub_out,RD-103,2026-06-26 09:31:45,
14406,PC-107208,failed_attempt,RD-103,2026-06-26 17:50:13,cod not ready
14407,PC-107209,hub_out,RD-103,2026-06-25 15:23:18,
14408,PC-107209,failed_attempt,RD-103,2026-06-26 09:22:20,customer refused
14409,PC-107210,hub_out,RD-103,2026-06-25 13:42:51,
14410,PC-107210,failed_attempt,RD-103,2026-06-26 16:39:21,cod not ready
14411,PC-107211,hub_out,RD-103,2026-06-26 03:35:50,
14412,PC-107211,delivered,RD-103,2026-06-27 14:26:07,
14413,PC-107212,hub_out,RD-103,2026-06-26 05:30:46,
14414,PC-107212,delivered,RD-103,2026-06-27 11:39:23,
14415,PC-107213,hub_out,RD-103,2026-06-25 19:46:04,
14416,PC-107213,delivered,RD-103,2026-06-27 10:38:35,
14417,PC-107214,hub_out,RD-103,2026-06-25 18:48:40,
14418,PC-107214,delivered,RD-103,2026-06-27 14:13:41,
14419,PC-107215,hub_out,RD-103,2026-06-26 01:03:03,
14420,PC-107215,delivered,RD-103,2026-06-27 14:51:50,
14421,PC-107216,hub_out,RD-103,2026-06-25 18:47:00,
14422,PC-107216,delivered,RD-103,2026-06-27 10:47:51,
14423,PC-107217,hub_out,RD-103,2026-06-26 02:19:25,
14424,PC-107217,delivered,RD-103,2026-06-27 17:39:13,
14425,PC-107218,hub_out,RD-103,2026-06-25 06:58:10,
14426,PC-107218,delivered,RD-103,2026-06-27 15:32:43,
14427,PC-107219,hub_out,RD-103,2026-06-25 16:54:16,
14428,PC-107219,delivered,RD-103,2026-06-27 18:34:45,
14429,PC-107220,hub_out,RD-103,2026-06-24 21:22:00,
14430,PC-107220,delivered,RD-103,2026-06-27 09:07:50,
14431,PC-107221,hub_out,RD-103,2026-06-25 22:17:29,
14432,PC-107221,delivered,RD-103,2026-06-27 12:12:28,
14433,PC-107222,hub_out,RD-103,2026-06-25 09:45:10,
14434,PC-107222,delivered,RD-103,2026-06-27 14:45:07,
14435,PC-107223,hub_out,RD-103,2026-06-25 09:00:03,
14436,PC-107223,delivered,RD-103,2026-06-27 11:39:10,
14437,PC-107224,hub_out,RD-103,2026-06-26 04:56:16,
14438,PC-107224,delivered,RD-103,2026-06-27 19:30:31,
14439,PC-107225,hub_out,RD-103,2026-06-25 13:58:44,
14440,PC-107225,delivered,RD-103,2026-06-27 18:06:01,
14441,PC-107226,hub_out,RD-103,2026-06-26 12:04:42,
14442,PC-107226,delivered,RD-103,2026-06-27 17:22:57,
14443,PC-107227,hub_out,RD-103,2026-06-27 10:40:48,
14444,PC-107227,failed_attempt,RD-103,2026-06-27 15:39:54,address not found
14445,PC-107228,hub_out,RD-103,2026-06-27 00:54:15,
14446,PC-107228,delivered,RD-103,2026-06-28 15:19:38,
14447,PC-107229,hub_out,RD-103,2026-06-26 20:10:21,
14448,PC-107229,delivered,RD-103,2026-06-28 18:58:28,
14449,PC-107230,hub_out,RD-103,2026-06-26 20:08:01,
14450,PC-107230,delivered,RD-103,2026-06-28 15:41:52,
14451,PC-107231,hub_out,RD-103,2026-06-27 05:17:57,
14452,PC-107231,delivered,RD-103,2026-06-28 19:50:35,
14453,PC-107232,hub_out,RD-103,2026-06-26 21:53:18,
14454,PC-107232,delivered,RD-103,2026-06-28 11:16:45,
14455,PC-107233,hub_out,RD-103,2026-06-27 05:42:50,
14456,PC-107233,delivered,RD-103,2026-06-28 19:14:33,
14457,PC-107234,hub_out,RD-103,2026-06-27 01:39:57,
14458,PC-107234,delivered,RD-103,2026-06-28 19:10:19,
14459,PC-107235,hub_out,RD-103,2026-06-26 16:01:58,
14460,PC-107235,delivered,RD-103,2026-06-28 10:41:56,
14461,PC-107236,hub_out,RD-103,2026-06-26 11:51:29,
14462,PC-107236,delivered,RD-103,2026-06-28 09:37:03,
14463,PC-107237,hub_out,RD-103,2026-06-27 00:52:48,
14464,PC-107237,delivered,RD-103,2026-06-28 15:45:12,
14465,PC-107238,hub_out,RD-103,2026-06-26 13:48:15,
14466,PC-107238,delivered,RD-103,2026-06-28 13:36:38,
14467,PC-107239,hub_out,RD-103,2026-06-27 04:57:30,
14468,PC-107239,delivered,RD-103,2026-06-28 15:05:53,
14469,PC-107240,hub_out,RD-103,2026-06-26 20:23:02,
14470,PC-107240,delivered,RD-103,2026-06-28 10:39:32,
14471,PC-107241,hub_out,RD-103,2026-06-27 10:17:22,
14472,PC-107241,delivered,RD-103,2026-06-28 18:14:12,
14473,PC-107242,hub_out,RD-103,2026-06-26 23:01:22,
14474,PC-107242,delivered,RD-103,2026-06-28 12:23:48,
14475,PC-107243,hub_out,RD-103,2026-06-26 19:46:06,
14476,PC-107243,delivered,RD-103,2026-06-28 15:42:04,
14477,PC-107244,hub_out,RD-103,2026-06-27 15:41:30,
14478,PC-107244,delivered,RD-103,2026-06-28 16:37:26,
14479,PC-107245,hub_out,RD-103,2026-06-26 20:33:45,
14480,PC-107245,delivered,RD-103,2026-06-28 12:50:05,
14481,PC-107246,hub_out,RD-103,2026-06-27 00:51:29,
14482,PC-107246,delivered,RD-103,2026-06-28 19:00:52,
14483,PC-107247,hub_out,RD-103,2026-06-28 10:37:50,
14484,PC-107247,failed_attempt,RD-103,2026-06-28 17:55:52,cod not ready
14485,PC-107248,hub_out,RD-103,2026-06-27 22:09:01,
14486,PC-107248,failed_attempt,RD-103,2026-06-28 15:39:01,cod not ready
14487,PC-107249,hub_out,RD-103,2026-06-28 06:34:50,
14488,PC-107249,delivered,RD-103,2026-06-29 12:34:00,
14489,PC-107250,hub_out,RD-103,2026-06-27 17:01:52,
14490,PC-107250,delivered,RD-103,2026-06-29 18:49:05,
14491,PC-107251,hub_out,RD-103,2026-06-27 23:04:28,
14492,PC-107251,delivered,RD-103,2026-06-29 19:35:29,
14493,PC-107252,hub_out,RD-103,2026-06-27 13:25:45,
14494,PC-107252,delivered,RD-103,2026-06-29 14:49:03,
14495,PC-107253,hub_out,RD-103,2026-06-28 02:13:52,
14496,PC-107253,delivered,RD-103,2026-06-29 16:29:59,
14497,PC-107254,hub_out,RD-103,2026-06-27 13:26:35,
14498,PC-107254,delivered,RD-103,2026-06-29 13:48:37,
14499,PC-107255,hub_out,RD-103,2026-06-27 07:46:18,
14500,PC-107255,delivered,RD-103,2026-06-29 13:56:05,
14501,PC-107256,hub_out,RD-103,2026-06-27 17:59:44,
14502,PC-107256,delivered,RD-103,2026-06-29 09:02:38,
14503,PC-107257,hub_out,RD-103,2026-06-28 01:45:39,
14504,PC-107257,delivered,RD-103,2026-06-29 12:13:47,
14505,PC-107258,hub_out,RD-103,2026-06-28 02:09:32,
14506,PC-107258,delivered,RD-103,2026-06-29 11:01:54,
14507,PC-107259,hub_out,RD-103,2026-06-27 18:29:39,
14508,PC-107259,delivered,RD-103,2026-06-29 09:15:10,
14509,PC-107260,hub_out,RD-103,2026-06-27 23:20:56,
14510,PC-107260,delivered,RD-103,2026-06-29 13:46:01,
14511,PC-107261,hub_out,RD-103,2026-06-27 21:59:08,
14512,PC-107261,delivered,RD-103,2026-06-29 17:12:25,
14513,PC-107262,hub_out,RD-103,2026-06-27 02:05:26,
14514,PC-107262,delivered,RD-103,2026-06-29 11:53:38,
14515,PC-107263,hub_out,RD-103,2026-06-28 10:13:02,
14516,PC-107263,delivered,RD-103,2026-06-29 18:53:14,
14517,PC-107264,hub_out,RD-103,2026-06-28 12:45:16,
14518,PC-107264,delivered,RD-103,2026-06-29 19:05:28,
14519,PC-107265,hub_out,RD-103,2026-06-28 14:30:13,
14520,PC-107265,failed_attempt,RD-103,2026-06-29 15:54:17,cod not ready
14521,PC-107266,hub_out,RD-105,2026-06-02 03:39:24,
14522,PC-107266,delivered,RD-105,2026-06-03 14:14:26,
14523,PC-107267,hub_out,RD-105,2026-06-02 11:27:38,
14524,PC-107267,delivered,RD-105,2026-06-03 15:03:03,
14525,PC-107268,hub_out,RD-105,2026-06-02 18:02:36,
14526,PC-107268,delivered,RD-105,2026-06-03 14:39:44,
14527,PC-107269,hub_out,RD-105,2026-06-02 05:30:35,
14528,PC-107269,delivered,RD-105,2026-06-03 13:03:18,
14529,PC-107270,hub_out,RD-105,2026-06-02 04:55:26,
14530,PC-107270,delivered,RD-105,2026-06-03 15:10:05,
14531,PC-107271,hub_out,RD-105,2026-06-02 23:50:46,
14532,PC-107271,delivered,RD-105,2026-06-03 19:42:15,
14533,PC-107272,hub_out,RD-105,2026-06-02 05:48:10,
14534,PC-107272,delivered,RD-105,2026-06-03 09:55:15,
14535,PC-107273,hub_out,RD-105,2026-06-02 09:35:07,
14536,PC-107273,delivered,RD-105,2026-06-03 17:53:52,
14537,PC-107274,hub_out,RD-105,2026-06-02 17:49:33,
14538,PC-107274,delivered,RD-105,2026-06-03 17:20:12,
14539,PC-107275,hub_out,RD-105,2026-06-01 21:14:22,
14540,PC-107275,delivered,RD-105,2026-06-03 11:28:42,
14541,PC-107276,hub_out,RD-105,2026-06-02 03:19:52,
14542,PC-107276,delivered,RD-105,2026-06-03 10:21:40,
14543,PC-107277,hub_out,RD-105,2026-06-01 18:49:29,
14544,PC-107277,delivered,RD-105,2026-06-03 13:34:27,
14545,PC-107278,hub_out,RD-105,2026-06-02 01:32:02,
14546,PC-107278,delivered,RD-105,2026-06-03 16:59:34,
14547,PC-107279,hub_out,RD-105,2026-06-03 00:14:59,
14548,PC-107279,delivered,RD-105,2026-06-03 19:09:48,
14549,PC-107280,hub_out,RD-105,2026-06-02 01:16:11,
14550,PC-107280,delivered,RD-105,2026-06-03 15:45:31,
14551,PC-107281,hub_out,RD-105,2026-06-02 22:28:14,
14552,PC-107281,delivered,RD-105,2026-06-03 16:39:56,
14553,PC-107282,hub_out,RD-105,2026-06-01 12:22:07,
14554,PC-107282,delivered,RD-105,2026-06-03 11:26:06,
14555,PC-107283,hub_out,RD-105,2026-06-02 08:37:47,
14556,PC-107283,delivered,RD-105,2026-06-03 15:36:40,
14557,PC-107284,hub_out,RD-105,2026-06-02 10:41:55,
14558,PC-107284,delivered,RD-105,2026-06-03 09:17:37,
14559,PC-107285,hub_out,RD-105,2026-06-02 05:22:06,
14560,PC-107285,delivered,RD-105,2026-06-03 09:29:04,
14561,PC-107286,hub_out,RD-105,2026-06-02 12:08:06,
14562,PC-107286,delivered,RD-105,2026-06-03 11:04:51,
14563,PC-107287,hub_out,RD-105,2026-06-02 09:23:18,
14564,PC-107287,delivered,RD-105,2026-06-03 13:56:08,
14565,PC-107288,hub_out,RD-105,2026-06-01 20:22:47,
14566,PC-107288,delivered,RD-105,2026-06-03 16:07:31,
14567,PC-107289,hub_out,RD-105,2026-06-02 20:56:19,
14568,PC-107289,failed_attempt,RD-105,2026-06-03 11:16:38,customer refused
14569,PC-107290,hub_out,RD-105,2026-06-02 21:28:52,
14570,PC-107290,failed_attempt,RD-105,2026-06-03 17:09:58,customer unreachable
14571,PC-107291,hub_out,RD-105,2026-06-03 02:52:48,
14572,PC-107291,failed_attempt,RD-105,2026-06-03 14:37:17,cod not ready
14573,PC-107292,hub_out,RD-105,2026-06-02 20:01:59,
14574,PC-107292,delivered,RD-105,2026-06-04 09:54:06,
14575,PC-107293,hub_out,RD-105,2026-06-03 01:03:44,
14576,PC-107293,delivered,RD-105,2026-06-04 10:29:32,
14577,PC-107294,hub_out,RD-105,2026-06-03 04:37:44,
14578,PC-107294,delivered,RD-105,2026-06-04 14:03:09,
14579,PC-107295,hub_out,RD-105,2026-06-03 12:39:13,
14580,PC-107295,delivered,RD-105,2026-06-04 09:47:53,
14581,PC-107296,hub_out,RD-105,2026-06-03 03:49:48,
14582,PC-107296,delivered,RD-105,2026-06-04 17:03:02,
14583,PC-107297,hub_out,RD-105,2026-06-03 15:06:39,
14584,PC-107297,delivered,RD-105,2026-06-04 17:59:51,
14585,PC-107298,hub_out,RD-105,2026-06-03 14:59:48,
14586,PC-107298,delivered,RD-105,2026-06-04 16:17:44,
14587,PC-107299,hub_out,RD-105,2026-06-03 10:57:42,
14588,PC-107299,delivered,RD-105,2026-06-04 15:41:54,
14589,PC-107300,hub_out,RD-105,2026-06-03 12:27:03,
14590,PC-107300,delivered,RD-105,2026-06-04 14:41:31,
14591,PC-107301,hub_out,RD-105,2026-06-03 13:50:41,
14592,PC-107301,delivered,RD-105,2026-06-04 14:15:52,
14593,PC-107302,hub_out,RD-105,2026-06-03 00:35:38,
14594,PC-107302,delivered,RD-105,2026-06-04 10:51:15,
14595,PC-107303,hub_out,RD-105,2026-06-03 21:32:41,
14596,PC-107303,delivered,RD-105,2026-06-04 15:41:44,
14597,PC-107304,hub_out,RD-105,2026-06-03 09:10:52,
14598,PC-107304,delivered,RD-105,2026-06-04 09:44:04,
14599,PC-107305,hub_out,RD-105,2026-06-02 08:24:32,
14600,PC-107305,delivered,RD-105,2026-06-04 12:15:38,
14601,PC-107306,hub_out,RD-105,2026-06-03 10:34:01,
14602,PC-107306,delivered,RD-105,2026-06-04 11:02:44,
14603,PC-107307,hub_out,RD-105,2026-06-03 22:06:57,
14604,PC-107307,delivered,RD-105,2026-06-04 16:12:14,
14605,PC-107308,hub_out,RD-105,2026-06-02 13:51:50,
14606,PC-107308,delivered,RD-105,2026-06-04 14:31:22,
14607,PC-107309,hub_out,RD-105,2026-06-03 15:44:54,
14608,PC-107309,delivered,RD-105,2026-06-04 15:31:39,
14609,PC-107310,hub_out,RD-105,2026-06-03 06:31:41,
14610,PC-107310,delivered,RD-105,2026-06-04 13:57:50,
14611,PC-107311,hub_out,RD-105,2026-06-03 03:14:50,
14612,PC-107311,delivered,RD-105,2026-06-04 11:27:10,
14613,PC-107312,hub_out,RD-105,2026-06-03 05:52:28,
14614,PC-107312,delivered,RD-105,2026-06-04 09:06:04,
14615,PC-107313,hub_out,RD-105,2026-06-02 22:53:25,
14616,PC-107313,delivered,RD-105,2026-06-04 10:30:33,
14617,PC-107314,hub_out,RD-105,2026-06-03 09:44:55,
14618,PC-107314,failed_attempt,RD-105,2026-06-04 09:55:06,customer unreachable
14619,PC-107315,hub_out,RD-105,2026-06-03 16:20:15,
14620,PC-107315,failed_attempt,RD-105,2026-06-04 18:57:33,customer unreachable
14621,PC-107316,hub_out,RD-105,2026-06-04 05:40:29,
14622,PC-107316,failed_attempt,RD-105,2026-06-04 10:45:17,customer refused
14623,PC-107317,hub_out,RD-105,2026-06-04 16:30:58,
14624,PC-107317,delivered,RD-105,2026-06-05 14:58:02,
14625,PC-107318,hub_out,RD-105,2026-06-03 22:58:42,
14626,PC-107318,delivered,RD-105,2026-06-05 16:52:08,
14627,PC-107319,hub_out,RD-105,2026-06-04 08:54:16,
14628,PC-107319,delivered,RD-105,2026-06-05 14:01:08,
14629,PC-107320,hub_out,RD-105,2026-06-04 01:41:00,
14630,PC-107320,delivered,RD-105,2026-06-05 09:17:28,
14631,PC-107321,hub_out,RD-105,2026-06-03 19:39:30,
14632,PC-107321,delivered,RD-105,2026-06-05 13:16:51,
14633,PC-107322,hub_out,RD-105,2026-06-04 03:57:33,
14634,PC-107322,delivered,RD-105,2026-06-05 16:20:51,
14635,PC-107323,hub_out,RD-105,2026-06-04 01:53:20,
14636,PC-107323,delivered,RD-105,2026-06-05 18:24:21,
14637,PC-107324,hub_out,RD-105,2026-06-03 19:14:14,
14638,PC-107324,delivered,RD-105,2026-06-05 10:13:30,
14639,PC-107325,hub_out,RD-105,2026-06-04 01:51:44,
14640,PC-107325,delivered,RD-105,2026-06-05 14:49:06,
14641,PC-107326,hub_out,RD-105,2026-06-04 08:34:28,
14642,PC-107326,delivered,RD-105,2026-06-05 18:31:33,
14643,PC-107327,hub_out,RD-105,2026-06-04 13:01:03,
14644,PC-107327,delivered,RD-105,2026-06-05 19:02:48,
14645,PC-107328,hub_out,RD-105,2026-06-04 06:13:59,
14646,PC-107328,delivered,RD-105,2026-06-05 11:27:22,
14647,PC-107329,hub_out,RD-105,2026-06-04 03:49:50,
14648,PC-107329,delivered,RD-105,2026-06-05 09:10:33,
14649,PC-107330,hub_out,RD-105,2026-06-04 11:38:26,
14650,PC-107330,delivered,RD-105,2026-06-05 15:19:02,
14651,PC-107331,hub_out,RD-105,2026-06-04 08:57:00,
14652,PC-107331,delivered,RD-105,2026-06-05 12:13:21,
14653,PC-107332,hub_out,RD-105,2026-06-04 10:39:24,
14654,PC-107332,delivered,RD-105,2026-06-05 15:09:11,
14655,PC-107333,hub_out,RD-105,2026-06-04 07:24:17,
14656,PC-107333,delivered,RD-105,2026-06-05 12:40:28,
14657,PC-107334,hub_out,RD-105,2026-06-04 18:19:32,
14658,PC-107334,delivered,RD-105,2026-06-05 10:09:02,
14659,PC-107335,hub_out,RD-105,2026-06-04 12:28:11,
14660,PC-107335,delivered,RD-105,2026-06-05 11:03:25,
14661,PC-107336,hub_out,RD-105,2026-06-04 08:50:52,
14662,PC-107336,delivered,RD-105,2026-06-05 18:10:23,
14663,PC-107337,hub_out,RD-105,2026-06-04 11:05:00,
14664,PC-107337,delivered,RD-105,2026-06-05 19:05:47,
14665,PC-107338,hub_out,RD-105,2026-06-04 17:17:05,
14666,PC-107338,delivered,RD-105,2026-06-05 14:14:33,
14667,PC-107339,hub_out,RD-105,2026-06-04 09:23:34,
14668,PC-107339,delivered,RD-105,2026-06-05 11:52:18,
14669,PC-107340,hub_out,RD-105,2026-06-03 15:25:59,
14670,PC-107340,delivered,RD-105,2026-06-05 09:11:14,
14671,PC-107341,hub_out,RD-105,2026-06-04 12:12:06,
14672,PC-107341,delivered,RD-105,2026-06-05 15:40:31,
14673,PC-107342,hub_out,RD-105,2026-06-04 02:52:58,
14674,PC-107342,delivered,RD-105,2026-06-05 10:39:43,
14675,PC-107343,hub_out,RD-105,2026-06-04 21:29:55,
14676,PC-107343,delivered,RD-105,2026-06-05 18:20:16,
14677,PC-107344,hub_out,RD-105,2026-06-04 17:35:10,
14678,PC-107344,delivered,RD-105,2026-06-05 11:02:45,
14679,PC-107345,hub_out,RD-105,2026-06-05 05:09:59,
14680,PC-107345,failed_attempt,RD-105,2026-06-05 17:33:32,cod not ready
14681,PC-107346,hub_out,RD-105,2026-06-05 06:51:56,
14682,PC-107346,delivered,RD-105,2026-06-06 18:30:10,
14683,PC-107347,hub_out,RD-105,2026-06-05 11:17:55,
14684,PC-107347,delivered,RD-105,2026-06-06 19:13:08,
14685,PC-107348,hub_out,RD-105,2026-06-05 06:44:20,
14686,PC-107348,delivered,RD-105,2026-06-06 16:31:16,
14687,PC-107349,hub_out,RD-105,2026-06-04 14:44:09,
14688,PC-107349,delivered,RD-105,2026-06-06 09:08:38,
14689,PC-107350,hub_out,RD-105,2026-06-04 22:55:40,
14690,PC-107350,delivered,RD-105,2026-06-06 18:50:13,
14691,PC-107351,hub_out,RD-105,2026-06-05 03:07:48,
14692,PC-107351,delivered,RD-105,2026-06-06 16:08:03,
14693,PC-107352,hub_out,RD-105,2026-06-05 15:23:14,
14694,PC-107352,delivered,RD-105,2026-06-06 14:28:11,
14695,PC-107353,hub_out,RD-105,2026-06-05 15:30:59,
14696,PC-107353,delivered,RD-105,2026-06-06 19:24:20,
14697,PC-107354,hub_out,RD-105,2026-06-05 11:56:53,
14698,PC-107354,delivered,RD-105,2026-06-06 18:28:37,
14699,PC-107355,hub_out,RD-105,2026-06-05 03:53:16,
14700,PC-107355,delivered,RD-105,2026-06-06 14:05:52,
14701,PC-107356,hub_out,RD-105,2026-06-05 10:18:22,
14702,PC-107356,delivered,RD-105,2026-06-06 19:01:15,
14703,PC-107357,hub_out,RD-105,2026-06-05 06:30:17,
14704,PC-107357,delivered,RD-105,2026-06-06 15:06:43,
14705,PC-107358,hub_out,RD-105,2026-06-05 09:50:05,
14706,PC-107358,delivered,RD-105,2026-06-06 10:23:15,
14707,PC-107359,hub_out,RD-105,2026-06-05 06:10:43,
14708,PC-107359,delivered,RD-105,2026-06-06 14:56:59,
14709,PC-107360,hub_out,RD-105,2026-06-05 04:36:07,
14710,PC-107360,delivered,RD-105,2026-06-06 17:51:41,
14711,PC-107361,hub_out,RD-105,2026-06-05 13:05:32,
14712,PC-107361,delivered,RD-105,2026-06-06 17:48:32,
14713,PC-107362,hub_out,RD-105,2026-06-05 04:01:43,
14714,PC-107362,delivered,RD-105,2026-06-06 09:11:40,
14715,PC-107363,hub_out,RD-105,2026-06-05 11:41:55,
14716,PC-107363,delivered,RD-105,2026-06-06 11:33:28,
14717,PC-107364,hub_out,RD-105,2026-06-04 18:38:33,
14718,PC-107364,delivered,RD-105,2026-06-06 12:27:18,
14719,PC-107365,hub_out,RD-105,2026-06-05 13:44:34,
14720,PC-107365,delivered,RD-105,2026-06-06 18:20:37,
14721,PC-107366,hub_out,RD-105,2026-06-05 11:01:04,
14722,PC-107366,delivered,RD-105,2026-06-06 18:20:53,
14723,PC-107367,hub_out,RD-105,2026-06-05 11:03:42,
14724,PC-107367,delivered,RD-105,2026-06-06 11:15:39,
14725,PC-107368,hub_out,RD-105,2026-06-06 10:31:01,
14726,PC-107368,failed_attempt,RD-105,2026-06-06 18:35:15,customer refused
14727,PC-107369,hub_out,RD-105,2026-06-06 10:01:07,
14728,PC-107369,failed_attempt,RD-105,2026-06-06 18:34:11,customer refused
14729,PC-107370,hub_out,RD-105,2026-06-06 16:34:05,
14730,PC-107370,delivered,RD-105,2026-06-07 19:33:44,
14731,PC-107371,hub_out,RD-105,2026-06-06 02:43:53,
14732,PC-107371,delivered,RD-105,2026-06-07 14:51:00,
14733,PC-107372,hub_out,RD-105,2026-06-06 05:16:31,
14734,PC-107372,delivered,RD-105,2026-06-07 13:48:04,
14735,PC-107373,hub_out,RD-105,2026-06-07 00:15:37,
14736,PC-107373,delivered,RD-105,2026-06-07 13:30:48,
14737,PC-107374,hub_out,RD-105,2026-06-06 01:42:57,
14738,PC-107374,delivered,RD-105,2026-06-07 12:10:01,
14739,PC-107375,hub_out,RD-105,2026-06-06 20:49:35,
14740,PC-107375,delivered,RD-105,2026-06-07 13:08:40,
14741,PC-107376,hub_out,RD-105,2026-06-06 10:29:27,
14742,PC-107376,delivered,RD-105,2026-06-07 16:28:28,
14743,PC-107377,hub_out,RD-105,2026-06-06 03:05:24,
14744,PC-107377,delivered,RD-105,2026-06-07 09:05:59,
14745,PC-107378,hub_out,RD-105,2026-06-06 04:21:13,
14746,PC-107378,delivered,RD-105,2026-06-07 13:15:55,
14747,PC-107379,hub_out,RD-105,2026-06-05 19:23:24,
14748,PC-107379,delivered,RD-105,2026-06-07 09:31:41,
14749,PC-107380,hub_out,RD-105,2026-06-06 05:00:09,
14750,PC-107380,delivered,RD-105,2026-06-07 10:11:38,
14751,PC-107381,hub_out,RD-105,2026-06-06 06:23:49,
14752,PC-107381,delivered,RD-105,2026-06-07 12:35:50,
14753,PC-107382,hub_out,RD-105,2026-06-06 16:52:45,
14754,PC-107382,delivered,RD-105,2026-06-07 16:40:40,
14755,PC-107383,hub_out,RD-105,2026-06-06 03:27:58,
14756,PC-107383,delivered,RD-105,2026-06-07 09:56:10,
14757,PC-107384,hub_out,RD-105,2026-06-06 08:59:46,
14758,PC-107384,delivered,RD-105,2026-06-07 17:37:59,
14759,PC-107385,hub_out,RD-105,2026-06-06 05:02:18,
14760,PC-107385,delivered,RD-105,2026-06-07 15:09:07,
14761,PC-107386,hub_out,RD-105,2026-06-06 18:42:09,
14762,PC-107386,delivered,RD-105,2026-06-07 18:29:20,
14763,PC-107387,hub_out,RD-105,2026-06-06 08:34:09,
14764,PC-107387,delivered,RD-105,2026-06-07 18:46:21,
14765,PC-107388,hub_out,RD-105,2026-06-06 01:34:42,
14766,PC-107388,delivered,RD-105,2026-06-07 11:44:33,
14767,PC-107389,hub_out,RD-105,2026-06-06 03:04:22,
14768,PC-107389,delivered,RD-105,2026-06-07 09:24:18,
14769,PC-107390,hub_out,RD-105,2026-06-06 10:53:23,
14770,PC-107390,delivered,RD-105,2026-06-07 09:27:47,
14771,PC-107391,hub_out,RD-105,2026-06-05 17:20:21,
14772,PC-107391,delivered,RD-105,2026-06-07 09:52:39,
14773,PC-107392,hub_out,RD-105,2026-06-06 17:45:39,
14774,PC-107392,failed_attempt,RD-105,2026-06-07 09:05:29,shop closed
14775,PC-107393,hub_out,RD-105,2026-06-07 03:03:32,
14776,PC-107393,failed_attempt,RD-105,2026-06-07 19:49:52,cod not ready
14777,PC-107394,hub_out,RD-105,2026-06-07 02:15:08,
14778,PC-107394,failed_attempt,RD-105,2026-06-07 17:54:09,cod not ready
14779,PC-107395,hub_out,RD-105,2026-06-07 08:57:01,
14780,PC-107395,failed_attempt,RD-105,2026-06-07 15:07:54,customer unreachable
14781,PC-107396,hub_out,RD-105,2026-06-07 09:26:43,
14782,PC-107396,delivered,RD-105,2026-06-08 15:36:51,
14783,PC-107397,hub_out,RD-105,2026-06-07 02:10:08,
14784,PC-107397,delivered,RD-105,2026-06-08 14:35:11,
14785,PC-107398,hub_out,RD-105,2026-06-07 11:43:38,
14786,PC-107398,delivered,RD-105,2026-06-08 11:55:44,
14787,PC-107399,hub_out,RD-105,2026-06-07 10:53:19,
14788,PC-107399,delivered,RD-105,2026-06-08 09:02:47,
14789,PC-107400,hub_out,RD-105,2026-06-07 13:44:47,
14790,PC-107400,delivered,RD-105,2026-06-08 14:46:32,
14791,PC-107401,hub_out,RD-105,2026-06-06 23:43:35,
14792,PC-107401,delivered,RD-105,2026-06-08 14:56:28,
14793,PC-107402,hub_out,RD-105,2026-06-07 06:25:56,
14794,PC-107402,delivered,RD-105,2026-06-08 16:07:57,
14795,PC-107403,hub_out,RD-105,2026-06-07 05:50:29,
14796,PC-107403,delivered,RD-105,2026-06-08 15:27:23,
14797,PC-107404,hub_out,RD-105,2026-06-07 03:47:20,
14798,PC-107404,delivered,RD-105,2026-06-08 19:37:59,
14799,PC-107405,hub_out,RD-105,2026-06-06 20:25:42,
14800,PC-107405,delivered,RD-105,2026-06-08 09:29:07,
14801,PC-107406,hub_out,RD-105,2026-06-07 14:34:43,
14802,PC-107406,delivered,RD-105,2026-06-08 19:34:41,
14803,PC-107407,hub_out,RD-105,2026-06-07 02:54:41,
14804,PC-107407,delivered,RD-105,2026-06-08 10:22:17,
14805,PC-107408,hub_out,RD-105,2026-06-07 09:04:42,
14806,PC-107408,delivered,RD-105,2026-06-08 17:49:14,
14807,PC-107409,hub_out,RD-105,2026-06-07 11:11:39,
14808,PC-107409,delivered,RD-105,2026-06-08 18:12:51,
14809,PC-107410,hub_out,RD-105,2026-06-07 09:32:17,
14810,PC-107410,delivered,RD-105,2026-06-08 11:16:04,
14811,PC-107411,hub_out,RD-105,2026-06-07 03:55:32,
14812,PC-107411,delivered,RD-105,2026-06-08 15:30:21,
14813,PC-107412,hub_out,RD-105,2026-06-06 16:14:55,
14814,PC-107412,delivered,RD-105,2026-06-08 10:50:58,
14815,PC-107413,hub_out,RD-105,2026-06-07 02:49:00,
14816,PC-107413,delivered,RD-105,2026-06-08 10:56:51,
14817,PC-107414,hub_out,RD-105,2026-06-07 11:33:13,
14818,PC-107414,delivered,RD-105,2026-06-08 12:39:31,
14819,PC-107415,hub_out,RD-105,2026-06-07 09:11:58,
14820,PC-107415,delivered,RD-105,2026-06-08 15:10:48,
14821,PC-107416,hub_out,RD-105,2026-06-07 07:43:16,
14822,PC-107416,delivered,RD-105,2026-06-08 12:47:30,
14823,PC-107417,hub_out,RD-105,2026-06-06 18:46:38,
14824,PC-107417,delivered,RD-105,2026-06-08 09:56:15,
14825,PC-107418,hub_out,RD-105,2026-06-08 07:08:07,
14826,PC-107418,delivered,RD-105,2026-06-08 19:04:28,
14827,PC-107419,hub_out,RD-105,2026-06-08 02:19:42,
14828,PC-107419,failed_attempt,RD-105,2026-06-08 10:48:05,customer unreachable
14829,PC-107420,hub_out,RD-105,2026-06-08 14:48:15,
14830,PC-107420,delivered,RD-105,2026-06-09 12:07:22,
14831,PC-107421,hub_out,RD-105,2026-06-08 09:16:45,
14832,PC-107421,delivered,RD-105,2026-06-09 11:21:24,
14833,PC-107422,hub_out,RD-105,2026-06-07 22:40:51,
14834,PC-107422,delivered,RD-105,2026-06-09 10:00:57,
14835,PC-107423,hub_out,RD-105,2026-06-08 07:39:45,
14836,PC-107423,delivered,RD-105,2026-06-09 17:18:25,
14837,PC-107424,hub_out,RD-105,2026-06-08 07:47:27,
14838,PC-107424,delivered,RD-105,2026-06-09 13:08:19,
14839,PC-107425,hub_out,RD-105,2026-06-08 19:56:48,
14840,PC-107425,delivered,RD-105,2026-06-09 18:11:59,
14841,PC-107426,hub_out,RD-105,2026-06-08 01:30:55,
14842,PC-107426,delivered,RD-105,2026-06-09 11:44:03,
14843,PC-107427,hub_out,RD-105,2026-06-08 05:15:13,
14844,PC-107427,delivered,RD-105,2026-06-09 15:42:22,
14845,PC-107428,hub_out,RD-105,2026-06-07 17:24:51,
14846,PC-107428,delivered,RD-105,2026-06-09 18:16:56,
14847,PC-107429,hub_out,RD-105,2026-06-08 22:35:30,
14848,PC-107429,delivered,RD-105,2026-06-09 12:56:29,
14849,PC-107430,hub_out,RD-105,2026-06-08 11:37:38,
14850,PC-107430,delivered,RD-105,2026-06-09 15:23:25,
14851,PC-107431,hub_out,RD-105,2026-06-08 08:27:07,
14852,PC-107431,delivered,RD-105,2026-06-09 19:35:53,
14853,PC-107432,hub_out,RD-105,2026-06-08 01:37:24,
14854,PC-107432,delivered,RD-105,2026-06-09 16:31:04,
14855,PC-107433,hub_out,RD-105,2026-06-08 09:44:25,
14856,PC-107433,delivered,RD-105,2026-06-09 09:03:04,
14857,PC-107434,hub_out,RD-105,2026-06-07 11:59:58,
14858,PC-107434,delivered,RD-105,2026-06-09 11:16:39,
14859,PC-107435,hub_out,RD-105,2026-06-07 23:32:39,
14860,PC-107435,delivered,RD-105,2026-06-09 11:28:46,
14861,PC-107436,hub_out,RD-105,2026-06-08 06:43:15,
14862,PC-107436,delivered,RD-105,2026-06-09 16:49:34,
14863,PC-107437,hub_out,RD-105,2026-06-08 21:06:54,
14864,PC-107437,delivered,RD-105,2026-06-09 18:24:39,
14865,PC-107438,hub_out,RD-105,2026-06-08 03:18:03,
14866,PC-107438,delivered,RD-105,2026-06-09 11:23:34,
14867,PC-107439,hub_out,RD-105,2026-06-08 07:06:19,
14868,PC-107439,delivered,RD-105,2026-06-09 16:38:36,
14869,PC-107440,hub_out,RD-105,2026-06-08 10:50:45,
14870,PC-107440,delivered,RD-105,2026-06-09 13:16:27,
14871,PC-107441,hub_out,RD-105,2026-06-07 17:23:43,
14872,PC-107441,delivered,RD-105,2026-06-09 14:31:04,
14873,PC-107442,hub_out,RD-105,2026-06-08 19:21:35,
14874,PC-107442,delivered,RD-105,2026-06-09 16:05:47,
14875,PC-107443,hub_out,RD-105,2026-06-07 22:49:59,
14876,PC-107443,delivered,RD-105,2026-06-09 15:24:00,
14877,PC-107444,hub_out,RD-105,2026-06-08 10:12:28,
14878,PC-107444,delivered,RD-105,2026-06-09 13:44:05,
14879,PC-107445,hub_out,RD-105,2026-06-07 13:19:22,
14880,PC-107445,delivered,RD-105,2026-06-09 09:01:08,
14881,PC-107446,hub_out,RD-105,2026-06-08 11:36:50,
14882,PC-107446,delivered,RD-105,2026-06-09 09:43:37,
14883,PC-107447,hub_out,RD-105,2026-06-08 12:46:18,
14884,PC-107447,delivered,RD-105,2026-06-09 16:57:21,
14885,PC-107448,hub_out,RD-105,2026-06-08 15:21:50,
14886,PC-107448,failed_attempt,RD-105,2026-06-09 13:55:25,address not found
14887,PC-107449,hub_out,RD-105,2026-06-08 13:58:06,
14888,PC-107449,failed_attempt,RD-105,2026-06-09 10:25:06,customer refused
14889,PC-107450,hub_out,RD-105,2026-06-08 06:47:34,
14890,PC-107450,delivered,RD-105,2026-06-10 18:15:20,
14891,PC-107451,hub_out,RD-105,2026-06-09 13:53:54,
14892,PC-107451,delivered,RD-105,2026-06-10 17:01:54,
14893,PC-107452,hub_out,RD-105,2026-06-09 15:22:09,
14894,PC-107452,delivered,RD-105,2026-06-10 11:05:27,
14895,PC-107453,hub_out,RD-105,2026-06-08 20:57:26,
14896,PC-107453,delivered,RD-105,2026-06-10 13:51:24,
14897,PC-107454,hub_out,RD-105,2026-06-09 17:56:53,
14898,PC-107454,delivered,RD-105,2026-06-10 17:15:58,
14899,PC-107455,hub_out,RD-105,2026-06-09 11:49:52,
14900,PC-107455,delivered,RD-105,2026-06-10 18:48:27,
14901,PC-107456,hub_out,RD-105,2026-06-08 04:23:31,
14902,PC-107456,delivered,RD-105,2026-06-10 11:55:30,
14903,PC-107457,hub_out,RD-105,2026-06-09 02:02:52,
14904,PC-107457,delivered,RD-105,2026-06-10 16:06:03,
14905,PC-107458,hub_out,RD-105,2026-06-09 15:31:22,
14906,PC-107458,delivered,RD-105,2026-06-10 14:16:34,
14907,PC-107459,hub_out,RD-105,2026-06-09 05:45:07,
14908,PC-107459,delivered,RD-105,2026-06-10 18:57:04,
14909,PC-107460,hub_out,RD-105,2026-06-09 18:02:55,
14910,PC-107460,delivered,RD-105,2026-06-10 12:15:18,
14911,PC-107461,hub_out,RD-105,2026-06-08 20:40:47,
14912,PC-107461,delivered,RD-105,2026-06-10 09:15:42,
14913,PC-107462,hub_out,RD-105,2026-06-09 05:50:47,
14914,PC-107462,delivered,RD-105,2026-06-10 19:42:44,
14915,PC-107463,hub_out,RD-105,2026-06-08 22:27:10,
14916,PC-107463,delivered,RD-105,2026-06-10 14:03:07,
14917,PC-107464,hub_out,RD-105,2026-06-09 12:06:45,
14918,PC-107464,delivered,RD-105,2026-06-10 10:02:15,
14919,PC-107465,hub_out,RD-105,2026-06-09 16:44:42,
14920,PC-107465,delivered,RD-105,2026-06-10 17:07:18,
14921,PC-107466,hub_out,RD-105,2026-06-09 02:20:15,
14922,PC-107466,delivered,RD-105,2026-06-10 12:47:41,
14923,PC-107467,hub_out,RD-105,2026-06-09 19:28:38,
14924,PC-107467,delivered,RD-105,2026-06-10 16:41:17,
14925,PC-107468,hub_out,RD-105,2026-06-09 17:45:57,
14926,PC-107468,delivered,RD-105,2026-06-10 10:07:31,
14927,PC-107469,hub_out,RD-105,2026-06-09 12:40:12,
14928,PC-107469,delivered,RD-105,2026-06-10 17:58:46,
14929,PC-107470,hub_out,RD-105,2026-06-09 01:37:50,
14930,PC-107470,delivered,RD-105,2026-06-10 13:12:34,
14931,PC-107471,hub_out,RD-105,2026-06-10 04:33:43,
14932,PC-107471,failed_attempt,RD-105,2026-06-10 18:05:00,address not found
14933,PC-107472,hub_out,RD-105,2026-06-10 03:52:17,
14934,PC-107472,failed_attempt,RD-105,2026-06-10 19:44:15,cod not ready
14935,PC-107473,hub_out,RD-105,2026-06-09 23:59:04,
14936,PC-107473,delivered,RD-105,2026-06-11 15:08:19,
14937,PC-107474,hub_out,RD-105,2026-06-11 04:28:35,
14938,PC-107474,delivered,RD-105,2026-06-11 13:49:33,
14939,PC-107475,hub_out,RD-105,2026-06-09 19:19:04,
14940,PC-107475,delivered,RD-105,2026-06-11 10:02:28,
14941,PC-107476,hub_out,RD-105,2026-06-10 08:11:12,
14942,PC-107476,delivered,RD-105,2026-06-11 16:33:51,
14943,PC-107477,hub_out,RD-105,2026-06-10 02:29:37,
14944,PC-107477,delivered,RD-105,2026-06-11 10:43:43,
14945,PC-107478,hub_out,RD-105,2026-06-10 06:38:22,
14946,PC-107478,delivered,RD-105,2026-06-11 16:00:12,
14947,PC-107479,hub_out,RD-105,2026-06-10 14:06:03,
14948,PC-107479,delivered,RD-105,2026-06-11 14:12:55,
14949,PC-107480,hub_out,RD-105,2026-06-10 02:43:32,
14950,PC-107480,delivered,RD-105,2026-06-11 11:55:26,
14951,PC-107481,hub_out,RD-105,2026-06-10 13:02:43,
14952,PC-107481,delivered,RD-105,2026-06-11 15:47:31,
14953,PC-107482,hub_out,RD-105,2026-06-10 13:53:52,
14954,PC-107482,delivered,RD-105,2026-06-11 14:59:29,
14955,PC-107483,hub_out,RD-105,2026-06-10 07:27:35,
14956,PC-107483,delivered,RD-105,2026-06-11 16:54:29,
14957,PC-107484,hub_out,RD-105,2026-06-10 11:56:43,
14958,PC-107484,delivered,RD-105,2026-06-11 14:24:45,
14959,PC-107485,hub_out,RD-105,2026-06-09 21:35:18,
14960,PC-107485,delivered,RD-105,2026-06-11 14:45:15,
14961,PC-107486,hub_out,RD-105,2026-06-10 07:32:28,
14962,PC-107486,delivered,RD-105,2026-06-11 10:01:59,
14963,PC-107487,hub_out,RD-105,2026-06-10 06:15:25,
14964,PC-107487,delivered,RD-105,2026-06-11 10:21:14,
14965,PC-107488,hub_out,RD-105,2026-06-10 01:20:32,
14966,PC-107488,delivered,RD-105,2026-06-11 11:13:29,
14967,PC-107489,hub_out,RD-105,2026-06-10 13:01:16,
14968,PC-107489,delivered,RD-105,2026-06-11 15:12:28,
14969,PC-107490,hub_out,RD-105,2026-06-10 13:16:13,
14970,PC-107490,delivered,RD-105,2026-06-11 18:50:10,
14971,PC-107491,hub_out,RD-105,2026-06-10 00:53:10,
14972,PC-107491,delivered,RD-105,2026-06-11 12:39:51,
14973,PC-107492,hub_out,RD-105,2026-06-10 07:00:03,
14974,PC-107492,delivered,RD-105,2026-06-11 12:51:16,
14975,PC-107493,hub_out,RD-105,2026-06-10 08:37:09,
14976,PC-107493,delivered,RD-105,2026-06-11 13:35:58,
14977,PC-107494,hub_out,RD-105,2026-06-10 16:52:17,
14978,PC-107494,failed_attempt,RD-105,2026-06-11 10:28:42,shop closed
14979,PC-107495,hub_out,RD-105,2026-06-10 14:37:39,
14980,PC-107495,failed_attempt,RD-105,2026-06-11 09:40:59,customer refused
14981,PC-107496,hub_out,RD-105,2026-06-10 22:10:37,
14982,PC-107496,failed_attempt,RD-105,2026-06-11 14:48:33,customer unreachable
14983,PC-107497,hub_out,RD-105,2026-06-10 19:21:25,
14984,PC-107497,delivered,RD-105,2026-06-12 12:06:42,
14985,PC-107498,hub_out,RD-105,2026-06-11 10:10:35,
14986,PC-107498,delivered,RD-105,2026-06-12 10:56:00,
14987,PC-107499,hub_out,RD-105,2026-06-11 03:04:14,
14988,PC-107499,delivered,RD-105,2026-06-12 13:13:11,
14989,PC-107500,hub_out,RD-105,2026-06-11 20:36:44,
14990,PC-107500,delivered,RD-105,2026-06-12 16:38:31,
14991,PC-107501,hub_out,RD-105,2026-06-11 01:15:12,
14992,PC-107501,delivered,RD-105,2026-06-12 12:39:11,
14993,PC-107502,hub_out,RD-105,2026-06-11 15:55:30,
14994,PC-107502,delivered,RD-105,2026-06-12 15:38:09,
14995,PC-107503,hub_out,RD-105,2026-06-11 16:07:31,
14996,PC-107503,delivered,RD-105,2026-06-12 15:42:15,
14997,PC-107504,hub_out,RD-105,2026-06-10 20:37:36,
14998,PC-107504,delivered,RD-105,2026-06-12 11:09:33,
14999,PC-107505,hub_out,RD-105,2026-06-11 00:47:45,
15000,PC-107505,delivered,RD-105,2026-06-12 09:55:59,
15001,PC-107506,hub_out,RD-105,2026-06-11 19:08:20,
15002,PC-107506,delivered,RD-105,2026-06-12 19:14:44,
15003,PC-107507,hub_out,RD-105,2026-06-11 14:54:29,
15004,PC-107507,delivered,RD-105,2026-06-12 19:03:43,
15005,PC-107508,hub_out,RD-105,2026-06-11 02:43:38,
15006,PC-107508,delivered,RD-105,2026-06-12 18:57:00,
15007,PC-107509,hub_out,RD-105,2026-06-10 13:57:47,
15008,PC-107509,delivered,RD-105,2026-06-12 11:24:55,
15009,PC-107510,hub_out,RD-105,2026-06-11 01:18:10,
15010,PC-107510,delivered,RD-105,2026-06-12 16:55:33,
15011,PC-107511,hub_out,RD-105,2026-06-11 11:28:22,
15012,PC-107511,delivered,RD-105,2026-06-12 18:29:11,
15013,PC-107512,hub_out,RD-105,2026-06-11 01:59:00,
15014,PC-107512,delivered,RD-105,2026-06-12 19:12:36,
15015,PC-107513,hub_out,RD-105,2026-06-11 16:15:16,
15016,PC-107513,delivered,RD-105,2026-06-12 14:48:36,
15017,PC-107514,hub_out,RD-105,2026-06-10 22:53:25,
15018,PC-107514,delivered,RD-105,2026-06-12 09:50:25,
15019,PC-107515,hub_out,RD-105,2026-06-10 20:53:05,
15020,PC-107515,delivered,RD-105,2026-06-12 17:05:54,
15021,PC-107516,hub_out,RD-105,2026-06-11 12:47:32,
15022,PC-107516,delivered,RD-105,2026-06-12 18:57:51,
15023,PC-107517,hub_out,RD-105,2026-06-11 03:29:07,
15024,PC-107517,delivered,RD-105,2026-06-12 10:11:59,
15025,PC-107518,hub_out,RD-105,2026-06-11 05:30:34,
15026,PC-107518,delivered,RD-105,2026-06-12 12:48:11,
15027,PC-107519,hub_out,RD-105,2026-06-11 11:35:04,
15028,PC-107519,delivered,RD-105,2026-06-12 09:26:54,
15029,PC-107520,hub_out,RD-105,2026-06-12 04:13:38,
15030,PC-107520,failed_attempt,RD-105,2026-06-12 12:04:58,customer refused
15031,PC-107521,hub_out,RD-105,2026-06-12 04:47:24,
15032,PC-107521,failed_attempt,RD-105,2026-06-12 19:44:00,customer refused
15033,PC-107522,hub_out,RD-105,2026-06-11 19:04:36,
15034,PC-107522,failed_attempt,RD-105,2026-06-12 11:46:39,address not found
15035,PC-107523,hub_out,RD-105,2026-06-12 16:25:33,
15036,PC-107523,delivered,RD-105,2026-06-13 18:16:55,
15037,PC-107524,hub_out,RD-105,2026-06-12 19:42:33,
15038,PC-107524,delivered,RD-105,2026-06-13 16:47:46,
15039,PC-107525,hub_out,RD-105,2026-06-11 17:04:46,
15040,PC-107525,delivered,RD-105,2026-06-13 10:39:47,
15041,PC-107526,hub_out,RD-105,2026-06-12 11:44:50,
15042,PC-107526,delivered,RD-105,2026-06-13 19:38:58,
15043,PC-107527,hub_out,RD-105,2026-06-12 05:49:26,
15044,PC-107527,delivered,RD-105,2026-06-13 15:05:46,
15045,PC-107528,hub_out,RD-105,2026-06-12 19:51:04,
15046,PC-107528,delivered,RD-105,2026-06-13 18:30:43,
15047,PC-107529,hub_out,RD-105,2026-06-11 16:51:11,
15048,PC-107529,delivered,RD-105,2026-06-13 16:00:34,
15049,PC-107530,hub_out,RD-105,2026-06-12 05:45:15,
15050,PC-107530,delivered,RD-105,2026-06-13 10:41:28,
15051,PC-107531,hub_out,RD-105,2026-06-11 23:01:43,
15052,PC-107531,delivered,RD-105,2026-06-13 11:42:00,
15053,PC-107532,hub_out,RD-105,2026-06-12 12:20:58,
15054,PC-107532,delivered,RD-105,2026-06-13 13:37:12,
15055,PC-107533,hub_out,RD-105,2026-06-12 19:02:18,
15056,PC-107533,delivered,RD-105,2026-06-13 16:28:42,
15057,PC-107534,hub_out,RD-105,2026-06-12 13:54:42,
15058,PC-107534,delivered,RD-105,2026-06-13 18:48:09,
15059,PC-107535,hub_out,RD-105,2026-06-12 12:53:21,
15060,PC-107535,delivered,RD-105,2026-06-13 18:44:20,
15061,PC-107536,hub_out,RD-105,2026-06-12 10:01:57,
15062,PC-107536,delivered,RD-105,2026-06-13 16:55:20,
15063,PC-107537,hub_out,RD-105,2026-06-11 22:50:31,
15064,PC-107537,delivered,RD-105,2026-06-13 12:53:41,
15065,PC-107538,hub_out,RD-105,2026-06-12 09:30:27,
15066,PC-107538,delivered,RD-105,2026-06-13 15:34:32,
15067,PC-107539,hub_out,RD-105,2026-06-12 18:12:39,
15068,PC-107539,delivered,RD-105,2026-06-13 16:54:42,
15069,PC-107540,hub_out,RD-105,2026-06-12 13:16:51,
15070,PC-107540,delivered,RD-105,2026-06-13 18:09:23,
15071,PC-107541,hub_out,RD-105,2026-06-12 14:33:17,
15072,PC-107541,delivered,RD-105,2026-06-13 14:02:47,
15073,PC-107542,hub_out,RD-105,2026-06-12 00:13:55,
15074,PC-107542,delivered,RD-105,2026-06-13 18:49:49,
15075,PC-107543,hub_out,RD-105,2026-06-11 17:17:19,
15076,PC-107543,delivered,RD-105,2026-06-13 18:54:12,
15077,PC-107544,hub_out,RD-105,2026-06-11 23:02:50,
15078,PC-107544,delivered,RD-105,2026-06-13 10:47:31,
15079,PC-107545,hub_out,RD-105,2026-06-12 22:03:11,
15080,PC-107545,failed_attempt,RD-105,2026-06-13 16:46:59,shop closed
15081,PC-107546,hub_out,RD-105,2026-06-12 23:20:55,
15082,PC-107546,failed_attempt,RD-105,2026-06-13 14:49:45,cod not ready
15083,PC-107547,hub_out,RD-105,2026-06-13 06:28:18,
15084,PC-107547,failed_attempt,RD-105,2026-06-13 14:17:37,customer refused
15085,PC-107548,hub_out,RD-105,2026-06-13 09:40:00,
15086,PC-107548,failed_attempt,RD-105,2026-06-13 18:48:21,cod not ready
15087,PC-107549,hub_out,RD-105,2026-06-13 06:28:02,
15088,PC-107549,delivered,RD-105,2026-06-14 15:19:21,
15089,PC-107550,hub_out,RD-105,2026-06-13 01:43:53,
15090,PC-107550,delivered,RD-105,2026-06-14 13:32:53,
15091,PC-107551,hub_out,RD-105,2026-06-13 14:25:39,
15092,PC-107551,delivered,RD-105,2026-06-14 19:44:52,
15093,PC-107552,hub_out,RD-105,2026-06-13 16:00:10,
15094,PC-107552,delivered,RD-105,2026-06-14 11:47:54,
15095,PC-107553,hub_out,RD-105,2026-06-13 18:54:41,
15096,PC-107553,delivered,RD-105,2026-06-14 10:44:24,
15097,PC-107554,hub_out,RD-105,2026-06-13 11:31:39,
15098,PC-107554,delivered,RD-105,2026-06-14 12:35:45,
15099,PC-107555,hub_out,RD-105,2026-06-13 10:06:59,
15100,PC-107555,delivered,RD-105,2026-06-14 14:45:34,
15101,PC-107556,hub_out,RD-105,2026-06-13 10:59:57,
15102,PC-107556,delivered,RD-105,2026-06-14 14:20:41,
15103,PC-107557,hub_out,RD-105,2026-06-13 09:46:10,
15104,PC-107557,delivered,RD-105,2026-06-14 14:37:59,
15105,PC-107558,hub_out,RD-105,2026-06-13 12:43:22,
15106,PC-107558,delivered,RD-105,2026-06-14 18:53:12,
15107,PC-107559,hub_out,RD-105,2026-06-13 08:53:46,
15108,PC-107559,delivered,RD-105,2026-06-14 10:39:25,
15109,PC-107560,hub_out,RD-105,2026-06-13 03:47:18,
15110,PC-107560,delivered,RD-105,2026-06-14 11:05:20,
15111,PC-107561,hub_out,RD-105,2026-06-13 00:53:58,
15112,PC-107561,delivered,RD-105,2026-06-14 12:28:26,
15113,PC-107562,hub_out,RD-105,2026-06-13 12:32:22,
15114,PC-107562,delivered,RD-105,2026-06-14 09:19:06,
15115,PC-107563,hub_out,RD-105,2026-06-13 14:01:56,
15116,PC-107563,delivered,RD-105,2026-06-14 18:20:30,
15117,PC-107564,hub_out,RD-105,2026-06-13 10:19:22,
15118,PC-107564,delivered,RD-105,2026-06-14 17:48:43,
15119,PC-107565,hub_out,RD-105,2026-06-12 13:20:22,
15120,PC-107565,delivered,RD-105,2026-06-14 17:41:51,
15121,PC-107566,hub_out,RD-105,2026-06-12 19:27:45,
15122,PC-107566,delivered,RD-105,2026-06-14 09:59:49,
15123,PC-107567,hub_out,RD-105,2026-06-13 03:27:20,
15124,PC-107567,delivered,RD-105,2026-06-14 11:09:17,
15125,PC-107568,hub_out,RD-105,2026-06-13 20:45:27,
15126,PC-107568,delivered,RD-105,2026-06-14 19:08:23,
15127,PC-107569,hub_out,RD-105,2026-06-12 17:49:51,
15128,PC-107569,delivered,RD-105,2026-06-14 16:12:03,
15129,PC-107570,hub_out,RD-105,2026-06-13 12:04:17,
15130,PC-107570,delivered,RD-105,2026-06-14 18:33:23,
15131,PC-107571,hub_out,RD-105,2026-06-13 03:37:21,
15132,PC-107571,delivered,RD-105,2026-06-14 09:47:36,
15133,PC-107572,hub_out,RD-105,2026-06-12 23:17:43,
15134,PC-107572,delivered,RD-105,2026-06-14 18:21:14,
15135,PC-107573,hub_out,RD-105,2026-06-12 14:31:06,
15136,PC-107573,delivered,RD-105,2026-06-14 17:55:28,
15137,PC-107574,hub_out,RD-105,2026-06-13 21:28:23,
15138,PC-107574,failed_attempt,RD-105,2026-06-14 09:50:12,customer unreachable
15139,PC-107575,hub_out,RD-105,2026-06-13 15:16:33,
15140,PC-107575,delivered,RD-105,2026-06-15 09:08:13,
15141,PC-107576,hub_out,RD-105,2026-06-14 08:28:51,
15142,PC-107576,delivered,RD-105,2026-06-15 18:25:15,
15143,PC-107577,hub_out,RD-105,2026-06-13 18:34:54,
15144,PC-107577,delivered,RD-105,2026-06-15 09:08:00,
15145,PC-107578,hub_out,RD-105,2026-06-14 08:42:43,
15146,PC-107578,delivered,RD-105,2026-06-15 11:49:00,
15147,PC-107579,hub_out,RD-105,2026-06-14 06:00:36,
15148,PC-107579,delivered,RD-105,2026-06-15 19:02:56,
15149,PC-107580,hub_out,RD-105,2026-06-14 11:00:41,
15150,PC-107580,delivered,RD-105,2026-06-15 12:45:33,
15151,PC-107581,hub_out,RD-105,2026-06-14 18:45:26,
15152,PC-107581,delivered,RD-105,2026-06-15 13:53:01,
15153,PC-107582,hub_out,RD-105,2026-06-14 11:31:22,
15154,PC-107582,delivered,RD-105,2026-06-15 14:43:23,
15155,PC-107583,hub_out,RD-105,2026-06-14 20:53:53,
15156,PC-107583,delivered,RD-105,2026-06-15 16:34:14,
15157,PC-107584,hub_out,RD-105,2026-06-14 14:39:20,
15158,PC-107584,delivered,RD-105,2026-06-15 13:00:51,
15159,PC-107585,hub_out,RD-105,2026-06-14 12:30:14,
15160,PC-107585,delivered,RD-105,2026-06-15 14:58:12,
15161,PC-107586,hub_out,RD-105,2026-06-13 17:36:41,
15162,PC-107586,delivered,RD-105,2026-06-15 12:29:34,
15163,PC-107587,hub_out,RD-105,2026-06-14 15:45:35,
15164,PC-107587,delivered,RD-105,2026-06-15 15:57:48,
15165,PC-107588,hub_out,RD-105,2026-06-14 01:12:12,
15166,PC-107588,delivered,RD-105,2026-06-15 16:22:42,
15167,PC-107589,hub_out,RD-105,2026-06-14 12:32:31,
15168,PC-107589,delivered,RD-105,2026-06-15 10:17:01,
15169,PC-107590,hub_out,RD-105,2026-06-14 07:36:51,
15170,PC-107590,delivered,RD-105,2026-06-15 19:56:46,
15171,PC-107591,hub_out,RD-105,2026-06-15 05:59:39,
15172,PC-107591,delivered,RD-105,2026-06-15 19:12:42,
15173,PC-107592,hub_out,RD-105,2026-06-13 18:48:17,
15174,PC-107592,delivered,RD-105,2026-06-15 10:28:43,
15175,PC-107593,hub_out,RD-105,2026-06-14 23:11:59,
15176,PC-107593,delivered,RD-105,2026-06-15 15:41:42,
15177,PC-107594,hub_out,RD-105,2026-06-14 01:26:36,
15178,PC-107594,delivered,RD-105,2026-06-15 09:23:49,
15179,PC-107595,hub_out,RD-105,2026-06-14 01:28:30,
15180,PC-107595,delivered,RD-105,2026-06-15 13:41:19,
15181,PC-107596,hub_out,RD-105,2026-06-15 05:21:09,
15182,PC-107596,failed_attempt,RD-105,2026-06-15 11:38:10,shop closed
15183,PC-107597,hub_out,RD-105,2026-06-15 20:27:36,
15184,PC-107597,delivered,RD-105,2026-06-17 09:05:24,
15185,PC-107598,hub_out,RD-105,2026-06-16 19:47:12,
15186,PC-107598,delivered,RD-105,2026-06-17 18:49:48,
15187,PC-107599,hub_out,RD-105,2026-06-16 18:08:25,
15188,PC-107599,delivered,RD-105,2026-06-17 13:59:18,
15189,PC-107600,hub_out,RD-105,2026-06-16 09:28:48,
15190,PC-107600,delivered,RD-105,2026-06-17 19:20:55,
15191,PC-107601,hub_out,RD-105,2026-06-15 22:10:13,
15192,PC-107601,delivered,RD-105,2026-06-17 12:55:35,
15193,PC-107602,hub_out,RD-105,2026-06-16 06:14:22,
15194,PC-107602,delivered,RD-105,2026-06-17 16:47:43,
15195,PC-107603,hub_out,RD-105,2026-06-16 09:37:20,
15196,PC-107603,delivered,RD-105,2026-06-17 19:40:57,
15197,PC-107604,hub_out,RD-105,2026-06-16 07:11:45,
15198,PC-107604,delivered,RD-105,2026-06-17 09:51:29,
15199,PC-107605,hub_out,RD-105,2026-06-15 20:40:42,
15200,PC-107605,delivered,RD-105,2026-06-17 09:00:58,
15201,PC-107606,hub_out,RD-105,2026-06-16 00:36:52,
15202,PC-107606,delivered,RD-105,2026-06-17 10:22:00,
15203,PC-107607,hub_out,RD-105,2026-06-16 04:14:32,
15204,PC-107607,delivered,RD-105,2026-06-17 16:21:28,
15205,PC-107608,hub_out,RD-105,2026-06-16 10:58:03,
15206,PC-107608,delivered,RD-105,2026-06-17 15:32:18,
15207,PC-107609,hub_out,RD-105,2026-06-15 15:09:11,
15208,PC-107609,delivered,RD-105,2026-06-17 09:50:08,
15209,PC-107610,hub_out,RD-105,2026-06-16 18:31:44,
15210,PC-107610,delivered,RD-105,2026-06-17 19:03:23,
15211,PC-107611,hub_out,RD-105,2026-06-16 14:46:34,
15212,PC-107611,delivered,RD-105,2026-06-17 19:36:29,
15213,PC-107612,hub_out,RD-105,2026-06-16 12:59:31,
15214,PC-107612,delivered,RD-105,2026-06-17 16:58:30,
15215,PC-107613,hub_out,RD-105,2026-06-16 04:06:57,
15216,PC-107613,delivered,RD-105,2026-06-17 18:23:26,
15217,PC-107614,hub_out,RD-105,2026-06-16 12:06:33,
15218,PC-107614,delivered,RD-105,2026-06-17 10:28:36,
15219,PC-107615,hub_out,RD-105,2026-06-16 02:35:55,
15220,PC-107615,delivered,RD-105,2026-06-17 13:29:25,
15221,PC-107616,hub_out,RD-105,2026-06-16 02:41:56,
15222,PC-107616,delivered,RD-105,2026-06-17 18:23:29,
15223,PC-107617,hub_out,RD-105,2026-06-16 09:21:47,
15224,PC-107617,delivered,RD-105,2026-06-17 17:44:15,
15225,PC-107618,hub_out,RD-105,2026-06-15 23:15:46,
15226,PC-107618,delivered,RD-105,2026-06-17 15:31:55,
15227,PC-107619,hub_out,RD-105,2026-06-16 15:16:16,
15228,PC-107619,delivered,RD-105,2026-06-17 10:57:43,
15229,PC-107620,hub_out,RD-105,2026-06-16 08:27:50,
15230,PC-107620,delivered,RD-105,2026-06-17 19:33:49,
15231,PC-107621,hub_out,RD-105,2026-06-16 11:18:48,
15232,PC-107621,delivered,RD-105,2026-06-17 16:51:27,
15233,PC-107622,hub_out,RD-105,2026-06-16 12:59:49,
15234,PC-107622,delivered,RD-105,2026-06-17 18:32:10,
15235,PC-107623,hub_out,RD-105,2026-06-16 07:37:17,
15236,PC-107623,delivered,RD-105,2026-06-17 15:10:03,
15237,PC-107624,hub_out,RD-105,2026-06-16 23:36:24,
15238,PC-107624,failed_attempt,RD-105,2026-06-17 10:35:47,shop closed
15239,PC-107625,hub_out,RD-105,2026-06-16 07:57:48,
15240,PC-107625,failed_attempt,RD-105,2026-06-17 12:24:58,customer unreachable
15241,PC-107626,hub_out,RD-105,2026-06-17 15:56:26,
15242,PC-107626,failed_attempt,RD-105,2026-06-17 19:21:26,customer refused
15243,PC-107627,hub_out,RD-105,2026-06-16 23:59:56,
15244,PC-107627,failed_attempt,RD-105,2026-06-17 18:52:43,cod not ready
15245,PC-107628,hub_out,RD-105,2026-06-17 05:30:20,
15246,PC-107628,delivered,RD-105,2026-06-18 10:21:18,
15247,PC-107629,hub_out,RD-105,2026-06-17 15:06:59,
15248,PC-107629,delivered,RD-105,2026-06-18 12:37:39,
15249,PC-107630,hub_out,RD-105,2026-06-17 14:09:05,
15250,PC-107630,delivered,RD-105,2026-06-18 17:56:22,
15251,PC-107631,hub_out,RD-105,2026-06-17 09:55:38,
15252,PC-107631,delivered,RD-105,2026-06-18 18:39:28,
15253,PC-107632,hub_out,RD-105,2026-06-18 00:24:22,
15254,PC-107632,delivered,RD-105,2026-06-18 15:35:54,
15255,PC-107633,hub_out,RD-105,2026-06-17 14:21:32,
15256,PC-107633,delivered,RD-105,2026-06-18 15:47:54,
15257,PC-107634,hub_out,RD-105,2026-06-16 16:48:11,
15258,PC-107634,delivered,RD-105,2026-06-18 11:12:15,
15259,PC-107635,hub_out,RD-105,2026-06-16 19:07:54,
15260,PC-107635,delivered,RD-105,2026-06-18 12:11:59,
15261,PC-107636,hub_out,RD-105,2026-06-17 07:09:27,
15262,PC-107636,delivered,RD-105,2026-06-18 11:45:01,
15263,PC-107637,hub_out,RD-105,2026-06-16 17:57:37,
15264,PC-107637,delivered,RD-105,2026-06-18 10:35:49,
15265,PC-107638,hub_out,RD-105,2026-06-17 09:36:09,
15266,PC-107638,delivered,RD-105,2026-06-18 09:34:13,
15267,PC-107639,hub_out,RD-105,2026-06-17 11:12:00,
15268,PC-107639,delivered,RD-105,2026-06-18 19:36:56,
15269,PC-107640,hub_out,RD-105,2026-06-17 03:33:18,
15270,PC-107640,delivered,RD-105,2026-06-18 11:56:36,
15271,PC-107641,hub_out,RD-105,2026-06-17 03:43:30,
15272,PC-107641,delivered,RD-105,2026-06-18 13:29:23,
15273,PC-107642,hub_out,RD-105,2026-06-17 15:17:50,
15274,PC-107642,delivered,RD-105,2026-06-18 17:57:16,
15275,PC-107643,hub_out,RD-105,2026-06-17 05:26:16,
15276,PC-107643,delivered,RD-105,2026-06-18 19:01:44,
15277,PC-107644,hub_out,RD-105,2026-06-17 07:15:23,
15278,PC-107644,delivered,RD-105,2026-06-18 14:19:50,
15279,PC-107645,hub_out,RD-105,2026-06-16 22:30:39,
15280,PC-107645,delivered,RD-105,2026-06-18 10:20:58,
15281,PC-107646,hub_out,RD-105,2026-06-17 23:50:51,
15282,PC-107646,delivered,RD-105,2026-06-18 15:48:23,
15283,PC-107647,hub_out,RD-105,2026-06-17 07:11:30,
15284,PC-107647,delivered,RD-105,2026-06-18 18:42:27,
15285,PC-107648,hub_out,RD-105,2026-06-16 19:38:18,
15286,PC-107648,delivered,RD-105,2026-06-18 11:32:25,
15287,PC-107649,hub_out,RD-105,2026-06-17 09:10:51,
15288,PC-107649,delivered,RD-105,2026-06-18 13:20:02,
15289,PC-107650,hub_out,RD-105,2026-06-16 23:56:46,
15290,PC-107650,delivered,RD-105,2026-06-18 09:54:02,
15291,PC-107651,hub_out,RD-105,2026-06-16 21:24:43,
15292,PC-107651,delivered,RD-105,2026-06-18 10:14:41,
15293,PC-107652,hub_out,RD-105,2026-06-17 21:19:39,
15294,PC-107652,delivered,RD-105,2026-06-18 11:39:07,
15295,PC-107653,hub_out,RD-105,2026-06-17 19:39:47,
15296,PC-107653,failed_attempt,RD-105,2026-06-18 18:05:36,address not found
15297,PC-107654,hub_out,RD-105,2026-06-17 17:35:35,
15298,PC-107654,failed_attempt,RD-105,2026-06-18 17:39:55,shop closed
15299,PC-107655,hub_out,RD-105,2026-06-18 07:46:38,
15300,PC-107655,failed_attempt,RD-105,2026-06-18 15:23:46,customer refused
15301,PC-107656,hub_out,RD-105,2026-06-18 01:29:32,
15302,PC-107656,failed_attempt,RD-105,2026-06-18 13:34:07,customer unreachable
15303,PC-107657,hub_out,RD-105,2026-06-19 20:38:36,
15304,PC-107657,delivered,RD-105,2026-06-20 19:45:52,
15305,PC-107658,hub_out,RD-105,2026-06-19 11:06:33,
15306,PC-107658,delivered,RD-105,2026-06-20 13:41:25,
15307,PC-107659,hub_out,RD-105,2026-06-19 03:17:09,
15308,PC-107659,delivered,RD-105,2026-06-20 14:05:47,
15309,PC-107660,hub_out,RD-105,2026-06-19 01:06:02,
15310,PC-107660,delivered,RD-105,2026-06-20 16:56:13,
15311,PC-107661,hub_out,RD-105,2026-06-19 10:01:52,
15312,PC-107661,delivered,RD-105,2026-06-20 15:55:28,
15313,PC-107662,hub_out,RD-105,2026-06-19 08:30:03,
15314,PC-107662,delivered,RD-105,2026-06-20 12:58:53,
15315,PC-107663,hub_out,RD-105,2026-06-19 16:35:14,
15316,PC-107663,delivered,RD-105,2026-06-20 18:36:14,
15317,PC-107664,hub_out,RD-105,2026-06-19 21:15:34,
15318,PC-107664,delivered,RD-105,2026-06-20 17:59:14,
15319,PC-107665,hub_out,RD-105,2026-06-19 15:49:25,
15320,PC-107665,delivered,RD-105,2026-06-20 18:23:23,
15321,PC-107666,hub_out,RD-105,2026-06-19 04:04:45,
15322,PC-107666,delivered,RD-105,2026-06-20 10:11:50,
15323,PC-107667,hub_out,RD-105,2026-06-19 04:57:45,
15324,PC-107667,delivered,RD-105,2026-06-20 19:09:53,
15325,PC-107668,hub_out,RD-105,2026-06-19 05:45:01,
15326,PC-107668,delivered,RD-105,2026-06-20 14:12:10,
15327,PC-107669,hub_out,RD-105,2026-06-19 03:42:52,
15328,PC-107669,delivered,RD-105,2026-06-20 15:07:30,
15329,PC-107670,hub_out,RD-105,2026-06-18 13:54:25,
15330,PC-107670,delivered,RD-105,2026-06-20 11:27:27,
15331,PC-107671,hub_out,RD-105,2026-06-19 14:42:03,
15332,PC-107671,delivered,RD-105,2026-06-20 16:05:07,
15333,PC-107672,hub_out,RD-105,2026-06-20 01:32:38,
15334,PC-107672,delivered,RD-105,2026-06-20 19:22:02,
15335,PC-107673,hub_out,RD-105,2026-06-20 16:37:45,
15336,PC-107673,delivered,RD-105,2026-06-20 19:59:03,
15337,PC-107674,hub_out,RD-105,2026-06-19 13:22:17,
15338,PC-107674,delivered,RD-105,2026-06-20 12:55:48,
15339,PC-107675,hub_out,RD-105,2026-06-19 23:04:27,
15340,PC-107675,delivered,RD-105,2026-06-20 18:06:42,
15341,PC-107676,hub_out,RD-105,2026-06-19 13:16:16,
15342,PC-107676,delivered,RD-105,2026-06-20 18:58:45,
15343,PC-107677,hub_out,RD-105,2026-06-18 04:35:36,
15344,PC-107677,delivered,RD-105,2026-06-20 09:47:27,
15345,PC-107678,hub_out,RD-105,2026-06-19 05:53:40,
15346,PC-107678,delivered,RD-105,2026-06-20 19:29:39,
15347,PC-107679,hub_out,RD-105,2026-06-19 07:23:32,
15348,PC-107679,delivered,RD-105,2026-06-20 11:11:26,
15349,PC-107680,hub_out,RD-105,2026-06-19 04:46:01,
15350,PC-107680,delivered,RD-105,2026-06-20 16:40:50,
15351,PC-107681,hub_out,RD-105,2026-06-18 15:46:20,
15352,PC-107681,delivered,RD-105,2026-06-20 11:29:25,
15353,PC-107682,hub_out,RD-105,2026-06-19 14:26:20,
15354,PC-107682,delivered,RD-105,2026-06-20 18:49:41,
15355,PC-107683,hub_out,RD-105,2026-06-20 13:30:20,
15356,PC-107683,failed_attempt,RD-105,2026-06-20 17:51:56,shop closed
15357,PC-107684,hub_out,RD-105,2026-06-19 14:13:56,
15358,PC-107684,failed_attempt,RD-105,2026-06-20 13:29:18,customer refused
15359,PC-107685,hub_out,RD-105,2026-06-19 14:47:22,
15360,PC-107685,failed_attempt,RD-105,2026-06-20 16:04:31,customer refused
15361,PC-107686,hub_out,RD-105,2026-06-20 02:16:45,
15362,PC-107686,failed_attempt,RD-105,2026-06-20 13:36:15,address not found
15363,PC-107687,hub_out,RD-105,2026-06-19 14:05:55,
15364,PC-107687,delivered,RD-105,2026-06-21 12:23:44,
15365,PC-107688,hub_out,RD-105,2026-06-20 07:23:25,
15366,PC-107688,delivered,RD-105,2026-06-21 11:42:21,
15367,PC-107689,hub_out,RD-105,2026-06-19 23:57:42,
15368,PC-107689,delivered,RD-105,2026-06-21 14:07:38,
15369,PC-107690,hub_out,RD-105,2026-06-20 00:54:59,
15370,PC-107690,delivered,RD-105,2026-06-21 15:39:19,
15371,PC-107691,hub_out,RD-105,2026-06-20 15:03:38,
15372,PC-107691,delivered,RD-105,2026-06-21 18:25:16,
15373,PC-107692,hub_out,RD-105,2026-06-20 20:46:21,
15374,PC-107692,delivered,RD-105,2026-06-21 13:33:57,
15375,PC-107693,hub_out,RD-105,2026-06-20 09:36:09,
15376,PC-107693,delivered,RD-105,2026-06-21 12:57:48,
15377,PC-107694,hub_out,RD-105,2026-06-20 06:01:53,
15378,PC-107694,delivered,RD-105,2026-06-21 19:39:16,
15379,PC-107695,hub_out,RD-105,2026-06-19 20:23:14,
15380,PC-107695,delivered,RD-105,2026-06-21 11:05:37,
15381,PC-107696,hub_out,RD-105,2026-06-20 08:47:42,
15382,PC-107696,delivered,RD-105,2026-06-21 15:07:44,
15383,PC-107697,hub_out,RD-105,2026-06-20 10:48:14,
15384,PC-107697,delivered,RD-105,2026-06-21 12:12:53,
15385,PC-107698,hub_out,RD-105,2026-06-19 16:40:45,
15386,PC-107698,delivered,RD-105,2026-06-21 09:06:09,
15387,PC-107699,hub_out,RD-105,2026-06-20 02:51:22,
15388,PC-107699,delivered,RD-105,2026-06-21 18:57:59,
15389,PC-107700,hub_out,RD-105,2026-06-20 17:17:23,
15390,PC-107700,delivered,RD-105,2026-06-21 09:33:35,
15391,PC-107701,hub_out,RD-105,2026-06-20 16:27:55,
15392,PC-107701,delivered,RD-105,2026-06-21 15:49:05,
15393,PC-107702,hub_out,RD-105,2026-06-20 17:40:07,
15394,PC-107702,delivered,RD-105,2026-06-21 18:26:54,
15395,PC-107703,hub_out,RD-105,2026-06-20 06:23:56,
15396,PC-107703,delivered,RD-105,2026-06-21 17:36:07,
15397,PC-107704,hub_out,RD-105,2026-06-20 10:27:27,
15398,PC-107704,delivered,RD-105,2026-06-21 18:15:39,
15399,PC-107705,hub_out,RD-105,2026-06-20 03:55:26,
15400,PC-107705,delivered,RD-105,2026-06-21 13:34:37,
15401,PC-107706,hub_out,RD-105,2026-06-19 21:36:30,
15402,PC-107706,delivered,RD-105,2026-06-21 12:43:52,
15403,PC-107707,hub_out,RD-105,2026-06-20 17:39:12,
15404,PC-107707,delivered,RD-105,2026-06-21 19:15:55,
15405,PC-107708,hub_out,RD-105,2026-06-19 20:42:05,
15406,PC-107708,delivered,RD-105,2026-06-21 16:37:43,
15407,PC-107709,hub_out,RD-105,2026-06-20 08:04:20,
15408,PC-107709,delivered,RD-105,2026-06-21 17:20:01,
15409,PC-107710,hub_out,RD-105,2026-06-20 20:43:54,
15410,PC-107710,failed_attempt,RD-105,2026-06-21 19:44:26,shop closed
15411,PC-107711,hub_out,RD-105,2026-06-20 17:17:55,
15412,PC-107711,failed_attempt,RD-105,2026-06-21 12:44:22,cod not ready
15413,PC-107712,hub_out,RD-105,2026-06-21 13:43:44,
15414,PC-107712,failed_attempt,RD-105,2026-06-21 17:39:56,customer unreachable
15415,PC-107713,hub_out,RD-105,2026-06-20 20:14:31,
15416,PC-107713,failed_attempt,RD-105,2026-06-21 14:41:09,address not found
15417,PC-107714,hub_out,RD-105,2026-06-21 00:26:03,
15418,PC-107714,delivered,RD-105,2026-06-22 09:18:39,
15419,PC-107715,hub_out,RD-105,2026-06-20 20:41:38,
15420,PC-107715,delivered,RD-105,2026-06-22 18:10:17,
15421,PC-107716,hub_out,RD-105,2026-06-21 23:57:40,
15422,PC-107716,delivered,RD-105,2026-06-22 19:17:46,
15423,PC-107717,hub_out,RD-105,2026-06-21 07:03:57,
15424,PC-107717,delivered,RD-105,2026-06-22 14:54:01,
15425,PC-107718,hub_out,RD-105,2026-06-21 22:26:28,
15426,PC-107718,delivered,RD-105,2026-06-22 19:40:37,
15427,PC-107719,hub_out,RD-105,2026-06-21 10:30:52,
15428,PC-107719,delivered,RD-105,2026-06-22 16:25:00,
15429,PC-107720,hub_out,RD-105,2026-06-21 16:22:32,
15430,PC-107720,delivered,RD-105,2026-06-22 13:08:25,
15431,PC-107721,hub_out,RD-105,2026-06-21 03:32:19,
15432,PC-107721,delivered,RD-105,2026-06-22 14:14:39,
15433,PC-107722,hub_out,RD-105,2026-06-21 14:09:45,
15434,PC-107722,delivered,RD-105,2026-06-22 13:08:39,
15435,PC-107723,hub_out,RD-105,2026-06-21 03:58:21,
15436,PC-107723,delivered,RD-105,2026-06-22 18:53:13,
15437,PC-107724,hub_out,RD-105,2026-06-21 18:22:36,
15438,PC-107724,delivered,RD-105,2026-06-22 16:50:10,
15439,PC-107725,hub_out,RD-105,2026-06-21 00:11:02,
15440,PC-107725,delivered,RD-105,2026-06-22 17:26:21,
15441,PC-107726,hub_out,RD-105,2026-06-21 06:31:24,
15442,PC-107726,delivered,RD-105,2026-06-22 10:46:39,
15443,PC-107727,hub_out,RD-105,2026-06-21 04:51:44,
15444,PC-107727,delivered,RD-105,2026-06-22 17:18:15,
15445,PC-107728,hub_out,RD-105,2026-06-21 09:31:00,
15446,PC-107728,delivered,RD-105,2026-06-22 12:46:40,
15447,PC-107729,hub_out,RD-105,2026-06-21 22:36:18,
15448,PC-107729,delivered,RD-105,2026-06-22 18:26:31,
15449,PC-107730,hub_out,RD-105,2026-06-21 10:03:30,
15450,PC-107730,delivered,RD-105,2026-06-22 14:20:34,
15451,PC-107731,hub_out,RD-105,2026-06-21 10:35:12,
15452,PC-107731,delivered,RD-105,2026-06-22 16:43:15,
15453,PC-107732,hub_out,RD-105,2026-06-20 21:35:02,
15454,PC-107732,delivered,RD-105,2026-06-22 09:19:54,
15455,PC-107733,hub_out,RD-105,2026-06-21 01:09:22,
15456,PC-107733,delivered,RD-105,2026-06-22 12:44:22,
15457,PC-107734,hub_out,RD-105,2026-06-21 12:40:19,
15458,PC-107734,delivered,RD-105,2026-06-22 15:28:56,
15459,PC-107735,hub_out,RD-105,2026-06-21 21:02:56,
15460,PC-107735,failed_attempt,RD-105,2026-06-22 11:36:32,cod not ready
15461,PC-107736,hub_out,RD-105,2026-06-21 13:35:25,
15462,PC-107736,failed_attempt,RD-105,2026-06-22 09:14:06,cod not ready
15463,PC-107737,hub_out,RD-105,2026-06-21 21:48:54,
15464,PC-107737,failed_attempt,RD-105,2026-06-22 16:09:39,shop closed
15465,PC-107738,hub_out,RD-105,2026-06-22 14:03:39,
15466,PC-107738,delivered,RD-105,2026-06-23 17:32:34,
15467,PC-107739,hub_out,RD-105,2026-06-23 03:12:42,
15468,PC-107739,delivered,RD-105,2026-06-23 13:39:14,
15469,PC-107740,hub_out,RD-105,2026-06-21 19:24:29,
15470,PC-107740,delivered,RD-105,2026-06-23 14:34:29,
15471,PC-107741,hub_out,RD-105,2026-06-22 13:14:11,
15472,PC-107741,delivered,RD-105,2026-06-23 14:49:23,
15473,PC-107742,hub_out,RD-105,2026-06-22 07:49:20,
15474,PC-107742,delivered,RD-105,2026-06-23 18:59:57,
15475,PC-107743,hub_out,RD-105,2026-06-22 17:58:41,
15476,PC-107743,delivered,RD-105,2026-06-23 15:23:12,
15477,PC-107744,hub_out,RD-105,2026-06-21 17:01:39,
15478,PC-107744,delivered,RD-105,2026-06-23 11:09:09,
15479,PC-107745,hub_out,RD-105,2026-06-22 09:52:50,
15480,PC-107745,delivered,RD-105,2026-06-23 09:15:52,
15481,PC-107746,hub_out,RD-105,2026-06-22 03:37:21,
15482,PC-107746,delivered,RD-105,2026-06-23 11:22:31,
15483,PC-107747,hub_out,RD-105,2026-06-22 17:27:14,
15484,PC-107747,delivered,RD-105,2026-06-23 18:31:40,
15485,PC-107748,hub_out,RD-105,2026-06-22 01:40:36,
15486,PC-107748,delivered,RD-105,2026-06-23 15:27:44,
15487,PC-107749,hub_out,RD-105,2026-06-22 17:19:14,
15488,PC-107749,delivered,RD-105,2026-06-23 18:07:22,
15489,PC-107750,hub_out,RD-105,2026-06-22 19:00:21,
15490,PC-107750,delivered,RD-105,2026-06-23 11:44:34,
15491,PC-107751,hub_out,RD-105,2026-06-22 06:31:34,
15492,PC-107751,delivered,RD-105,2026-06-23 18:47:46,
15493,PC-107752,hub_out,RD-105,2026-06-22 13:55:52,
15494,PC-107752,delivered,RD-105,2026-06-23 18:52:06,
15495,PC-107753,hub_out,RD-105,2026-06-22 02:44:21,
15496,PC-107753,delivered,RD-105,2026-06-23 14:25:48,
15497,PC-107754,hub_out,RD-105,2026-06-21 23:31:27,
15498,PC-107754,delivered,RD-105,2026-06-23 09:38:49,
15499,PC-107755,hub_out,RD-105,2026-06-22 05:03:09,
15500,PC-107755,delivered,RD-105,2026-06-23 16:32:27,
15501,PC-107756,hub_out,RD-105,2026-06-23 01:10:58,
15502,PC-107756,delivered,RD-105,2026-06-23 17:56:58,
15503,PC-107757,hub_out,RD-105,2026-06-22 10:10:07,
15504,PC-107757,delivered,RD-105,2026-06-23 12:03:11,
15505,PC-107758,hub_out,RD-105,2026-06-22 13:41:15,
15506,PC-107758,delivered,RD-105,2026-06-23 18:10:59,
15507,PC-107759,hub_out,RD-105,2026-06-22 03:23:17,
15508,PC-107759,delivered,RD-105,2026-06-23 12:48:22,
15509,PC-107760,hub_out,RD-105,2026-06-22 09:53:44,
15510,PC-107760,delivered,RD-105,2026-06-23 12:57:56,
15511,PC-107761,hub_out,RD-105,2026-06-22 16:17:26,
15512,PC-107761,delivered,RD-105,2026-06-23 15:10:33,
15513,PC-107762,hub_out,RD-105,2026-06-22 22:06:47,
15514,PC-107762,failed_attempt,RD-105,2026-06-23 17:07:08,customer unreachable
15515,PC-107763,hub_out,RD-105,2026-06-23 06:52:41,
15516,PC-107763,failed_attempt,RD-105,2026-06-23 11:49:31,cod not ready
15517,PC-107764,hub_out,RD-105,2026-06-22 16:11:29,
15518,PC-107764,failed_attempt,RD-105,2026-06-23 17:06:07,customer unreachable
15519,PC-107765,hub_out,RD-105,2026-06-22 16:49:18,
15520,PC-107765,failed_attempt,RD-105,2026-06-23 13:33:29,customer refused
15521,PC-107766,hub_out,RD-105,2026-06-23 08:41:55,
15522,PC-107766,failed_attempt,RD-105,2026-06-23 18:42:02,address not found
15523,PC-107767,hub_out,RD-105,2026-06-22 17:55:54,
15524,PC-107767,delivered,RD-105,2026-06-24 17:43:26,
15525,PC-107768,hub_out,RD-105,2026-06-24 03:05:20,
15526,PC-107768,delivered,RD-105,2026-06-24 18:46:07,
15527,PC-107769,hub_out,RD-105,2026-06-23 19:14:22,
15528,PC-107769,delivered,RD-105,2026-06-24 15:54:29,
15529,PC-107770,hub_out,RD-105,2026-06-23 16:01:17,
15530,PC-107770,delivered,RD-105,2026-06-24 16:39:27,
15531,PC-107771,hub_out,RD-105,2026-06-23 17:58:24,
15532,PC-107771,delivered,RD-105,2026-06-24 10:56:09,
15533,PC-107772,hub_out,RD-105,2026-06-22 17:45:59,
15534,PC-107772,delivered,RD-105,2026-06-24 09:25:26,
15535,PC-107773,hub_out,RD-105,2026-06-23 21:27:21,
15536,PC-107773,delivered,RD-105,2026-06-24 15:29:53,
15537,PC-107774,hub_out,RD-105,2026-06-22 14:00:53,
15538,PC-107774,delivered,RD-105,2026-06-24 18:58:13,
15539,PC-107775,hub_out,RD-105,2026-06-23 15:49:13,
15540,PC-107775,delivered,RD-105,2026-06-24 16:30:50,
15541,PC-107776,hub_out,RD-105,2026-06-23 05:46:17,
15542,PC-107776,delivered,RD-105,2026-06-24 13:43:02,
15543,PC-107777,hub_out,RD-105,2026-06-23 19:58:28,
15544,PC-107777,delivered,RD-105,2026-06-24 10:01:55,
15545,PC-107778,hub_out,RD-105,2026-06-23 00:21:38,
15546,PC-107778,delivered,RD-105,2026-06-24 13:55:24,
15547,PC-107779,hub_out,RD-105,2026-06-22 15:07:13,
15548,PC-107779,delivered,RD-105,2026-06-24 10:38:53,
15549,PC-107780,hub_out,RD-105,2026-06-23 10:52:05,
15550,PC-107780,delivered,RD-105,2026-06-24 11:19:03,
15551,PC-107781,hub_out,RD-105,2026-06-23 22:43:55,
15552,PC-107781,delivered,RD-105,2026-06-24 18:43:37,
15553,PC-107782,hub_out,RD-105,2026-06-22 19:20:42,
15554,PC-107782,delivered,RD-105,2026-06-24 09:25:31,
15555,PC-107783,hub_out,RD-105,2026-06-23 16:49:52,
15556,PC-107783,delivered,RD-105,2026-06-24 14:59:00,
15557,PC-107784,hub_out,RD-105,2026-06-23 06:12:04,
15558,PC-107784,delivered,RD-105,2026-06-24 11:26:27,
15559,PC-107785,hub_out,RD-105,2026-06-23 14:55:19,
15560,PC-107785,delivered,RD-105,2026-06-24 15:25:56,
15561,PC-107786,hub_out,RD-105,2026-06-24 02:07:31,
15562,PC-107786,delivered,RD-105,2026-06-24 16:32:08,
15563,PC-107787,hub_out,RD-105,2026-06-23 22:50:56,
15564,PC-107787,delivered,RD-105,2026-06-24 18:07:36,
15565,PC-107788,hub_out,RD-105,2026-06-23 07:36:48,
15566,PC-107788,delivered,RD-105,2026-06-24 10:48:58,
15567,PC-107789,hub_out,RD-105,2026-06-23 00:45:41,
15568,PC-107789,delivered,RD-105,2026-06-24 10:37:48,
15569,PC-107790,hub_out,RD-105,2026-06-23 22:02:15,
15570,PC-107790,delivered,RD-105,2026-06-24 14:14:58,
15571,PC-107791,hub_out,RD-105,2026-06-22 18:54:05,
15572,PC-107791,delivered,RD-105,2026-06-24 11:00:26,
15573,PC-107792,hub_out,RD-105,2026-06-23 18:59:26,
15574,PC-107792,delivered,RD-105,2026-06-24 17:55:27,
15575,PC-107793,hub_out,RD-105,2026-06-23 23:11:07,
15576,PC-107793,failed_attempt,RD-105,2026-06-24 19:42:53,customer refused
15577,PC-107794,hub_out,RD-105,2026-06-23 19:01:31,
15578,PC-107794,failed_attempt,RD-105,2026-06-24 14:41:03,customer refused
15579,PC-107795,hub_out,RD-105,2026-06-24 07:28:39,
15580,PC-107795,failed_attempt,RD-105,2026-06-24 16:09:32,address not found
15581,PC-107796,hub_out,RD-105,2026-06-24 06:20:13,
15582,PC-107796,delivered,RD-105,2026-06-25 11:08:41,
15583,PC-107797,hub_out,RD-105,2026-06-24 09:14:52,
15584,PC-107797,delivered,RD-105,2026-06-25 13:32:56,
15585,PC-107798,hub_out,RD-105,2026-06-25 03:19:34,
15586,PC-107798,delivered,RD-105,2026-06-25 17:34:07,
15587,PC-107799,hub_out,RD-105,2026-06-24 13:59:10,
15588,PC-107799,delivered,RD-105,2026-06-25 17:25:01,
15589,PC-107800,hub_out,RD-105,2026-06-23 16:29:51,
15590,PC-107800,delivered,RD-105,2026-06-25 09:30:12,
15591,PC-107801,hub_out,RD-105,2026-06-23 17:43:16,
15592,PC-107801,delivered,RD-105,2026-06-25 09:45:37,
15593,PC-107802,hub_out,RD-105,2026-06-24 04:12:11,
15594,PC-107802,delivered,RD-105,2026-06-25 13:53:56,
15595,PC-107803,hub_out,RD-105,2026-06-24 21:22:13,
15596,PC-107803,delivered,RD-105,2026-06-25 18:20:11,
15597,PC-107804,hub_out,RD-105,2026-06-23 22:33:45,
15598,PC-107804,delivered,RD-105,2026-06-25 16:48:06,
15599,PC-107805,hub_out,RD-105,2026-06-24 14:48:09,
15600,PC-107805,delivered,RD-105,2026-06-25 18:02:54,
15601,PC-107806,hub_out,RD-105,2026-06-24 22:17:18,
15602,PC-107806,delivered,RD-105,2026-06-25 19:51:18,
15603,PC-107807,hub_out,RD-105,2026-06-25 00:44:27,
15604,PC-107807,delivered,RD-105,2026-06-25 19:11:26,
15605,PC-107808,hub_out,RD-105,2026-06-23 16:06:47,
15606,PC-107808,delivered,RD-105,2026-06-25 13:18:48,
15607,PC-107809,hub_out,RD-105,2026-06-24 10:18:16,
15608,PC-107809,delivered,RD-105,2026-06-25 13:08:37,
15609,PC-107810,hub_out,RD-105,2026-06-24 01:55:39,
15610,PC-107810,delivered,RD-105,2026-06-25 12:57:52,
15611,PC-107811,hub_out,RD-105,2026-06-23 19:31:46,
15612,PC-107811,delivered,RD-105,2026-06-25 09:21:26,
15613,PC-107812,hub_out,RD-105,2026-06-23 13:50:08,
15614,PC-107812,delivered,RD-105,2026-06-25 09:35:26,
15615,PC-107813,hub_out,RD-105,2026-06-24 21:53:20,
15616,PC-107813,delivered,RD-105,2026-06-25 14:32:07,
15617,PC-107814,hub_out,RD-105,2026-06-24 16:36:16,
15618,PC-107814,delivered,RD-105,2026-06-25 19:02:55,
15619,PC-107815,hub_out,RD-105,2026-06-24 01:25:51,
15620,PC-107815,delivered,RD-105,2026-06-25 18:14:58,
15621,PC-107816,hub_out,RD-105,2026-06-24 03:19:42,
15622,PC-107816,delivered,RD-105,2026-06-25 10:25:55,
15623,PC-107817,hub_out,RD-105,2026-06-23 23:35:47,
15624,PC-107817,delivered,RD-105,2026-06-25 09:14:25,
15625,PC-107818,hub_out,RD-105,2026-06-25 07:09:35,
15626,PC-107818,failed_attempt,RD-105,2026-06-25 14:46:42,customer refused
15627,PC-107819,hub_out,RD-105,2026-06-25 08:10:03,
15628,PC-107819,delivered,RD-105,2026-06-26 12:06:54,
15629,PC-107820,hub_out,RD-105,2026-06-25 10:54:37,
15630,PC-107820,delivered,RD-105,2026-06-26 19:29:13,
15631,PC-107821,hub_out,RD-105,2026-06-24 20:57:53,
15632,PC-107821,delivered,RD-105,2026-06-26 10:32:22,
15633,PC-107822,hub_out,RD-105,2026-06-25 03:05:36,
15634,PC-107822,delivered,RD-105,2026-06-26 17:21:15,
15635,PC-107823,hub_out,RD-105,2026-06-25 09:19:22,
15636,PC-107823,delivered,RD-105,2026-06-26 12:45:27,
15637,PC-107824,hub_out,RD-105,2026-06-26 01:25:53,
15638,PC-107824,delivered,RD-105,2026-06-26 13:42:56,
15639,PC-107825,hub_out,RD-105,2026-06-24 18:53:44,
15640,PC-107825,delivered,RD-105,2026-06-26 16:07:20,
15641,PC-107826,hub_out,RD-105,2026-06-25 10:11:05,
15642,PC-107826,delivered,RD-105,2026-06-26 19:41:40,
15643,PC-107827,hub_out,RD-105,2026-06-25 05:20:57,
15644,PC-107827,delivered,RD-105,2026-06-26 13:27:29,
15645,PC-107828,hub_out,RD-105,2026-06-25 14:41:46,
15646,PC-107828,delivered,RD-105,2026-06-26 12:23:27,
15647,PC-107829,hub_out,RD-105,2026-06-24 21:41:10,
15648,PC-107829,delivered,RD-105,2026-06-26 09:15:00,
15649,PC-107830,hub_out,RD-105,2026-06-25 01:16:22,
15650,PC-107830,delivered,RD-105,2026-06-26 13:57:45,
15651,PC-107831,hub_out,RD-105,2026-06-24 10:43:52,
15652,PC-107831,delivered,RD-105,2026-06-26 13:20:36,
15653,PC-107832,hub_out,RD-105,2026-06-24 16:10:19,
15654,PC-107832,delivered,RD-105,2026-06-26 11:45:55,
15655,PC-107833,hub_out,RD-105,2026-06-24 22:00:05,
15656,PC-107833,delivered,RD-105,2026-06-26 18:25:46,
15657,PC-107834,hub_out,RD-105,2026-06-25 15:32:55,
15658,PC-107834,delivered,RD-105,2026-06-26 11:33:58,
15659,PC-107835,hub_out,RD-105,2026-06-25 00:02:35,
15660,PC-107835,delivered,RD-105,2026-06-26 13:10:27,
15661,PC-107836,hub_out,RD-105,2026-06-25 19:58:57,
15662,PC-107836,delivered,RD-105,2026-06-26 18:22:13,
15663,PC-107837,hub_out,RD-105,2026-06-25 02:44:00,
15664,PC-107837,delivered,RD-105,2026-06-26 10:22:20,
15665,PC-107838,hub_out,RD-105,2026-06-25 14:16:46,
15666,PC-107838,delivered,RD-105,2026-06-26 13:45:33,
15667,PC-107839,hub_out,RD-105,2026-06-25 19:08:28,
15668,PC-107839,delivered,RD-105,2026-06-26 17:18:17,
15669,PC-107840,hub_out,RD-105,2026-06-25 16:34:16,
15670,PC-107840,delivered,RD-105,2026-06-26 15:22:26,
15671,PC-107841,hub_out,RD-105,2026-06-25 05:23:36,
15672,PC-107841,delivered,RD-105,2026-06-26 17:38:55,
15673,PC-107842,hub_out,RD-105,2026-06-25 16:33:28,
15674,PC-107842,delivered,RD-105,2026-06-26 13:48:56,
15675,PC-107843,hub_out,RD-105,2026-06-25 19:40:48,
15676,PC-107843,delivered,RD-105,2026-06-26 16:48:10,
15677,PC-107844,hub_out,RD-105,2026-06-25 11:01:27,
15678,PC-107844,delivered,RD-105,2026-06-26 17:03:20,
15679,PC-107845,hub_out,RD-105,2026-06-25 01:14:35,
15680,PC-107845,delivered,RD-105,2026-06-26 09:38:32,
15681,PC-107846,hub_out,RD-105,2026-06-25 08:59:09,
15682,PC-107846,delivered,RD-105,2026-06-26 13:56:37,
15683,PC-107847,hub_out,RD-105,2026-06-25 15:04:49,
15684,PC-107847,failed_attempt,RD-105,2026-06-26 16:44:22,address not found
15685,PC-107848,hub_out,RD-105,2026-06-26 03:41:52,
15686,PC-107848,failed_attempt,RD-105,2026-06-26 14:13:39,customer unreachable
15687,PC-107849,hub_out,RD-105,2026-06-25 16:30:12,
15688,PC-107849,failed_attempt,RD-105,2026-06-26 15:02:18,customer unreachable
15689,PC-107850,hub_out,RD-105,2026-06-26 12:58:11,
15690,PC-107850,failed_attempt,RD-105,2026-06-26 17:02:19,customer unreachable
15691,PC-107851,hub_out,RD-105,2026-06-26 04:11:31,
15692,PC-107851,failed_attempt,RD-105,2026-06-26 13:57:55,customer refused
15693,PC-107852,hub_out,RD-105,2026-06-26 13:44:33,
15694,PC-107852,delivered,RD-105,2026-06-27 19:56:10,
15695,PC-107853,hub_out,RD-105,2026-06-26 11:07:56,
15696,PC-107853,delivered,RD-105,2026-06-27 17:21:13,
15697,PC-107854,hub_out,RD-105,2026-06-26 06:26:23,
15698,PC-107854,delivered,RD-105,2026-06-27 15:25:55,
15699,PC-107855,hub_out,RD-105,2026-06-26 08:38:18,
15700,PC-107855,delivered,RD-105,2026-06-27 19:24:59,
15701,PC-107856,hub_out,RD-105,2026-06-26 01:42:33,
15702,PC-107856,delivered,RD-105,2026-06-27 11:01:59,
15703,PC-107857,hub_out,RD-105,2026-06-25 20:44:35,
15704,PC-107857,delivered,RD-105,2026-06-27 13:12:10,
15705,PC-107858,hub_out,RD-105,2026-06-25 23:20:41,
15706,PC-107858,delivered,RD-105,2026-06-27 12:58:58,
15707,PC-107859,hub_out,RD-105,2026-06-26 02:05:23,
15708,PC-107859,delivered,RD-105,2026-06-27 12:24:05,
15709,PC-107860,hub_out,RD-105,2026-06-26 01:50:28,
15710,PC-107860,delivered,RD-105,2026-06-27 15:49:11,
15711,PC-107861,hub_out,RD-105,2026-06-26 03:55:42,
15712,PC-107861,delivered,RD-105,2026-06-27 09:41:49,
15713,PC-107862,hub_out,RD-105,2026-06-25 17:31:35,
15714,PC-107862,delivered,RD-105,2026-06-27 09:54:00,
15715,PC-107863,hub_out,RD-105,2026-06-26 12:29:52,
15716,PC-107863,delivered,RD-105,2026-06-27 19:16:06,
15717,PC-107864,hub_out,RD-105,2026-06-26 09:00:18,
15718,PC-107864,delivered,RD-105,2026-06-27 16:25:09,
15719,PC-107865,hub_out,RD-105,2026-06-26 05:32:54,
15720,PC-107865,delivered,RD-105,2026-06-27 19:33:44,
15721,PC-107866,hub_out,RD-105,2026-06-25 10:15:13,
15722,PC-107866,delivered,RD-105,2026-06-27 10:59:11,
15723,PC-107867,hub_out,RD-105,2026-06-25 23:22:25,
15724,PC-107867,delivered,RD-105,2026-06-27 11:40:13,
15725,PC-107868,hub_out,RD-105,2026-06-26 12:59:49,
15726,PC-107868,delivered,RD-105,2026-06-27 17:16:26,
15727,PC-107869,hub_out,RD-105,2026-06-26 07:54:25,
15728,PC-107869,delivered,RD-105,2026-06-27 13:45:33,
15729,PC-107870,hub_out,RD-105,2026-06-26 04:38:13,
15730,PC-107870,delivered,RD-105,2026-06-27 19:54:41,
15731,PC-107871,hub_out,RD-105,2026-06-26 07:24:32,
15732,PC-107871,delivered,RD-105,2026-06-27 10:49:52,
15733,PC-107872,hub_out,RD-105,2026-06-26 10:46:55,
15734,PC-107872,delivered,RD-105,2026-06-27 09:05:45,
15735,PC-107873,hub_out,RD-105,2026-06-26 05:18:54,
15736,PC-107873,delivered,RD-105,2026-06-27 12:36:46,
15737,PC-107874,hub_out,RD-105,2026-06-25 21:15:04,
15738,PC-107874,delivered,RD-105,2026-06-27 11:49:41,
15739,PC-107875,hub_out,RD-105,2026-06-26 12:05:23,
15740,PC-107875,delivered,RD-105,2026-06-27 10:51:20,
15741,PC-107876,hub_out,RD-105,2026-06-26 16:00:36,
15742,PC-107876,delivered,RD-105,2026-06-27 14:51:25,
15743,PC-107877,hub_out,RD-105,2026-06-26 07:21:17,
15744,PC-107877,delivered,RD-105,2026-06-27 14:20:12,
15745,PC-107878,hub_out,RD-105,2026-06-25 21:31:29,
15746,PC-107878,delivered,RD-105,2026-06-27 10:59:47,
15747,PC-107879,hub_out,RD-105,2026-06-26 18:07:37,
15748,PC-107879,failed_attempt,RD-105,2026-06-27 12:18:25,shop closed
15749,PC-107880,hub_out,RD-105,2026-06-26 09:31:48,
15750,PC-107880,failed_attempt,RD-105,2026-06-27 11:21:47,customer unreachable
15751,PC-107881,hub_out,RD-105,2026-06-26 22:53:29,
15752,PC-107881,failed_attempt,RD-105,2026-06-27 18:49:39,customer unreachable
15753,PC-107882,hub_out,RD-105,2026-06-26 22:26:17,
15754,PC-107882,failed_attempt,RD-105,2026-06-27 19:18:15,customer unreachable
15755,PC-107883,hub_out,RD-105,2026-06-26 22:16:10,
15756,PC-107883,failed_attempt,RD-105,2026-06-27 09:08:02,customer unreachable
15757,PC-107884,hub_out,RD-105,2026-06-27 03:55:45,
15758,PC-107884,delivered,RD-105,2026-06-28 13:14:25,
15759,PC-107885,hub_out,RD-105,2026-06-27 08:03:44,
15760,PC-107885,delivered,RD-105,2026-06-28 13:28:45,
15761,PC-107886,hub_out,RD-105,2026-06-27 01:22:03,
15762,PC-107886,delivered,RD-105,2026-06-28 16:24:34,
15763,PC-107887,hub_out,RD-105,2026-06-27 14:38:16,
15764,PC-107887,delivered,RD-105,2026-06-28 11:37:18,
15765,PC-107888,hub_out,RD-105,2026-06-27 14:18:53,
15766,PC-107888,delivered,RD-105,2026-06-28 14:03:30,
15767,PC-107889,hub_out,RD-105,2026-06-27 09:20:45,
15768,PC-107889,delivered,RD-105,2026-06-28 16:17:19,
15769,PC-107890,hub_out,RD-105,2026-06-27 13:03:44,
15770,PC-107890,delivered,RD-105,2026-06-28 13:13:49,
15771,PC-107891,hub_out,RD-105,2026-06-27 06:25:18,
15772,PC-107891,delivered,RD-105,2026-06-28 12:06:11,
15773,PC-107892,hub_out,RD-105,2026-06-26 22:38:10,
15774,PC-107892,delivered,RD-105,2026-06-28 14:08:49,
15775,PC-107893,hub_out,RD-105,2026-06-27 09:10:39,
15776,PC-107893,delivered,RD-105,2026-06-28 15:05:09,
15777,PC-107894,hub_out,RD-105,2026-06-27 07:16:12,
15778,PC-107894,delivered,RD-105,2026-06-28 13:06:10,
15779,PC-107895,hub_out,RD-105,2026-06-27 09:40:28,
15780,PC-107895,delivered,RD-105,2026-06-28 11:10:28,
15781,PC-107896,hub_out,RD-105,2026-06-27 05:32:31,
15782,PC-107896,delivered,RD-105,2026-06-28 10:07:39,
15783,PC-107897,hub_out,RD-105,2026-06-27 07:39:19,
15784,PC-107897,delivered,RD-105,2026-06-28 12:12:13,
15785,PC-107898,hub_out,RD-105,2026-06-27 07:09:07,
15786,PC-107898,delivered,RD-105,2026-06-28 14:46:57,
15787,PC-107899,hub_out,RD-105,2026-06-27 01:25:34,
15788,PC-107899,delivered,RD-105,2026-06-28 18:14:00,
15789,PC-107900,hub_out,RD-105,2026-06-27 23:53:53,
15790,PC-107900,delivered,RD-105,2026-06-28 15:42:56,
15791,PC-107901,hub_out,RD-105,2026-06-27 14:53:29,
15792,PC-107901,delivered,RD-105,2026-06-28 10:59:02,
15793,PC-107902,hub_out,RD-105,2026-06-27 05:07:59,
15794,PC-107902,delivered,RD-105,2026-06-28 11:11:33,
15795,PC-107903,hub_out,RD-105,2026-06-27 05:40:03,
15796,PC-107903,delivered,RD-105,2026-06-28 12:26:26,
15797,PC-107904,hub_out,RD-105,2026-06-27 07:25:09,
15798,PC-107904,delivered,RD-105,2026-06-28 15:11:49,
15799,PC-107905,hub_out,RD-105,2026-06-27 13:25:43,
15800,PC-107905,delivered,RD-105,2026-06-28 09:52:05,
15801,PC-107906,hub_out,RD-105,2026-06-27 14:36:16,
15802,PC-107906,failed_attempt,RD-105,2026-06-28 17:53:43,address not found
15803,PC-107907,hub_out,RD-105,2026-06-28 04:22:07,
15804,PC-107907,failed_attempt,RD-105,2026-06-28 15:09:56,cod not ready
15805,PC-107908,hub_out,RD-105,2026-06-28 11:33:32,
15806,PC-107908,failed_attempt,RD-105,2026-06-28 17:05:44,customer unreachable
15807,PC-107909,hub_out,RD-105,2026-06-27 19:09:44,
15808,PC-107909,delivered,RD-105,2026-06-29 13:06:43,
15809,PC-107910,hub_out,RD-105,2026-06-27 23:10:39,
15810,PC-107910,delivered,RD-105,2026-06-29 12:24:34,
15811,PC-107911,hub_out,RD-105,2026-06-28 18:18:43,
15812,PC-107911,delivered,RD-105,2026-06-29 18:18:01,
15813,PC-107912,hub_out,RD-105,2026-06-28 07:46:52,
15814,PC-107912,delivered,RD-105,2026-06-29 16:29:14,
15815,PC-107913,hub_out,RD-105,2026-06-28 12:21:28,
15816,PC-107913,delivered,RD-105,2026-06-29 16:37:11,
15817,PC-107914,hub_out,RD-105,2026-06-27 23:10:00,
15818,PC-107914,delivered,RD-105,2026-06-29 14:59:17,
15819,PC-107915,hub_out,RD-105,2026-06-27 19:35:35,
15820,PC-107915,delivered,RD-105,2026-06-29 09:10:53,
15821,PC-107916,hub_out,RD-105,2026-06-28 05:21:28,
15822,PC-107916,delivered,RD-105,2026-06-29 15:49:42,
15823,PC-107917,hub_out,RD-105,2026-06-28 08:26:39,
15824,PC-107917,delivered,RD-105,2026-06-29 14:05:39,
15825,PC-107918,hub_out,RD-105,2026-06-28 08:58:39,
15826,PC-107918,delivered,RD-105,2026-06-29 12:43:23,
15827,PC-107919,hub_out,RD-105,2026-06-28 05:42:28,
15828,PC-107919,delivered,RD-105,2026-06-29 18:08:49,
15829,PC-107920,hub_out,RD-105,2026-06-28 09:26:17,
15830,PC-107920,delivered,RD-105,2026-06-29 10:27:15,
15831,PC-107921,hub_out,RD-105,2026-06-28 01:14:20,
15832,PC-107921,delivered,RD-105,2026-06-29 09:33:52,
15833,PC-107922,hub_out,RD-105,2026-06-28 09:32:56,
15834,PC-107922,delivered,RD-105,2026-06-29 10:10:51,
15835,PC-107923,hub_out,RD-105,2026-06-28 07:06:08,
15836,PC-107923,delivered,RD-105,2026-06-29 09:37:55,
15837,PC-107924,hub_out,RD-105,2026-06-28 12:46:37,
15838,PC-107924,delivered,RD-105,2026-06-29 11:20:24,
15839,PC-107925,hub_out,RD-105,2026-06-28 09:24:48,
15840,PC-107925,delivered,RD-105,2026-06-29 15:59:44,
15841,PC-107926,hub_out,RD-105,2026-06-28 15:22:26,
15842,PC-107926,delivered,RD-105,2026-06-29 19:21:02,
15843,PC-107927,hub_out,RD-105,2026-06-28 02:01:34,
15844,PC-107927,delivered,RD-105,2026-06-29 13:34:41,
15845,PC-107928,hub_out,RD-105,2026-06-27 20:48:49,
15846,PC-107928,delivered,RD-105,2026-06-29 13:24:20,
15847,PC-107929,hub_out,RD-105,2026-06-27 11:48:25,
15848,PC-107929,delivered,RD-105,2026-06-29 09:52:08,
15849,PC-107930,hub_out,RD-105,2026-06-28 19:27:58,
15850,PC-107930,delivered,RD-105,2026-06-29 16:42:33,
15851,PC-107931,hub_out,RD-105,2026-06-27 20:06:20,
15852,PC-107931,delivered,RD-105,2026-06-29 09:32:28,
15853,PC-107932,hub_out,RD-105,2026-06-28 15:24:20,
15854,PC-107932,delivered,RD-105,2026-06-29 11:54:11,
15855,PC-107933,hub_out,RD-105,2026-06-28 21:31:09,
15856,PC-107933,failed_attempt,RD-105,2026-06-29 09:12:16,customer unreachable
15857,PC-107934,hub_out,RD-105,2026-06-28 22:35:28,
15858,PC-107934,failed_attempt,RD-105,2026-06-29 12:53:56,customer unreachable
15859,PC-107935,hub_out,RD-105,2026-06-29 08:04:03,
15860,PC-107935,failed_attempt,RD-105,2026-06-29 15:18:33,customer refused
15861,PC-107936,hub_out,RD-105,2026-06-29 05:33:11,
15862,PC-107936,failed_attempt,RD-105,2026-06-29 14:19:52,cod not ready
15863,PC-107937,hub_out,RD-105,2026-06-28 14:33:53,
15864,PC-107937,failed_attempt,RD-105,2026-06-29 15:19:24,address not found
15865,PC-107938,hub_out,RD-105,2026-06-29 03:35:30,
15866,PC-107938,delivered,RD-105,2026-06-30 17:53:06,
15867,PC-107939,hub_out,RD-105,2026-06-28 21:19:35,
15868,PC-107939,delivered,RD-105,2026-06-30 09:31:56,
15869,PC-107940,hub_out,RD-105,2026-06-29 01:28:13,
15870,PC-107940,delivered,RD-105,2026-06-30 10:39:42,
15871,PC-107941,hub_out,RD-105,2026-06-29 04:24:22,
15872,PC-107941,delivered,RD-105,2026-06-30 17:23:47,
15873,PC-107942,hub_out,RD-105,2026-06-29 14:41:53,
15874,PC-107942,delivered,RD-105,2026-06-30 14:56:59,
15875,PC-107943,hub_out,RD-105,2026-06-29 17:50:55,
15876,PC-107943,delivered,RD-105,2026-06-30 15:38:18,
15877,PC-107944,hub_out,RD-105,2026-06-29 10:51:10,
15878,PC-107944,delivered,RD-105,2026-06-30 10:51:48,
15879,PC-107945,hub_out,RD-105,2026-06-29 08:10:24,
15880,PC-107945,delivered,RD-105,2026-06-30 12:56:14,
15881,PC-107946,hub_out,RD-105,2026-06-29 08:59:34,
15882,PC-107946,delivered,RD-105,2026-06-30 16:50:37,
15883,PC-107947,hub_out,RD-105,2026-06-29 19:52:22,
15884,PC-107947,delivered,RD-105,2026-06-30 18:53:13,
15885,PC-107948,hub_out,RD-105,2026-06-28 15:17:20,
15886,PC-107948,delivered,RD-105,2026-06-30 09:59:48,
15887,PC-107949,hub_out,RD-105,2026-06-29 19:25:26,
15888,PC-107949,delivered,RD-105,2026-06-30 17:46:15,
15889,PC-107950,hub_out,RD-105,2026-06-29 06:51:02,
15890,PC-107950,delivered,RD-105,2026-06-30 10:45:52,
15891,PC-107951,hub_out,RD-105,2026-06-29 10:41:00,
15892,PC-107951,delivered,RD-105,2026-06-30 13:16:38,
15893,PC-107952,hub_out,RD-105,2026-06-29 14:12:27,
15894,PC-107952,delivered,RD-105,2026-06-30 13:20:03,
15895,PC-107953,hub_out,RD-105,2026-06-29 13:51:16,
15896,PC-107953,delivered,RD-105,2026-06-30 15:55:11,
15897,PC-107954,hub_out,RD-105,2026-06-29 16:27:20,
15898,PC-107954,delivered,RD-105,2026-06-30 18:38:45,
15899,PC-107955,hub_out,RD-105,2026-06-30 01:15:50,
15900,PC-107955,delivered,RD-105,2026-06-30 16:26:08,
15901,PC-107956,hub_out,RD-105,2026-06-29 00:41:20,
15902,PC-107956,delivered,RD-105,2026-06-30 16:34:28,
15903,PC-107957,hub_out,RD-105,2026-06-29 02:43:56,
15904,PC-107957,delivered,RD-105,2026-06-30 16:52:40,
15905,PC-107958,hub_out,RD-105,2026-06-29 06:15:41,
15906,PC-107958,delivered,RD-105,2026-06-30 09:53:08,
15907,PC-107959,hub_out,RD-105,2026-06-29 05:55:04,
15908,PC-107959,delivered,RD-105,2026-06-30 09:31:14,
15909,PC-107960,hub_out,RD-105,2026-06-29 08:14:57,
15910,PC-107960,delivered,RD-105,2026-06-30 11:44:12,
15911,PC-107961,hub_out,RD-105,2026-06-30 11:08:18,
15912,PC-107961,delivered,RD-105,2026-06-30 18:11:14,
15913,PC-107962,hub_out,RD-105,2026-06-29 15:01:15,
15914,PC-107962,delivered,RD-105,2026-06-30 11:01:15,
15915,PC-107963,hub_out,RD-105,2026-06-29 05:21:57,
15916,PC-107963,delivered,RD-105,2026-06-30 14:37:32,
15917,PC-107964,hub_out,RD-105,2026-06-29 14:45:29,
15918,PC-107964,delivered,RD-105,2026-06-30 18:51:42,
15919,PC-107965,hub_out,RD-105,2026-06-29 19:38:42,
15920,PC-107965,delivered,RD-105,2026-06-30 14:58:48,
15921,PC-107966,hub_out,RD-105,2026-06-30 10:46:29,
15922,PC-107966,failed_attempt,RD-105,2026-06-30 15:24:26,cod not ready
15923,PC-107967,hub_out,RD-107,2026-05-31 09:18:58,
15924,PC-107967,delivered,RD-107,2026-06-01 19:53:59,
15925,PC-107968,hub_out,RD-107,2026-05-31 05:49:43,
15926,PC-107968,delivered,RD-107,2026-06-01 11:52:54,
15927,PC-107969,hub_out,RD-107,2026-05-31 06:45:05,
15928,PC-107969,delivered,RD-107,2026-06-01 11:17:41,
15929,PC-107970,hub_out,RD-107,2026-05-31 16:53:11,
15930,PC-107970,delivered,RD-107,2026-06-01 15:38:30,
15931,PC-107971,hub_out,RD-107,2026-05-31 05:41:56,
15932,PC-107971,delivered,RD-107,2026-06-01 09:11:06,
15933,PC-107972,hub_out,RD-107,2026-05-31 14:06:00,
15934,PC-107972,delivered,RD-107,2026-06-01 10:47:11,
15935,PC-107973,hub_out,RD-107,2026-05-31 04:06:35,
15936,PC-107973,delivered,RD-107,2026-06-01 17:14:46,
15937,PC-107974,hub_out,RD-107,2026-05-30 17:57:43,
15938,PC-107974,delivered,RD-107,2026-06-01 17:20:38,
15939,PC-107975,hub_out,RD-107,2026-05-31 11:34:46,
15940,PC-107975,delivered,RD-107,2026-06-01 11:11:01,
15941,PC-107976,hub_out,RD-107,2026-05-31 15:29:24,
15942,PC-107976,delivered,RD-107,2026-06-01 18:56:22,
15943,PC-107977,hub_out,RD-107,2026-05-30 21:53:25,
15944,PC-107977,delivered,RD-107,2026-06-01 09:03:47,
15945,PC-107978,hub_out,RD-107,2026-05-30 18:20:51,
15946,PC-107978,delivered,RD-107,2026-06-01 15:41:10,
15947,PC-107979,hub_out,RD-107,2026-05-31 07:07:37,
15948,PC-107979,delivered,RD-107,2026-06-01 15:34:34,
15949,PC-107980,hub_out,RD-107,2026-06-01 09:18:33,
15950,PC-107980,delivered,RD-107,2026-06-01 19:54:44,
15951,PC-107981,hub_out,RD-107,2026-05-31 06:10:44,
15952,PC-107981,delivered,RD-107,2026-06-01 13:00:34,
15953,PC-107982,hub_out,RD-107,2026-06-01 01:48:33,
15954,PC-107982,delivered,RD-107,2026-06-01 18:41:41,
15955,PC-107983,hub_out,RD-107,2026-06-01 10:27:54,
15956,PC-107983,failed_attempt,RD-107,2026-06-01 17:57:30,customer refused
15957,PC-107984,hub_out,RD-107,2026-06-01 11:43:12,
15958,PC-107984,failed_attempt,RD-107,2026-06-01 18:45:05,customer unreachable
15959,PC-107985,hub_out,RD-107,2026-05-31 23:26:13,
15960,PC-107985,failed_attempt,RD-107,2026-06-01 13:26:39,cod not ready
15961,PC-107986,hub_out,RD-107,2026-05-31 17:47:32,
15962,PC-107986,failed_attempt,RD-107,2026-06-01 11:00:38,address not found
15963,PC-107987,hub_out,RD-107,2026-06-03 13:36:31,
15964,PC-107987,delivered,RD-107,2026-06-04 17:22:28,
15965,PC-107988,hub_out,RD-107,2026-06-03 11:08:35,
15966,PC-107988,delivered,RD-107,2026-06-04 11:07:31,
15967,PC-107989,hub_out,RD-107,2026-06-03 17:04:24,
15968,PC-107989,delivered,RD-107,2026-06-04 12:40:26,
15969,PC-107990,hub_out,RD-107,2026-06-02 23:18:50,
15970,PC-107990,delivered,RD-107,2026-06-04 15:49:36,
15971,PC-107991,hub_out,RD-107,2026-06-03 17:57:05,
15972,PC-107991,delivered,RD-107,2026-06-04 18:11:30,
15973,PC-107992,hub_out,RD-107,2026-06-03 03:10:48,
15974,PC-107992,delivered,RD-107,2026-06-04 14:10:46,
15975,PC-107993,hub_out,RD-107,2026-06-03 20:05:32,
15976,PC-107993,delivered,RD-107,2026-06-04 19:31:52,
15977,PC-107994,hub_out,RD-107,2026-06-03 01:46:03,
15978,PC-107994,delivered,RD-107,2026-06-04 11:32:00,
15979,PC-107995,hub_out,RD-107,2026-06-03 11:35:30,
15980,PC-107995,delivered,RD-107,2026-06-04 12:49:07,
15981,PC-107996,hub_out,RD-107,2026-06-04 03:59:39,
15982,PC-107996,delivered,RD-107,2026-06-04 19:15:59,
15983,PC-107997,hub_out,RD-107,2026-06-03 11:18:38,
15984,PC-107997,delivered,RD-107,2026-06-04 15:22:45,
15985,PC-107998,hub_out,RD-107,2026-06-03 20:23:22,
15986,PC-107998,delivered,RD-107,2026-06-04 17:06:57,
15987,PC-107999,hub_out,RD-107,2026-06-03 05:34:04,
15988,PC-107999,delivered,RD-107,2026-06-04 16:55:41,
15989,PC-108000,hub_out,RD-107,2026-06-03 00:08:07,
15990,PC-108000,delivered,RD-107,2026-06-04 11:03:39,
15991,PC-108001,hub_out,RD-107,2026-06-03 11:21:17,
15992,PC-108001,delivered,RD-107,2026-06-04 19:17:46,
15993,PC-108002,hub_out,RD-107,2026-06-03 08:06:21,
15994,PC-108002,delivered,RD-107,2026-06-04 12:42:57,
15995,PC-108003,hub_out,RD-107,2026-06-04 04:01:02,
15996,PC-108003,delivered,RD-107,2026-06-04 19:19:02,
15997,PC-108004,hub_out,RD-107,2026-06-03 23:45:55,
15998,PC-108004,delivered,RD-107,2026-06-04 11:01:44,
15999,PC-108005,hub_out,RD-107,2026-06-03 21:51:12,
16000,PC-108005,delivered,RD-107,2026-06-04 17:57:44,
16001,PC-108006,hub_out,RD-107,2026-06-04 07:16:41,
16002,PC-108006,failed_attempt,RD-107,2026-06-04 18:43:00,shop closed
16003,PC-108007,hub_out,RD-107,2026-06-04 00:02:33,
16004,PC-108007,delivered,RD-107,2026-06-05 11:34:15,
16005,PC-108008,hub_out,RD-107,2026-06-04 08:44:01,
16006,PC-108008,delivered,RD-107,2026-06-05 11:43:10,
16007,PC-108009,hub_out,RD-107,2026-06-04 02:58:45,
16008,PC-108009,delivered,RD-107,2026-06-05 19:12:15,
16009,PC-108010,hub_out,RD-107,2026-06-04 19:22:17,
16010,PC-108010,delivered,RD-107,2026-06-05 15:08:18,
16011,PC-108011,hub_out,RD-107,2026-06-04 08:15:46,
16012,PC-108011,delivered,RD-107,2026-06-05 12:20:32,
16013,PC-108012,hub_out,RD-107,2026-06-04 15:58:19,
16014,PC-108012,delivered,RD-107,2026-06-05 13:19:25,
16015,PC-108013,hub_out,RD-107,2026-06-03 21:06:44,
16016,PC-108013,delivered,RD-107,2026-06-05 12:08:52,
16017,PC-108014,hub_out,RD-107,2026-06-04 14:04:56,
16018,PC-108014,delivered,RD-107,2026-06-05 10:05:39,
16019,PC-108015,hub_out,RD-107,2026-06-03 22:05:02,
16020,PC-108015,delivered,RD-107,2026-06-05 12:13:54,
16021,PC-108016,hub_out,RD-107,2026-06-04 03:59:25,
16022,PC-108016,delivered,RD-107,2026-06-05 11:32:26,
16023,PC-108017,hub_out,RD-107,2026-06-03 04:19:33,
16024,PC-108017,delivered,RD-107,2026-06-05 12:03:39,
16025,PC-108018,hub_out,RD-107,2026-06-04 02:16:26,
16026,PC-108018,delivered,RD-107,2026-06-05 15:07:44,
16027,PC-108019,hub_out,RD-107,2026-06-04 08:11:35,
16028,PC-108019,delivered,RD-107,2026-06-05 13:19:44,
16029,PC-108020,hub_out,RD-107,2026-06-04 16:30:00,
16030,PC-108020,delivered,RD-107,2026-06-05 09:46:04,
16031,PC-108021,hub_out,RD-107,2026-06-04 06:03:36,
16032,PC-108021,delivered,RD-107,2026-06-05 12:46:59,
16033,PC-108022,hub_out,RD-107,2026-06-04 14:27:48,
16034,PC-108022,delivered,RD-107,2026-06-05 19:44:52,
16035,PC-108023,hub_out,RD-107,2026-06-04 05:15:28,
16036,PC-108023,delivered,RD-107,2026-06-05 10:38:41,
16037,PC-108024,hub_out,RD-107,2026-06-04 02:04:08,
16038,PC-108024,delivered,RD-107,2026-06-05 19:11:10,
16039,PC-108025,hub_out,RD-107,2026-06-04 18:19:21,
16040,PC-108025,delivered,RD-107,2026-06-05 18:30:53,
16041,PC-108026,hub_out,RD-107,2026-06-04 17:50:17,
16042,PC-108026,failed_attempt,RD-107,2026-06-05 10:52:24,customer unreachable
16043,PC-108027,hub_out,RD-107,2026-06-04 10:21:50,
16044,PC-108027,failed_attempt,RD-107,2026-06-05 11:35:09,cod not ready
16045,PC-108028,hub_out,RD-107,2026-06-05 17:38:19,
16046,PC-108028,delivered,RD-107,2026-06-06 13:55:46,
16047,PC-108029,hub_out,RD-107,2026-06-05 23:57:00,
16048,PC-108029,delivered,RD-107,2026-06-06 15:26:28,
16049,PC-108030,hub_out,RD-107,2026-06-05 04:06:54,
16050,PC-108030,delivered,RD-107,2026-06-06 11:16:02,
16051,PC-108031,hub_out,RD-107,2026-06-05 19:07:50,
16052,PC-108031,delivered,RD-107,2026-06-06 16:20:58,
16053,PC-108032,hub_out,RD-107,2026-06-05 20:00:08,
16054,PC-108032,delivered,RD-107,2026-06-06 19:23:36,
16055,PC-108033,hub_out,RD-107,2026-06-05 02:34:39,
16056,PC-108033,delivered,RD-107,2026-06-06 12:23:00,
16057,PC-108034,hub_out,RD-107,2026-06-04 18:08:36,
16058,PC-108034,delivered,RD-107,2026-06-06 15:54:44,
16059,PC-108035,hub_out,RD-107,2026-06-05 13:00:03,
16060,PC-108035,delivered,RD-107,2026-06-06 11:06:03,
16061,PC-108036,hub_out,RD-107,2026-06-05 06:45:34,
16062,PC-108036,delivered,RD-107,2026-06-06 11:21:29,
16063,PC-108037,hub_out,RD-107,2026-06-05 22:08:43,
16064,PC-108037,delivered,RD-107,2026-06-06 19:04:20,
16065,PC-108038,hub_out,RD-107,2026-06-05 08:09:43,
16066,PC-108038,delivered,RD-107,2026-06-06 12:45:17,
16067,PC-108039,hub_out,RD-107,2026-06-05 09:30:38,
16068,PC-108039,delivered,RD-107,2026-06-06 19:09:19,
16069,PC-108040,hub_out,RD-107,2026-06-05 09:27:37,
16070,PC-108040,delivered,RD-107,2026-06-06 16:11:48,
16071,PC-108041,hub_out,RD-107,2026-06-05 10:09:35,
16072,PC-108041,delivered,RD-107,2026-06-06 10:53:35,
16073,PC-108042,hub_out,RD-107,2026-06-05 17:54:13,
16074,PC-108042,delivered,RD-107,2026-06-06 18:09:16,
16075,PC-108043,hub_out,RD-107,2026-06-06 07:51:09,
16076,PC-108043,delivered,RD-107,2026-06-06 18:11:18,
16077,PC-108044,hub_out,RD-107,2026-06-04 23:16:26,
16078,PC-108044,delivered,RD-107,2026-06-06 18:33:36,
16079,PC-108045,hub_out,RD-107,2026-06-05 05:41:10,
16080,PC-108045,delivered,RD-107,2026-06-06 12:53:06,
16081,PC-108046,hub_out,RD-107,2026-06-04 22:54:03,
16082,PC-108046,delivered,RD-107,2026-06-06 11:02:47,
16083,PC-108047,hub_out,RD-107,2026-06-05 16:35:55,
16084,PC-108047,delivered,RD-107,2026-06-06 10:42:18,
16085,PC-108048,hub_out,RD-107,2026-06-04 20:37:20,
16086,PC-108048,delivered,RD-107,2026-06-06 10:35:08,
16087,PC-108049,hub_out,RD-107,2026-06-06 00:13:39,
16088,PC-108049,failed_attempt,RD-107,2026-06-06 15:43:17,shop closed
16089,PC-108050,hub_out,RD-107,2026-06-06 04:44:00,
16090,PC-108050,failed_attempt,RD-107,2026-06-06 09:47:30,address not found
16091,PC-108051,hub_out,RD-107,2026-06-06 23:27:18,
16092,PC-108051,delivered,RD-107,2026-06-07 19:19:58,
16093,PC-108052,hub_out,RD-107,2026-06-06 10:02:25,
16094,PC-108052,delivered,RD-107,2026-06-07 13:47:38,
16095,PC-108053,hub_out,RD-107,2026-06-06 07:54:01,
16096,PC-108053,delivered,RD-107,2026-06-07 12:18:13,
16097,PC-108054,hub_out,RD-107,2026-06-06 12:11:43,
16098,PC-108054,delivered,RD-107,2026-06-07 17:21:27,
16099,PC-108055,hub_out,RD-107,2026-06-06 11:55:40,
16100,PC-108055,delivered,RD-107,2026-06-07 14:31:48,
16101,PC-108056,hub_out,RD-107,2026-06-06 19:46:36,
16102,PC-108056,delivered,RD-107,2026-06-07 14:56:00,
16103,PC-108057,hub_out,RD-107,2026-06-06 11:52:43,
16104,PC-108057,delivered,RD-107,2026-06-07 11:58:59,
16105,PC-108058,hub_out,RD-107,2026-06-06 18:24:48,
16106,PC-108058,delivered,RD-107,2026-06-07 17:40:09,
16107,PC-108059,hub_out,RD-107,2026-06-06 07:12:59,
16108,PC-108059,delivered,RD-107,2026-06-07 13:23:23,
16109,PC-108060,hub_out,RD-107,2026-06-06 08:39:33,
16110,PC-108060,delivered,RD-107,2026-06-07 14:59:22,
16111,PC-108061,hub_out,RD-107,2026-06-06 00:42:21,
16112,PC-108061,delivered,RD-107,2026-06-07 10:21:51,
16113,PC-108062,hub_out,RD-107,2026-06-06 03:50:51,
16114,PC-108062,delivered,RD-107,2026-06-07 18:45:36,
16115,PC-108063,hub_out,RD-107,2026-06-05 23:13:59,
16116,PC-108063,delivered,RD-107,2026-06-07 13:18:55,
16117,PC-108064,hub_out,RD-107,2026-06-06 12:58:18,
16118,PC-108064,delivered,RD-107,2026-06-07 19:57:47,
16119,PC-108065,hub_out,RD-107,2026-06-06 19:33:30,
16120,PC-108065,delivered,RD-107,2026-06-07 12:04:32,
16121,PC-108066,hub_out,RD-107,2026-06-06 17:20:31,
16122,PC-108066,delivered,RD-107,2026-06-07 16:09:05,
16123,PC-108067,hub_out,RD-107,2026-06-06 14:14:05,
16124,PC-108067,delivered,RD-107,2026-06-07 12:49:33,
16125,PC-108068,hub_out,RD-107,2026-06-05 22:02:19,
16126,PC-108068,delivered,RD-107,2026-06-07 11:25:14,
16127,PC-108069,hub_out,RD-107,2026-06-06 17:46:39,
16128,PC-108069,failed_attempt,RD-107,2026-06-07 13:57:06,customer refused
16129,PC-108070,hub_out,RD-107,2026-06-06 17:18:51,
16130,PC-108070,failed_attempt,RD-107,2026-06-07 10:07:21,customer refused
16131,PC-108071,hub_out,RD-107,2026-06-06 07:10:19,
16132,PC-108071,failed_attempt,RD-107,2026-06-07 10:04:41,customer refused
16133,PC-108072,hub_out,RD-107,2026-06-07 06:56:59,
16134,PC-108072,failed_attempt,RD-107,2026-06-07 16:45:03,customer unreachable
16135,PC-108073,hub_out,RD-107,2026-06-07 13:48:24,
16136,PC-108073,delivered,RD-107,2026-06-08 13:38:36,
16137,PC-108074,hub_out,RD-107,2026-06-07 18:42:11,
16138,PC-108074,delivered,RD-107,2026-06-08 17:04:24,
16139,PC-108075,hub_out,RD-107,2026-06-07 08:30:51,
16140,PC-108075,delivered,RD-107,2026-06-08 17:47:36,
16141,PC-108076,hub_out,RD-107,2026-06-07 16:06:55,
16142,PC-108076,delivered,RD-107,2026-06-08 17:48:35,
16143,PC-108077,hub_out,RD-107,2026-06-07 22:11:10,
16144,PC-108077,delivered,RD-107,2026-06-08 19:57:36,
16145,PC-108078,hub_out,RD-107,2026-06-07 08:03:28,
16146,PC-108078,delivered,RD-107,2026-06-08 12:48:02,
16147,PC-108079,hub_out,RD-107,2026-06-07 07:51:41,
16148,PC-108079,delivered,RD-107,2026-06-08 09:11:20,
16149,PC-108080,hub_out,RD-107,2026-06-07 09:25:51,
16150,PC-108080,delivered,RD-107,2026-06-08 11:11:47,
16151,PC-108081,hub_out,RD-107,2026-06-07 22:26:09,
16152,PC-108081,delivered,RD-107,2026-06-08 19:04:02,
16153,PC-108082,hub_out,RD-107,2026-06-07 10:14:28,
16154,PC-108082,delivered,RD-107,2026-06-08 14:49:38,
16155,PC-108083,hub_out,RD-107,2026-06-07 13:46:24,
16156,PC-108083,delivered,RD-107,2026-06-08 17:48:44,
16157,PC-108084,hub_out,RD-107,2026-06-07 06:00:37,
16158,PC-108084,delivered,RD-107,2026-06-08 13:15:03,
16159,PC-108085,hub_out,RD-107,2026-06-07 07:10:29,
16160,PC-108085,delivered,RD-107,2026-06-08 13:38:39,
16161,PC-108086,hub_out,RD-107,2026-06-07 07:49:07,
16162,PC-108086,delivered,RD-107,2026-06-08 10:59:18,
16163,PC-108087,hub_out,RD-107,2026-06-07 16:35:10,
16164,PC-108087,delivered,RD-107,2026-06-08 17:23:15,
16165,PC-108088,hub_out,RD-107,2026-06-07 05:26:00,
16166,PC-108088,delivered,RD-107,2026-06-08 16:00:38,
16167,PC-108089,hub_out,RD-107,2026-06-07 17:03:01,
16168,PC-108089,delivered,RD-107,2026-06-08 09:25:59,
16169,PC-108090,hub_out,RD-107,2026-06-07 09:53:04,
16170,PC-108090,delivered,RD-107,2026-06-08 09:47:15,
16171,PC-108091,hub_out,RD-107,2026-06-07 13:33:03,
16172,PC-108091,delivered,RD-107,2026-06-08 17:33:06,
16173,PC-108092,hub_out,RD-107,2026-06-07 20:17:34,
16174,PC-108092,failed_attempt,RD-107,2026-06-08 14:14:12,cod not ready
16175,PC-108093,hub_out,RD-107,2026-06-07 20:33:26,
16176,PC-108093,failed_attempt,RD-107,2026-06-08 11:57:51,address not found
16177,PC-108094,hub_out,RD-107,2026-06-08 05:19:28,
16178,PC-108094,failed_attempt,RD-107,2026-06-08 13:42:11,customer unreachable
16179,PC-108095,hub_out,RD-107,2026-06-09 09:17:10,
16180,PC-108095,delivered,RD-107,2026-06-09 13:37:07,
16181,PC-108096,hub_out,RD-107,2026-06-08 13:41:44,
16182,PC-108096,delivered,RD-107,2026-06-09 09:38:56,
16183,PC-108097,hub_out,RD-107,2026-06-08 20:26:59,
16184,PC-108097,delivered,RD-107,2026-06-09 12:23:18,
16185,PC-108098,hub_out,RD-107,2026-06-08 15:40:46,
16186,PC-108098,delivered,RD-107,2026-06-09 16:10:03,
16187,PC-108099,hub_out,RD-107,2026-06-08 12:31:40,
16188,PC-108099,delivered,RD-107,2026-06-09 14:10:39,
16189,PC-108100,hub_out,RD-107,2026-06-08 15:18:55,
16190,PC-108100,delivered,RD-107,2026-06-09 09:38:51,
16191,PC-108101,hub_out,RD-107,2026-06-08 02:47:10,
16192,PC-108101,delivered,RD-107,2026-06-09 09:19:53,
16193,PC-108102,hub_out,RD-107,2026-06-08 04:43:44,
16194,PC-108102,delivered,RD-107,2026-06-09 13:07:51,
16195,PC-108103,hub_out,RD-107,2026-06-08 12:34:16,
16196,PC-108103,delivered,RD-107,2026-06-09 16:48:17,
16197,PC-108104,hub_out,RD-107,2026-06-08 12:58:30,
16198,PC-108104,delivered,RD-107,2026-06-09 18:26:43,
16199,PC-108105,hub_out,RD-107,2026-06-08 22:32:11,
16200,PC-108105,delivered,RD-107,2026-06-09 15:12:41,
16201,PC-108106,hub_out,RD-107,2026-06-09 00:04:31,
16202,PC-108106,delivered,RD-107,2026-06-09 10:44:56,
16203,PC-108107,hub_out,RD-107,2026-06-08 10:13:34,
16204,PC-108107,delivered,RD-107,2026-06-09 14:51:02,
16205,PC-108108,hub_out,RD-107,2026-06-08 15:33:54,
16206,PC-108108,delivered,RD-107,2026-06-09 18:27:39,
16207,PC-108109,hub_out,RD-107,2026-06-08 20:00:04,
16208,PC-108109,delivered,RD-107,2026-06-09 18:03:48,
16209,PC-108110,hub_out,RD-107,2026-06-08 08:55:01,
16210,PC-108110,delivered,RD-107,2026-06-09 17:39:04,
16211,PC-108111,hub_out,RD-107,2026-06-08 12:45:12,
16212,PC-108111,delivered,RD-107,2026-06-09 13:37:04,
16213,PC-108112,hub_out,RD-107,2026-06-08 03:17:18,
16214,PC-108112,delivered,RD-107,2026-06-09 16:52:38,
16215,PC-108113,hub_out,RD-107,2026-06-08 21:19:54,
16216,PC-108113,failed_attempt,RD-107,2026-06-09 13:05:48,shop closed
16217,PC-108114,hub_out,RD-107,2026-06-08 17:28:37,
16218,PC-108114,failed_attempt,RD-107,2026-06-09 10:22:20,customer unreachable
16219,PC-108115,hub_out,RD-107,2026-06-09 08:57:44,
16220,PC-108115,delivered,RD-107,2026-06-10 19:26:12,
16221,PC-108116,hub_out,RD-107,2026-06-09 11:30:36,
16222,PC-108116,delivered,RD-107,2026-06-10 14:46:45,
16223,PC-108117,hub_out,RD-107,2026-06-09 10:19:51,
16224,PC-108117,delivered,RD-107,2026-06-10 09:48:55,
16225,PC-108118,hub_out,RD-107,2026-06-09 04:11:36,
16226,PC-108118,delivered,RD-107,2026-06-10 14:35:42,
16227,PC-108119,hub_out,RD-107,2026-06-08 23:33:57,
16228,PC-108119,delivered,RD-107,2026-06-10 11:53:28,
16229,PC-108120,hub_out,RD-107,2026-06-09 12:04:09,
16230,PC-108120,delivered,RD-107,2026-06-10 14:18:37,
16231,PC-108121,hub_out,RD-107,2026-06-09 13:25:31,
16232,PC-108121,delivered,RD-107,2026-06-10 13:09:32,
16233,PC-108122,hub_out,RD-107,2026-06-09 05:21:08,
16234,PC-108122,delivered,RD-107,2026-06-10 12:32:59,
16235,PC-108123,hub_out,RD-107,2026-06-09 07:22:34,
16236,PC-108123,delivered,RD-107,2026-06-10 14:56:57,
16237,PC-108124,hub_out,RD-107,2026-06-09 08:21:26,
16238,PC-108124,delivered,RD-107,2026-06-10 10:58:30,
16239,PC-108125,hub_out,RD-107,2026-06-09 06:27:29,
16240,PC-108125,delivered,RD-107,2026-06-10 14:42:46,
16241,PC-108126,hub_out,RD-107,2026-06-08 15:59:03,
16242,PC-108126,delivered,RD-107,2026-06-10 12:35:31,
16243,PC-108127,hub_out,RD-107,2026-06-09 10:59:50,
16244,PC-108127,delivered,RD-107,2026-06-10 18:35:04,
16245,PC-108128,hub_out,RD-107,2026-06-10 01:01:04,
16246,PC-108128,delivered,RD-107,2026-06-10 16:47:19,
16247,PC-108129,hub_out,RD-107,2026-06-09 11:04:49,
16248,PC-108129,delivered,RD-107,2026-06-10 11:43:29,
16249,PC-108130,hub_out,RD-107,2026-06-09 02:58:34,
16250,PC-108130,delivered,RD-107,2026-06-10 15:18:31,
16251,PC-108131,hub_out,RD-107,2026-06-10 07:54:11,
16252,PC-108131,failed_attempt,RD-107,2026-06-10 18:04:36,customer unreachable
16253,PC-108132,hub_out,RD-107,2026-06-10 04:01:58,
16254,PC-108132,failed_attempt,RD-107,2026-06-10 11:36:53,cod not ready
16255,PC-108133,hub_out,RD-107,2026-06-09 12:25:59,
16256,PC-108133,failed_attempt,RD-107,2026-06-10 15:44:44,customer unreachable
16257,PC-108134,hub_out,RD-107,2026-06-10 05:27:10,
16258,PC-108134,failed_attempt,RD-107,2026-06-10 18:21:44,customer refused
16259,PC-108135,hub_out,RD-107,2026-06-11 03:50:31,
16260,PC-108135,delivered,RD-107,2026-06-12 16:47:39,
16261,PC-108136,hub_out,RD-107,2026-06-11 08:25:34,
16262,PC-108136,delivered,RD-107,2026-06-12 19:36:23,
16263,PC-108137,hub_out,RD-107,2026-06-11 11:57:45,
16264,PC-108137,delivered,RD-107,2026-06-12 09:38:51,
16265,PC-108138,hub_out,RD-107,2026-06-11 18:21:10,
16266,PC-108138,delivered,RD-107,2026-06-12 11:53:07,
16267,PC-108139,hub_out,RD-107,2026-06-10 20:18:25,
16268,PC-108139,delivered,RD-107,2026-06-12 10:02:08,
16269,PC-108140,hub_out,RD-107,2026-06-11 09:51:15,
16270,PC-108140,delivered,RD-107,2026-06-12 10:07:49,
16271,PC-108141,hub_out,RD-107,2026-06-11 09:58:19,
16272,PC-108141,delivered,RD-107,2026-06-12 19:20:46,
16273,PC-108142,hub_out,RD-107,2026-06-11 05:21:55,
16274,PC-108142,delivered,RD-107,2026-06-12 13:11:36,
16275,PC-108143,hub_out,RD-107,2026-06-11 15:36:58,
16276,PC-108143,delivered,RD-107,2026-06-12 10:43:41,
16277,PC-108144,hub_out,RD-107,2026-06-11 10:40:17,
16278,PC-108144,delivered,RD-107,2026-06-12 16:54:40,
16279,PC-108145,hub_out,RD-107,2026-06-11 04:03:56,
16280,PC-108145,delivered,RD-107,2026-06-12 14:14:50,
16281,PC-108146,hub_out,RD-107,2026-06-12 01:44:35,
16282,PC-108146,delivered,RD-107,2026-06-12 19:38:48,
16283,PC-108147,hub_out,RD-107,2026-06-10 20:03:37,
16284,PC-108147,delivered,RD-107,2026-06-12 09:12:09,
16285,PC-108148,hub_out,RD-107,2026-06-10 18:33:50,
16286,PC-108148,delivered,RD-107,2026-06-12 19:40:51,
16287,PC-108149,hub_out,RD-107,2026-06-11 15:44:39,
16288,PC-108149,delivered,RD-107,2026-06-12 09:39:07,
16289,PC-108150,hub_out,RD-107,2026-06-11 23:59:55,
16290,PC-108150,delivered,RD-107,2026-06-12 15:31:38,
16291,PC-108151,hub_out,RD-107,2026-06-11 05:02:30,
16292,PC-108151,delivered,RD-107,2026-06-12 11:04:55,
16293,PC-108152,hub_out,RD-107,2026-06-11 03:07:07,
16294,PC-108152,delivered,RD-107,2026-06-12 09:09:44,
16295,PC-108153,hub_out,RD-107,2026-06-12 05:03:06,
16296,PC-108153,delivered,RD-107,2026-06-12 16:10:51,
16297,PC-108154,hub_out,RD-107,2026-06-11 22:16:13,
16298,PC-108154,delivered,RD-107,2026-06-12 18:30:18,
16299,PC-108155,hub_out,RD-107,2026-06-11 10:06:26,
16300,PC-108155,delivered,RD-107,2026-06-12 11:07:10,
16301,PC-108156,hub_out,RD-107,2026-06-12 01:59:40,
16302,PC-108156,failed_attempt,RD-107,2026-06-12 16:00:05,customer unreachable
16303,PC-108157,hub_out,RD-107,2026-06-11 20:17:29,
16304,PC-108157,failed_attempt,RD-107,2026-06-12 10:50:03,customer refused
16305,PC-108158,hub_out,RD-107,2026-06-12 19:03:28,
16306,PC-108158,delivered,RD-107,2026-06-13 14:52:54,
16307,PC-108159,hub_out,RD-107,2026-06-12 12:53:48,
16308,PC-108159,delivered,RD-107,2026-06-13 13:22:54,
16309,PC-108160,hub_out,RD-107,2026-06-12 04:57:25,
16310,PC-108160,delivered,RD-107,2026-06-13 18:00:18,
16311,PC-108161,hub_out,RD-107,2026-06-12 13:55:27,
16312,PC-108161,delivered,RD-107,2026-06-13 12:30:27,
16313,PC-108162,hub_out,RD-107,2026-06-12 15:04:46,
16314,PC-108162,delivered,RD-107,2026-06-13 16:59:45,
16315,PC-108163,hub_out,RD-107,2026-06-12 04:29:43,
16316,PC-108163,delivered,RD-107,2026-06-13 09:31:00,
16317,PC-108164,hub_out,RD-107,2026-06-12 16:04:36,
16318,PC-108164,delivered,RD-107,2026-06-13 15:08:47,
16319,PC-108165,hub_out,RD-107,2026-06-12 10:45:57,
16320,PC-108165,delivered,RD-107,2026-06-13 15:33:48,
16321,PC-108166,hub_out,RD-107,2026-06-12 21:01:54,
16322,PC-108166,delivered,RD-107,2026-06-13 14:57:48,
16323,PC-108167,hub_out,RD-107,2026-06-12 11:44:24,
16324,PC-108167,delivered,RD-107,2026-06-13 16:06:40,
16325,PC-108168,hub_out,RD-107,2026-06-12 18:57:22,
16326,PC-108168,delivered,RD-107,2026-06-13 14:15:35,
16327,PC-108169,hub_out,RD-107,2026-06-12 11:43:54,
16328,PC-108169,delivered,RD-107,2026-06-13 11:08:25,
16329,PC-108170,hub_out,RD-107,2026-06-12 09:46:01,
16330,PC-108170,delivered,RD-107,2026-06-13 12:39:53,
16331,PC-108171,hub_out,RD-107,2026-06-11 23:23:28,
16332,PC-108171,delivered,RD-107,2026-06-13 13:41:45,
16333,PC-108172,hub_out,RD-107,2026-06-12 09:19:39,
16334,PC-108172,delivered,RD-107,2026-06-13 18:13:24,
16335,PC-108173,hub_out,RD-107,2026-06-12 13:35:48,
16336,PC-108173,delivered,RD-107,2026-06-13 14:03:34,
16337,PC-108174,hub_out,RD-107,2026-06-12 14:33:09,
16338,PC-108174,delivered,RD-107,2026-06-13 17:55:17,
16339,PC-108175,hub_out,RD-107,2026-06-13 06:56:26,
16340,PC-108175,failed_attempt,RD-107,2026-06-13 13:57:37,customer unreachable
16341,PC-108176,hub_out,RD-107,2026-06-12 10:22:03,
16342,PC-108176,failed_attempt,RD-107,2026-06-13 10:45:31,cod not ready
16343,PC-108177,hub_out,RD-107,2026-06-12 12:35:16,
16344,PC-108177,failed_attempt,RD-107,2026-06-13 16:31:12,customer refused
16345,PC-108178,hub_out,RD-107,2026-06-13 05:46:30,
16346,PC-108178,failed_attempt,RD-107,2026-06-13 19:47:35,shop closed
16347,PC-108179,hub_out,RD-107,2026-06-13 03:14:43,
16348,PC-108179,delivered,RD-107,2026-06-14 12:06:52,
16349,PC-108180,hub_out,RD-107,2026-06-13 19:47:16,
16350,PC-108180,delivered,RD-107,2026-06-14 19:23:46,
16351,PC-108181,hub_out,RD-107,2026-06-13 17:26:45,
16352,PC-108181,delivered,RD-107,2026-06-14 11:34:54,
16353,PC-108182,hub_out,RD-107,2026-06-12 22:03:00,
16354,PC-108182,delivered,RD-107,2026-06-14 09:02:43,
16355,PC-108183,hub_out,RD-107,2026-06-12 22:07:12,
16356,PC-108183,delivered,RD-107,2026-06-14 11:59:07,
16357,PC-108184,hub_out,RD-107,2026-06-13 06:57:51,
16358,PC-108184,delivered,RD-107,2026-06-14 12:41:31,
16359,PC-108185,hub_out,RD-107,2026-06-13 03:32:48,
16360,PC-108185,delivered,RD-107,2026-06-14 17:03:40,
16361,PC-108186,hub_out,RD-107,2026-06-12 23:20:51,
16362,PC-108186,delivered,RD-107,2026-06-14 11:33:14,
16363,PC-108187,hub_out,RD-107,2026-06-13 14:55:15,
16364,PC-108187,delivered,RD-107,2026-06-14 14:29:19,
16365,PC-108188,hub_out,RD-107,2026-06-13 15:02:59,
16366,PC-108188,delivered,RD-107,2026-06-14 10:37:05,
16367,PC-108189,hub_out,RD-107,2026-06-13 20:32:46,
16368,PC-108189,delivered,RD-107,2026-06-14 14:19:14,
16369,PC-108190,hub_out,RD-107,2026-06-13 17:17:46,
16370,PC-108190,delivered,RD-107,2026-06-14 18:02:49,
16371,PC-108191,hub_out,RD-107,2026-06-13 06:23:06,
16372,PC-108191,delivered,RD-107,2026-06-14 12:55:27,
16373,PC-108192,hub_out,RD-107,2026-06-13 12:14:32,
16374,PC-108192,delivered,RD-107,2026-06-14 09:00:08,
16375,PC-108193,hub_out,RD-107,2026-06-13 15:59:15,
16376,PC-108193,delivered,RD-107,2026-06-14 09:37:32,
16377,PC-108194,hub_out,RD-107,2026-06-13 14:13:04,
16378,PC-108194,delivered,RD-107,2026-06-14 12:47:57,
16379,PC-108195,hub_out,RD-107,2026-06-13 07:33:59,
16380,PC-108195,delivered,RD-107,2026-06-14 17:50:34,
16381,PC-108196,hub_out,RD-107,2026-06-13 14:48:49,
16382,PC-108196,delivered,RD-107,2026-06-14 18:29:13,
16383,PC-108197,hub_out,RD-107,2026-06-13 12:34:42,
16384,PC-108197,delivered,RD-107,2026-06-14 11:01:49,
16385,PC-108198,hub_out,RD-107,2026-06-13 07:11:03,
16386,PC-108198,delivered,RD-107,2026-06-14 14:37:02,
16387,PC-108199,hub_out,RD-107,2026-06-13 18:50:41,
16388,PC-108199,delivered,RD-107,2026-06-14 17:07:10,
16389,PC-108200,hub_out,RD-107,2026-06-13 16:21:35,
16390,PC-108200,delivered,RD-107,2026-06-14 15:43:25,
16391,PC-108201,hub_out,RD-107,2026-06-13 18:40:00,
16392,PC-108201,delivered,RD-107,2026-06-14 10:12:38,
16393,PC-108202,hub_out,RD-107,2026-06-14 00:58:12,
16394,PC-108202,failed_attempt,RD-107,2026-06-14 09:59:29,shop closed
16395,PC-108203,hub_out,RD-107,2026-06-13 14:06:51,
16396,PC-108203,failed_attempt,RD-107,2026-06-14 15:10:15,cod not ready
16397,PC-108204,hub_out,RD-107,2026-06-13 12:45:57,
16398,PC-108204,failed_attempt,RD-107,2026-06-14 11:11:25,address not found
16399,PC-108205,hub_out,RD-107,2026-06-13 08:54:39,
16400,PC-108205,failed_attempt,RD-107,2026-06-14 10:51:41,shop closed
16401,PC-108206,hub_out,RD-107,2026-06-13 10:57:02,
16402,PC-108206,failed_attempt,RD-107,2026-06-14 13:43:30,customer unreachable
16403,PC-108207,hub_out,RD-107,2026-06-14 06:46:42,
16404,PC-108207,delivered,RD-107,2026-06-15 11:58:31,
16405,PC-108208,hub_out,RD-107,2026-06-14 16:01:41,
16406,PC-108208,delivered,RD-107,2026-06-15 11:29:58,
16407,PC-108209,hub_out,RD-107,2026-06-14 11:53:49,
16408,PC-108209,delivered,RD-107,2026-06-15 15:31:23,
16409,PC-108210,hub_out,RD-107,2026-06-13 17:00:32,
16410,PC-108210,delivered,RD-107,2026-06-15 19:55:22,
16411,PC-108211,hub_out,RD-107,2026-06-14 10:08:21,
16412,PC-108211,delivered,RD-107,2026-06-15 13:20:43,
16413,PC-108212,hub_out,RD-107,2026-06-13 22:07:42,
16414,PC-108212,delivered,RD-107,2026-06-15 09:04:42,
16415,PC-108213,hub_out,RD-107,2026-06-14 18:15:14,
16416,PC-108213,delivered,RD-107,2026-06-15 14:22:28,
16417,PC-108214,hub_out,RD-107,2026-06-14 14:58:51,
16418,PC-108214,delivered,RD-107,2026-06-15 14:42:55,
16419,PC-108215,hub_out,RD-107,2026-06-15 02:38:35,
16420,PC-108215,delivered,RD-107,2026-06-15 18:40:24,
16421,PC-108216,hub_out,RD-107,2026-06-14 04:31:01,
16422,PC-108216,delivered,RD-107,2026-06-15 11:46:49,
16423,PC-108217,hub_out,RD-107,2026-06-14 15:25:46,
16424,PC-108217,delivered,RD-107,2026-06-15 16:02:57,
16425,PC-108218,hub_out,RD-107,2026-06-14 12:39:32,
16426,PC-108218,delivered,RD-107,2026-06-15 14:24:40,
16427,PC-108219,hub_out,RD-107,2026-06-14 16:20:43,
16428,PC-108219,delivered,RD-107,2026-06-15 18:46:20,
16429,PC-108220,hub_out,RD-107,2026-06-14 05:09:17,
16430,PC-108220,delivered,RD-107,2026-06-15 13:48:26,
16431,PC-108221,hub_out,RD-107,2026-06-14 18:58:29,
16432,PC-108221,delivered,RD-107,2026-06-15 16:28:20,
16433,PC-108222,hub_out,RD-107,2026-06-14 17:03:23,
16434,PC-108222,delivered,RD-107,2026-06-15 15:32:08,
16435,PC-108223,hub_out,RD-107,2026-06-14 05:31:49,
16436,PC-108223,delivered,RD-107,2026-06-15 19:38:33,
16437,PC-108224,hub_out,RD-107,2026-06-14 19:44:06,
16438,PC-108224,delivered,RD-107,2026-06-15 15:23:35,
16439,PC-108225,hub_out,RD-107,2026-06-14 11:34:31,
16440,PC-108225,delivered,RD-107,2026-06-15 10:27:44,
16441,PC-108226,hub_out,RD-107,2026-06-14 08:46:04,
16442,PC-108226,delivered,RD-107,2026-06-15 11:55:33,
16443,PC-108227,hub_out,RD-107,2026-06-14 09:13:22,
16444,PC-108227,delivered,RD-107,2026-06-15 09:35:12,
16445,PC-108228,hub_out,RD-107,2026-06-15 07:24:12,
16446,PC-108228,failed_attempt,RD-107,2026-06-15 10:39:58,customer refused
16447,PC-108229,hub_out,RD-107,2026-06-15 05:33:56,
16448,PC-108229,failed_attempt,RD-107,2026-06-15 10:35:34,cod not ready
16449,PC-108230,hub_out,RD-107,2026-06-15 09:35:35,
16450,PC-108230,delivered,RD-107,2026-06-16 16:47:31,
16451,PC-108231,hub_out,RD-107,2026-06-15 20:57:32,
16452,PC-108231,delivered,RD-107,2026-06-16 14:48:53,
16453,PC-108232,hub_out,RD-107,2026-06-15 06:20:35,
16454,PC-108232,delivered,RD-107,2026-06-16 19:05:09,
16455,PC-108233,hub_out,RD-107,2026-06-15 10:13:48,
16456,PC-108233,delivered,RD-107,2026-06-16 12:37:28,
16457,PC-108234,hub_out,RD-107,2026-06-15 11:17:21,
16458,PC-108234,delivered,RD-107,2026-06-16 17:22:06,
16459,PC-108235,hub_out,RD-107,2026-06-15 14:42:06,
16460,PC-108235,delivered,RD-107,2026-06-16 16:58:19,
16461,PC-108236,hub_out,RD-107,2026-06-16 03:12:46,
16462,PC-108236,delivered,RD-107,2026-06-16 15:31:47,
16463,PC-108237,hub_out,RD-107,2026-06-15 09:16:38,
16464,PC-108237,delivered,RD-107,2026-06-16 09:27:45,
16465,PC-108238,hub_out,RD-107,2026-06-15 09:38:32,
16466,PC-108238,delivered,RD-107,2026-06-16 13:37:24,
16467,PC-108239,hub_out,RD-107,2026-06-15 11:00:15,
16468,PC-108239,delivered,RD-107,2026-06-16 14:29:54,
16469,PC-108240,hub_out,RD-107,2026-06-15 18:21:05,
16470,PC-108240,delivered,RD-107,2026-06-16 18:11:56,
16471,PC-108241,hub_out,RD-107,2026-06-14 21:54:12,
16472,PC-108241,delivered,RD-107,2026-06-16 12:35:43,
16473,PC-108242,hub_out,RD-107,2026-06-16 00:04:22,
16474,PC-108242,delivered,RD-107,2026-06-16 13:07:09,
16475,PC-108243,hub_out,RD-107,2026-06-15 07:52:35,
16476,PC-108243,delivered,RD-107,2026-06-16 15:46:01,
16477,PC-108244,hub_out,RD-107,2026-06-15 17:41:51,
16478,PC-108244,delivered,RD-107,2026-06-16 16:16:15,
16479,PC-108245,hub_out,RD-107,2026-06-15 00:19:08,
16480,PC-108245,delivered,RD-107,2026-06-16 10:36:30,
16481,PC-108246,hub_out,RD-107,2026-06-15 18:52:22,
16482,PC-108246,delivered,RD-107,2026-06-16 17:17:05,
16483,PC-108247,hub_out,RD-107,2026-06-15 08:58:07,
16484,PC-108247,delivered,RD-107,2026-06-16 12:33:54,
16485,PC-108248,hub_out,RD-107,2026-06-15 10:49:48,
16486,PC-108248,delivered,RD-107,2026-06-16 11:43:09,
16487,PC-108249,hub_out,RD-107,2026-06-16 07:29:34,
16488,PC-108249,failed_attempt,RD-107,2026-06-16 18:25:49,cod not ready
16489,PC-108250,hub_out,RD-107,2026-06-17 09:40:57,
16490,PC-108250,delivered,RD-107,2026-06-18 15:53:12,
16491,PC-108251,hub_out,RD-107,2026-06-17 11:51:49,
16492,PC-108251,delivered,RD-107,2026-06-18 18:31:50,
16493,PC-108252,hub_out,RD-107,2026-06-17 00:46:07,
16494,PC-108252,delivered,RD-107,2026-06-18 14:49:32,
16495,PC-108253,hub_out,RD-107,2026-06-17 10:00:06,
16496,PC-108253,delivered,RD-107,2026-06-18 18:26:21,
16497,PC-108254,hub_out,RD-107,2026-06-17 09:01:19,
16498,PC-108254,delivered,RD-107,2026-06-18 18:58:24,
16499,PC-108255,hub_out,RD-107,2026-06-18 13:36:04,
16500,PC-108255,delivered,RD-107,2026-06-18 16:34:12,
16501,PC-108256,hub_out,RD-107,2026-06-17 07:16:20,
16502,PC-108256,delivered,RD-107,2026-06-18 12:32:49,
16503,PC-108257,hub_out,RD-107,2026-06-18 03:58:46,
16504,PC-108257,delivered,RD-107,2026-06-18 18:17:17,
16505,PC-108258,hub_out,RD-107,2026-06-18 01:13:55,
16506,PC-108258,delivered,RD-107,2026-06-18 19:30:52,
16507,PC-108259,hub_out,RD-107,2026-06-17 05:38:10,
16508,PC-108259,delivered,RD-107,2026-06-18 09:30:30,
16509,PC-108260,hub_out,RD-107,2026-06-17 00:53:08,
16510,PC-108260,delivered,RD-107,2026-06-18 10:09:17,
16511,PC-108261,hub_out,RD-107,2026-06-17 01:26:16,
16512,PC-108261,delivered,RD-107,2026-06-18 12:06:52,
16513,PC-108262,hub_out,RD-107,2026-06-17 13:26:09,
16514,PC-108262,delivered,RD-107,2026-06-18 18:29:25,
16515,PC-108263,hub_out,RD-107,2026-06-17 03:49:05,
16516,PC-108263,delivered,RD-107,2026-06-18 09:42:11,
16517,PC-108264,hub_out,RD-107,2026-06-17 12:04:56,
16518,PC-108264,delivered,RD-107,2026-06-18 10:09:58,
16519,PC-108265,hub_out,RD-107,2026-06-17 09:57:48,
16520,PC-108265,delivered,RD-107,2026-06-18 17:02:14,
16521,PC-108266,hub_out,RD-107,2026-06-17 17:20:38,
16522,PC-108266,delivered,RD-107,2026-06-18 18:45:49,
16523,PC-108267,hub_out,RD-107,2026-06-17 07:41:03,
16524,PC-108267,delivered,RD-107,2026-06-18 16:29:20,
16525,PC-108268,hub_out,RD-107,2026-06-17 00:19:59,
16526,PC-108268,delivered,RD-107,2026-06-18 13:45:50,
16527,PC-108269,hub_out,RD-107,2026-06-17 20:28:02,
16528,PC-108269,delivered,RD-107,2026-06-18 15:37:44,
16529,PC-108270,hub_out,RD-107,2026-06-17 12:32:26,
16530,PC-108270,delivered,RD-107,2026-06-18 13:30:17,
16531,PC-108271,hub_out,RD-107,2026-06-16 20:56:27,
16532,PC-108271,delivered,RD-107,2026-06-18 14:31:48,
16533,PC-108272,hub_out,RD-107,2026-06-17 09:40:32,
16534,PC-108272,failed_attempt,RD-107,2026-06-18 10:16:08,cod not ready
16535,PC-108273,hub_out,RD-107,2026-06-17 17:33:16,
16536,PC-108273,failed_attempt,RD-107,2026-06-18 17:03:27,shop closed
16537,PC-108274,hub_out,RD-107,2026-06-18 15:56:07,
16538,PC-108274,failed_attempt,RD-107,2026-06-18 19:17:38,customer refused
16539,PC-108275,hub_out,RD-107,2026-06-18 08:33:26,
16540,PC-108275,failed_attempt,RD-107,2026-06-18 18:11:48,customer refused
16541,PC-108276,hub_out,RD-107,2026-06-17 17:27:13,
16542,PC-108276,delivered,RD-107,2026-06-19 11:19:19,
16543,PC-108277,hub_out,RD-107,2026-06-18 18:05:51,
16544,PC-108277,delivered,RD-107,2026-06-19 14:29:18,
16545,PC-108278,hub_out,RD-107,2026-06-18 10:46:38,
16546,PC-108278,delivered,RD-107,2026-06-19 10:41:08,
16547,PC-108279,hub_out,RD-107,2026-06-18 09:28:32,
16548,PC-108279,delivered,RD-107,2026-06-19 18:07:50,
16549,PC-108280,hub_out,RD-107,2026-06-18 11:50:32,
16550,PC-108280,delivered,RD-107,2026-06-19 11:51:04,
16551,PC-108281,hub_out,RD-107,2026-06-18 18:23:21,
16552,PC-108281,delivered,RD-107,2026-06-19 16:18:41,
16553,PC-108282,hub_out,RD-107,2026-06-18 10:52:28,
16554,PC-108282,delivered,RD-107,2026-06-19 11:28:58,
16555,PC-108283,hub_out,RD-107,2026-06-18 21:22:02,
16556,PC-108283,delivered,RD-107,2026-06-19 14:05:38,
16557,PC-108284,hub_out,RD-107,2026-06-18 17:01:11,
16558,PC-108284,delivered,RD-107,2026-06-19 10:19:21,
16559,PC-108285,hub_out,RD-107,2026-06-18 10:01:56,
16560,PC-108285,delivered,RD-107,2026-06-19 16:35:23,
16561,PC-108286,hub_out,RD-107,2026-06-18 12:31:30,
16562,PC-108286,delivered,RD-107,2026-06-19 13:47:45,
16563,PC-108287,hub_out,RD-107,2026-06-18 05:26:32,
16564,PC-108287,delivered,RD-107,2026-06-19 13:54:49,
16565,PC-108288,hub_out,RD-107,2026-06-18 12:17:24,
16566,PC-108288,delivered,RD-107,2026-06-19 12:11:33,
16567,PC-108289,hub_out,RD-107,2026-06-18 13:50:31,
16568,PC-108289,delivered,RD-107,2026-06-19 19:42:28,
16569,PC-108290,hub_out,RD-107,2026-06-18 19:33:20,
16570,PC-108290,delivered,RD-107,2026-06-19 16:18:50,
16571,PC-108291,hub_out,RD-107,2026-06-18 11:59:23,
16572,PC-108291,delivered,RD-107,2026-06-19 14:55:05,
16573,PC-108292,hub_out,RD-107,2026-06-18 22:57:18,
16574,PC-108292,delivered,RD-107,2026-06-19 18:43:54,
16575,PC-108293,hub_out,RD-107,2026-06-19 00:41:32,
16576,PC-108293,delivered,RD-107,2026-06-19 14:50:19,
16577,PC-108294,hub_out,RD-107,2026-06-18 09:28:42,
16578,PC-108294,delivered,RD-107,2026-06-19 18:37:31,
16579,PC-108295,hub_out,RD-107,2026-06-18 12:44:14,
16580,PC-108295,delivered,RD-107,2026-06-19 13:04:42,
16581,PC-108296,hub_out,RD-107,2026-06-17 23:39:32,
16582,PC-108296,delivered,RD-107,2026-06-19 10:22:19,
16583,PC-108297,hub_out,RD-107,2026-06-19 15:13:41,
16584,PC-108297,failed_attempt,RD-107,2026-06-19 18:34:53,customer unreachable
16585,PC-108298,hub_out,RD-107,2026-06-19 07:01:38,
16586,PC-108298,failed_attempt,RD-107,2026-06-19 10:19:04,customer unreachable
16587,PC-108299,hub_out,RD-107,2026-06-19 09:32:50,
16588,PC-108299,delivered,RD-107,2026-06-20 11:33:29,
16589,PC-108300,hub_out,RD-107,2026-06-19 15:44:30,
16590,PC-108300,delivered,RD-107,2026-06-20 13:58:13,
16591,PC-108301,hub_out,RD-107,2026-06-19 11:09:41,
16592,PC-108301,delivered,RD-107,2026-06-20 18:14:21,
16593,PC-108302,hub_out,RD-107,2026-06-20 00:12:34,
16594,PC-108302,delivered,RD-107,2026-06-20 19:26:03,
16595,PC-108303,hub_out,RD-107,2026-06-19 18:15:23,
16596,PC-108303,delivered,RD-107,2026-06-20 12:34:10,
16597,PC-108304,hub_out,RD-107,2026-06-19 05:29:46,
16598,PC-108304,delivered,RD-107,2026-06-20 17:59:16,
16599,PC-108305,hub_out,RD-107,2026-06-19 07:18:00,
16600,PC-108305,delivered,RD-107,2026-06-20 09:53:16,
16601,PC-108306,hub_out,RD-107,2026-06-19 03:56:45,
16602,PC-108306,delivered,RD-107,2026-06-20 15:42:15,
16603,PC-108307,hub_out,RD-107,2026-06-18 23:48:26,
16604,PC-108307,delivered,RD-107,2026-06-20 14:24:54,
16605,PC-108308,hub_out,RD-107,2026-06-19 14:09:00,
16606,PC-108308,delivered,RD-107,2026-06-20 16:01:10,
16607,PC-108309,hub_out,RD-107,2026-06-19 11:27:18,
16608,PC-108309,delivered,RD-107,2026-06-20 15:50:12,
16609,PC-108310,hub_out,RD-107,2026-06-19 16:52:22,
16610,PC-108310,delivered,RD-107,2026-06-20 18:05:26,
16611,PC-108311,hub_out,RD-107,2026-06-19 18:01:10,
16612,PC-108311,delivered,RD-107,2026-06-20 12:11:52,
16613,PC-108312,hub_out,RD-107,2026-06-18 17:37:29,
16614,PC-108312,delivered,RD-107,2026-06-20 12:29:54,
16615,PC-108313,hub_out,RD-107,2026-06-19 12:12:53,
16616,PC-108313,delivered,RD-107,2026-06-20 15:22:02,
16617,PC-108314,hub_out,RD-107,2026-06-19 17:55:05,
16618,PC-108314,delivered,RD-107,2026-06-20 16:58:35,
16619,PC-108315,hub_out,RD-107,2026-06-19 19:59:35,
16620,PC-108315,delivered,RD-107,2026-06-20 10:07:05,
16621,PC-108316,hub_out,RD-107,2026-06-19 16:34:37,
16622,PC-108316,delivered,RD-107,2026-06-20 09:02:11,
16623,PC-108317,hub_out,RD-107,2026-06-19 15:19:22,
16624,PC-108317,failed_attempt,RD-107,2026-06-20 13:48:36,address not found
16625,PC-108318,hub_out,RD-107,2026-06-20 12:35:49,
16626,PC-108318,failed_attempt,RD-107,2026-06-20 18:15:40,customer unreachable
16627,PC-108319,hub_out,RD-107,2026-06-19 22:04:41,
16628,PC-108319,failed_attempt,RD-107,2026-06-20 14:33:21,customer refused
16629,PC-108320,hub_out,RD-107,2026-06-19 09:59:13,
16630,PC-108320,failed_attempt,RD-107,2026-06-20 12:25:21,customer unreachable
16631,PC-108321,hub_out,RD-107,2026-06-19 21:07:44,
16632,PC-108321,delivered,RD-107,2026-06-21 13:17:26,
16633,PC-108322,hub_out,RD-107,2026-06-20 10:20:45,
16634,PC-108322,delivered,RD-107,2026-06-21 14:40:00,
16635,PC-108323,hub_out,RD-107,2026-06-20 15:36:48,
16636,PC-108323,delivered,RD-107,2026-06-21 11:51:00,
16637,PC-108324,hub_out,RD-107,2026-06-20 03:42:53,
16638,PC-108324,delivered,RD-107,2026-06-21 15:48:33,
16639,PC-108325,hub_out,RD-107,2026-06-20 05:12:30,
16640,PC-108325,delivered,RD-107,2026-06-21 14:58:04,
16641,PC-108326,hub_out,RD-107,2026-06-20 15:37:18,
16642,PC-108326,delivered,RD-107,2026-06-21 17:21:49,
16643,PC-108327,hub_out,RD-107,2026-06-20 16:44:47,
16644,PC-108327,delivered,RD-107,2026-06-21 13:06:13,
16645,PC-108328,hub_out,RD-107,2026-06-20 21:19:09,
16646,PC-108328,delivered,RD-107,2026-06-21 14:24:22,
16647,PC-108329,hub_out,RD-107,2026-06-21 01:58:40,
16648,PC-108329,delivered,RD-107,2026-06-21 12:59:26,
16649,PC-108330,hub_out,RD-107,2026-06-20 09:37:21,
16650,PC-108330,delivered,RD-107,2026-06-21 13:47:41,
16651,PC-108331,hub_out,RD-107,2026-06-19 22:13:17,
16652,PC-108331,delivered,RD-107,2026-06-21 14:13:55,
16653,PC-108332,hub_out,RD-107,2026-06-20 06:54:29,
16654,PC-108332,delivered,RD-107,2026-06-21 10:34:08,
16655,PC-108333,hub_out,RD-107,2026-06-20 19:43:52,
16656,PC-108333,delivered,RD-107,2026-06-21 17:30:23,
16657,PC-108334,hub_out,RD-107,2026-06-20 23:47:31,
16658,PC-108334,delivered,RD-107,2026-06-21 15:03:16,
16659,PC-108335,hub_out,RD-107,2026-06-20 17:31:25,
16660,PC-108335,delivered,RD-107,2026-06-21 17:00:55,
16661,PC-108336,hub_out,RD-107,2026-06-20 09:00:30,
16662,PC-108336,delivered,RD-107,2026-06-21 15:41:29,
16663,PC-108337,hub_out,RD-107,2026-06-20 20:16:36,
16664,PC-108337,delivered,RD-107,2026-06-21 17:50:10,
16665,PC-108338,hub_out,RD-107,2026-06-21 00:24:29,
16666,PC-108338,delivered,RD-107,2026-06-21 14:06:57,
16667,PC-108339,hub_out,RD-107,2026-06-20 15:40:21,
16668,PC-108339,delivered,RD-107,2026-06-21 15:59:28,
16669,PC-108340,hub_out,RD-107,2026-06-21 05:07:04,
16670,PC-108340,delivered,RD-107,2026-06-21 18:45:43,
16671,PC-108341,hub_out,RD-107,2026-06-20 16:52:05,
16672,PC-108341,delivered,RD-107,2026-06-21 15:07:21,
16673,PC-108342,hub_out,RD-107,2026-06-20 21:31:35,
16674,PC-108342,failed_attempt,RD-107,2026-06-21 19:44:17,customer refused
16675,PC-108343,hub_out,RD-107,2026-06-21 07:41:24,
16676,PC-108343,failed_attempt,RD-107,2026-06-21 16:27:24,customer unreachable
16677,PC-108344,hub_out,RD-107,2026-06-21 03:20:00,
16678,PC-108344,failed_attempt,RD-107,2026-06-21 11:37:55,customer unreachable
16679,PC-108345,hub_out,RD-107,2026-06-21 16:24:12,
16680,PC-108345,delivered,RD-107,2026-06-22 14:59:36,
16681,PC-108346,hub_out,RD-107,2026-06-21 10:05:53,
16682,PC-108346,delivered,RD-107,2026-06-22 12:39:44,
16683,PC-108347,hub_out,RD-107,2026-06-21 02:12:01,
16684,PC-108347,delivered,RD-107,2026-06-22 19:05:47,
16685,PC-108348,hub_out,RD-107,2026-06-21 11:28:47,
16686,PC-108348,delivered,RD-107,2026-06-22 17:56:59,
16687,PC-108349,hub_out,RD-107,2026-06-21 03:06:32,
16688,PC-108349,delivered,RD-107,2026-06-22 17:34:24,
16689,PC-108350,hub_out,RD-107,2026-06-20 22:07:50,
16690,PC-108350,delivered,RD-107,2026-06-22 17:19:50,
16691,PC-108351,hub_out,RD-107,2026-06-22 01:48:46,
16692,PC-108351,delivered,RD-107,2026-06-22 14:19:40,
16693,PC-108352,hub_out,RD-107,2026-06-21 08:04:17,
16694,PC-108352,delivered,RD-107,2026-06-22 19:27:37,
16695,PC-108353,hub_out,RD-107,2026-06-21 04:23:24,
16696,PC-108353,delivered,RD-107,2026-06-22 13:14:40,
16697,PC-108354,hub_out,RD-107,2026-06-21 10:57:11,
16698,PC-108354,delivered,RD-107,2026-06-22 18:08:53,
16699,PC-108355,hub_out,RD-107,2026-06-21 11:30:25,
16700,PC-108355,delivered,RD-107,2026-06-22 12:16:07,
16701,PC-108356,hub_out,RD-107,2026-06-21 15:30:38,
16702,PC-108356,delivered,RD-107,2026-06-22 18:54:08,
16703,PC-108357,hub_out,RD-107,2026-06-20 02:34:37,
16704,PC-108357,delivered,RD-107,2026-06-22 09:40:25,
16705,PC-108358,hub_out,RD-107,2026-06-21 07:30:50,
16706,PC-108358,delivered,RD-107,2026-06-22 12:36:01,
16707,PC-108359,hub_out,RD-107,2026-06-21 03:08:42,
16708,PC-108359,delivered,RD-107,2026-06-22 12:27:15,
16709,PC-108360,hub_out,RD-107,2026-06-21 23:12:01,
16710,PC-108360,delivered,RD-107,2026-06-22 18:52:43,
16711,PC-108361,hub_out,RD-107,2026-06-21 14:14:00,
16712,PC-108361,delivered,RD-107,2026-06-22 16:56:38,
16713,PC-108362,hub_out,RD-107,2026-06-20 21:41:34,
16714,PC-108362,delivered,RD-107,2026-06-22 13:26:39,
16715,PC-108363,hub_out,RD-107,2026-06-21 09:47:41,
16716,PC-108363,delivered,RD-107,2026-06-22 17:25:46,
16717,PC-108364,hub_out,RD-107,2026-06-21 13:42:44,
16718,PC-108364,delivered,RD-107,2026-06-22 16:39:57,
16719,PC-108365,hub_out,RD-107,2026-06-21 06:48:35,
16720,PC-108365,delivered,RD-107,2026-06-22 13:35:15,
16721,PC-108366,hub_out,RD-107,2026-06-20 21:32:22,
16722,PC-108366,delivered,RD-107,2026-06-22 14:18:55,
16723,PC-108367,hub_out,RD-107,2026-06-21 20:11:45,
16724,PC-108367,failed_attempt,RD-107,2026-06-22 18:14:33,shop closed
16725,PC-108368,hub_out,RD-107,2026-06-21 10:16:55,
16726,PC-108368,failed_attempt,RD-107,2026-06-22 09:11:41,customer refused
16727,PC-108369,hub_out,RD-107,2026-06-21 13:49:22,
16728,PC-108369,failed_attempt,RD-107,2026-06-22 15:40:01,customer unreachable
16729,PC-108370,hub_out,RD-107,2026-06-21 23:09:38,
16730,PC-108370,failed_attempt,RD-107,2026-06-22 13:28:58,customer unreachable
16731,PC-108371,hub_out,RD-107,2026-06-21 19:03:30,
16732,PC-108371,delivered,RD-107,2026-06-23 15:04:15,
16733,PC-108372,hub_out,RD-107,2026-06-22 06:42:29,
16734,PC-108372,delivered,RD-107,2026-06-23 15:20:15,
16735,PC-108373,hub_out,RD-107,2026-06-22 19:41:46,
16736,PC-108373,delivered,RD-107,2026-06-23 16:33:05,
16737,PC-108374,hub_out,RD-107,2026-06-22 22:16:51,
16738,PC-108374,delivered,RD-107,2026-06-23 15:35:18,
16739,PC-108375,hub_out,RD-107,2026-06-22 04:22:20,
16740,PC-108375,delivered,RD-107,2026-06-23 18:52:41,
16741,PC-108376,hub_out,RD-107,2026-06-22 06:30:05,
16742,PC-108376,delivered,RD-107,2026-06-23 14:58:22,
16743,PC-108377,hub_out,RD-107,2026-06-22 09:28:41,
16744,PC-108377,delivered,RD-107,2026-06-23 11:37:12,
16745,PC-108378,hub_out,RD-107,2026-06-22 11:07:59,
16746,PC-108378,delivered,RD-107,2026-06-23 18:50:49,
16747,PC-108379,hub_out,RD-107,2026-06-21 18:29:33,
16748,PC-108379,delivered,RD-107,2026-06-23 13:04:24,
16749,PC-108380,hub_out,RD-107,2026-06-22 13:29:24,
16750,PC-108380,delivered,RD-107,2026-06-23 15:02:48,
16751,PC-108381,hub_out,RD-107,2026-06-21 20:26:22,
16752,PC-108381,delivered,RD-107,2026-06-23 13:19:05,
16753,PC-108382,hub_out,RD-107,2026-06-22 16:25:27,
16754,PC-108382,delivered,RD-107,2026-06-23 16:42:24,
16755,PC-108383,hub_out,RD-107,2026-06-22 06:17:26,
16756,PC-108383,delivered,RD-107,2026-06-23 10:53:55,
16757,PC-108384,hub_out,RD-107,2026-06-22 15:17:41,
16758,PC-108384,delivered,RD-107,2026-06-23 17:44:46,
16759,PC-108385,hub_out,RD-107,2026-06-22 08:30:39,
16760,PC-108385,delivered,RD-107,2026-06-23 17:42:27,
16761,PC-108386,hub_out,RD-107,2026-06-22 18:22:10,
16762,PC-108386,delivered,RD-107,2026-06-23 19:28:10,
16763,PC-108387,hub_out,RD-107,2026-06-23 02:52:12,
16764,PC-108387,delivered,RD-107,2026-06-23 18:22:44,
16765,PC-108388,hub_out,RD-107,2026-06-22 06:26:42,
16766,PC-108388,delivered,RD-107,2026-06-23 17:23:45,
16767,PC-108389,hub_out,RD-107,2026-06-22 20:58:28,
16768,PC-108389,delivered,RD-107,2026-06-23 19:56:04,
16769,PC-108390,hub_out,RD-107,2026-06-22 17:52:25,
16770,PC-108390,delivered,RD-107,2026-06-23 11:21:15,
16771,PC-108391,hub_out,RD-107,2026-06-22 09:18:11,
16772,PC-108391,delivered,RD-107,2026-06-23 12:49:27,
16773,PC-108392,hub_out,RD-107,2026-06-23 00:52:07,
16774,PC-108392,failed_attempt,RD-107,2026-06-23 10:24:50,address not found
16775,PC-108393,hub_out,RD-107,2026-06-22 22:13:56,
16776,PC-108393,failed_attempt,RD-107,2026-06-23 16:00:47,shop closed
16777,PC-108394,hub_out,RD-107,2026-06-22 23:03:41,
16778,PC-108394,failed_attempt,RD-107,2026-06-23 16:49:21,address not found
16779,PC-108395,hub_out,RD-107,2026-06-23 03:13:44,
16780,PC-108395,failed_attempt,RD-107,2026-06-23 09:22:08,shop closed
16781,PC-108396,hub_out,RD-107,2026-06-25 13:39:02,
16782,PC-108396,delivered,RD-107,2026-06-26 19:04:05,
16783,PC-108397,hub_out,RD-107,2026-06-25 05:25:48,
16784,PC-108397,delivered,RD-107,2026-06-26 18:24:00,
16785,PC-108398,hub_out,RD-107,2026-06-25 20:55:42,
16786,PC-108398,delivered,RD-107,2026-06-26 19:34:53,
16787,PC-108399,hub_out,RD-107,2026-06-25 09:25:35,
16788,PC-108399,delivered,RD-107,2026-06-26 17:35:09,
16789,PC-108400,hub_out,RD-107,2026-06-25 12:20:10,
16790,PC-108400,delivered,RD-107,2026-06-26 17:17:41,
16791,PC-108401,hub_out,RD-107,2026-06-26 06:28:37,
16792,PC-108401,delivered,RD-107,2026-06-26 15:37:55,
16793,PC-108402,hub_out,RD-107,2026-06-25 14:16:28,
16794,PC-108402,delivered,RD-107,2026-06-26 11:54:50,
16795,PC-108403,hub_out,RD-107,2026-06-25 12:36:18,
16796,PC-108403,delivered,RD-107,2026-06-26 15:19:21,
16797,PC-108404,hub_out,RD-107,2026-06-25 05:04:23,
16798,PC-108404,delivered,RD-107,2026-06-26 16:26:19,
16799,PC-108405,hub_out,RD-107,2026-06-25 09:49:57,
16800,PC-108405,delivered,RD-107,2026-06-26 13:13:47,
16801,PC-108406,hub_out,RD-107,2026-06-25 14:09:25,
16802,PC-108406,delivered,RD-107,2026-06-26 09:18:02,
16803,PC-108407,hub_out,RD-107,2026-06-25 15:10:21,
16804,PC-108407,delivered,RD-107,2026-06-26 18:52:44,
16805,PC-108408,hub_out,RD-107,2026-06-25 10:32:36,
16806,PC-108408,delivered,RD-107,2026-06-26 09:19:02,
16807,PC-108409,hub_out,RD-107,2026-06-25 12:35:29,
16808,PC-108409,delivered,RD-107,2026-06-26 18:47:46,
16809,PC-108410,hub_out,RD-107,2026-06-25 16:19:26,
16810,PC-108410,delivered,RD-107,2026-06-26 18:48:11,
16811,PC-108411,hub_out,RD-107,2026-06-25 02:33:14,
16812,PC-108411,delivered,RD-107,2026-06-26 09:52:04,
16813,PC-108412,hub_out,RD-107,2026-06-25 08:58:10,
16814,PC-108412,delivered,RD-107,2026-06-26 17:35:05,
16815,PC-108413,hub_out,RD-107,2026-06-25 10:23:38,
16816,PC-108413,delivered,RD-107,2026-06-26 12:59:33,
16817,PC-108414,hub_out,RD-107,2026-06-25 06:49:56,
16818,PC-108414,delivered,RD-107,2026-06-26 12:43:06,
16819,PC-108415,hub_out,RD-107,2026-06-25 20:37:13,
16820,PC-108415,delivered,RD-107,2026-06-26 13:54:57,
16821,PC-108416,hub_out,RD-107,2026-06-25 10:46:42,
16822,PC-108416,delivered,RD-107,2026-06-26 14:34:57,
16823,PC-108417,hub_out,RD-107,2026-06-25 14:18:23,
16824,PC-108417,delivered,RD-107,2026-06-26 19:08:44,
16825,PC-108418,hub_out,RD-107,2026-06-25 09:10:10,
16826,PC-108418,delivered,RD-107,2026-06-26 13:49:56,
16827,PC-108419,hub_out,RD-107,2026-06-25 21:15:28,
16828,PC-108419,failed_attempt,RD-107,2026-06-26 19:13:21,customer unreachable
16829,PC-108420,hub_out,RD-107,2026-06-25 23:58:25,
16830,PC-108420,failed_attempt,RD-107,2026-06-26 10:35:52,cod not ready
16831,PC-108421,hub_out,RD-107,2026-06-25 19:37:15,
16832,PC-108421,failed_attempt,RD-107,2026-06-26 13:59:00,cod not ready
16833,PC-108422,hub_out,RD-107,2026-06-25 20:50:31,
16834,PC-108422,delivered,RD-107,2026-06-27 09:22:50,
16835,PC-108423,hub_out,RD-107,2026-06-26 12:39:59,
16836,PC-108423,delivered,RD-107,2026-06-27 17:25:17,
16837,PC-108424,hub_out,RD-107,2026-06-27 05:52:40,
16838,PC-108424,delivered,RD-107,2026-06-27 19:10:35,
16839,PC-108425,hub_out,RD-107,2026-06-27 01:39:50,
16840,PC-108425,delivered,RD-107,2026-06-27 09:52:29,
16841,PC-108426,hub_out,RD-107,2026-06-26 07:58:28,
16842,PC-108426,delivered,RD-107,2026-06-27 09:37:59,
16843,PC-108427,hub_out,RD-107,2026-06-26 05:33:50,
16844,PC-108427,delivered,RD-107,2026-06-27 17:34:28,
16845,PC-108428,hub_out,RD-107,2026-06-26 13:14:56,
16846,PC-108428,delivered,RD-107,2026-06-27 16:28:00,
16847,PC-108429,hub_out,RD-107,2026-06-27 01:48:48,
16848,PC-108429,delivered,RD-107,2026-06-27 17:53:43,
16849,PC-108430,hub_out,RD-107,2026-06-26 22:32:27,
16850,PC-108430,delivered,RD-107,2026-06-27 10:50:15,
16851,PC-108431,hub_out,RD-107,2026-06-26 22:18:28,
16852,PC-108431,delivered,RD-107,2026-06-27 17:14:00,
16853,PC-108432,hub_out,RD-107,2026-06-25 18:17:58,
16854,PC-108432,delivered,RD-107,2026-06-27 18:05:25,
16855,PC-108433,hub_out,RD-107,2026-06-26 08:43:08,
16856,PC-108433,delivered,RD-107,2026-06-27 10:11:39,
16857,PC-108434,hub_out,RD-107,2026-06-27 00:44:11,
16858,PC-108434,delivered,RD-107,2026-06-27 18:43:45,
16859,PC-108435,hub_out,RD-107,2026-06-25 20:40:23,
16860,PC-108435,delivered,RD-107,2026-06-27 10:09:09,
16861,PC-108436,hub_out,RD-107,2026-06-26 15:41:49,
16862,PC-108436,delivered,RD-107,2026-06-27 14:11:55,
16863,PC-108437,hub_out,RD-107,2026-06-26 19:58:06,
16864,PC-108437,delivered,RD-107,2026-06-27 18:58:44,
16865,PC-108438,hub_out,RD-107,2026-06-26 16:45:20,
16866,PC-108438,delivered,RD-107,2026-06-27 19:37:13,
16867,PC-108439,hub_out,RD-107,2026-06-26 05:44:40,
16868,PC-108439,delivered,RD-107,2026-06-27 10:56:08,
16869,PC-108440,hub_out,RD-107,2026-06-25 23:53:32,
16870,PC-108440,delivered,RD-107,2026-06-27 13:20:59,
16871,PC-108441,hub_out,RD-107,2026-06-26 04:28:21,
16872,PC-108441,delivered,RD-107,2026-06-27 09:00:34,
16873,PC-108442,hub_out,RD-107,2026-06-27 02:42:19,
16874,PC-108442,delivered,RD-107,2026-06-27 19:30:08,
16875,PC-108443,hub_out,RD-107,2026-06-26 12:20:23,
16876,PC-108443,delivered,RD-107,2026-06-27 18:20:00,
16877,PC-108444,hub_out,RD-107,2026-06-27 04:28:38,
16878,PC-108444,failed_attempt,RD-107,2026-06-27 16:08:00,customer unreachable
16879,PC-108445,hub_out,RD-107,2026-06-26 22:17:50,
16880,PC-108445,failed_attempt,RD-107,2026-06-27 12:42:56,customer unreachable
16881,PC-108446,hub_out,RD-107,2026-06-26 11:03:33,
16882,PC-108446,failed_attempt,RD-107,2026-06-27 13:53:48,cod not ready
16883,PC-108447,hub_out,RD-107,2026-06-26 11:01:07,
16884,PC-108447,failed_attempt,RD-107,2026-06-27 13:52:30,customer refused
16885,PC-108448,hub_out,RD-107,2026-06-27 03:25:45,
16886,PC-108448,failed_attempt,RD-107,2026-06-27 13:54:47,shop closed
16887,PC-108449,hub_out,RD-107,2026-06-27 18:38:31,
16888,PC-108449,delivered,RD-107,2026-06-28 17:02:42,
16889,PC-108450,hub_out,RD-107,2026-06-27 18:50:10,
16890,PC-108450,delivered,RD-107,2026-06-28 17:44:04,
16891,PC-108451,hub_out,RD-107,2026-06-27 20:39:03,
16892,PC-108451,delivered,RD-107,2026-06-28 13:36:19,
16893,PC-108452,hub_out,RD-107,2026-06-28 02:06:23,
16894,PC-108452,delivered,RD-107,2026-06-28 11:32:30,
16895,PC-108453,hub_out,RD-107,2026-06-26 23:40:45,
16896,PC-108453,delivered,RD-107,2026-06-28 09:40:04,
16897,PC-108454,hub_out,RD-107,2026-06-27 16:04:09,
16898,PC-108454,delivered,RD-107,2026-06-28 18:58:03,
16899,PC-108455,hub_out,RD-107,2026-06-26 21:38:11,
16900,PC-108455,delivered,RD-107,2026-06-28 09:59:12,
16901,PC-108456,hub_out,RD-107,2026-06-27 06:33:40,
16902,PC-108456,delivered,RD-107,2026-06-28 17:22:20,
16903,PC-108457,hub_out,RD-107,2026-06-27 03:52:07,
16904,PC-108457,delivered,RD-107,2026-06-28 15:26:33,
16905,PC-108458,hub_out,RD-107,2026-06-27 10:56:55,
16906,PC-108458,delivered,RD-107,2026-06-28 19:54:56,
16907,PC-108459,hub_out,RD-107,2026-06-27 09:14:42,
16908,PC-108459,delivered,RD-107,2026-06-28 18:49:03,
16909,PC-108460,hub_out,RD-107,2026-06-27 16:27:59,
16910,PC-108460,delivered,RD-107,2026-06-28 18:02:27,
16911,PC-108461,hub_out,RD-107,2026-06-27 10:35:58,
16912,PC-108461,delivered,RD-107,2026-06-28 18:52:27,
16913,PC-108462,hub_out,RD-107,2026-06-27 14:47:16,
16914,PC-108462,delivered,RD-107,2026-06-28 09:39:26,
16915,PC-108463,hub_out,RD-107,2026-06-27 13:57:44,
16916,PC-108463,delivered,RD-107,2026-06-28 18:53:51,
16917,PC-108464,hub_out,RD-107,2026-06-27 12:11:06,
16918,PC-108464,delivered,RD-107,2026-06-28 16:03:52,
16919,PC-108465,hub_out,RD-107,2026-06-27 07:32:16,
16920,PC-108465,delivered,RD-107,2026-06-28 17:42:11,
16921,PC-108466,hub_out,RD-107,2026-06-27 19:35:35,
16922,PC-108466,delivered,RD-107,2026-06-28 13:59:43,
16923,PC-108467,hub_out,RD-107,2026-06-27 11:46:11,
16924,PC-108467,failed_attempt,RD-107,2026-06-28 12:11:01,shop closed
16925,PC-108468,hub_out,RD-107,2026-06-27 23:43:03,
16926,PC-108468,failed_attempt,RD-107,2026-06-28 15:01:53,address not found
16927,PC-108469,hub_out,RD-107,2026-06-27 23:05:28,
16928,PC-108469,failed_attempt,RD-107,2026-06-28 09:35:09,customer unreachable
16929,PC-108470,hub_out,RD-107,2026-06-28 03:25:53,
16930,PC-108470,delivered,RD-107,2026-06-29 11:55:11,
16931,PC-108471,hub_out,RD-107,2026-06-28 17:26:09,
16932,PC-108471,delivered,RD-107,2026-06-29 18:34:01,
16933,PC-108472,hub_out,RD-107,2026-06-28 17:32:55,
16934,PC-108472,delivered,RD-107,2026-06-29 18:19:16,
16935,PC-108473,hub_out,RD-107,2026-06-28 20:40:55,
16936,PC-108473,delivered,RD-107,2026-06-29 16:38:33,
16937,PC-108474,hub_out,RD-107,2026-06-28 17:15:27,
16938,PC-108474,delivered,RD-107,2026-06-29 15:18:57,
16939,PC-108475,hub_out,RD-107,2026-06-28 08:52:40,
16940,PC-108475,delivered,RD-107,2026-06-29 16:15:35,
16941,PC-108476,hub_out,RD-107,2026-06-28 10:12:57,
16942,PC-108476,delivered,RD-107,2026-06-29 19:15:55,
16943,PC-108477,hub_out,RD-107,2026-06-28 08:45:56,
16944,PC-108477,delivered,RD-107,2026-06-29 09:53:28,
16945,PC-108478,hub_out,RD-107,2026-06-28 18:35:21,
16946,PC-108478,delivered,RD-107,2026-06-29 17:12:26,
16947,PC-108479,hub_out,RD-107,2026-06-28 04:24:25,
16948,PC-108479,delivered,RD-107,2026-06-29 09:27:26,
16949,PC-108480,hub_out,RD-107,2026-06-28 18:48:31,
16950,PC-108480,delivered,RD-107,2026-06-29 16:56:39,
16951,PC-108481,hub_out,RD-107,2026-06-28 20:09:07,
16952,PC-108481,delivered,RD-107,2026-06-29 09:05:40,
16953,PC-108482,hub_out,RD-107,2026-06-28 12:16:12,
16954,PC-108482,delivered,RD-107,2026-06-29 16:50:17,
16955,PC-108483,hub_out,RD-107,2026-06-28 19:59:48,
16956,PC-108483,delivered,RD-107,2026-06-29 19:07:13,
16957,PC-108484,hub_out,RD-107,2026-06-27 20:52:19,
16958,PC-108484,delivered,RD-107,2026-06-29 10:34:00,
16959,PC-108485,hub_out,RD-107,2026-06-28 04:42:08,
16960,PC-108485,delivered,RD-107,2026-06-29 17:06:10,
16961,PC-108486,hub_out,RD-107,2026-06-29 01:47:45,
16962,PC-108486,failed_attempt,RD-107,2026-06-29 09:33:04,customer refused
16963,PC-108487,hub_out,RD-107,2026-06-29 04:57:30,
16964,PC-108487,delivered,RD-107,2026-06-30 11:51:04,
16965,PC-108488,hub_out,RD-107,2026-06-29 05:39:52,
16966,PC-108488,delivered,RD-107,2026-06-30 13:53:03,
16967,PC-108489,hub_out,RD-107,2026-06-29 09:21:32,
16968,PC-108489,delivered,RD-107,2026-06-30 14:21:43,
16969,PC-108490,hub_out,RD-107,2026-06-29 07:04:05,
16970,PC-108490,delivered,RD-107,2026-06-30 15:06:19,
16971,PC-108491,hub_out,RD-107,2026-06-29 09:15:37,
16972,PC-108491,delivered,RD-107,2026-06-30 13:13:20,
16973,PC-108492,hub_out,RD-107,2026-06-28 15:21:41,
16974,PC-108492,delivered,RD-107,2026-06-30 11:54:46,
16975,PC-108493,hub_out,RD-107,2026-06-29 11:54:41,
16976,PC-108493,delivered,RD-107,2026-06-30 14:32:45,
16977,PC-108494,hub_out,RD-107,2026-06-28 18:13:08,
16978,PC-108494,delivered,RD-107,2026-06-30 11:09:55,
16979,PC-108495,hub_out,RD-107,2026-06-29 09:08:22,
16980,PC-108495,delivered,RD-107,2026-06-30 12:06:30,
16981,PC-108496,hub_out,RD-107,2026-06-29 06:35:26,
16982,PC-108496,delivered,RD-107,2026-06-30 11:12:21,
16983,PC-108497,hub_out,RD-107,2026-06-29 10:34:46,
16984,PC-108497,delivered,RD-107,2026-06-30 17:18:27,
16985,PC-108498,hub_out,RD-107,2026-06-29 11:09:31,
16986,PC-108498,delivered,RD-107,2026-06-30 17:45:22,
16987,PC-108499,hub_out,RD-107,2026-06-30 03:35:56,
16988,PC-108499,delivered,RD-107,2026-06-30 19:49:54,
16989,PC-108500,hub_out,RD-107,2026-06-29 04:55:57,
16990,PC-108500,delivered,RD-107,2026-06-30 15:35:16,
16991,PC-108501,hub_out,RD-107,2026-06-29 10:34:13,
16992,PC-108501,delivered,RD-107,2026-06-30 10:37:24,
16993,PC-108502,hub_out,RD-107,2026-06-29 14:50:10,
16994,PC-108502,delivered,RD-107,2026-06-30 10:06:00,
16995,PC-108503,hub_out,RD-107,2026-06-29 19:23:34,
16996,PC-108503,delivered,RD-107,2026-06-30 16:56:56,
16997,PC-108504,hub_out,RD-107,2026-06-28 21:29:38,
16998,PC-108504,delivered,RD-107,2026-06-30 10:17:11,
16999,PC-108505,hub_out,RD-107,2026-06-29 14:53:01,
17000,PC-108505,delivered,RD-107,2026-06-30 19:09:46,
17001,PC-108506,hub_out,RD-107,2026-06-29 10:21:02,
17002,PC-108506,delivered,RD-107,2026-06-30 19:16:21,
17003,PC-108507,hub_out,RD-107,2026-06-29 18:08:17,
17004,PC-108507,failed_attempt,RD-107,2026-06-30 14:37:54,cod not ready
