parcel_id,zone_id,similarity_score,source,created_at
PC-100001,Z-MIR,1.0,auto,2026-07-06 12:36:04
PC-100002,Z-MIR,1.0,auto,2026-07-07 05:05:36
PC-100003,Z-MIR,1.0,auto,2026-07-06 22:22:13
PC-100004,Z-MIR,1.0,auto,2026-07-06 17:46:06
PC-100005,Z-MIR,1.0,auto,2026-07-07 11:55:29
PC-100006,Z-MIR,1.0,auto,2026-07-06 21:04:50
PC-100007,Z-MIR,1.0,auto,2026-07-07 06:32:36
PC-100008,Z-MIR,1.0,auto,2026-07-06 17:06:09
PC-100009,Z-MIR,0.894427,auto,2026-07-07 15:55:43
PC-100010,Z-MIR,1.0,auto,2026-07-07 16:36:57
PC-100011,Z-MIR,1.0,auto,2026-07-07 16:15:33
PC-100012,Z-MIR,1.0,auto,2026-07-07 16:56:32
PC-100013,Z-MIR,1.0,auto,2026-07-07 14:31:53
PC-100014,Z-MIR,1.0,auto,2026-07-07 01:11:52
PC-100015,Z-MIR,1.0,auto,2026-07-06 20:27:05
PC-100016,Z-MIR,1.0,auto,2026-07-07 04:57:10
PC-100017,Z-MIR,1.0,auto,2026-07-06 10:52:56
PC-100018,Z-MIR,1.0,auto,2026-07-07 07:13:24
PC-100019,Z-MIR,1.0,auto,2026-07-06 09:42:08
PC-100020,Z-MIR,1.0,auto,2026-07-08 00:23:22
PC-100021,Z-MIR,1.0,auto,2026-07-06 16:27:37
PC-100022,Z-MIR,1.0,auto,2026-07-07 03:34:37
PC-100023,Z-MIR,1.0,auto,2026-07-07 15:02:29
PC-100024,Z-MIR,1.0,auto,2026-07-07 15:55:48
PC-100025,Z-MIR,1.0,auto,2026-07-07 08:06:56
PC-100026,Z-MIR,1.0,auto,2026-07-07 17:29:15
PC-100027,Z-MIR,1.0,auto,2026-07-07 21:31:33
PC-100028,Z-MIR,1.0,auto,2026-07-07 02:18:05
PC-100029,Z-MIR,1.0,auto,2026-07-07 01:52:31
PC-100030,Z-MIR,1.0,auto,2026-07-07 03:29:20
PC-100031,Z-MIR,1.0,auto,2026-07-07 21:09:39
PC-100032,Z-MIR,0.894427,auto,2026-07-07 14:01:35
PC-100033,Z-MIR,1.0,auto,2026-07-07 12:28:50
PC-100034,Z-MIR,1.0,auto,2026-07-07 04:50:44
PC-100035,Z-MIR,1.0,auto,2026-07-06 19:49:54
PC-100036,Z-MIR,1.0,auto,2026-07-06 11:53:12
PC-100037,Z-MIR,1.0,auto,2026-07-06 18:09:21
PC-100038,Z-MIR,1.0,auto,2026-07-07 06:41:03
PC-100039,Z-MIR,1.0,auto,2026-07-07 19:10:58
PC-100040,Z-MIR,1.0,auto,2026-07-07 02:43:39
PC-100041,Z-MIR,1.0,auto,2026-07-06 22:59:19
PC-100042,Z-MIR,1.0,auto,2026-07-07 14:13:10
PC-100043,Z-MIR,1.0,auto,2026-07-06 20:26:31
PC-100044,Z-MIR,1.0,auto,2026-07-07 12:18:30
PC-100045,Z-MIR,1.0,auto,2026-07-07 22:22:50
PC-100046,Z-MIR,1.0,auto,2026-07-06 18:52:36
PC-100047,Z-MIR,1.0,auto,2026-07-07 02:19:37
PC-100048,Z-MIR,1.0,auto,2026-07-07 06:00:16
PC-100049,Z-MIR,1.0,auto,2026-07-06 11:38:57
PC-100050,Z-MIR,0.894427,auto,2026-07-07 11:21:42
PC-100051,Z-MIR,1.0,auto,2026-07-06 16:25:14
PC-100052,Z-MIR,1.0,auto,2026-07-07 04:43:37
PC-100053,Z-MIR,1.0,auto,2026-07-06 10:46:43
PC-100054,Z-MIR,1.0,auto,2026-07-07 04:29:33
PC-100055,Z-MIR,0.894427,auto,2026-07-07 21:16:00
PC-100056,Z-MIR,1.0,auto,2026-07-07 13:41:55
PC-100057,Z-MIR,0.894427,auto,2026-07-07 01:51:37
PC-100058,Z-MIR,1.0,auto,2026-07-06 12:36:05
PC-100059,Z-MIR,0.894427,auto,2026-07-07 11:17:55
PC-100060,Z-MIR,1.0,auto,2026-07-07 06:40:12
PC-100061,Z-MIR,1.0,auto,2026-07-07 09:23:37
PC-100062,Z-MIR,1.0,auto,2026-07-06 17:16:36
PC-100063,Z-MIR,0.894427,auto,2026-07-07 09:43:55
PC-100064,Z-MIR,1.0,auto,2026-07-07 08:56:06
PC-100065,Z-MIR,1.0,auto,2026-07-08 00:18:10
PC-100066,Z-MIR,0.894427,auto,2026-07-07 10:40:01
PC-100067,Z-MIR,1.0,auto,2026-07-07 12:53:42
PC-100068,Z-MIR,1.0,auto,2026-07-06 15:37:13
PC-100069,Z-MIR,1.0,auto,2026-07-06 22:44:56
PC-100070,Z-MIR,1.0,auto,2026-07-06 18:10:37
PC-100071,Z-MIR,1.0,auto,2026-07-07 05:23:55
PC-100072,Z-MIR,1.0,auto,2026-07-07 16:04:20
PC-100073,Z-MIR,1.0,auto,2026-07-06 16:01:00
PC-100074,Z-MIR,0.894427,auto,2026-07-07 11:21:45
PC-100075,Z-MIR,1.0,auto,2026-07-07 10:33:01
PC-100076,Z-MIR,1.0,auto,2026-07-07 15:33:13
PC-100077,Z-MIR,1.0,auto,2026-07-06 10:33:19
PC-100078,Z-MIR,1.0,auto,2026-07-06 19:05:09
PC-100079,Z-MIR,1.0,auto,2026-07-06 23:00:29
PC-100080,Z-MIR,1.0,auto,2026-07-06 19:28:33
PC-100081,Z-MIR,1.0,auto,2026-07-07 05:49:53
PC-100082,Z-MIR,1.0,auto,2026-07-07 04:10:45
PC-100083,Z-MIR,1.0,auto,2026-07-06 21:19:54
PC-100084,Z-MIR,1.0,auto,2026-07-07 00:58:01
PC-100085,Z-MIR,1.0,auto,2026-07-07 03:18:12
PC-100086,Z-MIR,1.0,auto,2026-07-07 14:54:51
PC-100087,Z-MIR,1.0,auto,2026-07-07 06:09:30
PC-100088,Z-MIR,1.0,auto,2026-07-07 00:34:24
PC-100089,Z-MIR,1.0,auto,2026-07-07 04:45:53
PC-100090,Z-MIR,0.894427,auto,2026-07-06 22:27:25
PC-100091,Z-MIR,1.0,auto,2026-07-07 08:34:53
PC-100092,Z-MIR,1.0,auto,2026-07-07 04:02:40
PC-100093,Z-MIR,1.0,auto,2026-07-06 12:45:33
PC-100094,Z-MIR,1.0,auto,2026-07-07 03:54:37
PC-100095,Z-MIR,1.0,auto,2026-07-07 13:31:08
PC-100096,Z-MIR,1.0,auto,2026-07-07 04:37:33
PC-100097,Z-MIR,1.0,auto,2026-07-06 23:35:33
PC-100098,Z-MIR,1.0,auto,2026-07-06 11:41:17
PC-100099,Z-MIR,0.894427,auto,2026-07-08 02:08:45
PC-100100,Z-MIR,1.0,auto,2026-07-07 14:17:57
PC-100101,Z-MIR,1.0,auto,2026-07-06 11:36:48
PC-100102,Z-MIR,1.0,auto,2026-07-07 15:30:59
PC-100103,Z-MIR,1.0,auto,2026-07-07 07:23:05
PC-100104,Z-MIR,0.894427,auto,2026-07-07 11:52:31
PC-100105,Z-MIR,0.894427,auto,2026-07-07 11:36:50
PC-100106,Z-MIR,1.0,auto,2026-07-07 17:29:13
PC-100107,Z-MIR,1.0,auto,2026-07-06 08:49:24
PC-100108,Z-MIR,1.0,auto,2026-07-07 09:01:24
PC-100109,Z-MIR,1.0,auto,2026-07-06 20:18:36
PC-100110,Z-MIR,1.0,auto,2026-07-06 14:52:27
PC-100111,Z-MIR,1.0,auto,2026-07-06 23:36:57
PC-100112,Z-MIR,1.0,auto,2026-07-07 23:19:23
PC-100113,Z-MIR,1.0,auto,2026-07-06 22:27:27
PC-100114,Z-MIR,1.0,auto,2026-07-07 14:42:38
PC-100115,Z-MIR,1.0,auto,2026-07-07 21:04:29
PC-100116,Z-MIR,0.894427,auto,2026-07-06 17:13:42
PC-100117,Z-MIR,1.0,auto,2026-07-07 10:40:33
PC-100118,Z-MIR,1.0,auto,2026-07-07 15:49:07
PC-100119,Z-MIR,0.894427,auto,2026-07-07 16:55:39
PC-100120,Z-MIR,1.0,auto,2026-07-07 05:56:32
PC-100121,Z-MIR,1.0,auto,2026-07-07 16:26:12
PC-100122,Z-MIR,1.0,auto,2026-07-06 18:25:13
PC-100123,Z-MIR,1.0,auto,2026-07-06 20:10:29
PC-100124,Z-MIR,0.894427,auto,2026-07-07 15:59:50
PC-100125,Z-MIR,1.0,auto,2026-07-07 16:48:52
PC-100126,Z-MIR,1.0,auto,2026-07-07 00:14:06
PC-100127,Z-MIR,1.0,auto,2026-07-07 02:25:45
PC-100128,Z-MIR,0.894427,auto,2026-07-06 22:54:42
PC-100129,Z-MIR,1.0,auto,2026-07-07 19:20:49
PC-100130,Z-MIR,1.0,auto,2026-07-06 15:55:18
PC-100131,Z-MIR,1.0,auto,2026-07-07 06:29:50
PC-100132,Z-MIR,0.894427,auto,2026-07-07 05:59:44
PC-100133,Z-MIR,1.0,auto,2026-07-06 20:01:07
PC-100134,Z-MIR,1.0,auto,2026-07-06 18:43:22
PC-100135,Z-MIR,1.0,auto,2026-07-06 20:29:35
PC-100136,Z-MIR,1.0,auto,2026-07-07 17:05:02
PC-100137,Z-MIR,1.0,auto,2026-07-06 16:24:46
PC-100138,Z-MIR,1.0,auto,2026-07-06 23:52:55
PC-100139,Z-MIR,0.894427,auto,2026-07-08 00:30:52
PC-100140,Z-MIR,0.894427,auto,2026-07-07 20:40:15
PC-100141,Z-MIR,1.0,auto,2026-07-07 18:25:20
PC-100142,Z-MIR,1.0,auto,2026-07-06 17:54:10
PC-100143,Z-MIR,1.0,auto,2026-07-07 07:56:36
PC-100144,Z-MIR,1.0,auto,2026-07-06 08:41:14
PC-100145,Z-MIR,1.0,auto,2026-07-07 20:29:46
PC-100146,Z-MIR,1.0,auto,2026-07-06 11:02:49
PC-100147,Z-MIR,1.0,auto,2026-07-07 10:16:35
PC-100148,Z-MIR,1.0,auto,2026-07-07 05:18:23
PC-100149,Z-MIR,1.0,auto,2026-07-07 17:38:06
PC-100150,Z-MIR,1.0,auto,2026-07-07 04:45:54
PC-100151,Z-MIR,1.0,auto,2026-07-06 19:00:27
PC-100152,Z-MIR,1.0,auto,2026-07-07 14:14:29
PC-100153,Z-MIR,1.0,auto,2026-07-07 09:16:31
PC-100154,Z-MIR,1.0,auto,2026-07-07 01:48:45
PC-100155,Z-MIR,1.0,auto,2026-07-06 12:22:16
PC-100156,Z-MIR,1.0,auto,2026-07-06 17:40:30
PC-100157,Z-MIR,1.0,auto,2026-07-07 03:06:19
PC-100158,Z-MIR,1.0,auto,2026-07-07 01:02:51
PC-100159,Z-MIR,1.0,auto,2026-07-07 19:41:22
PC-100160,Z-MIR,1.0,auto,2026-07-06 10:50:15
PC-100161,Z-MIR,1.0,auto,2026-07-06 19:53:28
PC-100162,Z-MIR,1.0,auto,2026-07-06 10:48:00
PC-100163,Z-MIR,1.0,auto,2026-07-07 01:06:37
PC-100164,Z-MIR,0.894427,auto,2026-07-07 09:27:49
PC-100165,Z-MIR,1.0,auto,2026-07-06 11:52:28
PC-100166,Z-MIR,1.0,auto,2026-07-07 13:09:52
PC-100167,Z-MIR,1.0,auto,2026-07-07 12:58:26
PC-100168,Z-MIR,1.0,auto,2026-07-07 08:13:15
PC-100169,Z-MIR,1.0,auto,2026-07-07 18:29:17
PC-100170,Z-MIR,1.0,auto,2026-07-07 02:49:12
PC-100171,Z-MIR,1.0,auto,2026-07-07 09:57:49
PC-100172,Z-MIR,1.0,auto,2026-07-06 20:04:42
PC-100173,Z-MIR,1.0,auto,2026-07-07 03:36:08
PC-100174,Z-MIR,1.0,auto,2026-07-07 02:27:49
PC-100175,Z-MIR,1.0,auto,2026-07-07 20:20:40
PC-100176,Z-MIR,0.894427,auto,2026-07-07 02:25:10
PC-100177,Z-MIR,0.894427,auto,2026-07-07 11:44:36
PC-100178,Z-MIR,1.0,auto,2026-07-07 16:03:53
PC-100179,Z-MIR,1.0,auto,2026-07-08 00:24:25
PC-100180,Z-MIR,1.0,auto,2026-07-06 16:12:15
PC-100181,Z-MIR,1.0,auto,2026-07-07 15:57:49
PC-100182,Z-MIR,1.0,auto,2026-07-07 05:11:35
PC-100183,Z-MIR,1.0,auto,2026-07-07 06:43:09
PC-100184,Z-MIR,1.0,auto,2026-07-07 16:09:26
PC-100185,Z-MIR,1.0,auto,2026-07-07 11:28:58
PC-100186,Z-MIR,1.0,auto,2026-07-07 05:49:06
PC-100187,Z-MIR,1.0,auto,2026-07-07 07:31:43
PC-100188,Z-MIR,1.0,auto,2026-07-06 13:55:13
PC-100189,Z-MIR,1.0,auto,2026-07-06 22:53:59
PC-100190,Z-MIR,0.894427,auto,2026-07-07 03:47:03
PC-100191,Z-MIR,0.894427,auto,2026-07-07 07:35:03
PC-100192,Z-MIR,1.0,auto,2026-07-07 18:17:12
PC-100193,Z-MIR,0.894427,auto,2026-07-07 18:06:32
PC-100194,Z-MIR,1.0,auto,2026-07-08 00:02:38
PC-100195,Z-MIR,1.0,auto,2026-07-07 14:22:55
PC-100196,Z-MIR,1.0,auto,2026-07-07 06:27:26
PC-100197,Z-MIR,1.0,auto,2026-07-07 04:01:17
PC-100198,Z-MIR,1.0,auto,2026-07-06 17:39:04
PC-100199,Z-MIR,1.0,auto,2026-07-07 02:21:37
PC-100200,Z-MIR,1.0,auto,2026-07-06 18:00:41
PC-100201,Z-MIR,1.0,auto,2026-07-06 11:25:18
PC-100202,Z-MIR,0.894427,auto,2026-07-06 16:52:50
PC-100203,Z-MIR,1.0,auto,2026-07-06 22:59:00
PC-100204,Z-MIR,1.0,auto,2026-07-07 08:29:06
PC-100205,Z-MIR,1.0,auto,2026-07-07 05:08:32
PC-100206,Z-MIR,1.0,auto,2026-07-07 08:58:46
PC-100207,Z-MIR,1.0,auto,2026-07-07 09:56:16
PC-100208,Z-MIR,1.0,auto,2026-07-07 09:18:09
PC-100209,Z-MIR,0.894427,auto,2026-07-07 13:11:47
PC-100210,Z-MIR,1.0,auto,2026-07-07 05:35:10
PC-100211,Z-MIR,1.0,auto,2026-07-07 08:04:36
PC-100212,Z-MIR,1.0,auto,2026-07-07 03:46:18
PC-100213,Z-MIR,1.0,auto,2026-07-07 13:37:58
PC-100214,Z-MIR,1.0,auto,2026-07-07 17:04:03
PC-100215,Z-MIR,1.0,auto,2026-07-07 11:12:45
PC-100216,Z-MIR,1.0,auto,2026-07-07 10:34:27
PC-100217,Z-MIR,1.0,auto,2026-07-07 04:51:46
PC-100218,Z-MIR,1.0,auto,2026-07-07 15:41:16
PC-100219,Z-MIR,1.0,auto,2026-07-07 09:05:11
PC-100220,Z-MIR,1.0,auto,2026-07-07 12:16:51
PC-100221,Z-MIR,1.0,auto,2026-07-07 10:15:06
PC-100222,Z-MIR,0.894427,auto,2026-07-07 14:11:44
PC-100223,Z-MIR,1.0,auto,2026-07-07 09:46:45
PC-100224,Z-MIR,1.0,auto,2026-07-07 13:36:02
PC-100225,Z-MIR,1.0,auto,2026-07-07 13:57:59
PC-100226,Z-MIR,1.0,auto,2026-07-07 03:44:36
PC-100227,Z-MIR,1.0,auto,2026-07-07 09:33:37
PC-100228,Z-MIR,1.0,auto,2026-07-07 05:38:44
PC-100229,Z-MIR,1.0,auto,2026-07-07 21:22:17
PC-100230,Z-MIR,1.0,auto,2026-07-07 14:56:33
PC-100231,Z-MIR,1.0,auto,2026-07-07 14:16:13
PC-100232,Z-MIR,1.0,auto,2026-07-08 06:29:33
PC-100233,Z-MIR,1.0,auto,2026-07-07 20:52:42
PC-100234,Z-MIR,1.0,auto,2026-07-07 20:17:31
PC-100235,Z-MIR,1.0,auto,2026-07-07 15:30:58
PC-100236,Z-MIR,1.0,auto,2026-07-08 12:23:05
PC-100237,Z-MIR,1.0,auto,2026-07-08 10:31:57
PC-100238,Z-MIR,1.0,auto,2026-07-08 01:56:39
PC-100239,Z-MIR,0.894427,auto,2026-07-07 18:46:15
PC-100240,Z-MIR,0.894427,auto,2026-07-07 18:52:28
PC-100241,Z-MIR,1.0,auto,2026-07-07 13:05:32
PC-100242,Z-MIR,1.0,auto,2026-07-08 00:15:32
PC-100243,Z-MIR,1.0,auto,2026-07-07 23:07:30
PC-100244,Z-MIR,1.0,auto,2026-07-07 21:16:11
PC-100245,Z-MIR,1.0,auto,2026-07-07 10:23:23
PC-100246,Z-MIR,1.0,auto,2026-07-07 11:46:23
PC-100247,Z-MIR,0.894427,auto,2026-07-08 04:21:32
PC-100248,Z-MIR,1.0,auto,2026-07-07 12:36:43
PC-100249,Z-MIR,1.0,auto,2026-07-08 10:21:45
PC-100250,Z-MIR,1.0,auto,2026-07-07 14:03:31
PC-100251,Z-UTT,1.0,auto,2026-07-07 14:11:52
PC-100252,Z-UTT,1.0,auto,2026-07-06 21:14:44
PC-100253,Z-UTT,1.0,auto,2026-07-07 19:10:34
PC-100254,Z-UTT,1.0,auto,2026-07-07 12:53:29
PC-100255,Z-UTT,0.935414,auto,2026-07-07 18:47:01
PC-100256,Z-UTT,1.0,auto,2026-07-07 09:36:58
PC-100257,Z-UTT,1.0,auto,2026-07-06 21:41:13
PC-100258,Z-UTT,0.935414,auto,2026-07-07 07:32:36
PC-100259,Z-UTT,1.0,auto,2026-07-07 22:44:05
PC-100260,Z-UTT,1.0,auto,2026-07-06 18:10:33
PC-100261,Z-UTT,1.0,auto,2026-07-07 08:46:13
PC-100262,Z-UTT,0.935414,auto,2026-07-07 23:38:22
PC-100263,Z-UTT,1.0,auto,2026-07-06 23:18:37
PC-100264,Z-UTT,1.0,auto,2026-07-08 02:35:27
PC-100265,Z-UTT,1.0,auto,2026-07-07 23:20:25
PC-100266,Z-UTT,1.0,auto,2026-07-07 10:30:42
PC-100267,Z-UTT,1.0,auto,2026-07-07 02:40:13
PC-100268,Z-UTT,1.0,auto,2026-07-07 05:03:22
PC-100269,Z-UTT,1.0,auto,2026-07-07 06:25:17
PC-100270,Z-UTT,1.0,auto,2026-07-06 22:28:45
PC-100271,Z-UTT,1.0,auto,2026-07-07 01:14:41
PC-100272,Z-UTT,1.0,auto,2026-07-07 10:31:13
PC-100273,Z-UTT,1.0,auto,2026-07-06 14:44:28
PC-100274,Z-UTT,1.0,auto,2026-07-07 22:26:44
PC-100275,Z-UTT,1.0,auto,2026-07-07 13:15:53
PC-100276,Z-UTT,1.0,auto,2026-07-08 04:07:55
PC-100277,Z-UTT,1.0,auto,2026-07-07 18:52:57
PC-100278,Z-UTT,1.0,auto,2026-07-07 00:48:38
PC-100279,Z-UTT,1.0,auto,2026-07-07 00:33:24
PC-100280,Z-UTT,1.0,auto,2026-07-07 14:40:49
PC-100281,Z-UTT,1.0,auto,2026-07-07 17:16:12
PC-100282,Z-UTT,1.0,auto,2026-07-06 19:52:09
PC-100283,Z-UTT,0.935414,auto,2026-07-07 10:36:33
PC-100284,Z-UTT,1.0,auto,2026-07-07 21:59:39
PC-100285,Z-UTT,0.935414,auto,2026-07-06 19:58:19
PC-100286,Z-UTT,1.0,auto,2026-07-07 08:38:07
PC-100287,Z-UTT,1.0,auto,2026-07-07 01:43:04
PC-100288,Z-UTT,1.0,auto,2026-07-07 05:10:06
PC-100289,Z-UTT,1.0,auto,2026-07-06 21:35:20
PC-100290,Z-UTT,1.0,auto,2026-07-07 14:10:14
PC-100291,Z-UTT,1.0,auto,2026-07-06 20:38:06
PC-100292,Z-UTT,1.0,auto,2026-07-07 19:30:53
PC-100293,Z-UTT,0.935414,auto,2026-07-06 22:24:40
PC-100294,Z-UTT,1.0,auto,2026-07-07 16:16:08
PC-100295,Z-UTT,1.0,auto,2026-07-08 05:06:02
PC-100296,Z-UTT,1.0,auto,2026-07-06 19:50:24
PC-100297,Z-UTT,1.0,auto,2026-07-08 04:29:06
PC-100298,Z-UTT,1.0,auto,2026-07-07 05:47:17
PC-100299,Z-UTT,1.0,auto,2026-07-07 22:08:01
PC-100300,Z-UTT,1.0,auto,2026-07-07 13:43:12
PC-100301,Z-UTT,1.0,auto,2026-07-08 00:41:38
PC-100302,Z-UTT,1.0,auto,2026-07-06 16:33:51
PC-100303,Z-UTT,1.0,auto,2026-07-07 06:26:41
PC-100304,Z-UTT,1.0,auto,2026-07-07 18:12:01
PC-100305,Z-UTT,1.0,auto,2026-07-07 10:03:57
PC-100306,Z-UTT,0.935414,auto,2026-07-07 14:24:59
PC-100307,Z-UTT,1.0,auto,2026-07-07 16:10:19
PC-100308,Z-UTT,1.0,auto,2026-07-07 18:36:11
PC-100309,Z-UTT,1.0,auto,2026-07-07 19:22:48
PC-100310,Z-UTT,1.0,auto,2026-07-07 01:01:34
PC-100311,Z-UTT,0.935414,auto,2026-07-06 20:48:54
PC-100312,Z-UTT,0.935414,auto,2026-07-06 19:52:04
PC-100313,Z-UTT,1.0,auto,2026-07-07 08:44:18
PC-100314,Z-UTT,1.0,auto,2026-07-07 16:43:06
PC-100315,Z-UTT,1.0,auto,2026-07-07 07:18:39
PC-100316,Z-UTT,1.0,auto,2026-07-07 09:28:45
PC-100317,Z-UTT,1.0,auto,2026-07-07 00:13:58
PC-100318,Z-UTT,1.0,auto,2026-07-07 07:09:47
PC-100319,Z-UTT,1.0,auto,2026-07-07 08:46:06
PC-100320,Z-UTT,1.0,auto,2026-07-07 07:58:37
PC-100321,Z-UTT,1.0,auto,2026-07-08 00:34:33
PC-100322,Z-UTT,1.0,auto,2026-07-07 06:01:13
PC-100323,Z-UTT,1.0,auto,2026-07-07 16:07:57
PC-100324,Z-UTT,1.0,auto,2026-07-07 01:00:25
PC-100325,Z-UTT,1.0,auto,2026-07-07 09:54:46
PC-100326,Z-UTT,1.0,auto,2026-07-07 03:18:58
PC-100327,Z-UTT,1.0,auto,2026-07-07 05:52:39
PC-100328,Z-UTT,1.0,auto,2026-07-08 00:17:38
PC-100329,Z-UTT,1.0,auto,2026-07-06 22:56:26
PC-100330,Z-UTT,1.0,auto,2026-07-05 20:08:03
PC-100331,Z-UTT,1.0,auto,2026-07-07 08:26:38
PC-100332,Z-UTT,1.0,auto,2026-07-07 20:15:53
PC-100333,Z-UTT,1.0,auto,2026-07-07 16:01:42
PC-100334,Z-UTT,1.0,auto,2026-07-06 20:27:20
PC-100335,Z-UTT,1.0,auto,2026-07-07 11:52:54
PC-100336,Z-UTT,1.0,auto,2026-07-06 23:04:56
PC-100337,Z-UTT,1.0,auto,2026-07-07 21:55:59
PC-100338,Z-UTT,1.0,auto,2026-07-07 05:58:33
PC-100339,Z-UTT,0.935414,auto,2026-07-07 02:32:25
PC-100340,Z-UTT,1.0,auto,2026-07-07 15:42:02
PC-100341,Z-UTT,1.0,auto,2026-07-07 10:18:05
PC-100342,Z-UTT,1.0,auto,2026-07-07 19:35:45
PC-100343,Z-UTT,1.0,auto,2026-07-07 03:40:47
PC-100344,Z-UTT,1.0,auto,2026-07-07 11:56:42
PC-100345,Z-UTT,1.0,auto,2026-07-06 17:36:40
PC-100346,Z-UTT,1.0,auto,2026-07-07 15:31:05
PC-100347,Z-UTT,1.0,auto,2026-07-07 09:10:29
PC-100348,Z-UTT,1.0,auto,2026-07-08 04:32:27
PC-100349,Z-UTT,1.0,auto,2026-07-07 05:53:42
PC-100350,Z-UTT,1.0,auto,2026-07-07 17:01:48
PC-100351,Z-UTT,0.935414,auto,2026-07-07 14:35:30
PC-100352,Z-UTT,1.0,auto,2026-07-07 10:16:14
PC-100353,Z-UTT,1.0,auto,2026-07-06 13:29:19
PC-100354,Z-UTT,1.0,auto,2026-07-06 22:13:51
PC-100355,Z-UTT,1.0,auto,2026-07-07 22:51:56
PC-100356,Z-UTT,1.0,auto,2026-07-08 01:32:21
PC-100357,Z-UTT,0.935414,auto,2026-07-07 12:03:36
PC-100358,Z-UTT,1.0,auto,2026-07-07 17:48:30
PC-100359,Z-UTT,1.0,auto,2026-07-07 05:51:02
PC-100360,Z-UTT,1.0,auto,2026-07-07 18:16:48
PC-100361,Z-UTT,1.0,auto,2026-07-07 08:01:51
PC-100362,Z-UTT,1.0,auto,2026-07-07 20:40:47
PC-100363,Z-UTT,0.935414,auto,2026-07-07 17:12:00
PC-100364,Z-UTT,1.0,auto,2026-07-06 21:32:14
PC-100365,Z-UTT,1.0,auto,2026-07-07 20:44:30
PC-100366,Z-UTT,1.0,auto,2026-07-07 18:47:28
PC-100367,Z-UTT,1.0,auto,2026-07-08 03:15:18
PC-100368,Z-UTT,0.935414,auto,2026-07-06 15:31:54
PC-100369,Z-UTT,1.0,auto,2026-07-07 17:54:02
PC-100370,Z-UTT,1.0,auto,2026-07-07 07:35:13
PC-100371,Z-UTT,1.0,auto,2026-07-07 18:16:25
PC-100372,Z-UTT,1.0,auto,2026-07-07 07:23:05
PC-100373,Z-UTT,1.0,auto,2026-07-06 23:43:24
PC-100374,Z-UTT,1.0,auto,2026-07-07 07:15:58
PC-100375,Z-UTT,1.0,auto,2026-07-06 23:57:47
PC-100376,Z-UTT,1.0,auto,2026-07-07 14:19:55
PC-100377,Z-UTT,1.0,auto,2026-07-07 07:27:12
PC-100378,Z-UTT,1.0,auto,2026-07-07 00:23:08
PC-100379,Z-UTT,1.0,auto,2026-07-07 04:17:54
PC-100380,Z-UTT,1.0,auto,2026-07-06 20:58:14
PC-100381,Z-UTT,1.0,auto,2026-07-07 21:32:11
PC-100382,Z-UTT,1.0,auto,2026-07-07 02:07:21
PC-100383,Z-UTT,0.935414,auto,2026-07-06 20:40:06
PC-100384,Z-UTT,1.0,auto,2026-07-07 10:20:54
PC-100385,Z-UTT,1.0,auto,2026-07-06 19:50:43
PC-100386,Z-UTT,1.0,auto,2026-07-08 03:50:26
PC-100387,Z-UTT,1.0,auto,2026-07-07 19:05:09
PC-100388,Z-UTT,1.0,auto,2026-07-07 00:57:18
PC-100389,Z-UTT,1.0,auto,2026-07-07 22:30:54
PC-100390,Z-UTT,1.0,auto,2026-07-06 14:42:56
PC-100391,Z-UTT,1.0,auto,2026-07-07 11:13:12
PC-100392,Z-UTT,1.0,auto,2026-07-07 20:44:31
PC-100393,Z-UTT,1.0,auto,2026-07-06 22:04:09
PC-100394,Z-UTT,0.935414,auto,2026-07-06 15:57:58
PC-100395,Z-UTT,1.0,auto,2026-07-08 01:26:29
PC-100396,Z-UTT,1.0,auto,2026-07-07 07:39:41
PC-100397,Z-UTT,1.0,auto,2026-07-07 20:14:03
PC-100398,Z-UTT,1.0,auto,2026-07-07 12:43:58
PC-100399,Z-UTT,1.0,auto,2026-07-08 04:33:23
PC-100400,Z-UTT,0.935414,auto,2026-07-08 00:20:53
PC-100401,Z-UTT,1.0,auto,2026-07-07 10:10:52
PC-100402,Z-UTT,1.0,auto,2026-07-07 17:00:57
PC-100403,Z-UTT,0.935414,auto,2026-07-06 20:19:24
PC-100404,Z-UTT,1.0,auto,2026-07-07 08:08:52
PC-100405,Z-UTT,1.0,auto,2026-07-07 18:02:06
PC-100406,Z-UTT,1.0,auto,2026-07-08 01:39:32
PC-100407,Z-UTT,1.0,auto,2026-07-07 14:08:03
PC-100408,Z-UTT,1.0,auto,2026-07-07 23:08:52
PC-100409,Z-UTT,1.0,auto,2026-07-07 19:32:21
PC-100410,Z-UTT,1.0,auto,2026-07-06 18:54:25
PC-100411,Z-UTT,1.0,auto,2026-07-08 04:06:40
PC-100412,Z-UTT,1.0,auto,2026-07-07 10:58:35
PC-100413,Z-UTT,1.0,auto,2026-07-07 10:43:40
PC-100414,Z-UTT,1.0,auto,2026-07-07 18:46:50
PC-100415,Z-UTT,1.0,auto,2026-07-07 04:46:21
PC-100416,Z-UTT,1.0,auto,2026-07-06 23:16:49
PC-100417,Z-UTT,1.0,auto,2026-07-07 09:32:08
PC-100418,Z-UTT,1.0,auto,2026-07-07 03:13:07
PC-100419,Z-UTT,1.0,auto,2026-07-06 22:46:22
PC-100420,Z-UTT,1.0,auto,2026-07-07 11:22:22
PC-100421,Z-UTT,1.0,auto,2026-07-07 03:37:30
PC-100422,Z-UTT,0.935414,auto,2026-07-07 11:57:31
PC-100423,Z-UTT,1.0,auto,2026-07-07 15:18:02
PC-100424,Z-UTT,1.0,auto,2026-07-07 04:28:23
PC-100425,Z-UTT,1.0,auto,2026-07-07 09:53:26
PC-100426,Z-UTT,1.0,auto,2026-07-07 12:18:54
PC-100427,Z-UTT,1.0,auto,2026-07-07 05:36:39
PC-100428,Z-UTT,1.0,auto,2026-07-07 09:40:05
PC-100429,Z-UTT,1.0,auto,2026-07-07 15:31:39
PC-100430,Z-UTT,0.935414,auto,2026-07-07 07:56:27
PC-100431,Z-UTT,1.0,auto,2026-07-07 14:11:09
PC-100432,Z-UTT,1.0,auto,2026-07-07 08:31:23
PC-100433,Z-UTT,1.0,auto,2026-07-07 13:49:39
PC-100434,Z-UTT,1.0,auto,2026-07-07 16:33:24
PC-100435,Z-UTT,1.0,auto,2026-07-07 13:38:43
PC-100436,Z-UTT,1.0,auto,2026-07-07 06:08:39
PC-100437,Z-UTT,0.935414,auto,2026-07-07 19:20:41
PC-100438,Z-UTT,1.0,auto,2026-07-07 11:59:37
PC-100439,Z-UTT,1.0,auto,2026-07-07 12:54:20
PC-100440,Z-UTT,1.0,auto,2026-07-07 14:56:31
PC-100441,Z-UTT,1.0,auto,2026-07-08 08:46:14
PC-100442,Z-UTT,1.0,auto,2026-07-08 02:55:39
PC-100443,Z-UTT,1.0,auto,2026-07-07 16:45:23
PC-100444,Z-UTT,1.0,auto,2026-07-07 16:22:03
PC-100445,Z-UTT,1.0,auto,2026-07-08 02:20:16
PC-100446,Z-UTT,1.0,auto,2026-07-07 22:30:32
PC-100447,Z-UTT,1.0,auto,2026-07-07 21:04:14
PC-100448,Z-UTT,1.0,auto,2026-07-07 19:03:35
PC-100449,Z-DHN,1.0,auto,2026-07-06 23:52:46
PC-100450,Z-DHN,1.0,auto,2026-07-06 23:30:47
PC-100451,Z-DHN,1.0,auto,2026-07-07 01:21:37
PC-100452,Z-DHN,0.912871,auto,2026-07-06 22:14:58
PC-100453,Z-DHN,1.0,auto,2026-07-06 03:30:40
PC-100454,Z-DHN,1.0,auto,2026-07-06 13:45:02
PC-100455,Z-DHN,1.0,auto,2026-07-07 00:57:10
PC-100456,Z-DHN,1.0,auto,2026-07-06 13:12:17
PC-100457,Z-DHN,1.0,auto,2026-07-06 16:32:11
PC-100458,Z-DHN,1.0,auto,2026-07-06 22:20:38
PC-100459,Z-DHN,1.0,auto,2026-07-06 05:08:59
PC-100460,Z-DHN,1.0,auto,2026-07-06 11:02:06
PC-100461,Z-DHN,0.912871,auto,2026-07-06 22:13:47
PC-100462,Z-DHN,1.0,auto,2026-07-06 08:09:31
PC-100463,Z-DHN,1.0,auto,2026-07-06 06:19:14
PC-100464,Z-DHN,1.0,auto,2026-07-07 00:59:28
PC-100465,Z-DHN,0.912871,auto,2026-07-06 15:30:22
PC-100466,Z-DHN,1.0,auto,2026-07-06 09:16:35
PC-100467,Z-DHN,1.0,auto,2026-07-07 08:32:13
PC-100468,Z-DHN,0.912871,auto,2026-07-07 09:38:37
PC-100469,Z-DHN,1.0,auto,2026-07-05 23:40:12
PC-100470,Z-DHN,1.0,auto,2026-07-06 13:47:11
PC-100471,Z-DHN,0.912871,auto,2026-07-07 00:33:29
PC-100472,Z-DHN,1.0,auto,2026-07-06 17:38:44
PC-100473,Z-DHN,1.0,auto,2026-07-07 05:25:55
PC-100474,Z-DHN,1.0,auto,2026-07-06 22:21:08
PC-100475,Z-DHN,1.0,auto,2026-07-07 08:45:40
PC-100476,Z-DHN,1.0,auto,2026-07-06 08:54:57
PC-100477,Z-DHN,1.0,auto,2026-07-07 01:43:32
PC-100478,Z-DHN,1.0,auto,2026-07-06 21:41:04
PC-100479,Z-DHN,0.912871,auto,2026-07-06 15:03:37
PC-100480,Z-DHN,1.0,auto,2026-07-07 11:54:38
PC-100481,Z-DHN,1.0,auto,2026-07-06 11:02:54
PC-100482,Z-DHN,1.0,auto,2026-07-07 08:01:44
PC-100483,Z-DHN,1.0,auto,2026-07-06 14:30:14
PC-100484,Z-DHN,1.0,auto,2026-07-06 21:07:20
PC-100485,Z-DHN,1.0,auto,2026-07-06 15:19:52
PC-100486,Z-DHN,1.0,auto,2026-07-06 15:10:21
PC-100487,Z-DHN,1.0,auto,2026-07-06 06:40:09
PC-100488,Z-DHN,0.912871,auto,2026-07-06 17:35:08
PC-100489,Z-DHN,1.0,auto,2026-07-06 11:48:46
PC-100490,Z-DHN,1.0,auto,2026-07-07 03:50:29
PC-100491,Z-DHN,1.0,auto,2026-07-06 12:00:21
PC-100492,Z-DHN,1.0,auto,2026-07-07 00:29:04
PC-100493,Z-DHN,1.0,auto,2026-07-07 04:44:04
PC-100494,Z-DHN,1.0,auto,2026-07-06 01:55:59
PC-100495,Z-DHN,1.0,auto,2026-07-07 02:05:17
PC-100496,Z-DHN,1.0,auto,2026-07-07 05:57:26
PC-100497,Z-DHN,1.0,auto,2026-07-06 11:09:36
PC-100498,Z-DHN,0.912871,auto,2026-07-06 14:07:27
PC-100499,Z-DHN,1.0,auto,2026-07-07 00:26:24
PC-100500,Z-DHN,0.912871,auto,2026-07-06 19:36:42
PC-100501,Z-DHN,1.0,auto,2026-07-06 08:15:21
PC-100502,Z-DHN,1.0,auto,2026-07-06 05:00:35
PC-100503,Z-DHN,1.0,auto,2026-07-07 06:19:58
PC-100504,Z-DHN,1.0,auto,2026-07-07 08:56:44
PC-100505,Z-DHN,1.0,auto,2026-07-07 03:52:17
PC-100506,Z-DHN,1.0,auto,2026-07-06 23:59:36
PC-100507,Z-DHN,1.0,auto,2026-07-06 03:51:43
PC-100508,Z-DHN,1.0,auto,2026-07-06 07:57:40
PC-100509,Z-DHN,1.0,auto,2026-07-06 12:02:54
PC-100510,Z-DHN,1.0,auto,2026-07-06 13:39:15
PC-100511,Z-DHN,1.0,auto,2026-07-06 19:42:20
PC-100512,Z-DHN,1.0,auto,2026-07-06 21:10:42
PC-100513,Z-DHN,1.0,auto,2026-07-07 08:06:32
PC-100514,Z-DHN,1.0,auto,2026-07-06 15:34:47
PC-100515,Z-DHN,1.0,auto,2026-07-06 22:25:56
PC-100516,Z-DHN,1.0,auto,2026-07-06 16:22:54
PC-100517,Z-DHN,1.0,auto,2026-07-06 14:44:27
PC-100518,Z-DHN,0.912871,auto,2026-07-06 05:53:56
PC-100519,Z-DHN,1.0,auto,2026-07-06 13:39:04
PC-100520,Z-DHN,1.0,auto,2026-07-06 04:58:56
PC-100521,Z-DHN,1.0,auto,2026-07-06 19:29:45
PC-100522,Z-DHN,1.0,auto,2026-07-06 10:26:23
PC-100523,Z-DHN,1.0,auto,2026-07-07 00:11:11
PC-100524,Z-DHN,0.912871,auto,2026-07-06 06:55:46
PC-100525,Z-DHN,1.0,auto,2026-07-07 09:42:18
PC-100526,Z-DHN,1.0,auto,2026-07-07 08:08:34
PC-100527,Z-DHN,1.0,auto,2026-07-06 20:48:36
PC-100528,Z-DHN,1.0,auto,2026-07-06 15:57:44
PC-100529,Z-DHN,1.0,auto,2026-07-06 12:18:51
PC-100530,Z-DHN,1.0,auto,2026-07-06 10:40:14
PC-100531,Z-DHN,1.0,auto,2026-07-07 07:53:36
PC-100532,Z-DHN,1.0,auto,2026-07-07 03:22:26
PC-100533,Z-DHN,1.0,auto,2026-07-06 16:04:08
PC-100534,Z-DHN,1.0,auto,2026-07-06 20:48:09
PC-100535,Z-DHN,1.0,auto,2026-07-06 06:48:56
PC-100536,Z-DHN,1.0,auto,2026-07-07 03:58:30
PC-100537,Z-DHN,1.0,auto,2026-07-06 17:51:41
PC-100538,Z-DHN,1.0,auto,2026-07-07 13:43:10
PC-100539,Z-DHN,1.0,auto,2026-07-06 15:28:09
PC-100540,Z-DHN,1.0,auto,2026-07-07 06:32:46
PC-100541,Z-DHN,1.0,auto,2026-07-06 06:58:33
PC-100542,Z-DHN,0.912871,auto,2026-07-07 10:02:05
PC-100543,Z-DHN,1.0,auto,2026-07-06 20:07:54
PC-100544,Z-DHN,1.0,auto,2026-07-06 10:47:52
PC-100545,Z-DHN,1.0,auto,2026-07-06 21:40:01
PC-100546,Z-DHN,1.0,auto,2026-07-06 19:01:51
PC-100547,Z-DHN,1.0,auto,2026-07-07 07:39:42
PC-100548,Z-DHN,0.912871,auto,2026-07-06 15:39:58
PC-100549,Z-DHN,1.0,auto,2026-07-07 01:00:40
PC-100550,Z-DHN,1.0,auto,2026-07-07 08:32:45
PC-100551,Z-DHN,1.0,auto,2026-07-06 16:22:34
PC-100552,Z-DHN,1.0,auto,2026-07-07 13:05:26
PC-100553,Z-DHN,1.0,auto,2026-07-07 06:00:19
PC-100554,Z-DHN,0.912871,auto,2026-07-07 06:51:01
PC-100555,Z-DHN,1.0,auto,2026-07-06 17:22:58
PC-100556,Z-DHN,1.0,auto,2026-07-06 18:01:38
PC-100557,Z-DHN,1.0,auto,2026-07-06 14:00:22
PC-100558,Z-DHN,1.0,auto,2026-07-06 05:43:22
PC-100559,Z-DHN,1.0,auto,2026-07-07 05:23:52
PC-100560,Z-DHN,1.0,auto,2026-07-06 04:23:21
PC-100561,Z-DHN,1.0,auto,2026-07-06 18:12:45
PC-100562,Z-DHN,1.0,auto,2026-07-07 00:13:20
PC-100563,Z-DHN,1.0,auto,2026-07-06 17:43:09
PC-100564,Z-DHN,1.0,auto,2026-07-05 21:22:10
PC-100565,Z-DHN,1.0,auto,2026-07-06 05:17:18
PC-100566,Z-DHN,1.0,auto,2026-07-06 11:02:02
PC-100567,Z-DHN,0.912871,auto,2026-07-06 08:49:34
PC-100568,Z-DHN,1.0,auto,2026-07-06 22:44:10
PC-100569,Z-DHN,1.0,auto,2026-07-07 02:06:44
PC-100570,Z-DHN,0.912871,auto,2026-07-05 23:32:28
PC-100571,Z-DHN,1.0,auto,2026-07-06 15:49:13
PC-100572,Z-DHN,1.0,auto,2026-07-07 02:12:10
PC-100573,Z-DHN,1.0,auto,2026-07-07 08:00:14
PC-100574,Z-DHN,0.912871,auto,2026-07-07 08:45:30
PC-100575,Z-DHN,1.0,auto,2026-07-07 15:22:34
PC-100576,Z-DHN,1.0,auto,2026-07-06 23:47:58
PC-100577,Z-DHN,1.0,auto,2026-07-07 07:51:58
PC-100578,Z-DHN,1.0,auto,2026-07-07 08:32:33
PC-100579,Z-DHN,1.0,auto,2026-07-07 05:44:48
PC-100580,Z-DHN,1.0,auto,2026-07-07 09:46:45
PC-100581,Z-DHN,1.0,auto,2026-07-07 13:02:10
PC-100582,Z-DHN,1.0,auto,2026-07-07 10:51:29
PC-100583,Z-DHN,1.0,auto,2026-07-07 09:31:44
PC-100584,Z-DHN,0.912871,auto,2026-07-07 10:26:05
PC-100585,Z-DHN,1.0,auto,2026-07-07 04:56:41
PC-100586,Z-DHN,1.0,auto,2026-07-07 14:05:55
PC-100587,Z-DHN,1.0,auto,2026-07-07 17:01:25
PC-100588,Z-DHN,1.0,auto,2026-07-07 11:19:23
PC-100589,Z-DHN,1.0,auto,2026-07-07 06:47:11
PC-100590,Z-DHN,1.0,auto,2026-07-07 10:28:43
PC-100591,Z-DHN,1.0,auto,2026-07-07 05:19:09
PC-100592,Z-DHN,1.0,auto,2026-07-07 05:36:40
PC-100593,Z-DHN,1.0,auto,2026-07-07 11:17:31
PC-100594,Z-DHN,1.0,auto,2026-07-07 10:57:22
PC-100595,Z-DHN,1.0,auto,2026-07-07 14:35:28
PC-100596,Z-DHN,0.912871,auto,2026-07-07 11:25:10
PC-100597,Z-DHN,1.0,auto,2026-07-07 15:37:21
PC-100598,Z-DHN,1.0,auto,2026-07-07 21:10:11
PC-100599,Z-DHN,1.0,auto,2026-07-07 20:08:56
PC-100600,Z-DHN,1.0,auto,2026-07-08 04:39:32
PC-100601,Z-DHN,1.0,auto,2026-07-07 10:06:56
PC-100602,Z-DHN,0.912871,auto,2026-07-07 12:23:48
PC-100603,Z-DHN,1.0,auto,2026-07-08 00:28:16
PC-100604,Z-DHN,1.0,auto,2026-07-08 03:32:37
PC-100605,Z-DHN,0.912871,auto,2026-07-08 08:49:57
PC-100606,Z-DHN,1.0,auto,2026-07-07 16:48:02
PC-100607,Z-DHN,1.0,auto,2026-07-07 10:07:21
PC-100608,Z-DHN,0.912871,auto,2026-07-08 00:01:21
PC-100609,Z-DHN,1.0,auto,2026-07-08 02:26:05
PC-100610,Z-DHN,1.0,auto,2026-07-08 08:28:47
PC-100611,Z-DHN,1.0,auto,2026-07-08 02:12:04
PC-100612,Z-DHN,1.0,auto,2026-07-07 21:14:30
PC-100613,Z-DHN,1.0,auto,2026-07-07 07:22:23
PC-100614,Z-DHN,1.0,auto,2026-07-07 18:28:27
PC-100615,Z-DHN,1.0,auto,2026-07-08 01:59:17
PC-100616,Z-DHN,1.0,auto,2026-07-07 09:11:32
PC-100617,Z-DHN,1.0,auto,2026-07-07 19:28:26
PC-100618,Z-DHN,1.0,auto,2026-07-07 21:41:52
PC-100619,Z-DHN,1.0,auto,2026-07-07 11:54:23
PC-100620,Z-DHN,1.0,auto,2026-07-08 02:08:44
PC-100621,Z-DHN,1.0,auto,2026-07-07 12:50:41
PC-100622,Z-DHN,1.0,auto,2026-07-07 10:35:56
PC-100623,Z-DHN,1.0,auto,2026-07-03 03:32:23
PC-100624,Z-DHN,1.0,auto,2026-07-01 20:59:53
PC-100625,Z-DHN,1.0,auto,2026-07-02 22:40:19
PC-100626,Z-DHN,1.0,auto,2026-07-03 18:53:58
PC-100627,Z-DHN,1.0,auto,2026-07-03 01:22:05
PC-100628,Z-DHN,1.0,auto,2026-07-03 06:06:22
PC-100629,Z-DHN,1.0,auto,2026-07-03 05:14:15
PC-100630,Z-DHN,0.912871,auto,2026-07-03 16:18:04
PC-100631,Z-DHN,1.0,auto,2026-07-02 03:28:20
PC-100632,Z-DHN,1.0,auto,2026-07-03 08:41:41
PC-100633,Z-DHN,1.0,auto,2026-07-02 22:26:43
PC-100634,Z-DHN,1.0,auto,2026-07-02 19:36:24
PC-100635,Z-DHN,1.0,auto,2026-07-03 01:33:46
PC-100636,Z-DHN,1.0,auto,2026-07-03 15:18:21
PC-100637,Z-DHN,1.0,auto,2026-07-03 13:46:45
PC-100638,Z-DHN,1.0,auto,2026-07-02 12:12:02
PC-100639,Z-DHN,1.0,auto,2026-07-02 13:31:17
PC-100640,Z-DHN,1.0,auto,2026-07-03 12:24:46
PC-100641,Z-DHN,1.0,auto,2026-07-03 10:27:26
PC-100642,Z-DHN,1.0,auto,2026-07-02 01:45:27
PC-100643,Z-DHN,1.0,auto,2026-07-02 22:20:37
PC-100644,Z-DHN,1.0,auto,2026-07-02 10:02:41
PC-100645,Z-DHN,1.0,auto,2026-07-02 17:18:40
PC-100646,Z-DHN,1.0,auto,2026-07-01 21:49:36
PC-100647,Z-DHN,1.0,auto,2026-07-02 06:48:32
PC-100648,Z-DHN,1.0,auto,2026-07-03 06:04:50
PC-100649,Z-DHN,1.0,auto,2026-07-02 09:51:45
PC-100650,Z-DHN,1.0,auto,2026-07-02 03:07:25
PC-100651,Z-DHN,1.0,auto,2026-07-02 19:28:40
PC-100652,Z-DHN,1.0,auto,2026-07-03 06:45:28
PC-100653,Z-DHN,1.0,auto,2026-07-03 04:30:02
PC-100654,Z-DHN,1.0,auto,2026-07-02 13:17:27
PC-100655,Z-DHN,1.0,auto,2026-07-02 07:04:34
PC-100656,Z-DHN,1.0,auto,2026-07-02 09:14:00
PC-100657,Z-DHN,1.0,auto,2026-07-02 07:19:33
PC-100658,Z-DHN,1.0,auto,2026-07-03 14:37:55
PC-100659,Z-DHN,0.912871,auto,2026-07-02 14:40:49
PC-100660,Z-DHN,1.0,auto,2026-07-03 02:34:54
PC-100661,Z-DHN,1.0,auto,2026-07-03 06:58:20
PC-100662,Z-DHN,1.0,auto,2026-07-02 14:37:36
PC-100663,Z-DHN,0.912871,auto,2026-07-02 22:38:43
PC-100664,Z-DHN,1.0,auto,2026-07-02 15:07:39
PC-100665,Z-DHN,1.0,auto,2026-07-02 06:10:48
PC-100666,Z-DHN,1.0,auto,2026-07-02 11:41:44
PC-100667,Z-DHN,1.0,auto,2026-07-01 23:08:03
PC-100668,Z-DHN,1.0,auto,2026-07-03 03:06:44
PC-100669,Z-DHN,1.0,auto,2026-07-01 04:09:16
PC-100670,Z-DHN,1.0,auto,2026-07-02 12:51:32
PC-100671,Z-DHN,1.0,auto,2026-07-03 14:20:36
PC-100672,Z-DHN,1.0,auto,2026-07-03 07:08:03
PC-100673,Z-DHN,1.0,auto,2026-07-01 23:01:02
PC-100674,Z-DHN,1.0,auto,2026-07-03 05:20:31
PC-100675,Z-DHN,1.0,auto,2026-07-03 16:04:38
PC-100676,Z-DHN,1.0,auto,2026-07-02 01:27:27
PC-100677,Z-DHN,1.0,auto,2026-07-02 20:19:41
PC-100678,Z-DHN,1.0,auto,2026-07-03 13:07:37
PC-100679,Z-DHN,1.0,auto,2026-07-02 08:59:15
PC-100680,Z-DHN,1.0,auto,2026-07-02 17:03:00
PC-100681,Z-DHN,1.0,auto,2026-07-02 20:14:03
PC-100682,Z-DHN,1.0,auto,2026-07-02 17:55:54
PC-100683,Z-DHN,1.0,auto,2026-07-02 03:14:28
PC-100684,Z-DHN,1.0,auto,2026-07-03 07:00:18
PC-100685,Z-DHN,1.0,auto,2026-07-02 12:08:02
PC-100686,Z-DHN,1.0,auto,2026-07-03 06:43:49
PC-100687,Z-DHN,1.0,auto,2026-07-03 13:58:07
PC-100688,Z-DHN,1.0,auto,2026-07-03 14:06:33
PC-100689,Z-DHN,1.0,auto,2026-07-03 14:17:04
PC-100690,Z-DHN,1.0,auto,2026-07-03 00:13:23
PC-100691,Z-DHN,1.0,auto,2026-07-02 09:08:18
PC-100692,Z-DHN,1.0,auto,2026-07-03 02:20:19
PC-100693,Z-DHN,1.0,auto,2026-07-02 08:49:28
PC-100694,Z-DHN,1.0,auto,2026-07-02 06:12:50
PC-100695,Z-DHN,1.0,auto,2026-07-03 08:40:37
PC-100696,Z-DHN,1.0,auto,2026-07-03 12:51:08
PC-100697,Z-DHN,1.0,auto,2026-07-03 20:54:06
PC-100698,Z-DHN,1.0,auto,2026-07-02 02:10:50
PC-100699,Z-DHN,1.0,auto,2026-07-03 00:49:51
PC-100700,Z-DHN,1.0,auto,2026-07-02 22:26:39
PC-100701,Z-DHN,1.0,auto,2026-07-03 08:08:26
PC-100702,Z-DHN,1.0,auto,2026-07-03 10:44:44
PC-100703,Z-DHN,1.0,auto,2026-07-03 14:10:05
PC-100704,Z-DHN,1.0,auto,2026-07-03 15:12:50
PC-100705,Z-DHN,1.0,auto,2026-07-01 22:34:10
PC-100706,Z-DHN,1.0,auto,2026-07-02 02:42:53
PC-100707,Z-DHN,1.0,auto,2026-07-03 06:52:02
PC-100708,Z-DHN,1.0,auto,2026-07-02 21:16:56
PC-100709,Z-DHN,1.0,auto,2026-07-02 16:47:45
PC-100710,Z-DHN,1.0,auto,2026-07-02 00:58:28
PC-100711,Z-DHN,1.0,auto,2026-07-03 01:08:31
PC-100712,Z-DHN,1.0,auto,2026-07-03 13:09:44
PC-100713,Z-DHN,1.0,auto,2026-07-02 23:31:35
PC-100714,Z-DHN,1.0,auto,2026-07-03 12:11:52
PC-100715,Z-DHN,1.0,auto,2026-07-02 13:09:31
PC-100716,Z-DHN,1.0,auto,2026-07-02 11:36:40
PC-100717,Z-DHN,1.0,auto,2026-07-03 08:48:48
PC-100718,Z-DHN,1.0,auto,2026-07-03 09:15:58
PC-100719,Z-DHN,1.0,auto,2026-07-02 10:57:32
PC-100720,Z-DHN,1.0,auto,2026-07-02 23:28:26
PC-100721,Z-DHN,1.0,auto,2026-07-02 08:03:10
PC-100722,Z-DHN,1.0,auto,2026-07-02 23:46:36
PC-100723,Z-DHN,1.0,auto,2026-07-03 10:28:18
PC-100724,Z-DHN,0.912871,auto,2026-07-03 14:05:44
PC-100725,Z-DHN,1.0,auto,2026-07-03 14:50:36
PC-100726,Z-DHN,1.0,auto,2026-07-02 22:13:26
PC-100727,Z-DHN,1.0,auto,2026-07-03 08:05:48
PC-100728,Z-DHN,0.912871,auto,2026-07-02 00:52:08
PC-100729,Z-DHN,1.0,auto,2026-07-02 11:31:15
PC-100730,Z-DHN,1.0,auto,2026-07-03 15:32:15
PC-100731,Z-DHN,1.0,auto,2026-07-02 02:58:44
PC-100732,Z-DHN,1.0,auto,2026-07-01 23:25:45
PC-100733,Z-DHN,1.0,auto,2026-07-02 03:36:07
PC-100734,Z-DHN,1.0,auto,2026-07-03 00:16:39
PC-100735,Z-DHN,1.0,auto,2026-07-02 23:55:44
PC-100736,Z-DHN,1.0,auto,2026-07-03 09:47:24
PC-100737,Z-DHN,1.0,auto,2026-07-02 06:25:43
PC-100738,Z-DHN,1.0,auto,2026-07-03 14:12:28
PC-100739,Z-DHN,1.0,auto,2026-07-03 15:02:38
PC-100740,Z-DHN,1.0,auto,2026-07-02 02:13:09
PC-100741,Z-DHN,1.0,auto,2026-07-02 20:02:54
PC-100742,Z-DHN,1.0,auto,2026-07-02 05:32:34
PC-100743,Z-DHN,1.0,auto,2026-07-03 17:52:43
PC-100744,Z-DHN,1.0,auto,2026-07-02 18:56:17
PC-100745,Z-DHN,1.0,auto,2026-07-03 12:41:41
PC-100746,Z-DHN,1.0,auto,2026-07-02 14:43:41
PC-100747,Z-DHN,1.0,auto,2026-07-02 02:00:56
PC-100748,Z-DHN,1.0,auto,2026-07-02 08:39:05
PC-100749,Z-DHN,1.0,auto,2026-07-03 05:10:26
PC-100750,Z-DHN,1.0,auto,2026-07-02 17:01:05
PC-100751,Z-DHN,1.0,auto,2026-07-04 05:49:41
PC-100752,Z-DHN,1.0,auto,2026-07-04 08:15:48
PC-100753,Z-DHN,1.0,auto,2026-07-03 19:05:15
PC-100754,Z-DHN,1.0,auto,2026-07-03 15:43:01
PC-100755,Z-DHN,1.0,auto,2026-07-03 16:20:53
PC-100756,Z-DHN,1.0,auto,2026-07-04 02:21:04
PC-100757,Z-DHN,1.0,auto,2026-07-03 10:28:27
PC-100758,Z-DHN,1.0,auto,2026-07-04 11:49:38
PC-100759,Z-DHN,1.0,auto,2026-07-03 16:02:27
PC-100760,Z-DHN,1.0,auto,2026-07-03 21:43:41
PC-100761,Z-DHN,1.0,auto,2026-07-04 01:17:46
PC-100762,Z-DHN,0.912871,auto,2026-07-03 14:41:38
PC-100763,Z-DHN,1.0,auto,2026-07-03 20:52:22
PC-100764,Z-DHN,1.0,auto,2026-07-04 09:45:06
PC-100765,Z-DHN,1.0,auto,2026-07-03 10:09:25
PC-100766,Z-DHN,1.0,auto,2026-07-04 05:01:23
PC-100767,Z-DHN,1.0,auto,2026-07-03 22:18:22
PC-100768,Z-DHN,1.0,auto,2026-07-03 21:54:52
PC-100769,Z-DHN,1.0,auto,2026-07-03 17:30:52
PC-100770,Z-DHN,1.0,auto,2026-07-03 12:09:01
PC-100771,Z-DHN,1.0,auto,2026-07-03 14:17:09
PC-100772,Z-DHN,1.0,auto,2026-07-04 03:36:43
PC-100773,Z-DHN,1.0,auto,2026-07-04 06:56:47
PC-100774,Z-DHN,1.0,auto,2026-07-03 14:20:45
PC-100775,Z-DHN,1.0,auto,2026-07-04 05:19:39
PC-100776,Z-DHN,1.0,auto,2026-07-03 23:46:23
PC-100777,Z-DHN,1.0,auto,2026-07-04 05:23:49
PC-100778,Z-DHN,1.0,auto,2026-07-03 20:25:03
PC-100779,Z-DHN,1.0,auto,2026-07-03 15:52:30
PC-100780,Z-DHN,1.0,auto,2026-07-03 18:50:45
PC-100781,Z-DHN,1.0,auto,2026-07-03 18:24:20
PC-100782,Z-DHN,1.0,auto,2026-07-03 07:35:37
PC-100783,Z-DHN,1.0,auto,2026-07-03 03:02:44
PC-100784,Z-DHN,0.912871,auto,2026-07-03 04:43:54
PC-100785,Z-DHN,1.0,auto,2026-07-03 09:21:22
PC-100786,Z-DHN,1.0,auto,2026-07-04 18:48:57
PC-100787,Z-DHN,1.0,auto,2026-07-04 09:22:38
PC-100788,Z-DHN,0.912871,auto,2026-07-04 09:00:24
PC-100789,Z-DHN,1.0,auto,2026-07-03 04:41:36
PC-100790,Z-DHN,1.0,auto,2026-07-04 12:28:25
PC-100791,Z-DHN,1.0,auto,2026-07-03 17:48:19
PC-100792,Z-DHN,1.0,auto,2026-07-03 19:29:15
PC-100793,Z-DHN,1.0,auto,2026-07-04 09:29:04
PC-100794,Z-DHN,1.0,auto,2026-07-04 01:43:48
PC-100795,Z-DHN,1.0,auto,2026-07-03 11:57:19
PC-100796,Z-DHN,1.0,auto,2026-07-03 01:23:06
PC-100797,Z-DHN,1.0,auto,2026-07-03 22:12:31
PC-100798,Z-DHN,1.0,auto,2026-07-04 11:23:01
PC-100799,Z-DHN,1.0,auto,2026-07-04 01:42:21
PC-100800,Z-DHN,1.0,auto,2026-07-03 05:34:53
PC-100801,Z-DHN,1.0,auto,2026-07-04 00:43:47
PC-100802,Z-DHN,1.0,auto,2026-07-03 06:44:09
PC-100803,Z-DHN,1.0,auto,2026-07-04 07:25:46
PC-100804,Z-DHN,1.0,auto,2026-07-04 15:56:49
PC-100805,Z-DHN,1.0,auto,2026-07-03 02:52:57
PC-100806,Z-DHN,1.0,auto,2026-07-03 22:21:43
PC-100807,Z-DHN,1.0,auto,2026-07-04 05:40:09
PC-100808,Z-DHN,1.0,auto,2026-07-04 00:23:36
PC-100809,Z-DHN,1.0,auto,2026-07-03 13:16:32
PC-100810,Z-DHN,0.912871,auto,2026-07-04 17:08:51
PC-100811,Z-DHN,1.0,auto,2026-07-03 23:10:08
PC-100812,Z-DHN,1.0,auto,2026-07-03 22:41:11
PC-100813,Z-DHN,1.0,auto,2026-07-02 22:08:51
PC-100814,Z-DHN,1.0,auto,2026-07-03 16:24:17
PC-100815,Z-DHN,1.0,auto,2026-07-04 18:37:08
PC-100816,Z-DHN,1.0,auto,2026-07-04 19:47:30
PC-100817,Z-DHN,1.0,auto,2026-07-03 17:38:37
PC-100818,Z-DHN,1.0,auto,2026-07-04 09:06:33
PC-100819,Z-DHN,1.0,auto,2026-07-04 17:34:36
PC-100820,Z-DHN,1.0,auto,2026-07-03 15:34:34
PC-100821,Z-DHN,1.0,auto,2026-07-03 01:22:57
PC-100822,Z-DHN,1.0,auto,2026-07-03 11:18:04
PC-100823,Z-DHN,1.0,auto,2026-07-03 05:19:57
PC-100824,Z-DHN,1.0,auto,2026-07-04 17:52:02
PC-100825,Z-DHN,1.0,auto,2026-07-03 05:23:57
PC-100826,Z-DHN,1.0,auto,2026-07-04 19:00:26
PC-100827,Z-DHN,1.0,auto,2026-07-03 22:48:53
PC-100828,Z-DHN,1.0,auto,2026-07-03 03:56:19
PC-100829,Z-DHN,1.0,auto,2026-07-03 17:32:08
PC-100830,Z-DHN,1.0,auto,2026-07-04 11:25:04
PC-100831,Z-DHN,1.0,auto,2026-07-03 08:41:40
PC-100832,Z-DHN,1.0,auto,2026-07-04 05:06:00
PC-100833,Z-DHN,1.0,auto,2026-07-03 12:58:13
PC-100834,Z-DHN,1.0,auto,2026-07-03 02:18:17
PC-100835,Z-DHN,1.0,auto,2026-07-03 08:34:23
PC-100836,Z-DHN,1.0,auto,2026-07-04 04:46:02
PC-100837,Z-DHN,1.0,auto,2026-07-03 06:23:31
PC-100838,Z-DHN,1.0,auto,2026-07-03 17:36:29
PC-100839,Z-DHN,1.0,auto,2026-07-03 06:02:13
PC-100840,Z-DHN,1.0,auto,2026-07-04 17:45:29
PC-100841,Z-DHN,1.0,auto,2026-07-03 16:27:13
PC-100842,Z-DHN,1.0,auto,2026-07-03 09:33:25
PC-100843,Z-DHN,1.0,auto,2026-07-04 13:27:35
PC-100844,Z-DHN,1.0,auto,2026-07-04 19:23:43
PC-100845,Z-DHN,0.912871,auto,2026-07-02 23:44:03
PC-100846,Z-DHN,1.0,auto,2026-07-03 22:56:34
PC-100847,Z-DHN,0.912871,auto,2026-07-04 15:01:35
PC-100848,Z-DHN,0.912871,auto,2026-07-03 08:51:30
PC-100849,Z-DHN,1.0,auto,2026-07-04 12:50:45
PC-100850,Z-DHN,0.912871,auto,2026-07-03 15:57:23
PC-100851,Z-DHN,1.0,auto,2026-07-03 02:39:58
PC-100852,Z-DHN,1.0,auto,2026-07-03 21:47:02
PC-100853,Z-DHN,0.912871,auto,2026-07-03 19:11:15
PC-100854,Z-DHN,1.0,auto,2026-07-03 11:06:21
PC-100855,Z-DHN,1.0,auto,2026-07-03 16:44:24
PC-100856,Z-DHN,1.0,auto,2026-07-05 05:46:00
PC-100857,Z-DHN,1.0,auto,2026-07-03 20:32:53
PC-100858,Z-DHN,1.0,auto,2026-07-04 02:20:38
PC-100859,Z-DHN,1.0,auto,2026-07-04 15:00:08
PC-100860,Z-DHN,1.0,auto,2026-07-04 11:07:10
PC-100861,Z-DHN,1.0,auto,2026-07-04 03:56:23
PC-100862,Z-DHN,1.0,auto,2026-07-03 04:01:47
PC-100863,Z-DHN,1.0,auto,2026-07-03 22:00:25
PC-100864,Z-DHN,0.912871,auto,2026-07-03 16:31:25
PC-100865,Z-DHN,0.912871,auto,2026-07-04 10:56:49
PC-100866,Z-DHN,1.0,auto,2026-07-03 02:33:52
PC-100867,Z-DHN,1.0,auto,2026-07-04 12:23:02
PC-100868,Z-DHN,1.0,auto,2026-07-03 02:21:12
PC-100869,Z-DHN,1.0,auto,2026-07-04 08:50:46
PC-100870,Z-DHN,1.0,auto,2026-07-03 22:33:03
PC-100871,Z-DHN,1.0,auto,2026-07-03 17:24:11
PC-100872,Z-DHN,1.0,auto,2026-07-03 02:40:33
PC-100873,Z-DHN,1.0,auto,2026-07-03 23:31:01
PC-100874,Z-DHN,1.0,auto,2026-07-04 07:54:49
PC-100875,Z-DHN,1.0,auto,2026-07-03 09:57:35
PC-100876,Z-DHN,1.0,auto,2026-07-03 09:54:25
PC-100877,Z-DHN,1.0,auto,2026-07-03 02:18:53
PC-100878,Z-DHN,1.0,auto,2026-07-03 20:02:45
PC-100879,Z-DHN,0.912871,auto,2026-07-04 16:37:43
PC-100880,Z-DHN,1.0,auto,2026-07-04 07:16:44
PC-100881,Z-DHN,1.0,auto,2026-07-03 15:09:49
PC-100882,Z-DHN,1.0,auto,2026-07-03 22:44:24
PC-100883,Z-DHN,1.0,auto,2026-07-03 13:52:48
PC-100884,Z-DHN,1.0,auto,2026-07-03 19:28:18
PC-100885,Z-DHN,0.912871,auto,2026-07-03 16:45:21
PC-100886,Z-DHN,1.0,auto,2026-07-04 08:56:10
PC-100887,Z-DHN,1.0,auto,2026-07-03 07:13:39
PC-100888,Z-DHN,1.0,auto,2026-07-04 05:09:11
PC-100889,Z-DHN,1.0,auto,2026-07-04 07:30:31
PC-100890,Z-DHN,1.0,auto,2026-07-04 00:38:56
PC-100891,Z-DHN,1.0,auto,2026-07-04 16:14:44
PC-100892,Z-DHN,1.0,auto,2026-07-03 05:06:56
PC-100893,Z-DHN,1.0,auto,2026-07-04 05:06:22
PC-100894,Z-DHN,1.0,auto,2026-07-04 00:38:21
PC-100895,Z-DHN,1.0,auto,2026-07-04 05:57:58
PC-100896,Z-DHN,1.0,auto,2026-07-03 11:52:23
PC-100897,Z-DHN,1.0,auto,2026-07-04 14:59:01
PC-100898,Z-DHN,1.0,auto,2026-07-04 05:52:51
PC-100899,Z-DHN,1.0,auto,2026-07-04 13:05:46
PC-100900,Z-DHN,1.0,auto,2026-07-03 06:07:18
PC-100901,Z-DHN,1.0,auto,2026-07-04 05:38:09
PC-100902,Z-DHN,1.0,auto,2026-07-04 12:04:36
PC-100903,Z-DHN,1.0,auto,2026-07-02 23:07:48
PC-100904,Z-DHN,0.912871,auto,2026-07-03 15:53:44
PC-100905,Z-DHN,0.912871,auto,2026-07-04 14:19:32
PC-100906,Z-DHN,0.912871,auto,2026-07-04 21:04:32
PC-100907,Z-DHN,1.0,auto,2026-07-04 14:45:28
PC-100908,Z-DHN,1.0,auto,2026-07-05 00:51:50
PC-100909,Z-DHN,1.0,auto,2026-07-05 05:33:22
PC-100910,Z-DHN,1.0,auto,2026-07-04 03:55:33
PC-100911,Z-DHN,1.0,auto,2026-07-05 04:14:56
PC-100912,Z-DHN,1.0,auto,2026-07-04 23:38:03
PC-100913,Z-DHN,0.912871,auto,2026-07-04 21:38:54
PC-100914,Z-DHN,1.0,auto,2026-07-04 15:24:19
PC-100915,Z-DHN,1.0,auto,2026-07-05 03:32:33
PC-100916,Z-DHN,1.0,auto,2026-07-04 12:04:48
PC-100917,Z-DHN,1.0,auto,2026-07-04 23:36:05
PC-100918,Z-DHN,1.0,auto,2026-07-05 09:07:51
PC-100919,Z-DHN,1.0,auto,2026-07-04 12:13:52
PC-100920,Z-DHN,1.0,auto,2026-07-04 21:15:38
PC-100921,Z-DHN,1.0,auto,2026-07-04 10:56:14
PC-100922,Z-DHN,1.0,auto,2026-07-04 22:24:50
PC-100923,Z-DHN,1.0,auto,2026-07-05 01:56:46
PC-100924,Z-DHN,1.0,auto,2026-07-05 08:05:28
PC-100925,Z-DHN,1.0,auto,2026-07-05 07:40:55
PC-100926,Z-DHN,0.912871,auto,2026-07-05 09:49:43
PC-100927,Z-DHN,1.0,auto,2026-07-05 08:57:25
PC-100928,Z-DHN,1.0,auto,2026-07-04 07:57:18
PC-100929,Z-DHN,1.0,auto,2026-07-04 10:51:00
PC-100930,Z-DHN,1.0,auto,2026-07-04 15:55:08
PC-100931,Z-DHN,1.0,auto,2026-07-05 03:52:08
PC-100932,Z-DHN,1.0,auto,2026-07-04 22:03:12
PC-100933,Z-DHN,1.0,auto,2026-07-05 15:15:23
PC-100934,Z-DHN,1.0,auto,2026-07-04 22:49:14
PC-100935,Z-DHN,1.0,auto,2026-07-05 03:21:12
PC-100936,Z-DHN,1.0,auto,2026-07-04 03:46:25
PC-100937,Z-DHN,1.0,auto,2026-07-04 03:26:23
PC-100938,Z-DHN,1.0,auto,2026-07-04 14:45:55
PC-100939,Z-DHN,1.0,auto,2026-07-05 10:55:24
PC-100940,Z-DHN,1.0,auto,2026-07-05 07:18:28
PC-100941,Z-DHN,1.0,auto,2026-07-05 12:29:16
PC-100942,Z-DHN,1.0,auto,2026-07-04 00:53:50
PC-100943,Z-DHN,1.0,auto,2026-07-04 19:55:04
PC-100944,Z-DHN,1.0,auto,2026-07-04 22:41:08
PC-100945,Z-DHN,1.0,auto,2026-07-05 13:30:50
PC-100946,Z-DHN,1.0,auto,2026-07-05 12:17:46
PC-100947,Z-DHN,1.0,auto,2026-07-05 13:00:32
PC-100948,Z-DHN,1.0,auto,2026-07-03 23:19:33
PC-100949,Z-DHN,1.0,auto,2026-07-04 16:31:12
PC-100950,Z-DHN,1.0,auto,2026-07-05 10:59:34
PC-100951,Z-DHN,1.0,auto,2026-07-04 17:15:47
PC-100952,Z-DHN,1.0,auto,2026-07-04 23:24:33
PC-100953,Z-DHN,1.0,auto,2026-07-04 16:01:03
PC-100954,Z-DHN,1.0,auto,2026-07-03 21:15:16
PC-100955,Z-DHN,0.912871,auto,2026-07-05 18:27:56
PC-100956,Z-DHN,1.0,auto,2026-07-05 00:30:01
PC-100957,Z-DHN,1.0,auto,2026-07-05 06:37:47
PC-100958,Z-DHN,1.0,auto,2026-07-04 08:50:06
PC-100959,Z-DHN,1.0,auto,2026-07-05 06:27:21
PC-100960,Z-DHN,1.0,auto,2026-07-05 08:33:46
PC-100961,Z-DHN,1.0,auto,2026-07-04 15:43:22
PC-100962,Z-DHN,1.0,auto,2026-07-04 14:37:12
PC-100963,Z-DHN,1.0,auto,2026-07-04 10:53:15
PC-100964,Z-DHN,1.0,auto,2026-07-04 10:39:33
PC-100965,Z-DHN,1.0,auto,2026-07-04 17:43:40
PC-100966,Z-DHN,1.0,auto,2026-07-04 16:58:27
PC-100967,Z-DHN,1.0,auto,2026-07-05 07:50:37
PC-100968,Z-DHN,1.0,auto,2026-07-05 09:51:32
PC-100969,Z-DHN,1.0,auto,2026-07-05 08:28:17
PC-100970,Z-DHN,1.0,auto,2026-07-03 22:30:12
PC-100971,Z-DHN,1.0,auto,2026-07-05 07:07:56
PC-100972,Z-DHN,1.0,auto,2026-07-04 16:49:52
PC-100973,Z-DHN,1.0,auto,2026-07-04 22:44:09
PC-100974,Z-DHN,1.0,auto,2026-07-05 12:41:08
PC-100975,Z-DHN,1.0,auto,2026-07-04 03:43:41
PC-100976,Z-DHN,1.0,auto,2026-07-05 01:26:10
PC-100977,Z-DHN,1.0,auto,2026-07-04 03:02:22
PC-100978,Z-DHN,1.0,auto,2026-07-05 04:18:14
PC-100979,Z-DHN,1.0,auto,2026-07-05 20:03:51
PC-100980,Z-DHN,1.0,auto,2026-07-05 06:16:18
PC-100981,Z-DHN,1.0,auto,2026-07-04 22:59:37
PC-100982,Z-DHN,1.0,auto,2026-07-04 23:36:07
PC-100983,Z-DHN,1.0,auto,2026-07-04 14:28:26
PC-100984,Z-DHN,1.0,auto,2026-07-05 18:29:14
PC-100985,Z-DHN,1.0,auto,2026-07-05 01:45:02
PC-100986,Z-DHN,0.912871,auto,2026-07-05 04:42:08
PC-100987,Z-DHN,1.0,auto,2026-07-04 21:09:13
PC-100988,Z-DHN,1.0,auto,2026-07-04 17:18:02
PC-100989,Z-DHN,1.0,auto,2026-07-05 11:50:36
PC-100990,Z-DHN,1.0,auto,2026-07-05 17:30:06
PC-100991,Z-DHN,0.912871,auto,2026-07-05 07:42:43
PC-100992,Z-DHN,1.0,auto,2026-07-03 23:24:16
PC-100993,Z-DHN,1.0,auto,2026-07-05 06:09:27
PC-100994,Z-DHN,1.0,auto,2026-07-03 21:48:46
PC-100995,Z-DHN,1.0,auto,2026-07-04 17:05:54
PC-100996,Z-DHN,1.0,auto,2026-07-04 23:05:13
PC-100997,Z-DHN,1.0,auto,2026-07-05 07:48:31
PC-100998,Z-DHN,1.0,auto,2026-07-05 04:12:53
PC-100999,Z-DHN,1.0,auto,2026-07-05 10:11:45
PC-101000,Z-DHN,1.0,auto,2026-07-05 00:22:37
PC-101001,Z-DHN,1.0,auto,2026-07-04 19:12:08
PC-101002,Z-DHN,1.0,auto,2026-07-04 12:58:23
PC-101003,Z-DHN,1.0,auto,2026-07-05 16:18:39
PC-101004,Z-DHN,1.0,auto,2026-07-05 01:51:34
PC-101005,Z-DHN,1.0,auto,2026-07-05 07:44:33
PC-101006,Z-DHN,1.0,auto,2026-07-04 16:39:06
PC-101007,Z-DHN,0.912871,auto,2026-07-05 05:40:46
PC-101008,Z-DHN,1.0,auto,2026-07-05 10:52:46
PC-101009,Z-DHN,1.0,auto,2026-07-04 14:34:16
PC-101010,Z-DHN,1.0,auto,2026-07-05 06:32:03
PC-101011,Z-DHN,1.0,auto,2026-07-04 19:28:24
PC-101012,Z-DHN,1.0,auto,2026-07-04 19:23:24
PC-101013,Z-DHN,1.0,auto,2026-07-04 06:04:46
PC-101014,Z-DHN,1.0,auto,2026-07-04 21:14:48
PC-101015,Z-DHN,1.0,auto,2026-07-04 15:35:12
PC-101016,Z-DHN,0.912871,auto,2026-07-05 05:23:06
PC-101017,Z-DHN,1.0,auto,2026-07-05 07:29:58
PC-101018,Z-DHN,1.0,auto,2026-07-04 16:32:43
PC-101019,Z-DHN,1.0,auto,2026-07-05 04:13:51
PC-101020,Z-DHN,1.0,auto,2026-07-05 00:31:44
PC-101021,Z-DHN,1.0,auto,2026-07-04 03:54:58
PC-101022,Z-DHN,1.0,auto,2026-07-04 01:10:45
PC-101023,Z-DHN,1.0,auto,2026-07-04 10:28:26
PC-101024,Z-DHN,1.0,auto,2026-07-04 16:19:17
PC-101025,Z-DHN,0.912871,auto,2026-07-05 00:55:02
PC-101026,Z-DHN,1.0,auto,2026-07-04 13:53:16
PC-101027,Z-DHN,1.0,auto,2026-07-04 21:25:59
PC-101028,Z-DHN,1.0,auto,2026-07-05 21:40:58
PC-101029,Z-DHN,1.0,auto,2026-07-04 10:29:12
PC-101030,Z-DHN,1.0,auto,2026-07-04 11:24:26
PC-101031,Z-DHN,1.0,auto,2026-07-04 22:02:59
PC-101032,Z-DHN,1.0,auto,2026-07-04 01:17:46
PC-101033,Z-DHN,1.0,auto,2026-07-05 06:34:17
PC-101034,Z-DHN,1.0,auto,2026-07-04 02:46:22
PC-101035,Z-DHN,1.0,auto,2026-07-04 11:01:05
PC-101036,Z-DHN,1.0,auto,2026-07-04 02:23:45
PC-101037,Z-DHN,1.0,auto,2026-07-04 15:40:17
PC-101038,Z-DHN,1.0,auto,2026-07-03 20:25:03
PC-101039,Z-DHN,1.0,auto,2026-07-05 06:28:11
PC-101040,Z-DHN,1.0,auto,2026-07-04 12:46:20
PC-101041,Z-DHN,0.912871,auto,2026-07-05 04:25:36
PC-101042,Z-DHN,0.912871,auto,2026-07-04 19:20:19
PC-101043,Z-DHN,1.0,auto,2026-07-05 11:18:03
PC-101044,Z-DHN,1.0,auto,2026-07-04 10:53:20
PC-101045,Z-DHN,1.0,auto,2026-07-04 01:43:30
PC-101046,Z-DHN,1.0,auto,2026-07-04 23:17:30
PC-101047,Z-DHN,1.0,auto,2026-07-04 19:02:18
PC-101048,Z-DHN,1.0,auto,2026-07-04 03:54:59
PC-101049,Z-DHN,1.0,auto,2026-07-05 13:21:44
PC-101050,Z-DHN,1.0,auto,2026-07-04 15:56:29
PC-101051,Z-DHN,1.0,auto,2026-07-05 14:16:02
PC-101052,Z-DHN,1.0,auto,2026-07-05 08:09:07
PC-101053,Z-DHN,0.912871,auto,2026-07-04 07:50:45
PC-101054,Z-DHN,1.0,auto,2026-07-05 23:07:46
PC-101055,Z-DHN,1.0,auto,2026-07-06 09:01:56
PC-101056,Z-DHN,1.0,auto,2026-07-06 04:06:33
PC-101057,Z-DHN,1.0,auto,2026-07-05 12:54:25
PC-101058,Z-DHN,1.0,auto,2026-07-05 14:06:49
PC-101059,Z-DHN,1.0,auto,2026-07-06 10:34:45
PC-101060,Z-DHN,1.0,auto,2026-07-05 17:35:01
PC-101061,Z-DHN,1.0,auto,2026-07-05 15:17:42
PC-101062,Z-DHN,1.0,auto,2026-07-05 13:08:22
PC-101063,Z-DHN,1.0,auto,2026-07-05 13:51:40
PC-101064,Z-DHN,1.0,auto,2026-07-05 15:12:34
PC-101065,Z-DHN,0.912871,auto,2026-07-05 18:38:08
PC-101066,Z-DHN,1.0,auto,2026-07-05 10:39:03
PC-101067,Z-DHN,1.0,auto,2026-07-05 20:32:42
PC-101068,Z-DHN,1.0,auto,2026-07-05 23:47:00
PC-101069,Z-DHN,1.0,auto,2026-07-05 08:52:05
PC-101070,Z-DHN,1.0,auto,2026-07-05 21:03:48
PC-101071,Z-DHN,1.0,auto,2026-07-05 19:54:41
PC-101072,Z-DHN,0.912871,auto,2026-07-06 02:48:35
PC-101073,Z-DHN,1.0,auto,2026-07-05 13:41:56
PC-101074,Z-DHN,1.0,auto,2026-07-05 11:14:23
PC-101075,Z-DHN,1.0,auto,2026-07-06 02:30:10
PC-101076,Z-DHN,1.0,auto,2026-07-05 16:22:23
PC-101077,Z-DHN,0.912871,auto,2026-07-05 22:26:01
PC-101078,Z-MIR,1.0,auto,2026-07-01 17:17:25
PC-101079,Z-MIR,1.0,auto,2026-07-01 17:05:32
PC-101080,Z-MIR,1.0,auto,2026-06-30 07:52:17
PC-101081,Z-MIR,1.0,auto,2026-06-30 15:38:18
PC-101082,Z-MIR,1.0,auto,2026-06-30 10:30:22
PC-101083,Z-MIR,1.0,auto,2026-07-01 03:50:46
PC-101084,Z-MIR,1.0,auto,2026-07-01 09:40:13
PC-101085,Z-MIR,1.0,auto,2026-07-01 19:38:04
PC-101086,Z-MIR,1.0,auto,2026-07-01 20:22:39
PC-101087,Z-MIR,1.0,auto,2026-07-01 11:47:04
PC-101088,Z-MIR,0.894427,auto,2026-06-30 15:06:00
PC-101089,Z-MIR,1.0,auto,2026-06-30 18:02:35
PC-101090,Z-MIR,1.0,auto,2026-07-01 13:24:20
PC-101091,Z-MIR,1.0,auto,2026-06-30 12:26:46
PC-101092,Z-MIR,1.0,auto,2026-07-01 01:12:41
PC-101093,Z-MIR,1.0,auto,2026-06-30 10:14:54
PC-101094,Z-MIR,1.0,auto,2026-07-01 00:41:02
PC-101095,Z-MIR,1.0,auto,2026-06-30 14:50:58
PC-101096,Z-MIR,1.0,auto,2026-07-02 05:49:33
PC-101097,Z-MIR,1.0,auto,2026-07-01 11:23:00
PC-101098,Z-MIR,1.0,auto,2026-06-30 22:17:46
PC-101099,Z-MIR,1.0,auto,2026-06-30 16:05:31
PC-101100,Z-MIR,1.0,auto,2026-07-01 20:42:32
PC-101101,Z-MIR,1.0,auto,2026-06-30 10:26:52
PC-101102,Z-MIR,1.0,auto,2026-06-30 18:36:29
PC-101103,Z-MIR,1.0,auto,2026-06-30 06:39:36
PC-101104,Z-MIR,1.0,auto,2026-07-02 00:52:43
PC-101105,Z-MIR,1.0,auto,2026-06-30 18:18:21
PC-101106,Z-MIR,0.894427,auto,2026-07-02 00:05:01
PC-101107,Z-MIR,1.0,auto,2026-07-01 01:59:52
PC-101108,Z-MIR,1.0,auto,2026-07-01 19:14:00
PC-101109,Z-MIR,1.0,auto,2026-07-01 13:03:00
PC-101110,Z-MIR,1.0,auto,2026-07-01 14:44:08
PC-101111,Z-MIR,1.0,auto,2026-07-01 04:46:53
PC-101112,Z-MIR,1.0,auto,2026-07-01 19:53:07
PC-101113,Z-MIR,1.0,auto,2026-07-01 04:26:20
PC-101114,Z-MIR,1.0,auto,2026-07-01 16:08:12
PC-101115,Z-MIR,0.894427,auto,2026-07-02 05:10:20
PC-101116,Z-MIR,1.0,auto,2026-06-30 13:42:51
PC-101117,Z-MIR,1.0,auto,2026-06-30 16:17:03
PC-101118,Z-MIR,1.0,auto,2026-07-01 11:41:10
PC-101119,Z-MIR,1.0,auto,2026-07-01 20:39:38
PC-101120,Z-MIR,1.0,auto,2026-07-01 12:54:54
PC-101121,Z-MIR,1.0,auto,2026-07-02 06:59:29
PC-101122,Z-MIR,1.0,auto,2026-07-01 21:01:27
PC-101123,Z-MIR,1.0,auto,2026-06-30 14:56:11
PC-101124,Z-MIR,1.0,auto,2026-07-01 02:25:23
PC-101125,Z-MIR,1.0,auto,2026-07-01 04:12:10
PC-101126,Z-MIR,1.0,auto,2026-07-01 14:16:19
PC-101127,Z-MIR,1.0,auto,2026-07-01 06:50:58
PC-101128,Z-MIR,1.0,auto,2026-06-30 20:54:08
PC-101129,Z-MIR,1.0,auto,2026-06-30 18:21:06
PC-101130,Z-MIR,1.0,auto,2026-07-01 17:44:13
PC-101131,Z-MIR,1.0,auto,2026-07-01 08:35:51
PC-101132,Z-MIR,1.0,auto,2026-07-01 11:53:38
PC-101133,Z-MIR,1.0,auto,2026-07-01 08:41:13
PC-101134,Z-MIR,1.0,auto,2026-07-01 10:25:39
PC-101135,Z-MIR,1.0,auto,2026-06-30 22:56:38
PC-101136,Z-MIR,1.0,auto,2026-07-01 22:19:14
PC-101137,Z-MIR,1.0,auto,2026-06-30 13:59:00
PC-101138,Z-MIR,1.0,auto,2026-07-01 08:17:20
PC-101139,Z-MIR,1.0,auto,2026-07-01 12:55:45
PC-101140,Z-MIR,1.0,auto,2026-07-01 07:08:12
PC-101141,Z-MIR,1.0,auto,2026-07-01 10:21:08
PC-101142,Z-MIR,1.0,auto,2026-07-01 19:12:48
PC-101143,Z-MIR,1.0,auto,2026-07-01 04:27:37
PC-101144,Z-MIR,1.0,auto,2026-07-01 12:45:44
PC-101145,Z-MIR,1.0,auto,2026-07-02 02:33:11
PC-101146,Z-MIR,1.0,auto,2026-06-30 19:16:09
PC-101147,Z-MIR,1.0,auto,2026-06-30 09:18:32
PC-101148,Z-MIR,1.0,auto,2026-07-01 03:23:17
PC-101149,Z-MIR,1.0,auto,2026-07-01 05:00:20
PC-101150,Z-MIR,1.0,auto,2026-07-01 13:15:10
PC-101151,Z-MIR,1.0,auto,2026-07-01 05:26:35
PC-101152,Z-MIR,1.0,auto,2026-07-02 00:08:28
PC-101153,Z-MIR,1.0,auto,2026-07-01 03:41:22
PC-101154,Z-MIR,1.0,auto,2026-06-30 12:04:33
PC-101155,Z-MIR,0.894427,auto,2026-06-30 12:54:12
PC-101156,Z-MIR,1.0,auto,2026-07-01 21:37:18
PC-101157,Z-MIR,1.0,auto,2026-06-30 20:16:26
PC-101158,Z-MIR,1.0,auto,2026-06-30 23:37:34
PC-101159,Z-MIR,1.0,auto,2026-07-01 23:53:05
PC-101160,Z-MIR,1.0,auto,2026-07-01 17:29:43
PC-101161,Z-MIR,1.0,auto,2026-06-30 23:01:37
PC-101162,Z-MIR,0.894427,auto,2026-07-02 02:51:56
PC-101163,Z-MIR,1.0,auto,2026-07-01 19:28:39
PC-101164,Z-MIR,1.0,auto,2026-07-01 20:10:07
PC-101165,Z-MIR,1.0,auto,2026-07-01 11:43:41
PC-101166,Z-MIR,1.0,auto,2026-07-01 22:04:01
PC-101167,Z-MIR,1.0,auto,2026-07-01 20:28:11
PC-101168,Z-MIR,1.0,auto,2026-06-30 06:58:32
PC-101169,Z-MIR,1.0,auto,2026-06-30 12:46:11
PC-101170,Z-MIR,0.894427,auto,2026-07-01 19:32:44
PC-101171,Z-MIR,1.0,auto,2026-07-01 15:57:24
PC-101172,Z-MIR,1.0,auto,2026-07-01 09:52:57
PC-101173,Z-MIR,1.0,auto,2026-06-30 09:58:56
PC-101174,Z-MIR,1.0,auto,2026-07-01 02:13:00
PC-101175,Z-MIR,1.0,auto,2026-07-01 02:39:11
PC-101176,Z-MIR,1.0,auto,2026-07-01 21:46:44
PC-101177,Z-MIR,1.0,auto,2026-07-01 05:14:04
PC-101178,Z-MIR,1.0,auto,2026-06-30 18:00:37
PC-101179,Z-MIR,0.894427,auto,2026-07-01 03:18:36
PC-101180,Z-MIR,1.0,auto,2026-07-01 05:14:39
PC-101181,Z-MIR,1.0,auto,2026-07-01 04:11:27
PC-101182,Z-MIR,1.0,auto,2026-07-01 02:56:10
PC-101183,Z-MIR,1.0,auto,2026-06-30 10:16:50
PC-101184,Z-MIR,1.0,auto,2026-07-01 06:40:53
PC-101185,Z-MIR,1.0,auto,2026-07-01 16:49:40
PC-101186,Z-MIR,1.0,auto,2026-06-30 12:12:16
PC-101187,Z-MIR,1.0,auto,2026-07-01 14:30:40
PC-101188,Z-MIR,1.0,auto,2026-06-30 07:39:31
PC-101189,Z-MIR,1.0,auto,2026-07-01 01:52:09
PC-101190,Z-MIR,1.0,auto,2026-06-30 21:15:26
PC-101191,Z-MIR,1.0,auto,2026-07-01 10:07:27
PC-101192,Z-MIR,1.0,auto,2026-07-01 21:25:56
PC-101193,Z-MIR,1.0,auto,2026-07-01 14:24:26
PC-101194,Z-MIR,1.0,auto,2026-06-30 19:04:01
PC-101195,Z-MIR,1.0,auto,2026-07-01 16:24:16
PC-101196,Z-MIR,0.894427,auto,2026-07-02 04:21:05
PC-101197,Z-MIR,1.0,auto,2026-06-30 16:30:14
PC-101198,Z-MIR,1.0,auto,2026-06-30 09:40:02
PC-101199,Z-MIR,0.894427,auto,2026-06-30 17:43:58
PC-101200,Z-MIR,1.0,auto,2026-06-30 08:21:52
PC-101201,Z-MIR,1.0,auto,2026-07-01 13:12:30
PC-101202,Z-MIR,1.0,auto,2026-06-30 16:33:22
PC-101203,Z-MIR,1.0,auto,2026-06-30 10:14:53
PC-101204,Z-MIR,1.0,auto,2026-06-30 21:07:27
PC-101205,Z-MIR,1.0,auto,2026-07-01 12:56:41
PC-101206,Z-MIR,1.0,auto,2026-07-01 18:03:22
PC-101207,Z-MIR,1.0,auto,2026-06-30 21:56:04
PC-101208,Z-MIR,1.0,auto,2026-06-30 21:26:18
PC-101209,Z-MIR,1.0,auto,2026-07-01 21:05:19
PC-101210,Z-MIR,1.0,auto,2026-07-01 10:09:52
PC-101211,Z-MIR,1.0,auto,2026-07-01 21:02:49
PC-101212,Z-MIR,1.0,auto,2026-07-01 01:08:48
PC-101213,Z-MIR,1.0,auto,2026-07-01 19:21:18
PC-101214,Z-MIR,1.0,auto,2026-07-01 12:10:13
PC-101215,Z-MIR,0.894427,auto,2026-06-30 22:42:57
PC-101216,Z-MIR,1.0,auto,2026-06-30 16:20:44
PC-101217,Z-MIR,1.0,auto,2026-07-01 17:09:49
PC-101218,Z-MIR,1.0,auto,2026-06-30 15:55:42
PC-101219,Z-MIR,1.0,auto,2026-06-30 20:00:23
PC-101220,Z-MIR,0.894427,auto,2026-07-01 12:00:15
PC-101221,Z-MIR,1.0,auto,2026-07-01 04:58:45
PC-101222,Z-MIR,1.0,auto,2026-07-01 21:20:12
PC-101223,Z-MIR,1.0,auto,2026-07-01 12:30:10
PC-101224,Z-MIR,1.0,auto,2026-07-01 14:09:14
PC-101225,Z-MIR,1.0,auto,2026-07-01 06:01:47
PC-101226,Z-MIR,1.0,auto,2026-06-30 21:16:41
PC-101227,Z-MIR,1.0,auto,2026-06-30 14:33:33
PC-101228,Z-MIR,1.0,auto,2026-07-01 15:32:32
PC-101229,Z-MIR,1.0,auto,2026-07-01 23:48:25
PC-101230,Z-MIR,1.0,auto,2026-07-01 17:47:15
PC-101231,Z-MIR,1.0,auto,2026-06-30 14:55:39
PC-101232,Z-MIR,1.0,auto,2026-06-30 12:08:08
PC-101233,Z-MIR,1.0,auto,2026-07-01 00:05:35
PC-101234,Z-MIR,1.0,auto,2026-07-01 01:06:30
PC-101235,Z-MIR,1.0,auto,2026-07-01 07:46:08
PC-101236,Z-MIR,1.0,auto,2026-07-02 02:17:29
PC-101237,Z-MIR,0.894427,auto,2026-07-01 22:19:30
PC-101238,Z-MIR,1.0,auto,2026-06-30 17:13:32
PC-101239,Z-MIR,0.894427,auto,2026-06-30 14:40:45
PC-101240,Z-MIR,0.894427,auto,2026-07-01 05:41:29
PC-101241,Z-MIR,1.0,auto,2026-07-01 17:09:50
PC-101242,Z-MIR,1.0,auto,2026-06-30 17:57:18
PC-101243,Z-MIR,1.0,auto,2026-07-01 06:20:26
PC-101244,Z-MIR,1.0,auto,2026-06-30 10:39:38
PC-101245,Z-MIR,1.0,auto,2026-06-30 08:19:07
PC-101246,Z-MIR,1.0,auto,2026-06-30 16:01:44
PC-101247,Z-MIR,1.0,auto,2026-07-01 18:17:23
PC-101248,Z-MIR,1.0,auto,2026-06-30 20:36:33
PC-101249,Z-MIR,1.0,auto,2026-06-30 23:45:04
PC-101250,Z-MIR,0.894427,auto,2026-07-01 17:32:54
PC-101251,Z-MIR,1.0,auto,2026-07-01 08:18:45
PC-101252,Z-MIR,1.0,auto,2026-07-01 08:35:47
PC-101253,Z-MIR,1.0,auto,2026-06-30 18:37:30
PC-101254,Z-MIR,1.0,auto,2026-06-30 08:50:26
PC-101255,Z-MIR,0.894427,auto,2026-07-01 11:12:16
PC-101256,Z-MIR,1.0,auto,2026-06-30 20:36:47
PC-101257,Z-MIR,1.0,auto,2026-06-30 13:10:20
PC-101258,Z-MIR,1.0,auto,2026-07-01 03:08:35
PC-101259,Z-MIR,1.0,auto,2026-07-01 23:30:12
PC-101260,Z-MIR,1.0,auto,2026-07-02 00:12:28
PC-101261,Z-MIR,1.0,auto,2026-06-30 20:39:04
PC-101262,Z-MIR,1.0,auto,2026-07-01 15:52:06
PC-101263,Z-MIR,1.0,auto,2026-07-01 19:08:22
PC-101264,Z-MIR,1.0,auto,2026-07-01 07:56:26
PC-101265,Z-MIR,1.0,auto,2026-07-01 10:36:40
PC-101266,Z-MIR,1.0,auto,2026-07-01 20:43:21
PC-101267,Z-MIR,1.0,auto,2026-07-01 12:50:47
PC-101268,Z-MIR,1.0,auto,2026-07-01 03:02:51
PC-101269,Z-MIR,1.0,auto,2026-07-01 15:26:37
PC-101270,Z-MIR,0.894427,auto,2026-06-30 23:57:32
PC-101271,Z-MIR,1.0,auto,2026-07-02 02:17:53
PC-101272,Z-MIR,1.0,auto,2026-06-30 04:54:45
PC-101273,Z-MIR,1.0,auto,2026-06-30 10:26:30
PC-101274,Z-MIR,1.0,auto,2026-06-30 23:56:15
PC-101275,Z-MIR,1.0,auto,2026-07-02 01:11:49
PC-101276,Z-MIR,1.0,auto,2026-07-01 21:06:52
PC-101277,Z-MIR,1.0,auto,2026-07-01 23:33:32
PC-101278,Z-MIR,1.0,auto,2026-07-01 10:29:21
PC-101279,Z-MIR,1.0,auto,2026-07-02 01:01:06
PC-101280,Z-MIR,1.0,auto,2026-06-30 23:14:37
PC-101281,Z-MIR,1.0,auto,2026-07-01 10:14:27
PC-101282,Z-MIR,1.0,auto,2026-07-01 10:35:29
PC-101283,Z-MIR,1.0,auto,2026-06-30 11:39:06
PC-101284,Z-MIR,1.0,auto,2026-07-01 07:25:21
PC-101285,Z-MIR,1.0,auto,2026-06-30 11:07:06
PC-101286,Z-MIR,1.0,auto,2026-07-01 00:47:47
PC-101287,Z-MIR,1.0,auto,2026-07-01 09:04:28
PC-101288,Z-MIR,0.894427,auto,2026-06-30 12:56:48
PC-101289,Z-MIR,1.0,auto,2026-07-01 20:50:59
PC-101290,Z-MIR,1.0,auto,2026-06-30 22:46:22
PC-101291,Z-MIR,1.0,auto,2026-07-01 07:33:49
PC-101292,Z-MIR,1.0,auto,2026-06-30 20:35:32
PC-101293,Z-MIR,1.0,auto,2026-06-30 12:51:51
PC-101294,Z-MIR,1.0,auto,2026-06-30 10:22:37
PC-101295,Z-MIR,0.894427,auto,2026-07-01 12:25:14
PC-101296,Z-MIR,0.894427,auto,2026-07-01 13:53:33
PC-101297,Z-MIR,1.0,auto,2026-07-01 11:49:53
PC-101298,Z-MIR,1.0,auto,2026-07-01 19:31:52
PC-101299,Z-MIR,1.0,auto,2026-07-02 01:05:04
PC-101300,Z-MIR,1.0,auto,2026-07-02 07:30:47
PC-101301,Z-MIR,1.0,auto,2026-07-01 20:34:03
PC-101302,Z-MIR,1.0,auto,2026-07-01 19:27:01
PC-101303,Z-MIR,1.0,auto,2026-07-02 04:47:14
PC-101304,Z-MIR,1.0,auto,2026-07-02 03:34:51
PC-101305,Z-MIR,1.0,auto,2026-07-02 06:25:30
PC-101306,Z-MIR,1.0,auto,2026-07-01 19:49:58
PC-101307,Z-MIR,1.0,auto,2026-07-02 03:51:28
PC-101308,Z-MIR,1.0,auto,2026-07-02 13:05:05
PC-101309,Z-MIR,1.0,auto,2026-07-03 01:11:30
PC-101310,Z-MIR,1.0,auto,2026-07-02 19:40:19
PC-101311,Z-MIR,1.0,auto,2026-07-02 19:11:40
PC-101312,Z-MIR,1.0,auto,2026-07-01 14:52:31
PC-101313,Z-MIR,1.0,auto,2026-07-02 01:28:24
PC-101314,Z-MIR,1.0,auto,2026-07-01 18:27:29
PC-101315,Z-MIR,1.0,auto,2026-07-01 22:00:35
PC-101316,Z-MIR,0.894427,auto,2026-07-02 10:34:15
PC-101317,Z-MIR,1.0,auto,2026-07-01 19:54:54
PC-101318,Z-MIR,1.0,auto,2026-07-03 02:14:41
PC-101319,Z-MIR,1.0,auto,2026-07-01 17:30:08
PC-101320,Z-MIR,1.0,auto,2026-07-02 08:05:28
PC-101321,Z-MIR,1.0,auto,2026-07-02 23:56:47
PC-101322,Z-MIR,1.0,auto,2026-07-02 05:13:49
PC-101323,Z-MIR,1.0,auto,2026-07-02 06:03:36
PC-101324,Z-MIR,1.0,auto,2026-07-02 08:44:45
PC-101325,Z-MIR,1.0,auto,2026-07-02 22:09:00
PC-101326,Z-MIR,1.0,auto,2026-07-02 00:22:32
PC-101327,Z-MIR,1.0,auto,2026-07-02 15:09:27
PC-101328,Z-MIR,1.0,auto,2026-07-01 15:40:00
PC-101329,Z-MIR,1.0,auto,2026-07-01 13:23:31
PC-101330,Z-MIR,1.0,auto,2026-07-02 08:13:09
PC-101331,Z-MIR,1.0,auto,2026-07-02 23:01:51
PC-101332,Z-MIR,1.0,auto,2026-07-02 10:27:55
PC-101333,Z-MIR,1.0,auto,2026-07-02 19:32:32
PC-101334,Z-MIR,1.0,auto,2026-07-01 22:29:40
PC-101335,Z-MIR,1.0,auto,2026-07-02 14:40:04
PC-101336,Z-MIR,0.894427,auto,2026-07-02 23:06:31
PC-101337,Z-MIR,1.0,auto,2026-07-01 23:21:16
PC-101338,Z-MIR,1.0,auto,2026-07-02 01:16:53
PC-101339,Z-MIR,1.0,auto,2026-07-02 07:26:08
PC-101340,Z-MIR,1.0,auto,2026-07-02 21:56:15
PC-101341,Z-MIR,1.0,auto,2026-07-01 13:04:03
PC-101342,Z-MIR,1.0,auto,2026-07-02 12:56:58
PC-101343,Z-MIR,1.0,auto,2026-07-01 15:39:51
PC-101344,Z-MIR,1.0,auto,2026-07-02 16:01:35
PC-101345,Z-MIR,1.0,auto,2026-07-02 15:51:15
PC-101346,Z-MIR,1.0,auto,2026-07-01 08:10:45
PC-101347,Z-MIR,1.0,auto,2026-07-02 05:25:37
PC-101348,Z-MIR,1.0,auto,2026-07-03 00:11:18
PC-101349,Z-MIR,1.0,auto,2026-07-01 23:32:40
PC-101350,Z-MIR,1.0,auto,2026-07-02 03:07:42
PC-101351,Z-MIR,1.0,auto,2026-07-01 08:33:52
PC-101352,Z-MIR,0.894427,auto,2026-07-01 22:36:21
PC-101353,Z-MIR,1.0,auto,2026-07-02 13:58:27
PC-101354,Z-MIR,1.0,auto,2026-07-02 01:45:57
PC-101355,Z-MIR,1.0,auto,2026-07-01 15:51:56
PC-101356,Z-MIR,1.0,auto,2026-07-01 12:05:24
PC-101357,Z-MIR,1.0,auto,2026-07-01 17:34:59
PC-101358,Z-MIR,0.894427,auto,2026-07-02 12:46:45
PC-101359,Z-MIR,1.0,auto,2026-07-01 14:00:10
PC-101360,Z-MIR,1.0,auto,2026-07-01 23:02:58
PC-101361,Z-MIR,0.894427,auto,2026-07-02 12:43:51
PC-101362,Z-MIR,1.0,auto,2026-07-01 16:54:35
PC-101363,Z-MIR,0.894427,auto,2026-07-02 06:16:36
PC-101364,Z-MIR,1.0,auto,2026-07-02 17:05:53
PC-101365,Z-MIR,1.0,auto,2026-07-03 01:44:11
PC-101366,Z-MIR,1.0,auto,2026-07-02 15:55:33
PC-101367,Z-MIR,1.0,auto,2026-07-02 08:44:12
PC-101368,Z-MIR,1.0,auto,2026-07-02 09:58:52
PC-101369,Z-MIR,1.0,auto,2026-07-02 12:37:54
PC-101370,Z-MIR,1.0,auto,2026-07-01 15:35:26
PC-101371,Z-MIR,0.894427,auto,2026-07-02 16:24:42
PC-101372,Z-MIR,1.0,auto,2026-07-02 05:24:44
PC-101373,Z-MIR,1.0,auto,2026-07-01 18:00:25
PC-101374,Z-MIR,1.0,auto,2026-07-02 07:48:43
PC-101375,Z-MIR,1.0,auto,2026-07-01 20:51:53
PC-101376,Z-MIR,1.0,auto,2026-07-02 05:37:30
PC-101377,Z-MIR,0.894427,auto,2026-07-01 17:36:09
PC-101378,Z-MIR,1.0,auto,2026-07-01 19:17:34
PC-101379,Z-MIR,1.0,auto,2026-07-02 20:25:43
PC-101380,Z-MIR,1.0,auto,2026-07-02 00:17:45
PC-101381,Z-MIR,1.0,auto,2026-07-02 19:48:03
PC-101382,Z-MIR,1.0,auto,2026-07-02 21:58:57
PC-101383,Z-MIR,1.0,auto,2026-07-02 18:04:09
PC-101384,Z-MIR,1.0,auto,2026-07-02 05:37:25
PC-101385,Z-MIR,0.894427,auto,2026-07-01 16:12:59
PC-101386,Z-MIR,1.0,auto,2026-07-02 13:22:22
PC-101387,Z-MIR,1.0,auto,2026-07-02 20:33:35
PC-101388,Z-MIR,1.0,auto,2026-07-02 06:41:54
PC-101389,Z-MIR,1.0,auto,2026-07-01 16:08:12
PC-101390,Z-MIR,1.0,auto,2026-07-02 23:28:25
PC-101391,Z-MIR,1.0,auto,2026-07-02 06:02:11
PC-101392,Z-MIR,1.0,auto,2026-07-01 11:43:34
PC-101393,Z-MIR,1.0,auto,2026-07-01 19:22:56
PC-101394,Z-MIR,1.0,auto,2026-07-01 21:41:28
PC-101395,Z-MIR,1.0,auto,2026-07-02 01:23:34
PC-101396,Z-MIR,1.0,auto,2026-07-01 15:54:05
PC-101397,Z-MIR,1.0,auto,2026-07-02 05:42:19
PC-101398,Z-MIR,1.0,auto,2026-07-02 12:46:16
PC-101399,Z-MIR,0.894427,auto,2026-07-01 17:40:34
PC-101400,Z-MIR,1.0,auto,2026-07-02 04:13:32
PC-101401,Z-MIR,1.0,auto,2026-07-02 20:35:28
PC-101402,Z-MIR,1.0,auto,2026-07-02 09:56:15
PC-101403,Z-MIR,1.0,auto,2026-07-02 14:05:01
PC-101404,Z-MIR,1.0,auto,2026-07-01 15:30:13
PC-101405,Z-MIR,0.894427,auto,2026-07-03 06:06:05
PC-101406,Z-MIR,1.0,auto,2026-07-01 21:10:40
PC-101407,Z-MIR,1.0,auto,2026-07-02 23:53:56
PC-101408,Z-MIR,1.0,auto,2026-07-01 23:20:33
PC-101409,Z-MIR,1.0,auto,2026-07-01 23:34:13
PC-101410,Z-MIR,1.0,auto,2026-07-01 20:49:56
PC-101411,Z-MIR,1.0,auto,2026-07-02 02:10:17
PC-101412,Z-MIR,1.0,auto,2026-07-02 02:15:10
PC-101413,Z-MIR,1.0,auto,2026-07-02 21:27:07
PC-101414,Z-MIR,1.0,auto,2026-07-01 23:06:49
PC-101415,Z-MIR,1.0,auto,2026-07-02 11:20:39
PC-101416,Z-MIR,1.0,auto,2026-07-02 01:44:32
PC-101417,Z-MIR,0.894427,auto,2026-07-02 10:48:45
PC-101418,Z-MIR,1.0,auto,2026-07-02 02:21:32
PC-101419,Z-MIR,1.0,auto,2026-07-01 19:24:57
PC-101420,Z-MIR,1.0,auto,2026-07-01 13:46:57
PC-101421,Z-MIR,1.0,auto,2026-07-03 03:33:41
PC-101422,Z-MIR,1.0,auto,2026-07-01 16:02:35
PC-101423,Z-MIR,1.0,auto,2026-07-02 08:07:11
PC-101424,Z-MIR,1.0,auto,2026-07-01 09:03:51
PC-101425,Z-MIR,1.0,auto,2026-07-02 04:35:08
PC-101426,Z-MIR,0.894427,auto,2026-07-01 20:24:27
PC-101427,Z-MIR,1.0,auto,2026-07-01 15:36:09
PC-101428,Z-MIR,1.0,auto,2026-07-02 14:35:29
PC-101429,Z-MIR,1.0,auto,2026-07-02 22:09:10
PC-101430,Z-MIR,1.0,auto,2026-07-02 01:12:56
PC-101431,Z-MIR,1.0,auto,2026-07-02 07:51:31
PC-101432,Z-MIR,1.0,auto,2026-07-02 06:08:26
PC-101433,Z-MIR,1.0,auto,2026-07-02 04:50:51
PC-101434,Z-MIR,1.0,auto,2026-07-02 16:57:01
PC-101435,Z-MIR,1.0,auto,2026-07-02 19:45:31
PC-101436,Z-MIR,1.0,auto,2026-07-02 20:36:13
PC-101437,Z-MIR,1.0,auto,2026-07-02 08:48:37
PC-101438,Z-MIR,1.0,auto,2026-07-01 13:54:12
PC-101439,Z-MIR,1.0,auto,2026-07-01 22:56:45
PC-101440,Z-MIR,1.0,auto,2026-07-01 14:16:05
PC-101441,Z-MIR,1.0,auto,2026-07-02 02:07:06
PC-101442,Z-MIR,1.0,auto,2026-07-01 17:44:36
PC-101443,Z-MIR,1.0,auto,2026-07-02 23:00:55
PC-101444,Z-MIR,1.0,auto,2026-07-01 05:27:32
PC-101445,Z-MIR,1.0,auto,2026-07-01 17:21:02
PC-101446,Z-MIR,1.0,auto,2026-07-01 12:43:53
PC-101447,Z-MIR,1.0,auto,2026-07-01 18:54:43
PC-101448,Z-MIR,1.0,auto,2026-07-02 09:46:43
PC-101449,Z-MIR,1.0,auto,2026-07-02 13:10:21
PC-101450,Z-MIR,1.0,auto,2026-07-02 10:15:02
PC-101451,Z-MIR,1.0,auto,2026-07-02 00:18:04
PC-101452,Z-MIR,1.0,auto,2026-07-02 01:54:23
PC-101453,Z-MIR,1.0,auto,2026-07-01 13:24:24
PC-101454,Z-MIR,1.0,auto,2026-07-01 14:13:44
PC-101455,Z-MIR,1.0,auto,2026-07-02 20:10:02
PC-101456,Z-MIR,1.0,auto,2026-07-02 18:09:30
PC-101457,Z-MIR,1.0,auto,2026-07-01 08:33:35
PC-101458,Z-MIR,1.0,auto,2026-07-02 14:18:42
PC-101459,Z-MIR,1.0,auto,2026-07-02 15:35:51
PC-101460,Z-MIR,1.0,auto,2026-07-01 13:25:21
PC-101461,Z-MIR,1.0,auto,2026-07-02 02:59:03
PC-101462,Z-MIR,1.0,auto,2026-07-02 05:56:39
PC-101463,Z-MIR,1.0,auto,2026-07-03 06:25:17
PC-101464,Z-MIR,1.0,auto,2026-07-02 10:36:41
PC-101465,Z-MIR,1.0,auto,2026-07-01 09:13:25
PC-101466,Z-MIR,1.0,auto,2026-07-02 19:08:22
PC-101467,Z-MIR,1.0,auto,2026-07-01 23:19:53
PC-101468,Z-MIR,1.0,auto,2026-07-01 15:39:59
PC-101469,Z-MIR,1.0,auto,2026-07-02 04:17:30
PC-101470,Z-MIR,1.0,auto,2026-07-01 10:05:02
PC-101471,Z-MIR,1.0,auto,2026-07-02 13:29:52
PC-101472,Z-MIR,1.0,auto,2026-07-02 10:53:46
PC-101473,Z-MIR,0.894427,auto,2026-07-01 14:19:35
PC-101474,Z-MIR,1.0,auto,2026-07-03 01:16:33
PC-101475,Z-MIR,1.0,auto,2026-07-02 00:32:46
PC-101476,Z-MIR,1.0,auto,2026-07-01 22:04:33
PC-101477,Z-MIR,1.0,auto,2026-07-02 00:35:06
PC-101478,Z-MIR,0.894427,auto,2026-07-02 07:16:29
PC-101479,Z-MIR,1.0,auto,2026-07-02 09:22:13
PC-101480,Z-MIR,1.0,auto,2026-07-02 11:52:19
PC-101481,Z-MIR,1.0,auto,2026-07-01 10:36:01
PC-101482,Z-MIR,1.0,auto,2026-07-03 02:34:36
PC-101483,Z-MIR,1.0,auto,2026-07-01 09:43:56
PC-101484,Z-MIR,1.0,auto,2026-06-30 23:43:52
PC-101485,Z-MIR,1.0,auto,2026-07-02 16:42:23
PC-101486,Z-MIR,1.0,auto,2026-07-01 06:59:23
PC-101487,Z-MIR,1.0,auto,2026-07-01 13:36:09
PC-101488,Z-MIR,1.0,auto,2026-07-01 20:57:48
PC-101489,Z-MIR,1.0,auto,2026-07-02 06:18:59
PC-101490,Z-MIR,1.0,auto,2026-07-02 12:11:37
PC-101491,Z-MIR,1.0,auto,2026-07-01 12:20:08
PC-101492,Z-MIR,1.0,auto,2026-07-02 12:51:01
PC-101493,Z-MIR,1.0,auto,2026-07-01 12:12:48
PC-101494,Z-MIR,1.0,auto,2026-07-01 23:41:42
PC-101495,Z-MIR,1.0,auto,2026-07-01 18:57:22
PC-101496,Z-MIR,1.0,auto,2026-07-01 06:10:06
PC-101497,Z-MIR,0.894427,auto,2026-07-03 02:08:03
PC-101498,Z-MIR,1.0,auto,2026-07-02 11:45:35
PC-101499,Z-MIR,1.0,auto,2026-07-02 06:35:02
PC-101500,Z-MIR,1.0,auto,2026-07-02 16:55:48
PC-101501,Z-MIR,1.0,auto,2026-07-02 15:08:23
PC-101502,Z-MIR,0.894427,auto,2026-07-02 22:45:11
PC-101503,Z-MIR,1.0,auto,2026-07-01 22:28:40
PC-101504,Z-MIR,1.0,auto,2026-07-02 10:29:43
PC-101505,Z-MIR,1.0,auto,2026-07-02 19:44:08
PC-101506,Z-MIR,1.0,auto,2026-07-02 20:30:45
PC-101507,Z-MIR,1.0,auto,2026-07-01 16:57:10
PC-101508,Z-MIR,1.0,auto,2026-07-02 13:20:43
PC-101509,Z-MIR,1.0,auto,2026-07-02 07:53:46
PC-101510,Z-MIR,1.0,auto,2026-07-02 23:54:53
PC-101511,Z-MIR,1.0,auto,2026-07-01 18:45:40
PC-101512,Z-MIR,1.0,auto,2026-07-02 06:39:39
PC-101513,Z-MIR,1.0,auto,2026-07-02 02:08:56
PC-101514,Z-MIR,1.0,auto,2026-07-02 20:47:46
PC-101515,Z-MIR,1.0,auto,2026-07-02 06:53:59
PC-101516,Z-MIR,1.0,auto,2026-07-01 10:31:43
PC-101517,Z-MIR,1.0,auto,2026-07-02 02:40:20
PC-101518,Z-MIR,0.894427,auto,2026-07-02 14:56:11
PC-101519,Z-MIR,0.894427,auto,2026-07-01 06:41:48
PC-101520,Z-MIR,1.0,auto,2026-07-03 00:58:40
PC-101521,Z-MIR,1.0,auto,2026-07-01 19:58:02
PC-101522,Z-MIR,1.0,auto,2026-07-02 06:36:17
PC-101523,Z-MIR,1.0,auto,2026-07-02 07:17:07
PC-101524,Z-MIR,0.894427,auto,2026-07-02 04:53:46
PC-101525,Z-MIR,1.0,auto,2026-07-02 00:32:00
PC-101526,Z-MIR,1.0,auto,2026-07-01 15:26:34
PC-101527,Z-MIR,1.0,auto,2026-07-03 00:17:54
PC-101528,Z-MIR,1.0,auto,2026-07-03 01:55:29
PC-101529,Z-MIR,1.0,auto,2026-07-01 14:49:21
PC-101530,Z-MIR,1.0,auto,2026-07-02 17:56:05
PC-101531,Z-MIR,1.0,auto,2026-07-03 04:39:38
PC-101532,Z-MIR,1.0,auto,2026-07-02 06:43:57
PC-101533,Z-MIR,1.0,auto,2026-07-03 01:21:28
PC-101534,Z-MIR,1.0,auto,2026-07-02 12:36:05
PC-101535,Z-MIR,1.0,auto,2026-07-03 00:34:46
PC-101536,Z-MIR,0.894427,auto,2026-07-01 22:46:49
PC-101537,Z-MIR,1.0,auto,2026-07-01 15:40:26
PC-101538,Z-MIR,1.0,auto,2026-07-02 19:25:51
PC-101539,Z-MIR,0.894427,auto,2026-07-02 17:54:07
PC-101540,Z-MIR,1.0,auto,2026-07-01 11:42:03
PC-101541,Z-MIR,1.0,auto,2026-07-01 15:56:01
PC-101542,Z-MIR,1.0,auto,2026-07-03 05:30:29
PC-101543,Z-MIR,1.0,auto,2026-07-02 16:04:45
PC-101544,Z-MIR,1.0,auto,2026-07-02 11:37:17
PC-101545,Z-MIR,1.0,auto,2026-07-03 07:27:41
PC-101546,Z-MIR,1.0,auto,2026-07-02 06:01:09
PC-101547,Z-MIR,1.0,auto,2026-07-02 20:44:01
PC-101548,Z-MIR,1.0,auto,2026-07-02 09:07:21
PC-101549,Z-MIR,1.0,auto,2026-07-03 04:57:02
PC-101550,Z-MIR,1.0,auto,2026-07-02 16:20:50
PC-101551,Z-MIR,1.0,auto,2026-07-03 01:13:21
PC-101552,Z-MIR,1.0,auto,2026-07-02 05:50:24
PC-101553,Z-MIR,1.0,auto,2026-07-02 20:15:44
PC-101554,Z-MIR,1.0,auto,2026-07-02 18:44:39
PC-101555,Z-MIR,1.0,auto,2026-07-02 19:20:43
PC-101556,Z-MIR,1.0,auto,2026-07-03 00:59:01
PC-101557,Z-MIR,1.0,auto,2026-07-02 18:44:17
PC-101558,Z-MIR,1.0,auto,2026-07-02 22:42:13
PC-101559,Z-MIR,1.0,auto,2026-07-02 16:37:51
PC-101560,Z-MIR,1.0,auto,2026-07-02 20:31:27
PC-101561,Z-MIR,1.0,auto,2026-07-03 06:38:13
PC-101562,Z-MIR,1.0,auto,2026-07-03 06:01:12
PC-101563,Z-MIR,1.0,auto,2026-07-03 00:36:41
PC-101564,Z-MIR,1.0,auto,2026-07-02 12:50:43
PC-101565,Z-MIR,1.0,auto,2026-07-02 21:12:37
PC-101566,Z-MIR,1.0,auto,2026-07-02 22:56:09
PC-101567,Z-MIR,1.0,auto,2026-07-02 23:43:27
PC-101568,Z-MIR,1.0,auto,2026-07-02 06:56:06
PC-101569,Z-MIR,1.0,auto,2026-07-03 00:35:58
PC-101570,Z-MIR,1.0,auto,2026-07-03 05:52:31
PC-101571,Z-MIR,1.0,auto,2026-07-02 10:48:51
PC-101572,Z-MIR,1.0,auto,2026-07-02 19:20:49
PC-101573,Z-MIR,1.0,auto,2026-07-03 03:17:13
PC-101574,Z-MIR,1.0,auto,2026-07-02 15:21:11
PC-101575,Z-MIR,1.0,auto,2026-07-07 02:18:58
PC-101576,Z-MIR,1.0,auto,2026-07-05 15:30:51
PC-101577,Z-MIR,1.0,auto,2026-07-06 22:48:06
PC-101578,Z-MIR,1.0,auto,2026-07-05 15:39:34
PC-101579,Z-MIR,1.0,auto,2026-07-06 20:38:07
PC-101580,Z-MIR,1.0,auto,2026-07-06 10:18:06
PC-101581,Z-MIR,1.0,auto,2026-07-05 10:16:18
PC-101582,Z-MIR,1.0,auto,2026-07-06 05:07:58
PC-101583,Z-MIR,1.0,auto,2026-07-06 11:01:29
PC-101584,Z-MIR,1.0,auto,2026-07-06 04:20:54
PC-101585,Z-MIR,1.0,auto,2026-07-05 21:37:59
PC-101586,Z-MIR,1.0,auto,2026-07-06 04:46:45
PC-101587,Z-MIR,1.0,auto,2026-07-05 13:08:05
PC-101588,Z-MIR,1.0,auto,2026-07-05 18:57:38
PC-101589,Z-MIR,1.0,auto,2026-07-06 13:15:58
PC-101590,Z-MIR,1.0,auto,2026-07-06 02:29:20
PC-101591,Z-MIR,1.0,auto,2026-07-05 07:38:00
PC-101592,Z-MIR,1.0,auto,2026-07-06 11:26:21
PC-101593,Z-MIR,1.0,auto,2026-07-06 09:58:31
PC-101594,Z-MIR,1.0,auto,2026-07-06 06:36:54
PC-101595,Z-MIR,1.0,auto,2026-07-06 18:48:12
PC-101596,Z-MIR,1.0,auto,2026-07-06 13:49:29
PC-101597,Z-MIR,1.0,auto,2026-07-06 01:57:21
PC-101598,Z-MIR,1.0,auto,2026-07-06 00:59:32
PC-101599,Z-MIR,1.0,auto,2026-07-06 04:40:14
PC-101600,Z-MIR,1.0,auto,2026-07-05 22:35:40
PC-101601,Z-MIR,1.0,auto,2026-07-06 10:50:45
PC-101602,Z-MIR,1.0,auto,2026-07-06 15:13:11
PC-101603,Z-MIR,1.0,auto,2026-07-06 04:55:46
PC-101604,Z-MIR,1.0,auto,2026-07-05 18:38:49
PC-101605,Z-MIR,1.0,auto,2026-07-06 10:02:41
PC-101606,Z-MIR,1.0,auto,2026-07-07 05:33:01
PC-101607,Z-MIR,1.0,auto,2026-07-06 06:49:21
PC-101608,Z-MIR,1.0,auto,2026-07-06 18:53:33
PC-101609,Z-MIR,1.0,auto,2026-07-05 13:10:09
PC-101610,Z-MIR,1.0,auto,2026-07-06 13:05:16
PC-101611,Z-MIR,1.0,auto,2026-07-06 06:11:20
PC-101612,Z-MIR,1.0,auto,2026-07-06 15:46:18
PC-101613,Z-MIR,1.0,auto,2026-07-06 18:39:37
PC-101614,Z-MIR,1.0,auto,2026-07-05 17:43:39
PC-101615,Z-MIR,0.894427,auto,2026-07-05 17:13:16
PC-101616,Z-MIR,1.0,auto,2026-07-05 20:06:13
PC-101617,Z-MIR,1.0,auto,2026-07-06 16:36:59
PC-101618,Z-MIR,1.0,auto,2026-07-05 22:31:53
PC-101619,Z-MIR,1.0,auto,2026-07-05 08:00:26
PC-101620,Z-MIR,1.0,auto,2026-07-06 14:01:23
PC-101621,Z-MIR,1.0,auto,2026-07-06 05:44:31
PC-101622,Z-MIR,1.0,auto,2026-07-06 06:32:22
PC-101623,Z-MIR,1.0,auto,2026-07-06 09:03:32
PC-101624,Z-MIR,1.0,auto,2026-07-06 20:52:32
PC-101625,Z-MIR,1.0,auto,2026-07-05 19:40:41
PC-101626,Z-MIR,1.0,auto,2026-07-06 19:19:50
PC-101627,Z-MIR,1.0,auto,2026-07-05 10:29:04
PC-101628,Z-MIR,1.0,auto,2026-07-06 15:19:19
PC-101629,Z-MIR,1.0,auto,2026-07-06 16:19:10
PC-101630,Z-MIR,1.0,auto,2026-07-06 04:41:42
PC-101631,Z-MIR,1.0,auto,2026-07-06 14:30:35
PC-101632,Z-MIR,1.0,auto,2026-07-06 14:07:50
PC-101633,Z-MIR,1.0,auto,2026-07-05 20:42:01
PC-101634,Z-MIR,1.0,auto,2026-07-05 16:35:08
PC-101635,Z-MIR,1.0,auto,2026-07-05 18:18:34
PC-101636,Z-MIR,1.0,auto,2026-07-05 10:07:05
PC-101637,Z-MIR,1.0,auto,2026-07-07 01:00:03
PC-101638,Z-MIR,1.0,auto,2026-07-06 08:31:11
PC-101639,Z-MIR,1.0,auto,2026-07-07 01:47:53
PC-101640,Z-MIR,1.0,auto,2026-07-03 15:33:36
PC-101641,Z-MIR,1.0,auto,2026-07-05 16:44:59
PC-101642,Z-MIR,1.0,auto,2026-07-06 13:14:52
PC-101643,Z-MIR,1.0,auto,2026-07-05 20:40:05
PC-101644,Z-MIR,1.0,auto,2026-07-06 18:28:36
PC-101645,Z-MIR,0.894427,auto,2026-07-06 20:23:16
PC-101646,Z-MIR,1.0,auto,2026-07-05 11:46:20
PC-101647,Z-MIR,1.0,auto,2026-07-05 07:07:19
PC-101648,Z-MIR,1.0,auto,2026-07-06 14:15:08
PC-101649,Z-MIR,1.0,auto,2026-07-05 10:32:30
PC-101650,Z-MIR,0.894427,auto,2026-07-05 12:45:37
PC-101651,Z-MIR,1.0,auto,2026-07-06 01:51:23
PC-101652,Z-MIR,1.0,auto,2026-07-06 07:57:39
PC-101653,Z-MIR,1.0,auto,2026-07-05 15:30:57
PC-101654,Z-MIR,1.0,auto,2026-07-06 11:40:57
PC-101655,Z-MIR,1.0,auto,2026-07-06 08:02:06
PC-101656,Z-MIR,1.0,auto,2026-07-06 12:44:54
PC-101657,Z-MIR,1.0,auto,2026-07-05 16:43:32
PC-101658,Z-MIR,1.0,auto,2026-07-06 03:38:57
PC-101659,Z-MIR,1.0,auto,2026-07-06 02:14:54
PC-101660,Z-MIR,1.0,auto,2026-07-06 23:53:26
PC-101661,Z-MIR,1.0,auto,2026-07-05 14:10:07
PC-101662,Z-MIR,1.0,auto,2026-07-06 18:39:50
PC-101663,Z-MIR,1.0,auto,2026-07-06 20:33:02
PC-101664,Z-MIR,1.0,auto,2026-07-06 03:58:14
PC-101665,Z-MIR,1.0,auto,2026-07-06 05:52:23
PC-101666,Z-MIR,1.0,auto,2026-07-06 07:00:21
PC-101667,Z-MIR,1.0,auto,2026-07-06 21:01:52
PC-101668,Z-MIR,1.0,auto,2026-07-06 07:10:58
PC-101669,Z-MIR,1.0,auto,2026-07-05 20:29:25
PC-101670,Z-MIR,1.0,auto,2026-07-06 05:33:42
PC-101671,Z-MIR,1.0,auto,2026-07-06 03:59:16
PC-101672,Z-MIR,1.0,auto,2026-07-06 17:03:14
PC-101673,Z-MIR,1.0,auto,2026-07-06 01:34:48
PC-101674,Z-MIR,1.0,auto,2026-07-07 01:44:00
PC-101675,Z-MIR,1.0,auto,2026-07-06 07:20:58
PC-101676,Z-MIR,1.0,auto,2026-07-07 04:49:26
PC-101677,Z-MIR,1.0,auto,2026-07-06 18:46:46
PC-101678,Z-MIR,1.0,auto,2026-07-06 17:25:13
PC-101679,Z-MIR,1.0,auto,2026-07-06 07:51:32
PC-101680,Z-MIR,1.0,auto,2026-07-05 18:09:53
PC-101681,Z-MIR,1.0,auto,2026-07-05 10:23:27
PC-101682,Z-MIR,1.0,auto,2026-07-06 10:04:28
PC-101683,Z-MIR,1.0,auto,2026-07-05 17:35:49
PC-101684,Z-MIR,1.0,auto,2026-07-06 18:13:56
PC-101685,Z-MIR,1.0,auto,2026-07-05 21:14:48
PC-101686,Z-MIR,1.0,auto,2026-07-05 15:24:16
PC-101687,Z-MIR,1.0,auto,2026-07-05 18:30:37
PC-101688,Z-MIR,0.894427,auto,2026-07-06 00:52:11
PC-101689,Z-MIR,1.0,auto,2026-07-06 12:41:45
PC-101690,Z-MIR,0.894427,auto,2026-07-06 03:51:52
PC-101691,Z-MIR,0.894427,auto,2026-07-06 22:35:22
PC-101692,Z-MIR,1.0,auto,2026-07-06 08:56:52
PC-101693,Z-MIR,1.0,auto,2026-07-06 23:58:54
PC-101694,Z-MIR,1.0,auto,2026-07-06 23:33:47
PC-101695,Z-MIR,1.0,auto,2026-07-05 22:25:41
PC-101696,Z-MIR,1.0,auto,2026-07-06 00:49:27
PC-101697,Z-MIR,0.894427,auto,2026-07-06 10:10:45
PC-101698,Z-MIR,1.0,auto,2026-07-06 16:53:31
PC-101699,Z-MIR,1.0,auto,2026-07-06 10:56:39
PC-101700,Z-MIR,1.0,auto,2026-07-05 18:56:04
PC-101701,Z-MIR,1.0,auto,2026-07-06 15:44:36
PC-101702,Z-MIR,1.0,auto,2026-07-07 04:53:11
PC-101703,Z-MIR,1.0,auto,2026-07-05 20:45:31
PC-101704,Z-MIR,0.894427,auto,2026-07-05 21:44:52
PC-101705,Z-MIR,1.0,auto,2026-07-05 17:02:24
PC-101706,Z-MIR,1.0,auto,2026-07-05 12:43:25
PC-101707,Z-MIR,1.0,auto,2026-07-07 01:18:26
PC-101708,Z-MIR,1.0,auto,2026-07-07 05:09:24
PC-101709,Z-MIR,1.0,auto,2026-07-05 23:57:17
PC-101710,Z-MIR,1.0,auto,2026-07-05 20:54:06
PC-101711,Z-MIR,1.0,auto,2026-07-05 23:07:55
PC-101712,Z-MIR,1.0,auto,2026-07-07 04:50:57
PC-101713,Z-MIR,1.0,auto,2026-07-05 06:57:51
PC-101714,Z-MIR,1.0,auto,2026-07-05 17:18:48
PC-101715,Z-MIR,0.894427,auto,2026-07-06 18:21:00
PC-101716,Z-MIR,1.0,auto,2026-07-06 15:05:38
PC-101717,Z-MIR,1.0,auto,2026-07-06 10:15:32
PC-101718,Z-MIR,1.0,auto,2026-07-06 09:18:10
PC-101719,Z-MIR,1.0,auto,2026-07-06 13:27:25
PC-101720,Z-MIR,1.0,auto,2026-07-05 19:59:59
PC-101721,Z-MIR,1.0,auto,2026-07-06 10:47:10
PC-101722,Z-MIR,1.0,auto,2026-07-06 13:21:55
PC-101723,Z-MIR,1.0,auto,2026-07-05 07:48:11
PC-101724,Z-MIR,1.0,auto,2026-07-05 14:23:59
PC-101725,Z-MIR,1.0,auto,2026-07-05 13:53:15
PC-101726,Z-MIR,1.0,auto,2026-07-06 20:39:58
PC-101727,Z-MIR,1.0,auto,2026-07-06 11:34:47
PC-101728,Z-MIR,1.0,auto,2026-07-05 22:26:35
PC-101729,Z-MIR,1.0,auto,2026-07-06 09:36:31
PC-101730,Z-MIR,1.0,auto,2026-07-06 14:31:27
PC-101731,Z-MIR,1.0,auto,2026-07-06 09:09:59
PC-101732,Z-MIR,1.0,auto,2026-07-07 05:35:54
PC-101733,Z-MIR,1.0,auto,2026-07-05 18:34:54
PC-101734,Z-MIR,1.0,auto,2026-07-06 14:51:42
PC-101735,Z-MIR,1.0,auto,2026-07-05 14:53:34
PC-101736,Z-MIR,1.0,auto,2026-07-05 14:18:12
PC-101737,Z-MIR,1.0,auto,2026-07-06 08:07:02
PC-101738,Z-MIR,1.0,auto,2026-07-05 16:30:21
PC-101739,Z-MIR,1.0,auto,2026-07-06 21:15:29
PC-101740,Z-MIR,1.0,auto,2026-07-05 18:09:09
PC-101741,Z-MIR,1.0,auto,2026-07-07 02:24:33
PC-101742,Z-MIR,1.0,auto,2026-07-06 07:12:24
PC-101743,Z-MIR,1.0,auto,2026-07-05 15:40:02
PC-101744,Z-MIR,1.0,auto,2026-07-06 08:38:49
PC-101745,Z-MIR,1.0,auto,2026-07-06 01:16:17
PC-101746,Z-MIR,1.0,auto,2026-07-07 00:05:49
PC-101747,Z-MIR,1.0,auto,2026-07-05 12:03:56
PC-101748,Z-MIR,0.894427,auto,2026-07-06 04:35:54
PC-101749,Z-MIR,1.0,auto,2026-07-05 23:51:07
PC-101750,Z-MIR,1.0,auto,2026-07-06 12:02:19
PC-101751,Z-MIR,1.0,auto,2026-07-06 11:00:14
PC-101752,Z-MIR,1.0,auto,2026-07-05 12:38:41
PC-101753,Z-MIR,1.0,auto,2026-07-06 07:11:39
PC-101754,Z-MIR,1.0,auto,2026-07-05 07:56:54
PC-101755,Z-MIR,1.0,auto,2026-07-06 21:04:40
PC-101756,Z-MIR,1.0,auto,2026-07-05 15:01:43
PC-101757,Z-MIR,1.0,auto,2026-07-06 11:18:08
PC-101758,Z-MIR,1.0,auto,2026-07-06 16:07:40
PC-101759,Z-MIR,1.0,auto,2026-07-06 12:18:29
PC-101760,Z-MIR,1.0,auto,2026-07-06 07:40:09
PC-101761,Z-MIR,0.894427,auto,2026-07-06 02:56:16
PC-101762,Z-MIR,1.0,auto,2026-07-05 19:17:57
PC-101763,Z-MIR,1.0,auto,2026-07-05 16:42:05
PC-101764,Z-MIR,1.0,auto,2026-07-05 20:15:11
PC-101765,Z-MIR,0.894427,auto,2026-07-05 11:19:16
PC-101766,Z-MIR,1.0,auto,2026-07-05 16:28:03
PC-101767,Z-MIR,1.0,auto,2026-07-07 08:30:26
PC-101768,Z-MIR,1.0,auto,2026-07-05 17:54:17
PC-101769,Z-MIR,1.0,auto,2026-07-06 03:48:43
PC-101770,Z-MIR,1.0,auto,2026-07-06 19:42:55
PC-101771,Z-MIR,0.894427,auto,2026-07-06 21:24:25
PC-101772,Z-MIR,1.0,auto,2026-07-05 07:25:15
PC-101773,Z-MIR,1.0,auto,2026-07-05 23:47:59
PC-101774,Z-MIR,1.0,auto,2026-07-06 19:27:04
PC-101775,Z-MIR,1.0,auto,2026-07-06 12:05:54
PC-101776,Z-MIR,1.0,auto,2026-07-07 03:14:44
PC-101777,Z-MIR,1.0,auto,2026-07-07 04:25:41
PC-101778,Z-MIR,1.0,auto,2026-07-06 14:27:36
PC-101779,Z-MIR,1.0,auto,2026-07-06 22:00:07
PC-101780,Z-MIR,1.0,auto,2026-07-07 12:22:47
PC-101781,Z-MIR,0.894427,auto,2026-07-06 19:02:52
PC-101782,Z-MIR,1.0,auto,2026-07-06 14:41:56
PC-101783,Z-MIR,1.0,auto,2026-07-06 17:32:29
PC-101784,Z-MIR,1.0,auto,2026-07-06 08:07:45
PC-101785,Z-MIR,0.894427,auto,2026-07-07 12:51:16
PC-101786,Z-MIR,1.0,auto,2026-07-02 06:35:14
PC-101787,Z-MIR,1.0,auto,2026-07-03 00:56:19
PC-101788,Z-MIR,1.0,auto,2026-07-02 08:49:23
PC-101789,Z-MIR,0.894427,auto,2026-07-03 14:00:08
PC-101790,Z-MIR,1.0,auto,2026-07-03 10:34:28
PC-101791,Z-MIR,0.894427,auto,2026-07-02 05:25:01
PC-101792,Z-MIR,1.0,auto,2026-07-03 11:51:08
PC-101793,Z-MIR,1.0,auto,2026-07-02 22:50:57
PC-101794,Z-MIR,1.0,auto,2026-07-03 05:06:02
PC-101795,Z-MIR,1.0,auto,2026-07-03 07:31:05
PC-101796,Z-MIR,1.0,auto,2026-07-03 03:25:10
PC-101797,Z-MIR,1.0,auto,2026-07-03 04:09:42
PC-101798,Z-MIR,1.0,auto,2026-07-03 08:27:05
PC-101799,Z-MIR,1.0,auto,2026-07-03 17:57:06
PC-101800,Z-MIR,1.0,auto,2026-07-03 04:39:51
PC-101801,Z-MIR,1.0,auto,2026-07-04 00:01:45
PC-101802,Z-MIR,1.0,auto,2026-07-03 07:00:08
PC-101803,Z-MIR,0.894427,auto,2026-07-04 05:08:34
PC-101804,Z-MIR,1.0,auto,2026-07-02 22:05:20
PC-101805,Z-MIR,1.0,auto,2026-07-03 16:03:04
PC-101806,Z-MIR,1.0,auto,2026-07-03 13:58:01
PC-101807,Z-MIR,1.0,auto,2026-07-03 11:30:47
PC-101808,Z-MIR,1.0,auto,2026-07-03 03:22:57
PC-101809,Z-MIR,1.0,auto,2026-07-03 05:10:48
PC-101810,Z-MIR,1.0,auto,2026-07-02 18:34:53
PC-101811,Z-MIR,1.0,auto,2026-07-03 17:39:51
PC-101812,Z-MIR,1.0,auto,2026-07-03 15:24:41
PC-101813,Z-MIR,1.0,auto,2026-07-03 07:25:17
PC-101814,Z-MIR,1.0,auto,2026-07-03 03:10:57
PC-101815,Z-MIR,1.0,auto,2026-07-02 22:43:56
PC-101816,Z-MIR,0.894427,auto,2026-07-04 05:35:43
PC-101817,Z-MIR,1.0,auto,2026-07-03 20:05:31
PC-101818,Z-MIR,1.0,auto,2026-07-02 16:23:10
PC-101819,Z-MIR,1.0,auto,2026-07-02 17:04:38
PC-101820,Z-MIR,1.0,auto,2026-07-03 12:11:47
PC-101821,Z-MIR,1.0,auto,2026-07-03 22:47:49
PC-101822,Z-MIR,1.0,auto,2026-07-03 11:55:44
PC-101823,Z-MIR,1.0,auto,2026-07-03 04:19:35
PC-101824,Z-MIR,1.0,auto,2026-07-03 16:18:37
PC-101825,Z-MIR,1.0,auto,2026-07-02 12:31:18
PC-101826,Z-MIR,1.0,auto,2026-07-02 16:52:35
PC-101827,Z-MIR,1.0,auto,2026-07-02 21:44:59
PC-101828,Z-MIR,1.0,auto,2026-07-02 11:09:30
PC-101829,Z-MIR,0.894427,auto,2026-07-03 15:54:39
PC-101830,Z-MIR,0.894427,auto,2026-07-03 12:24:28
PC-101831,Z-MIR,1.0,auto,2026-07-02 18:48:17
PC-101832,Z-MIR,0.894427,auto,2026-07-02 18:04:39
PC-101833,Z-MIR,1.0,auto,2026-07-03 09:02:00
PC-101834,Z-MIR,1.0,auto,2026-07-02 18:14:17
PC-101835,Z-MIR,1.0,auto,2026-07-03 18:19:33
PC-101836,Z-MIR,1.0,auto,2026-07-02 22:39:56
PC-101837,Z-MIR,1.0,auto,2026-07-03 00:40:32
PC-101838,Z-MIR,1.0,auto,2026-07-02 09:50:54
PC-101839,Z-MIR,1.0,auto,2026-07-03 03:03:28
PC-101840,Z-MIR,1.0,auto,2026-07-03 07:54:20
PC-101841,Z-MIR,0.894427,auto,2026-07-02 16:09:33
PC-101842,Z-MIR,1.0,auto,2026-07-03 12:18:38
PC-101843,Z-MIR,1.0,auto,2026-07-03 06:53:55
PC-101844,Z-MIR,0.894427,auto,2026-07-03 17:12:59
PC-101845,Z-MIR,0.894427,auto,2026-07-03 01:23:02
PC-101846,Z-MIR,1.0,auto,2026-07-02 20:08:25
PC-101847,Z-MIR,0.894427,auto,2026-07-02 16:25:39
PC-101848,Z-MIR,1.0,auto,2026-07-03 20:58:30
PC-101849,Z-MIR,1.0,auto,2026-07-03 01:45:31
PC-101850,Z-MIR,0.894427,auto,2026-07-03 10:51:16
PC-101851,Z-MIR,1.0,auto,2026-07-02 13:41:41
PC-101852,Z-MIR,1.0,auto,2026-07-03 08:44:12
PC-101853,Z-MIR,1.0,auto,2026-07-04 03:49:26
PC-101854,Z-MIR,1.0,auto,2026-07-02 13:51:45
PC-101855,Z-MIR,1.0,auto,2026-07-04 04:55:21
PC-101856,Z-MIR,1.0,auto,2026-07-02 07:36:05
PC-101857,Z-MIR,1.0,auto,2026-07-02 23:38:37
PC-101858,Z-MIR,1.0,auto,2026-07-02 14:08:13
PC-101859,Z-MIR,1.0,auto,2026-07-03 14:14:13
PC-101860,Z-MIR,1.0,auto,2026-07-02 09:20:59
PC-101861,Z-MIR,1.0,auto,2026-07-02 18:13:02
PC-101862,Z-MIR,1.0,auto,2026-07-02 22:13:28
PC-101863,Z-MIR,1.0,auto,2026-07-02 11:36:33
PC-101864,Z-MIR,1.0,auto,2026-07-04 03:30:42
PC-101865,Z-MIR,1.0,auto,2026-07-04 01:14:24
PC-101866,Z-MIR,1.0,auto,2026-07-02 13:59:16
PC-101867,Z-MIR,0.894427,auto,2026-07-02 20:44:01
PC-101868,Z-MIR,1.0,auto,2026-07-03 06:05:51
PC-101869,Z-MIR,1.0,auto,2026-07-02 15:42:32
PC-101870,Z-MIR,1.0,auto,2026-07-03 17:58:19
PC-101871,Z-MIR,1.0,auto,2026-07-04 07:30:27
PC-101872,Z-MIR,1.0,auto,2026-07-03 05:06:26
PC-101873,Z-MIR,1.0,auto,2026-07-03 16:24:14
PC-101874,Z-MIR,1.0,auto,2026-07-02 12:22:34
PC-101875,Z-MIR,1.0,auto,2026-07-02 15:01:37
PC-101876,Z-MIR,1.0,auto,2026-07-03 13:29:13
PC-101877,Z-MIR,1.0,auto,2026-07-02 20:44:33
PC-101878,Z-MIR,0.894427,auto,2026-07-03 15:38:07
PC-101879,Z-MIR,1.0,auto,2026-07-03 05:58:22
PC-101880,Z-MIR,1.0,auto,2026-07-03 13:20:19
PC-101881,Z-MIR,1.0,auto,2026-07-03 21:58:08
PC-101882,Z-MIR,1.0,auto,2026-07-02 19:25:31
PC-101883,Z-MIR,1.0,auto,2026-07-02 14:12:16
PC-101884,Z-MIR,1.0,auto,2026-07-03 23:24:13
PC-101885,Z-MIR,1.0,auto,2026-07-03 02:15:05
PC-101886,Z-MIR,1.0,auto,2026-07-02 13:32:33
PC-101887,Z-MIR,1.0,auto,2026-07-02 15:46:08
PC-101888,Z-MIR,1.0,auto,2026-07-02 15:40:22
PC-101889,Z-MIR,1.0,auto,2026-07-03 03:59:02
PC-101890,Z-MIR,1.0,auto,2026-07-04 05:38:31
PC-101891,Z-MIR,1.0,auto,2026-07-03 06:10:30
PC-101892,Z-MIR,1.0,auto,2026-07-03 08:02:34
PC-101893,Z-MIR,1.0,auto,2026-07-02 08:40:39
PC-101894,Z-MIR,1.0,auto,2026-07-02 20:17:50
PC-101895,Z-MIR,1.0,auto,2026-07-03 04:20:04
PC-101896,Z-MIR,1.0,auto,2026-07-03 10:37:41
PC-101897,Z-MIR,1.0,auto,2026-07-03 19:08:00
PC-101898,Z-MIR,0.894427,auto,2026-07-02 18:56:53
PC-101899,Z-MIR,1.0,auto,2026-07-03 13:11:10
PC-101900,Z-MIR,0.894427,auto,2026-07-04 00:16:17
PC-101901,Z-MIR,1.0,auto,2026-07-02 17:21:56
PC-101902,Z-MIR,1.0,auto,2026-07-02 16:27:41
PC-101903,Z-MIR,1.0,auto,2026-07-03 06:18:09
PC-101904,Z-MIR,1.0,auto,2026-07-04 02:44:35
PC-101905,Z-MIR,1.0,auto,2026-07-03 15:47:38
PC-101906,Z-MIR,1.0,auto,2026-07-03 11:00:13
PC-101907,Z-MIR,1.0,auto,2026-07-03 20:53:01
PC-101908,Z-MIR,1.0,auto,2026-07-03 06:57:30
PC-101909,Z-MIR,0.894427,auto,2026-07-02 05:38:52
PC-101910,Z-MIR,1.0,auto,2026-07-03 10:17:59
PC-101911,Z-MIR,1.0,auto,2026-07-04 02:00:36
PC-101912,Z-MIR,1.0,auto,2026-07-02 16:45:41
PC-101913,Z-MIR,0.894427,auto,2026-07-03 18:23:53
PC-101914,Z-MIR,1.0,auto,2026-07-02 19:43:12
PC-101915,Z-MIR,1.0,auto,2026-07-03 20:01:01
PC-101916,Z-MIR,1.0,auto,2026-07-02 18:47:26
PC-101917,Z-MIR,1.0,auto,2026-07-02 13:46:46
PC-101918,Z-MIR,1.0,auto,2026-07-02 14:39:05
PC-101919,Z-MIR,1.0,auto,2026-07-03 02:36:09
PC-101920,Z-MIR,1.0,auto,2026-07-03 12:52:45
PC-101921,Z-MIR,0.894427,auto,2026-07-03 15:18:09
PC-101922,Z-MIR,1.0,auto,2026-07-03 05:26:46
PC-101923,Z-MIR,1.0,auto,2026-07-03 16:27:45
PC-101924,Z-MIR,1.0,auto,2026-07-03 03:44:21
PC-101925,Z-MIR,1.0,auto,2026-07-03 00:37:50
PC-101926,Z-MIR,1.0,auto,2026-07-02 23:07:51
PC-101927,Z-MIR,1.0,auto,2026-07-03 10:31:25
PC-101928,Z-MIR,1.0,auto,2026-07-03 05:30:32
PC-101929,Z-MIR,1.0,auto,2026-07-03 23:13:38
PC-101930,Z-MIR,1.0,auto,2026-07-02 15:03:31
PC-101931,Z-MIR,1.0,auto,2026-07-02 22:54:19
PC-101932,Z-MIR,1.0,auto,2026-07-03 13:33:19
PC-101933,Z-MIR,1.0,auto,2026-07-03 15:24:16
PC-101934,Z-MIR,1.0,auto,2026-07-03 02:11:35
PC-101935,Z-MIR,1.0,auto,2026-07-03 01:17:17
PC-101936,Z-MIR,1.0,auto,2026-07-03 03:02:26
PC-101937,Z-MIR,0.894427,auto,2026-07-02 10:16:48
PC-101938,Z-MIR,1.0,auto,2026-07-02 20:25:49
PC-101939,Z-MIR,1.0,auto,2026-07-03 17:23:17
PC-101940,Z-MIR,1.0,auto,2026-07-02 15:26:19
PC-101941,Z-MIR,1.0,auto,2026-07-02 13:03:47
PC-101942,Z-MIR,1.0,auto,2026-07-04 06:03:50
PC-101943,Z-MIR,1.0,auto,2026-07-03 18:08:27
PC-101944,Z-MIR,1.0,auto,2026-07-02 12:43:57
PC-101945,Z-MIR,1.0,auto,2026-07-03 02:37:51
PC-101946,Z-MIR,1.0,auto,2026-07-03 17:59:36
PC-101947,Z-MIR,1.0,auto,2026-07-03 16:10:13
PC-101948,Z-MIR,1.0,auto,2026-07-02 15:01:00
PC-101949,Z-MIR,1.0,auto,2026-07-03 13:27:00
PC-101950,Z-MIR,1.0,auto,2026-07-04 02:17:20
PC-101951,Z-MIR,0.894427,auto,2026-07-03 12:27:01
PC-101952,Z-MIR,1.0,auto,2026-07-04 03:10:16
PC-101953,Z-MIR,0.894427,auto,2026-07-03 01:37:19
PC-101954,Z-MIR,1.0,auto,2026-07-03 17:30:13
PC-101955,Z-MIR,1.0,auto,2026-07-04 00:40:08
PC-101956,Z-MIR,1.0,auto,2026-07-02 14:45:36
PC-101957,Z-MIR,1.0,auto,2026-07-02 21:52:42
PC-101958,Z-MIR,1.0,auto,2026-07-03 00:38:27
PC-101959,Z-MIR,0.894427,auto,2026-07-02 09:55:37
PC-101960,Z-MIR,1.0,auto,2026-07-03 12:04:12
PC-101961,Z-MIR,1.0,auto,2026-07-03 15:15:06
PC-101962,Z-MIR,0.894427,auto,2026-07-04 00:29:36
PC-101963,Z-MIR,1.0,auto,2026-07-03 00:46:18
PC-101964,Z-MIR,1.0,auto,2026-07-02 08:53:57
PC-101965,Z-MIR,1.0,auto,2026-07-02 19:38:33
PC-101966,Z-MIR,1.0,auto,2026-07-03 09:15:15
PC-101967,Z-MIR,1.0,auto,2026-07-03 14:39:56
PC-101968,Z-MIR,0.894427,auto,2026-07-03 19:23:17
PC-101969,Z-MIR,1.0,auto,2026-07-03 17:24:41
PC-101970,Z-MIR,1.0,auto,2026-07-04 01:45:39
PC-101971,Z-MIR,1.0,auto,2026-07-02 17:07:02
PC-101972,Z-MIR,1.0,auto,2026-07-03 23:07:31
PC-101973,Z-MIR,1.0,auto,2026-07-03 03:58:57
PC-101974,Z-MIR,0.894427,auto,2026-07-02 16:59:05
PC-101975,Z-MIR,1.0,auto,2026-07-02 17:34:57
PC-101976,Z-MIR,1.0,auto,2026-07-03 12:39:18
PC-101977,Z-MIR,1.0,auto,2026-07-04 04:20:50
PC-101978,Z-MIR,1.0,auto,2026-07-02 17:48:14
PC-101979,Z-MIR,1.0,auto,2026-07-03 13:50:59
PC-101980,Z-MIR,1.0,auto,2026-07-04 02:23:52
PC-101981,Z-MIR,1.0,auto,2026-07-02 22:39:31
PC-101982,Z-MIR,1.0,auto,2026-07-03 08:25:50
PC-101983,Z-MIR,1.0,auto,2026-07-04 01:58:34
PC-101984,Z-MIR,1.0,auto,2026-07-04 01:09:45
PC-101985,Z-MIR,1.0,auto,2026-07-03 22:35:44
PC-101986,Z-MIR,1.0,auto,2026-07-03 17:20:54
PC-101987,Z-MIR,1.0,auto,2026-07-02 19:29:08
PC-101988,Z-MIR,1.0,auto,2026-07-03 00:17:33
PC-101989,Z-MIR,1.0,auto,2026-07-03 03:47:32
PC-101990,Z-MIR,1.0,auto,2026-07-03 08:24:46
PC-101991,Z-MIR,1.0,auto,2026-07-03 11:24:05
PC-101992,Z-MIR,1.0,auto,2026-07-03 12:41:11
PC-101993,Z-MIR,1.0,auto,2026-07-03 07:58:38
PC-101994,Z-MIR,0.894427,auto,2026-07-03 02:43:28
PC-101995,Z-MIR,1.0,auto,2026-07-02 03:29:59
PC-101996,Z-MIR,1.0,auto,2026-07-02 13:48:33
PC-101997,Z-MIR,1.0,auto,2026-07-03 00:51:19
PC-101998,Z-MIR,1.0,auto,2026-07-02 22:33:29
PC-101999,Z-MIR,1.0,auto,2026-07-02 15:02:25
PC-102000,Z-MIR,1.0,auto,2026-07-03 21:27:25
PC-102001,Z-MIR,1.0,auto,2026-07-02 06:32:29
PC-102002,Z-MIR,1.0,auto,2026-07-03 09:22:36
PC-102003,Z-MIR,1.0,auto,2026-07-03 10:47:01
PC-102004,Z-MIR,1.0,auto,2026-07-03 05:19:09
PC-102005,Z-MIR,1.0,auto,2026-07-02 11:38:08
PC-102006,Z-MIR,1.0,auto,2026-07-03 05:58:18
PC-102007,Z-MIR,1.0,auto,2026-07-03 19:53:59
PC-102008,Z-MIR,1.0,auto,2026-07-03 15:45:27
PC-102009,Z-MIR,1.0,auto,2026-07-03 15:52:22
PC-102010,Z-MIR,1.0,auto,2026-07-03 17:40:52
PC-102011,Z-MIR,1.0,auto,2026-07-03 13:54:08
PC-102012,Z-MIR,1.0,auto,2026-07-03 23:11:45
PC-102013,Z-MIR,1.0,auto,2026-07-03 12:08:28
PC-102014,Z-MIR,1.0,auto,2026-07-04 07:12:50
PC-102015,Z-MIR,1.0,auto,2026-07-03 15:56:39
PC-102016,Z-MIR,1.0,auto,2026-07-03 18:09:39
PC-102017,Z-MIR,1.0,auto,2026-07-03 14:35:14
PC-102018,Z-MIR,1.0,auto,2026-07-03 12:58:55
PC-102019,Z-MIR,1.0,auto,2026-07-03 05:28:54
PC-102020,Z-MIR,1.0,auto,2026-07-04 01:01:41
PC-102021,Z-MIR,1.0,auto,2026-07-03 07:36:04
PC-102022,Z-MIR,1.0,auto,2026-07-03 14:12:36
PC-102023,Z-MIR,1.0,auto,2026-07-04 11:28:57
PC-102024,Z-MIR,0.894427,auto,2026-07-04 04:56:32
PC-102025,Z-MIR,1.0,auto,2026-07-04 06:10:24
PC-102026,Z-MIR,1.0,auto,2026-07-03 21:57:00
PC-102027,Z-MIR,1.0,auto,2026-07-04 07:29:47
PC-102028,Z-MIR,1.0,auto,2026-07-03 17:28:25
PC-102029,Z-MIR,1.0,auto,2026-07-03 22:54:42
PC-102030,Z-MIR,1.0,auto,2026-07-04 12:14:13
PC-102031,Z-MIR,1.0,auto,2026-07-03 09:01:59
PC-102032,Z-MIR,0.894427,auto,2026-07-03 18:25:12
PC-102033,Z-MIR,1.0,auto,2026-07-03 14:17:12
PC-102034,Z-MIR,1.0,auto,2026-07-03 19:22:03
PC-102035,Z-MIR,1.0,auto,2026-07-03 15:13:47
PC-102036,Z-MIR,1.0,auto,2026-07-04 02:05:53
PC-102037,Z-MIR,1.0,auto,2026-07-03 12:53:53
PC-102038,Z-MIR,1.0,auto,2026-07-03 13:40:51
PC-102039,Z-MIR,1.0,auto,2026-07-03 11:05:33
PC-102040,Z-MIR,1.0,auto,2026-07-04 07:07:24
PC-102041,Z-MIR,0.894427,auto,2026-07-04 17:44:29
PC-102042,Z-MIR,1.0,auto,2026-07-03 22:38:54
PC-102043,Z-MIR,1.0,auto,2026-07-04 12:07:20
PC-102044,Z-MIR,1.0,auto,2026-07-03 14:46:53
PC-102045,Z-MIR,1.0,auto,2026-07-04 13:21:42
PC-102046,Z-MIR,1.0,auto,2026-07-03 12:22:41
PC-102047,Z-MIR,1.0,auto,2026-07-03 20:52:14
PC-102048,Z-MIR,1.0,auto,2026-07-03 14:06:03
PC-102049,Z-MIR,1.0,auto,2026-07-03 21:00:34
PC-102050,Z-MIR,1.0,auto,2026-07-04 23:40:50
PC-102051,Z-MIR,0.894427,auto,2026-07-03 11:23:51
PC-102052,Z-MIR,1.0,auto,2026-07-03 17:55:36
PC-102053,Z-MIR,1.0,auto,2026-07-04 22:39:35
PC-102054,Z-MIR,1.0,auto,2026-07-04 10:01:06
PC-102055,Z-MIR,0.894427,auto,2026-07-03 08:03:18
PC-102056,Z-MIR,1.0,auto,2026-07-03 13:58:24
PC-102057,Z-MIR,1.0,auto,2026-07-04 09:45:18
PC-102058,Z-MIR,1.0,auto,2026-07-04 03:21:17
PC-102059,Z-MIR,1.0,auto,2026-07-04 03:44:31
PC-102060,Z-MIR,1.0,auto,2026-07-04 14:14:39
PC-102061,Z-MIR,1.0,auto,2026-07-03 13:16:49
PC-102062,Z-MIR,1.0,auto,2026-07-04 10:17:11
PC-102063,Z-MIR,0.894427,auto,2026-07-03 15:49:54
PC-102064,Z-MIR,1.0,auto,2026-07-03 21:37:23
PC-102065,Z-MIR,1.0,auto,2026-07-04 19:55:16
PC-102066,Z-MIR,1.0,auto,2026-07-03 14:33:57
PC-102067,Z-MIR,1.0,auto,2026-07-03 13:36:29
PC-102068,Z-MIR,1.0,auto,2026-07-04 06:04:52
PC-102069,Z-MIR,1.0,auto,2026-07-03 15:49:47
PC-102070,Z-MIR,1.0,auto,2026-07-04 21:28:53
PC-102071,Z-MIR,1.0,auto,2026-07-04 22:29:18
PC-102072,Z-MIR,1.0,auto,2026-07-04 04:27:42
PC-102073,Z-MIR,1.0,auto,2026-07-04 13:51:06
PC-102074,Z-MIR,1.0,auto,2026-07-04 05:29:39
PC-102075,Z-MIR,1.0,auto,2026-07-04 19:16:44
PC-102076,Z-MIR,1.0,auto,2026-07-04 20:18:48
PC-102077,Z-MIR,1.0,auto,2026-07-04 04:27:28
PC-102078,Z-MIR,1.0,auto,2026-07-04 11:47:52
PC-102079,Z-MIR,1.0,auto,2026-07-04 17:39:31
PC-102080,Z-MIR,1.0,auto,2026-07-03 21:38:11
PC-102081,Z-MIR,0.894427,auto,2026-07-03 23:20:20
PC-102082,Z-MIR,1.0,auto,2026-07-05 00:47:35
PC-102083,Z-MIR,1.0,auto,2026-07-04 19:24:46
PC-102084,Z-MIR,1.0,auto,2026-07-03 16:03:12
PC-102085,Z-MIR,1.0,auto,2026-07-03 11:29:12
PC-102086,Z-MIR,1.0,auto,2026-07-04 21:10:59
PC-102087,Z-MIR,1.0,auto,2026-07-03 23:29:05
PC-102088,Z-MIR,1.0,auto,2026-07-05 02:21:35
PC-102089,Z-MIR,1.0,auto,2026-07-04 03:45:21
PC-102090,Z-MIR,1.0,auto,2026-07-04 06:31:15
PC-102091,Z-MIR,1.0,auto,2026-07-03 14:01:39
PC-102092,Z-MIR,1.0,auto,2026-07-04 02:27:31
PC-102093,Z-MIR,1.0,auto,2026-07-04 07:43:11
PC-102094,Z-MIR,1.0,auto,2026-07-04 08:15:34
PC-102095,Z-MIR,0.894427,auto,2026-07-03 22:01:05
PC-102096,Z-MIR,1.0,auto,2026-07-03 13:14:06
PC-102097,Z-MIR,1.0,auto,2026-07-04 22:52:48
PC-102098,Z-MIR,1.0,auto,2026-07-05 00:00:29
PC-102099,Z-MIR,1.0,auto,2026-07-04 16:44:02
PC-102100,Z-MIR,1.0,auto,2026-07-03 22:32:27
PC-102101,Z-MIR,1.0,auto,2026-07-03 07:39:17
PC-102102,Z-MIR,1.0,auto,2026-07-04 01:30:35
PC-102103,Z-MIR,1.0,auto,2026-07-03 21:03:53
PC-102104,Z-MIR,1.0,auto,2026-07-04 21:16:18
PC-102105,Z-MIR,1.0,auto,2026-07-04 14:45:07
PC-102106,Z-MIR,1.0,auto,2026-07-04 14:12:22
PC-102107,Z-MIR,1.0,auto,2026-07-04 21:59:16
PC-102108,Z-MIR,1.0,auto,2026-07-04 09:54:42
PC-102109,Z-MIR,1.0,auto,2026-07-04 03:49:38
PC-102110,Z-MIR,1.0,auto,2026-07-03 13:39:57
PC-102111,Z-MIR,1.0,auto,2026-07-04 23:08:39
PC-102112,Z-MIR,0.894427,auto,2026-07-03 22:16:44
PC-102113,Z-MIR,1.0,auto,2026-07-04 19:57:11
PC-102114,Z-MIR,1.0,auto,2026-07-04 16:04:45
PC-102115,Z-MIR,1.0,auto,2026-07-05 00:23:36
PC-102116,Z-MIR,1.0,auto,2026-07-04 03:31:36
PC-102117,Z-MIR,1.0,auto,2026-07-03 14:02:26
PC-102118,Z-MIR,1.0,auto,2026-07-03 12:30:43
PC-102119,Z-MIR,1.0,auto,2026-07-03 16:18:53
PC-102120,Z-MIR,1.0,auto,2026-07-03 15:16:55
PC-102121,Z-MIR,1.0,auto,2026-07-04 09:37:29
PC-102122,Z-MIR,1.0,auto,2026-07-04 16:34:15
PC-102123,Z-MIR,1.0,auto,2026-07-03 19:51:05
PC-102124,Z-MIR,1.0,auto,2026-07-03 04:46:13
PC-102125,Z-MIR,1.0,auto,2026-07-04 16:21:22
PC-102126,Z-MIR,1.0,auto,2026-07-04 20:03:41
PC-102127,Z-MIR,1.0,auto,2026-07-03 22:52:08
PC-102128,Z-MIR,1.0,auto,2026-07-04 08:38:52
PC-102129,Z-MIR,1.0,auto,2026-07-03 05:59:25
PC-102130,Z-MIR,1.0,auto,2026-07-04 08:26:52
PC-102131,Z-MIR,0.894427,auto,2026-07-04 05:29:13
PC-102132,Z-MIR,1.0,auto,2026-07-03 22:12:30
PC-102133,Z-MIR,1.0,auto,2026-07-03 11:27:21
PC-102134,Z-MIR,1.0,auto,2026-07-03 22:18:06
PC-102135,Z-MIR,1.0,auto,2026-07-04 07:09:26
PC-102136,Z-MIR,1.0,auto,2026-07-03 13:07:01
PC-102137,Z-MIR,1.0,auto,2026-07-03 12:13:16
PC-102138,Z-MIR,1.0,auto,2026-07-03 16:27:38
PC-102139,Z-MIR,1.0,auto,2026-07-04 01:07:06
PC-102140,Z-MIR,1.0,auto,2026-07-04 19:04:03
PC-102141,Z-MIR,1.0,auto,2026-07-04 19:23:59
PC-102142,Z-MIR,1.0,auto,2026-07-03 09:33:40
PC-102143,Z-MIR,1.0,auto,2026-07-03 14:14:31
PC-102144,Z-MIR,1.0,auto,2026-07-04 12:41:15
PC-102145,Z-MIR,1.0,auto,2026-07-04 04:53:27
PC-102146,Z-MIR,1.0,auto,2026-07-05 06:19:16
PC-102147,Z-MIR,1.0,auto,2026-07-05 02:33:13
PC-102148,Z-MIR,1.0,auto,2026-07-05 03:25:30
PC-102149,Z-MIR,1.0,auto,2026-07-04 04:47:08
PC-102150,Z-MIR,1.0,auto,2026-07-04 23:29:11
PC-102151,Z-MIR,1.0,auto,2026-07-04 00:01:28
PC-102152,Z-MIR,1.0,auto,2026-07-04 04:20:37
PC-102153,Z-MIR,1.0,auto,2026-07-04 17:29:30
PC-102154,Z-MIR,1.0,auto,2026-07-04 07:28:25
PC-102155,Z-MIR,1.0,auto,2026-07-04 03:14:23
PC-102156,Z-MIR,1.0,auto,2026-07-04 12:13:29
PC-102157,Z-MIR,1.0,auto,2026-07-05 01:44:53
PC-102158,Z-MIR,1.0,auto,2026-07-04 14:57:34
PC-102159,Z-MIR,1.0,auto,2026-07-04 07:15:32
PC-102160,Z-MIR,1.0,auto,2026-07-03 20:15:30
PC-102161,Z-MIR,1.0,auto,2026-07-04 14:25:26
PC-102162,Z-MIR,1.0,auto,2026-07-03 22:52:04
PC-102163,Z-MIR,1.0,auto,2026-07-03 23:44:51
PC-102164,Z-MIR,1.0,auto,2026-07-04 06:45:30
PC-102165,Z-MIR,1.0,auto,2026-07-04 21:21:51
PC-102166,Z-MIR,1.0,auto,2026-07-03 14:01:45
PC-102167,Z-MIR,1.0,auto,2026-07-04 17:13:29
PC-102168,Z-MIR,1.0,auto,2026-07-03 22:58:57
PC-102169,Z-MIR,1.0,auto,2026-07-04 09:36:53
PC-102170,Z-MIR,1.0,auto,2026-07-04 02:32:48
PC-102171,Z-MIR,1.0,auto,2026-07-04 10:44:32
PC-102172,Z-MIR,1.0,auto,2026-07-03 18:00:47
PC-102173,Z-MIR,1.0,auto,2026-07-05 04:23:46
PC-102174,Z-MIR,1.0,auto,2026-07-03 04:38:58
PC-102175,Z-MIR,1.0,auto,2026-07-05 00:06:15
PC-102176,Z-MIR,1.0,auto,2026-07-04 08:46:05
PC-102177,Z-MIR,1.0,auto,2026-07-04 22:35:19
PC-102178,Z-MIR,1.0,auto,2026-07-04 04:28:47
PC-102179,Z-MIR,1.0,auto,2026-07-03 10:47:40
PC-102180,Z-MIR,1.0,auto,2026-07-03 14:37:54
PC-102181,Z-MIR,1.0,auto,2026-07-04 22:35:00
PC-102182,Z-MIR,1.0,auto,2026-07-03 17:17:25
PC-102183,Z-MIR,1.0,auto,2026-07-03 13:40:35
PC-102184,Z-MIR,1.0,auto,2026-07-04 09:37:21
PC-102185,Z-MIR,1.0,auto,2026-07-03 10:53:23
PC-102186,Z-MIR,1.0,auto,2026-07-04 03:33:29
PC-102187,Z-MIR,1.0,auto,2026-07-04 05:19:03
PC-102188,Z-MIR,1.0,auto,2026-07-05 03:25:57
PC-102189,Z-MIR,1.0,auto,2026-07-04 00:13:21
PC-102190,Z-MIR,1.0,auto,2026-07-03 08:59:57
PC-102191,Z-MIR,1.0,auto,2026-07-04 23:27:31
PC-102192,Z-MIR,1.0,auto,2026-07-04 18:43:57
PC-102193,Z-MIR,0.894427,auto,2026-07-04 14:35:25
PC-102194,Z-MIR,1.0,auto,2026-07-04 18:24:10
PC-102195,Z-MIR,1.0,auto,2026-07-03 14:58:24
PC-102196,Z-MIR,1.0,auto,2026-07-03 13:39:57
PC-102197,Z-MIR,1.0,auto,2026-07-03 17:28:40
PC-102198,Z-MIR,1.0,auto,2026-07-03 09:15:09
PC-102199,Z-MIR,1.0,auto,2026-07-04 05:43:28
PC-102200,Z-MIR,0.894427,auto,2026-07-03 12:51:54
PC-102201,Z-MIR,1.0,auto,2026-07-04 23:18:17
PC-102202,Z-MIR,1.0,auto,2026-07-04 16:53:08
PC-102203,Z-MIR,1.0,auto,2026-07-03 21:31:10
PC-102204,Z-MIR,1.0,auto,2026-07-04 01:19:53
PC-102205,Z-MIR,1.0,auto,2026-07-04 04:31:21
PC-102206,Z-MIR,1.0,auto,2026-07-04 14:15:01
PC-102207,Z-MIR,1.0,auto,2026-07-04 23:11:19
PC-102208,Z-MIR,0.894427,auto,2026-07-03 21:57:24
PC-102209,Z-MIR,1.0,auto,2026-07-04 15:15:56
PC-102210,Z-MIR,1.0,auto,2026-07-05 01:33:18
PC-102211,Z-MIR,0.894427,auto,2026-07-04 13:12:30
PC-102212,Z-MIR,1.0,auto,2026-07-04 16:28:54
PC-102213,Z-MIR,1.0,auto,2026-07-04 14:40:48
PC-102214,Z-MIR,1.0,auto,2026-07-04 00:47:32
PC-102215,Z-MIR,1.0,auto,2026-07-04 07:24:27
PC-102216,Z-MIR,1.0,auto,2026-07-05 04:07:01
PC-102217,Z-MIR,1.0,auto,2026-07-04 21:09:48
PC-102218,Z-MIR,1.0,auto,2026-07-04 06:51:53
PC-102219,Z-MIR,1.0,auto,2026-07-04 09:40:28
PC-102220,Z-MIR,1.0,auto,2026-07-03 18:57:03
PC-102221,Z-MIR,1.0,auto,2026-07-03 11:30:20
PC-102222,Z-MIR,1.0,auto,2026-07-04 03:15:03
PC-102223,Z-MIR,1.0,auto,2026-07-03 07:35:35
PC-102224,Z-MIR,1.0,auto,2026-07-04 12:35:53
PC-102225,Z-MIR,1.0,auto,2026-07-04 20:27:51
PC-102226,Z-MIR,1.0,auto,2026-07-03 19:52:33
PC-102227,Z-MIR,1.0,auto,2026-07-05 01:28:54
PC-102228,Z-MIR,1.0,auto,2026-07-03 11:15:25
PC-102229,Z-MIR,1.0,auto,2026-07-03 04:39:31
PC-102230,Z-MIR,1.0,auto,2026-07-04 17:25:42
PC-102231,Z-MIR,1.0,auto,2026-07-04 19:59:31
PC-102232,Z-MIR,1.0,auto,2026-07-04 04:46:10
PC-102233,Z-MIR,0.894427,auto,2026-07-04 17:47:48
PC-102234,Z-MIR,0.894427,auto,2026-07-03 21:56:38
PC-102235,Z-MIR,1.0,auto,2026-07-03 09:04:39
PC-102236,Z-MIR,1.0,auto,2026-07-04 08:37:13
PC-102237,Z-MIR,1.0,auto,2026-07-04 07:20:58
PC-102238,Z-MIR,1.0,auto,2026-07-03 12:28:32
PC-102239,Z-MIR,0.894427,auto,2026-07-03 10:48:22
PC-102240,Z-MIR,1.0,auto,2026-07-04 14:01:35
PC-102241,Z-MIR,1.0,auto,2026-07-04 02:30:03
PC-102242,Z-MIR,1.0,auto,2026-07-04 09:16:58
PC-102243,Z-MIR,1.0,auto,2026-07-03 23:27:09
PC-102244,Z-MIR,1.0,auto,2026-07-03 11:38:52
PC-102245,Z-MIR,1.0,auto,2026-07-04 13:49:04
PC-102246,Z-MIR,1.0,auto,2026-07-04 22:12:59
PC-102247,Z-MIR,1.0,auto,2026-07-04 07:23:57
PC-102248,Z-MIR,1.0,auto,2026-07-03 20:18:59
PC-102249,Z-MIR,0.894427,auto,2026-07-03 19:12:06
PC-102250,Z-MIR,1.0,auto,2026-07-03 19:55:10
PC-102251,Z-MIR,1.0,auto,2026-07-05 01:43:31
PC-102252,Z-MIR,1.0,auto,2026-07-04 06:25:25
PC-102253,Z-MIR,1.0,auto,2026-07-04 14:27:39
PC-102254,Z-MIR,1.0,auto,2026-07-03 18:09:17
PC-102255,Z-MIR,1.0,auto,2026-07-04 11:27:59
PC-102256,Z-MIR,1.0,auto,2026-07-03 19:58:48
PC-102257,Z-MIR,0.894427,auto,2026-07-04 20:09:43
PC-102258,Z-MIR,1.0,auto,2026-07-04 12:42:27
PC-102259,Z-MIR,0.894427,auto,2026-07-05 03:19:31
PC-102260,Z-MIR,1.0,auto,2026-07-05 08:27:46
PC-102261,Z-MIR,1.0,auto,2026-07-05 04:32:31
PC-102262,Z-MIR,1.0,auto,2026-07-05 01:01:14
PC-102263,Z-MIR,0.894427,auto,2026-07-05 07:54:53
PC-102264,Z-MIR,0.894427,auto,2026-07-04 22:10:22
PC-102265,Z-MIR,1.0,auto,2026-07-04 10:41:01
PC-102266,Z-MIR,1.0,auto,2026-07-05 00:42:50
PC-102267,Z-MIR,1.0,auto,2026-07-04 10:52:37
PC-102268,Z-MIR,1.0,auto,2026-07-04 14:38:20
PC-102269,Z-MIR,1.0,auto,2026-07-04 19:55:01
PC-102270,Z-MIR,1.0,auto,2026-07-04 18:24:03
PC-102271,Z-MIR,1.0,auto,2026-07-04 21:30:45
PC-102272,Z-MIR,1.0,auto,2026-07-04 22:12:14
PC-102273,Z-MIR,1.0,auto,2026-07-05 23:43:42
PC-102274,Z-MIR,1.0,auto,2026-07-04 22:10:17
PC-102275,Z-MIR,1.0,auto,2026-07-04 12:48:40
PC-102276,Z-MIR,1.0,auto,2026-07-05 14:25:13
PC-102277,Z-MIR,1.0,auto,2026-07-06 04:20:12
PC-102278,Z-MIR,1.0,auto,2026-07-05 16:10:34
PC-102279,Z-MIR,1.0,auto,2026-07-05 11:34:34
PC-102280,Z-MIR,1.0,auto,2026-07-05 03:27:28
PC-102281,Z-MIR,1.0,auto,2026-07-04 08:15:37
PC-102282,Z-MIR,1.0,auto,2026-07-05 08:27:49
PC-102283,Z-MIR,1.0,auto,2026-07-06 06:32:38
PC-102284,Z-MIR,1.0,auto,2026-07-04 15:12:51
PC-102285,Z-MIR,1.0,auto,2026-07-05 16:11:55
PC-102286,Z-MIR,0.894427,auto,2026-07-05 21:31:32
PC-102287,Z-MIR,1.0,auto,2026-07-05 16:31:43
PC-102288,Z-MIR,1.0,auto,2026-07-06 02:44:19
PC-102289,Z-MIR,1.0,auto,2026-07-04 12:17:50
PC-102290,Z-MIR,1.0,auto,2026-07-05 13:31:06
PC-102291,Z-MIR,1.0,auto,2026-07-05 14:42:14
PC-102292,Z-MIR,1.0,auto,2026-07-04 08:53:42
PC-102293,Z-MIR,1.0,auto,2026-07-05 06:07:45
PC-102294,Z-MIR,1.0,auto,2026-07-04 19:42:44
PC-102295,Z-MIR,0.894427,auto,2026-07-05 11:30:16
PC-102296,Z-MIR,1.0,auto,2026-07-05 18:05:41
PC-102297,Z-MIR,1.0,auto,2026-07-04 23:22:24
PC-102298,Z-MIR,1.0,auto,2026-07-04 13:47:01
PC-102299,Z-MIR,1.0,auto,2026-07-05 04:09:14
PC-102300,Z-MIR,1.0,auto,2026-07-05 03:29:09
PC-102301,Z-MIR,1.0,auto,2026-07-05 19:46:06
PC-102302,Z-MIR,1.0,auto,2026-07-04 13:05:48
PC-102303,Z-MIR,1.0,auto,2026-07-04 14:08:59
PC-102304,Z-MIR,0.894427,auto,2026-07-05 05:46:05
PC-102305,Z-MIR,1.0,auto,2026-07-05 20:50:06
PC-102306,Z-MIR,1.0,auto,2026-07-04 18:16:55
PC-102307,Z-MIR,1.0,auto,2026-07-04 11:17:46
PC-102308,Z-MIR,1.0,auto,2026-07-04 14:33:05
PC-102309,Z-MIR,1.0,auto,2026-07-05 15:18:55
PC-102310,Z-MIR,1.0,auto,2026-07-06 04:16:19
PC-102311,Z-MIR,0.894427,auto,2026-07-05 23:36:03
PC-102312,Z-MIR,1.0,auto,2026-07-04 15:15:59
PC-102313,Z-MIR,1.0,auto,2026-07-04 09:38:34
PC-102314,Z-MIR,1.0,auto,2026-07-04 23:53:19
PC-102315,Z-MIR,1.0,auto,2026-07-04 17:26:06
PC-102316,Z-MIR,1.0,auto,2026-07-05 07:44:33
PC-102317,Z-MIR,1.0,auto,2026-07-04 16:42:47
PC-102318,Z-MIR,1.0,auto,2026-07-05 00:38:11
PC-102319,Z-MIR,1.0,auto,2026-07-05 04:27:36
PC-102320,Z-MIR,1.0,auto,2026-07-05 10:56:05
PC-102321,Z-MIR,1.0,auto,2026-07-05 23:42:24
PC-102322,Z-MIR,1.0,auto,2026-07-04 23:36:08
PC-102323,Z-MIR,1.0,auto,2026-07-05 16:47:47
PC-102324,Z-MIR,1.0,auto,2026-07-05 09:13:51
PC-102325,Z-MIR,1.0,auto,2026-07-04 21:42:44
PC-102326,Z-MIR,1.0,auto,2026-07-04 11:57:28
PC-102327,Z-MIR,1.0,auto,2026-07-05 05:56:45
PC-102328,Z-MIR,1.0,auto,2026-07-05 06:19:27
PC-102329,Z-MIR,1.0,auto,2026-07-05 17:51:03
PC-102330,Z-MIR,1.0,auto,2026-07-05 13:06:03
PC-102331,Z-MIR,1.0,auto,2026-07-06 00:49:57
PC-102332,Z-MIR,1.0,auto,2026-07-04 14:20:51
PC-102333,Z-MIR,1.0,auto,2026-07-05 22:31:34
PC-102334,Z-MIR,1.0,auto,2026-07-06 02:12:25
PC-102335,Z-MIR,1.0,auto,2026-07-04 15:56:40
PC-102336,Z-MIR,1.0,auto,2026-07-05 12:01:18
PC-102337,Z-MIR,1.0,auto,2026-07-04 19:19:41
PC-102338,Z-MIR,1.0,auto,2026-07-05 23:02:50
PC-102339,Z-MIR,1.0,auto,2026-07-04 20:48:44
PC-102340,Z-MIR,1.0,auto,2026-07-04 12:07:11
PC-102341,Z-MIR,1.0,auto,2026-07-05 04:41:10
PC-102342,Z-MIR,1.0,auto,2026-07-05 09:38:26
PC-102343,Z-MIR,1.0,auto,2026-07-05 23:24:01
PC-102344,Z-MIR,1.0,auto,2026-07-05 22:10:30
PC-102345,Z-MIR,1.0,auto,2026-07-05 00:50:40
PC-102346,Z-MIR,1.0,auto,2026-07-05 02:27:59
PC-102347,Z-MIR,1.0,auto,2026-07-05 05:14:40
PC-102348,Z-MIR,1.0,auto,2026-07-05 23:34:30
PC-102349,Z-MIR,1.0,auto,2026-07-05 19:19:27
PC-102350,Z-MIR,1.0,auto,2026-07-06 00:28:38
PC-102351,Z-MIR,1.0,auto,2026-07-06 03:35:51
PC-102352,Z-MIR,1.0,auto,2026-07-05 18:51:40
PC-102353,Z-MIR,1.0,auto,2026-07-05 13:09:53
PC-102354,Z-MIR,1.0,auto,2026-07-05 15:30:21
PC-102355,Z-MIR,1.0,auto,2026-07-05 19:49:53
PC-102356,Z-MIR,1.0,auto,2026-07-05 23:45:05
PC-102357,Z-MIR,1.0,auto,2026-07-05 00:45:35
PC-102358,Z-MIR,1.0,auto,2026-07-04 12:39:02
PC-102359,Z-MIR,1.0,auto,2026-07-04 20:37:26
PC-102360,Z-MIR,1.0,auto,2026-07-05 11:35:55
PC-102361,Z-MIR,1.0,auto,2026-07-06 03:13:59
PC-102362,Z-MIR,1.0,auto,2026-07-05 11:56:54
PC-102363,Z-MIR,1.0,auto,2026-07-05 04:19:13
PC-102364,Z-MIR,1.0,auto,2026-07-05 10:57:01
PC-102365,Z-MIR,1.0,auto,2026-07-04 10:49:12
PC-102366,Z-MIR,1.0,auto,2026-07-05 09:20:51
PC-102367,Z-MIR,1.0,auto,2026-07-04 13:11:46
PC-102368,Z-MIR,1.0,auto,2026-07-06 02:11:05
PC-102369,Z-MIR,1.0,auto,2026-07-05 16:20:57
PC-102370,Z-MIR,1.0,auto,2026-07-04 05:55:22
PC-102371,Z-MIR,1.0,auto,2026-07-06 00:10:48
PC-102372,Z-MIR,1.0,auto,2026-07-05 18:47:25
PC-102373,Z-MIR,1.0,auto,2026-07-04 23:53:41
PC-102374,Z-MIR,1.0,auto,2026-07-05 03:22:53
PC-102375,Z-MIR,0.894427,auto,2026-07-05 03:45:17
PC-102376,Z-MIR,1.0,auto,2026-07-05 08:39:27
PC-102377,Z-MIR,1.0,auto,2026-07-04 13:26:12
PC-102378,Z-MIR,1.0,auto,2026-07-05 06:21:00
PC-102379,Z-MIR,1.0,auto,2026-07-04 15:21:05
PC-102380,Z-MIR,1.0,auto,2026-07-05 01:42:05
PC-102381,Z-MIR,1.0,auto,2026-07-04 05:43:38
PC-102382,Z-MIR,0.894427,auto,2026-07-05 15:13:13
PC-102383,Z-MIR,1.0,auto,2026-07-04 21:01:25
PC-102384,Z-MIR,1.0,auto,2026-07-04 17:14:12
PC-102385,Z-MIR,1.0,auto,2026-07-04 11:19:36
PC-102386,Z-MIR,1.0,auto,2026-07-05 21:06:34
PC-102387,Z-MIR,1.0,auto,2026-07-05 13:16:46
PC-102388,Z-MIR,1.0,auto,2026-07-05 22:26:08
PC-102389,Z-MIR,1.0,auto,2026-07-05 15:07:00
PC-102390,Z-MIR,0.894427,auto,2026-07-04 13:28:59
PC-102391,Z-MIR,1.0,auto,2026-07-05 23:48:44
PC-102392,Z-MIR,1.0,auto,2026-07-04 19:31:32
PC-102393,Z-MIR,0.894427,auto,2026-07-05 15:11:22
PC-102394,Z-MIR,1.0,auto,2026-07-04 12:32:48
PC-102395,Z-MIR,0.894427,auto,2026-07-04 11:08:02
PC-102396,Z-MIR,1.0,auto,2026-07-04 17:44:59
PC-102397,Z-MIR,1.0,auto,2026-07-04 07:08:58
PC-102398,Z-MIR,1.0,auto,2026-07-04 06:39:38
PC-102399,Z-MIR,1.0,auto,2026-07-05 09:51:39
PC-102400,Z-MIR,1.0,auto,2026-07-04 16:40:13
PC-102401,Z-MIR,1.0,auto,2026-07-04 04:14:16
PC-102402,Z-MIR,1.0,auto,2026-07-04 23:53:23
PC-102403,Z-MIR,0.894427,auto,2026-07-04 20:11:13
PC-102404,Z-MIR,1.0,auto,2026-07-05 13:43:34
PC-102405,Z-MIR,1.0,auto,2026-07-05 09:04:02
PC-102406,Z-MIR,1.0,auto,2026-07-05 19:13:35
PC-102407,Z-MIR,1.0,auto,2026-07-04 23:41:10
PC-102408,Z-MIR,1.0,auto,2026-07-05 03:17:00
PC-102409,Z-MIR,1.0,auto,2026-07-05 11:14:28
PC-102410,Z-MIR,1.0,auto,2026-07-05 22:34:54
PC-102411,Z-MIR,1.0,auto,2026-07-04 18:20:06
PC-102412,Z-MIR,1.0,auto,2026-07-05 09:47:08
PC-102413,Z-MIR,1.0,auto,2026-07-04 17:01:38
PC-102414,Z-MIR,1.0,auto,2026-07-04 08:10:51
PC-102415,Z-MIR,1.0,auto,2026-07-05 06:28:07
PC-102416,Z-MIR,1.0,auto,2026-07-04 10:41:06
PC-102417,Z-MIR,1.0,auto,2026-07-04 13:55:06
PC-102418,Z-MIR,1.0,auto,2026-07-05 18:57:49
PC-102419,Z-MIR,1.0,auto,2026-07-05 15:31:56
PC-102420,Z-MIR,1.0,auto,2026-07-05 22:30:50
PC-102421,Z-MIR,1.0,auto,2026-07-05 23:49:37
PC-102422,Z-MIR,1.0,auto,2026-07-05 07:43:04
PC-102423,Z-MIR,0.894427,auto,2026-07-04 16:45:08
PC-102424,Z-MIR,1.0,auto,2026-07-05 07:34:36
PC-102425,Z-MIR,1.0,auto,2026-07-06 06:42:17
PC-102426,Z-MIR,1.0,auto,2026-07-05 05:46:04
PC-102427,Z-MIR,1.0,auto,2026-07-05 07:13:42
PC-102428,Z-MIR,1.0,auto,2026-07-04 22:12:38
PC-102429,Z-MIR,1.0,auto,2026-07-04 19:39:48
PC-102430,Z-MIR,1.0,auto,2026-07-05 14:08:59
PC-102431,Z-MIR,1.0,auto,2026-07-04 20:46:14
PC-102432,Z-MIR,1.0,auto,2026-07-05 21:52:42
PC-102433,Z-MIR,1.0,auto,2026-07-04 20:35:55
PC-102434,Z-MIR,1.0,auto,2026-07-04 22:53:58
PC-102435,Z-MIR,1.0,auto,2026-07-05 04:11:54
PC-102436,Z-MIR,1.0,auto,2026-07-05 00:51:40
PC-102437,Z-MIR,1.0,auto,2026-07-05 10:22:32
PC-102438,Z-MIR,1.0,auto,2026-07-05 04:25:04
PC-102439,Z-MIR,1.0,auto,2026-07-06 03:39:23
PC-102440,Z-MIR,1.0,auto,2026-07-04 11:20:18
PC-102441,Z-MIR,1.0,auto,2026-07-05 09:39:28
PC-102442,Z-MIR,1.0,auto,2026-07-05 17:12:35
PC-102443,Z-MIR,1.0,auto,2026-07-05 21:34:31
PC-102444,Z-MIR,1.0,auto,2026-07-05 17:33:43
PC-102445,Z-MIR,1.0,auto,2026-07-06 02:02:07
PC-102446,Z-MIR,1.0,auto,2026-07-06 00:22:27
PC-102447,Z-MIR,1.0,auto,2026-07-04 08:55:16
PC-102448,Z-MIR,1.0,auto,2026-07-04 12:42:37
PC-102449,Z-MIR,1.0,auto,2026-07-04 23:05:04
PC-102450,Z-MIR,1.0,auto,2026-07-04 18:10:18
PC-102451,Z-MIR,1.0,auto,2026-07-04 21:13:08
PC-102452,Z-MIR,0.894427,auto,2026-07-04 13:47:26
PC-102453,Z-MIR,1.0,auto,2026-07-04 15:57:27
PC-102454,Z-MIR,1.0,auto,2026-07-04 16:50:20
PC-102455,Z-MIR,1.0,auto,2026-07-05 13:01:57
PC-102456,Z-MIR,1.0,auto,2026-07-04 05:37:42
PC-102457,Z-MIR,1.0,auto,2026-07-06 02:02:19
PC-102458,Z-MIR,1.0,auto,2026-07-05 04:25:44
PC-102459,Z-MIR,1.0,auto,2026-07-04 19:20:52
PC-102460,Z-MIR,1.0,auto,2026-07-04 08:52:39
PC-102461,Z-MIR,0.894427,auto,2026-07-05 23:11:12
PC-102462,Z-MIR,1.0,auto,2026-07-05 11:52:13
PC-102463,Z-MIR,1.0,auto,2026-07-05 06:26:52
PC-102464,Z-MIR,1.0,auto,2026-07-05 08:10:12
PC-102465,Z-MIR,1.0,auto,2026-07-05 23:02:26
PC-102466,Z-MIR,1.0,auto,2026-07-04 20:32:13
PC-102467,Z-MIR,1.0,auto,2026-07-04 08:28:39
PC-102468,Z-MIR,1.0,auto,2026-07-05 08:44:12
PC-102469,Z-MIR,1.0,auto,2026-07-05 14:02:14
PC-102470,Z-MIR,1.0,auto,2026-07-04 10:11:27
PC-102471,Z-MIR,0.894427,auto,2026-07-05 18:38:33
PC-102472,Z-MIR,0.894427,auto,2026-07-04 17:49:17
PC-102473,Z-MIR,1.0,auto,2026-07-06 02:29:50
PC-102474,Z-MIR,1.0,auto,2026-07-05 07:38:13
PC-102475,Z-MIR,1.0,auto,2026-07-05 05:32:49
PC-102476,Z-MIR,1.0,auto,2026-07-04 12:51:04
PC-102477,Z-MIR,1.0,auto,2026-07-05 05:45:34
PC-102478,Z-MIR,1.0,auto,2026-07-05 19:33:58
PC-102479,Z-MIR,0.894427,auto,2026-07-05 16:05:16
PC-102480,Z-MIR,1.0,auto,2026-07-05 09:46:18
PC-102481,Z-MIR,1.0,auto,2026-07-04 05:22:16
PC-102482,Z-MIR,1.0,auto,2026-07-04 12:39:51
PC-102483,Z-MIR,1.0,auto,2026-07-04 10:02:28
PC-102484,Z-MIR,1.0,auto,2026-07-06 00:08:21
PC-102485,Z-MIR,1.0,auto,2026-07-05 00:19:07
PC-102486,Z-MIR,1.0,auto,2026-07-04 08:26:11
PC-102487,Z-MIR,1.0,auto,2026-07-04 14:11:40
PC-102488,Z-MIR,1.0,auto,2026-07-05 07:57:22
PC-102489,Z-MIR,0.894427,auto,2026-07-04 19:12:48
PC-102490,Z-MIR,1.0,auto,2026-07-05 15:37:33
PC-102491,Z-MIR,1.0,auto,2026-07-04 11:54:29
PC-102492,Z-MIR,0.894427,auto,2026-07-05 20:38:30
PC-102493,Z-MIR,1.0,auto,2026-07-05 07:07:18
PC-102494,Z-MIR,1.0,auto,2026-07-05 21:05:43
PC-102495,Z-MIR,1.0,auto,2026-07-05 20:14:28
PC-102496,Z-MIR,1.0,auto,2026-07-05 08:10:54
PC-102497,Z-MIR,1.0,auto,2026-07-05 21:15:15
PC-102498,Z-MIR,1.0,auto,2026-07-05 19:30:03
PC-102499,Z-MIR,1.0,auto,2026-07-05 20:35:11
PC-102500,Z-MIR,1.0,auto,2026-07-05 15:53:52
PC-102501,Z-MIR,1.0,auto,2026-07-06 03:43:23
PC-102502,Z-MIR,1.0,auto,2026-07-05 11:56:04
PC-102503,Z-MIR,0.894427,auto,2026-07-06 12:20:10
PC-102504,Z-MIR,1.0,auto,2026-07-05 20:25:10
PC-102505,Z-MIR,1.0,auto,2026-07-05 12:50:33
PC-102506,Z-MIR,1.0,auto,2026-07-05 23:40:36
PC-102507,Z-MIR,1.0,auto,2026-07-06 09:08:47
PC-102508,Z-MIR,1.0,auto,2026-07-06 03:12:32
PC-102509,Z-MIR,1.0,auto,2026-07-05 22:27:26
PC-102510,Z-MIR,1.0,auto,2026-07-05 08:05:45
PC-102511,Z-MIR,1.0,auto,2026-07-05 23:28:48
PC-102512,Z-MIR,0.894427,auto,2026-07-06 01:56:27
PC-102513,Z-MIR,1.0,auto,2026-07-05 21:11:46
PC-102514,Z-MIR,1.0,auto,2026-07-06 05:06:26
PC-102515,Z-MIR,1.0,auto,2026-07-06 04:40:41
PC-102516,Z-MIR,1.0,auto,2026-07-05 19:16:12
PC-102517,Z-MIR,1.0,auto,2026-07-05 18:57:13
PC-102518,Z-MIR,0.894427,auto,2026-07-05 14:23:09
PC-102519,Z-MIR,0.894427,auto,2026-07-06 07:09:20
PC-102520,Z-MIR,1.0,auto,2026-07-05 06:48:13
PC-102521,Z-MIR,1.0,auto,2026-07-05 09:31:40
PC-102522,Z-MIR,1.0,auto,2026-07-05 16:28:31
PC-102523,Z-MIR,0.894427,auto,2026-07-05 16:37:50
PC-102524,Z-MIR,0.894427,auto,2026-07-05 16:28:24
PC-102525,Z-MIR,0.894427,auto,2026-07-06 05:57:08
PC-102526,Z-MIR,0.894427,auto,2026-07-06 08:26:52
PC-102527,Z-MIR,1.0,auto,2026-07-05 20:28:37
PC-102528,Z-MIR,1.0,auto,2026-07-05 15:50:40
PC-102529,Z-MIR,1.0,auto,2026-07-05 15:12:58
PC-102530,Z-UTT,1.0,auto,2026-07-01 23:42:52
PC-102531,Z-UTT,0.935414,auto,2026-07-02 00:39:10
PC-102532,Z-UTT,0.935414,auto,2026-06-30 15:21:02
PC-102533,Z-UTT,1.0,auto,2026-06-30 17:12:25
PC-102534,Z-UTT,1.0,auto,2026-06-30 18:43:40
PC-102535,Z-UTT,1.0,auto,2026-06-30 17:43:04
PC-102536,Z-UTT,1.0,auto,2026-07-01 01:26:04
PC-102537,Z-UTT,1.0,auto,2026-07-02 01:17:22
PC-102538,Z-UTT,0.935414,auto,2026-07-02 10:19:29
PC-102539,Z-UTT,1.0,auto,2026-07-02 05:08:57
PC-102540,Z-UTT,1.0,auto,2026-07-02 07:18:45
PC-102541,Z-UTT,1.0,auto,2026-07-01 15:02:34
PC-102542,Z-UTT,1.0,auto,2026-07-02 03:38:53
PC-102543,Z-UTT,0.935414,auto,2026-06-30 16:09:53
PC-102544,Z-UTT,1.0,auto,2026-07-01 19:59:16
PC-102545,Z-UTT,1.0,auto,2026-06-30 15:34:11
PC-102546,Z-UTT,0.935414,auto,2026-06-30 12:42:13
PC-102547,Z-UTT,1.0,auto,2026-06-30 23:41:46
PC-102548,Z-UTT,1.0,auto,2026-06-30 15:25:44
PC-102549,Z-UTT,1.0,auto,2026-07-01 03:09:04
PC-102550,Z-UTT,1.0,auto,2026-07-02 04:51:07
PC-102551,Z-UTT,1.0,auto,2026-07-01 06:43:00
PC-102552,Z-UTT,1.0,auto,2026-07-01 04:52:15
PC-102553,Z-UTT,1.0,auto,2026-07-01 03:24:33
PC-102554,Z-UTT,1.0,auto,2026-07-01 14:27:10
PC-102555,Z-UTT,1.0,auto,2026-07-01 16:53:11
PC-102556,Z-UTT,1.0,auto,2026-07-02 07:21:24
PC-102557,Z-UTT,1.0,auto,2026-07-01 04:37:13
PC-102558,Z-UTT,1.0,auto,2026-07-02 06:01:50
PC-102559,Z-UTT,1.0,auto,2026-07-02 00:01:28
PC-102560,Z-UTT,1.0,auto,2026-06-30 18:42:05
PC-102561,Z-UTT,1.0,auto,2026-07-01 22:51:52
PC-102562,Z-UTT,1.0,auto,2026-07-01 02:10:28
PC-102563,Z-UTT,1.0,auto,2026-07-02 00:33:51
PC-102564,Z-UTT,1.0,auto,2026-07-02 03:12:57
PC-102565,Z-UTT,1.0,auto,2026-07-01 16:52:55
PC-102566,Z-UTT,1.0,auto,2026-06-30 12:01:40
PC-102567,Z-UTT,0.935414,auto,2026-07-02 00:13:53
PC-102568,Z-UTT,0.935414,auto,2026-07-01 08:56:50
PC-102569,Z-UTT,1.0,auto,2026-07-01 17:57:40
PC-102570,Z-UTT,1.0,auto,2026-07-01 16:53:57
PC-102571,Z-UTT,1.0,auto,2026-07-01 06:00:33
PC-102572,Z-UTT,1.0,auto,2026-07-02 00:55:36
PC-102573,Z-UTT,0.935414,auto,2026-07-02 02:39:53
PC-102574,Z-UTT,1.0,auto,2026-06-30 20:24:10
PC-102575,Z-UTT,1.0,auto,2026-07-02 09:37:10
PC-102576,Z-UTT,1.0,auto,2026-07-02 06:39:44
PC-102577,Z-UTT,1.0,auto,2026-07-02 10:53:28
PC-102578,Z-UTT,1.0,auto,2026-07-01 08:48:02
PC-102579,Z-UTT,1.0,auto,2026-06-30 16:27:38
PC-102580,Z-UTT,1.0,auto,2026-07-01 13:23:16
PC-102581,Z-UTT,1.0,auto,2026-07-01 21:32:55
PC-102582,Z-UTT,1.0,auto,2026-07-02 01:22:40
PC-102583,Z-UTT,1.0,auto,2026-06-30 18:11:37
PC-102584,Z-UTT,0.935414,auto,2026-06-30 22:24:15
PC-102585,Z-UTT,1.0,auto,2026-07-01 03:42:39
PC-102586,Z-UTT,1.0,auto,2026-06-30 17:49:45
PC-102587,Z-UTT,0.935414,auto,2026-06-30 16:04:46
PC-102588,Z-UTT,1.0,auto,2026-07-01 11:11:14
PC-102589,Z-UTT,1.0,auto,2026-07-01 06:09:22
PC-102590,Z-UTT,1.0,auto,2026-07-01 09:09:41
PC-102591,Z-UTT,1.0,auto,2026-06-30 22:02:32
PC-102592,Z-UTT,1.0,auto,2026-07-02 02:37:48
PC-102593,Z-UTT,1.0,auto,2026-07-01 06:15:35
PC-102594,Z-UTT,1.0,auto,2026-07-01 19:28:03
PC-102595,Z-UTT,1.0,auto,2026-06-30 23:38:52
PC-102596,Z-UTT,1.0,auto,2026-07-02 01:21:23
PC-102597,Z-UTT,1.0,auto,2026-07-01 16:38:34
PC-102598,Z-UTT,1.0,auto,2026-07-01 13:52:21
PC-102599,Z-UTT,1.0,auto,2026-07-01 01:23:12
PC-102600,Z-UTT,1.0,auto,2026-06-30 14:53:55
PC-102601,Z-UTT,1.0,auto,2026-06-30 20:12:16
PC-102602,Z-UTT,1.0,auto,2026-07-01 21:25:27
PC-102603,Z-UTT,1.0,auto,2026-07-01 16:04:24
PC-102604,Z-UTT,1.0,auto,2026-07-01 06:57:22
PC-102605,Z-UTT,0.935414,auto,2026-07-02 05:55:39
PC-102606,Z-UTT,1.0,auto,2026-07-01 05:07:10
PC-102607,Z-UTT,1.0,auto,2026-07-01 11:29:27
PC-102608,Z-UTT,1.0,auto,2026-06-30 22:06:52
PC-102609,Z-UTT,1.0,auto,2026-07-01 13:41:08
PC-102610,Z-UTT,0.935414,auto,2026-06-30 11:54:38
PC-102611,Z-UTT,1.0,auto,2026-07-01 18:19:06
PC-102612,Z-UTT,0.935414,auto,2026-07-01 16:18:33
PC-102613,Z-UTT,1.0,auto,2026-07-02 02:13:55
PC-102614,Z-UTT,0.935414,auto,2026-07-02 03:27:02
PC-102615,Z-UTT,1.0,auto,2026-07-01 05:57:20
PC-102616,Z-UTT,1.0,auto,2026-07-01 07:35:01
PC-102617,Z-UTT,0.935414,auto,2026-07-01 15:17:19
PC-102618,Z-UTT,1.0,auto,2026-07-01 20:27:00
PC-102619,Z-UTT,1.0,auto,2026-07-01 01:28:02
PC-102620,Z-UTT,1.0,auto,2026-07-01 08:46:01
PC-102621,Z-UTT,1.0,auto,2026-06-30 19:26:40
PC-102622,Z-UTT,0.935414,auto,2026-06-30 15:37:17
PC-102623,Z-UTT,1.0,auto,2026-07-02 03:02:10
PC-102624,Z-UTT,0.935414,auto,2026-07-01 01:41:57
PC-102625,Z-UTT,1.0,auto,2026-07-01 00:53:17
PC-102626,Z-UTT,0.935414,auto,2026-07-01 01:50:59
PC-102627,Z-UTT,1.0,auto,2026-07-01 02:32:53
PC-102628,Z-UTT,1.0,auto,2026-07-01 16:33:44
PC-102629,Z-UTT,1.0,auto,2026-07-02 00:45:59
PC-102630,Z-UTT,1.0,auto,2026-07-01 13:00:06
PC-102631,Z-UTT,1.0,auto,2026-06-30 09:03:19
PC-102632,Z-UTT,1.0,auto,2026-07-01 05:06:20
PC-102633,Z-UTT,1.0,auto,2026-06-30 11:08:29
PC-102634,Z-UTT,1.0,auto,2026-06-29 19:22:56
PC-102635,Z-UTT,1.0,auto,2026-07-01 09:09:50
PC-102636,Z-UTT,1.0,auto,2026-06-30 12:44:44
PC-102637,Z-UTT,1.0,auto,2026-07-01 15:39:41
PC-102638,Z-UTT,1.0,auto,2026-06-30 16:07:22
PC-102639,Z-UTT,1.0,auto,2026-06-30 11:04:22
PC-102640,Z-UTT,1.0,auto,2026-07-01 10:23:20
PC-102641,Z-UTT,1.0,auto,2026-07-01 19:40:01
PC-102642,Z-UTT,1.0,auto,2026-06-30 23:40:36
PC-102643,Z-UTT,1.0,auto,2026-07-02 00:33:25
PC-102644,Z-UTT,1.0,auto,2026-07-01 16:14:53
PC-102645,Z-UTT,1.0,auto,2026-07-02 05:42:19
PC-102646,Z-UTT,0.935414,auto,2026-07-01 04:55:17
PC-102647,Z-UTT,0.935414,auto,2026-07-01 01:06:38
PC-102648,Z-UTT,1.0,auto,2026-06-30 15:44:46
PC-102649,Z-UTT,1.0,auto,2026-07-02 06:56:02
PC-102650,Z-UTT,1.0,auto,2026-06-30 22:57:52
PC-102651,Z-UTT,1.0,auto,2026-07-01 20:52:24
PC-102652,Z-UTT,1.0,auto,2026-07-01 07:04:47
PC-102653,Z-UTT,1.0,auto,2026-07-01 19:01:59
PC-102654,Z-UTT,1.0,auto,2026-06-30 17:23:54
PC-102655,Z-UTT,1.0,auto,2026-07-01 23:34:02
PC-102656,Z-UTT,1.0,auto,2026-07-01 02:07:39
PC-102657,Z-UTT,1.0,auto,2026-07-01 21:20:09
PC-102658,Z-UTT,0.935414,auto,2026-06-30 14:57:09
PC-102659,Z-UTT,1.0,auto,2026-07-02 03:27:26
PC-102660,Z-UTT,1.0,auto,2026-07-01 16:38:09
PC-102661,Z-UTT,1.0,auto,2026-06-30 18:53:48
PC-102662,Z-UTT,1.0,auto,2026-07-01 05:06:22
PC-102663,Z-UTT,1.0,auto,2026-07-01 00:51:18
PC-102664,Z-UTT,1.0,auto,2026-07-01 11:11:16
PC-102665,Z-UTT,1.0,auto,2026-06-30 23:20:25
PC-102666,Z-UTT,1.0,auto,2026-07-01 23:32:24
PC-102667,Z-UTT,0.935414,auto,2026-06-30 15:02:51
PC-102668,Z-UTT,1.0,auto,2026-07-01 00:46:21
PC-102669,Z-UTT,1.0,auto,2026-07-01 20:41:58
PC-102670,Z-UTT,1.0,auto,2026-06-30 09:45:39
PC-102671,Z-UTT,1.0,auto,2026-07-01 21:24:00
PC-102672,Z-UTT,1.0,auto,2026-07-01 08:30:09
PC-102673,Z-UTT,1.0,auto,2026-07-01 21:19:20
PC-102674,Z-UTT,0.935414,auto,2026-06-30 22:42:08
PC-102675,Z-UTT,1.0,auto,2026-06-30 19:19:01
PC-102676,Z-UTT,1.0,auto,2026-07-01 13:56:21
PC-102677,Z-UTT,1.0,auto,2026-06-30 17:42:04
PC-102678,Z-UTT,1.0,auto,2026-07-01 15:06:58
PC-102679,Z-UTT,1.0,auto,2026-07-01 00:40:33
PC-102680,Z-UTT,1.0,auto,2026-07-01 04:54:43
PC-102681,Z-UTT,1.0,auto,2026-06-30 11:43:14
PC-102682,Z-UTT,1.0,auto,2026-07-01 00:15:48
PC-102683,Z-UTT,1.0,auto,2026-06-30 17:48:42
PC-102684,Z-UTT,1.0,auto,2026-07-01 11:41:08
PC-102685,Z-UTT,1.0,auto,2026-07-01 16:13:24
PC-102686,Z-UTT,1.0,auto,2026-07-02 07:00:50
PC-102687,Z-UTT,1.0,auto,2026-07-02 11:04:46
PC-102688,Z-UTT,1.0,auto,2026-07-01 11:14:57
PC-102689,Z-UTT,1.0,auto,2026-07-01 18:54:04
PC-102690,Z-UTT,1.0,auto,2026-07-01 03:31:58
PC-102691,Z-UTT,1.0,auto,2026-07-01 12:35:36
PC-102692,Z-UTT,0.935414,auto,2026-07-01 21:29:07
PC-102693,Z-UTT,1.0,auto,2026-07-02 11:20:51
PC-102694,Z-UTT,1.0,auto,2026-07-01 12:09:09
PC-102695,Z-UTT,1.0,auto,2026-07-01 15:21:58
PC-102696,Z-UTT,1.0,auto,2026-07-02 05:19:08
PC-102697,Z-UTT,1.0,auto,2026-07-01 22:27:03
PC-102698,Z-UTT,1.0,auto,2026-07-01 13:16:25
PC-102699,Z-UTT,1.0,auto,2026-07-02 08:04:08
PC-102700,Z-UTT,0.935414,auto,2026-07-01 22:34:35
PC-102701,Z-UTT,1.0,auto,2026-07-01 16:36:06
PC-102702,Z-UTT,1.0,auto,2026-07-02 02:02:24
PC-102703,Z-UTT,1.0,auto,2026-07-02 02:36:44
PC-102704,Z-UTT,1.0,auto,2026-07-01 20:51:31
PC-102705,Z-UTT,1.0,auto,2026-07-02 03:07:55
PC-102706,Z-UTT,1.0,auto,2026-07-01 13:15:15
PC-102707,Z-UTT,1.0,auto,2026-07-01 19:05:59
PC-102708,Z-UTT,1.0,auto,2026-07-02 12:03:38
PC-102709,Z-UTT,1.0,auto,2026-07-02 05:00:38
PC-102710,Z-UTT,1.0,auto,2026-07-02 15:29:23
PC-102711,Z-UTT,1.0,auto,2026-07-02 05:44:04
PC-102712,Z-UTT,1.0,auto,2026-07-03 04:43:15
PC-102713,Z-UTT,1.0,auto,2026-07-03 09:50:24
PC-102714,Z-UTT,1.0,auto,2026-07-02 09:43:43
PC-102715,Z-UTT,1.0,auto,2026-07-03 06:12:05
PC-102716,Z-UTT,1.0,auto,2026-07-02 18:58:31
PC-102717,Z-UTT,1.0,auto,2026-07-01 20:50:38
PC-102718,Z-UTT,1.0,auto,2026-07-02 23:34:16
PC-102719,Z-UTT,1.0,auto,2026-07-02 07:33:43
PC-102720,Z-UTT,1.0,auto,2026-07-03 01:30:46
PC-102721,Z-UTT,1.0,auto,2026-07-01 22:44:44
PC-102722,Z-UTT,1.0,auto,2026-07-02 16:52:56
PC-102723,Z-UTT,1.0,auto,2026-07-01 19:25:02
PC-102724,Z-UTT,1.0,auto,2026-07-01 19:04:08
PC-102725,Z-UTT,1.0,auto,2026-07-01 16:43:48
PC-102726,Z-UTT,1.0,auto,2026-07-02 11:31:26
PC-102727,Z-UTT,1.0,auto,2026-07-02 19:05:32
PC-102728,Z-UTT,1.0,auto,2026-07-03 06:35:48
PC-102729,Z-UTT,1.0,auto,2026-07-01 13:51:30
PC-102730,Z-UTT,1.0,auto,2026-07-01 19:52:39
PC-102731,Z-UTT,1.0,auto,2026-07-02 07:02:16
PC-102732,Z-UTT,1.0,auto,2026-07-02 20:28:11
PC-102733,Z-UTT,1.0,auto,2026-07-02 02:17:18
PC-102734,Z-UTT,1.0,auto,2026-07-03 07:15:23
PC-102735,Z-UTT,1.0,auto,2026-07-02 05:51:31
PC-102736,Z-UTT,1.0,auto,2026-07-03 02:11:03
PC-102737,Z-UTT,1.0,auto,2026-07-01 20:52:01
PC-102738,Z-UTT,1.0,auto,2026-07-01 23:17:18
PC-102739,Z-UTT,1.0,auto,2026-07-02 08:50:15
PC-102740,Z-UTT,1.0,auto,2026-07-01 18:14:20
PC-102741,Z-UTT,1.0,auto,2026-07-02 14:59:47
PC-102742,Z-UTT,0.935414,auto,2026-07-02 13:14:02
PC-102743,Z-UTT,1.0,auto,2026-07-02 05:23:13
PC-102744,Z-UTT,0.935414,auto,2026-07-02 09:07:45
PC-102745,Z-UTT,1.0,auto,2026-07-01 19:03:26
PC-102746,Z-UTT,1.0,auto,2026-07-03 02:00:57
PC-102747,Z-UTT,1.0,auto,2026-07-02 15:32:49
PC-102748,Z-UTT,1.0,auto,2026-07-03 00:35:11
PC-102749,Z-UTT,1.0,auto,2026-07-03 03:39:29
PC-102750,Z-UTT,1.0,auto,2026-06-30 19:35:22
PC-102751,Z-UTT,0.935414,auto,2026-07-02 03:18:09
PC-102752,Z-UTT,1.0,auto,2026-07-03 00:46:10
PC-102753,Z-UTT,0.935414,auto,2026-07-03 07:24:22
PC-102754,Z-UTT,0.935414,auto,2026-07-02 07:07:36
PC-102755,Z-UTT,1.0,auto,2026-07-01 19:20:06
PC-102756,Z-UTT,1.0,auto,2026-07-01 16:01:29
PC-102757,Z-UTT,1.0,auto,2026-07-02 13:34:05
PC-102758,Z-UTT,1.0,auto,2026-07-02 09:38:49
PC-102759,Z-UTT,1.0,auto,2026-07-01 22:01:13
PC-102760,Z-UTT,0.935414,auto,2026-07-02 11:36:26
PC-102761,Z-UTT,1.0,auto,2026-07-02 10:39:51
PC-102762,Z-UTT,1.0,auto,2026-07-01 15:54:10
PC-102763,Z-UTT,1.0,auto,2026-07-02 17:23:41
PC-102764,Z-UTT,1.0,auto,2026-07-03 03:06:21
PC-102765,Z-UTT,1.0,auto,2026-07-02 14:11:54
PC-102766,Z-UTT,1.0,auto,2026-07-02 08:17:26
PC-102767,Z-UTT,0.935414,auto,2026-07-01 19:36:07
PC-102768,Z-UTT,1.0,auto,2026-07-02 02:14:19
PC-102769,Z-UTT,0.935414,auto,2026-07-02 05:49:08
PC-102770,Z-UTT,1.0,auto,2026-07-02 23:42:23
PC-102771,Z-UTT,1.0,auto,2026-07-03 07:17:03
PC-102772,Z-UTT,1.0,auto,2026-07-01 22:03:42
PC-102773,Z-UTT,1.0,auto,2026-07-02 19:02:16
PC-102774,Z-UTT,1.0,auto,2026-07-01 22:03:49
PC-102775,Z-UTT,1.0,auto,2026-07-02 08:55:49
PC-102776,Z-UTT,1.0,auto,2026-07-03 02:40:01
PC-102777,Z-UTT,1.0,auto,2026-07-02 20:17:39
PC-102778,Z-UTT,1.0,auto,2026-07-02 19:46:52
PC-102779,Z-UTT,1.0,auto,2026-07-02 11:54:30
PC-102780,Z-UTT,1.0,auto,2026-07-02 21:27:52
PC-102781,Z-UTT,1.0,auto,2026-07-02 19:23:03
PC-102782,Z-UTT,1.0,auto,2026-07-02 03:59:02
PC-102783,Z-UTT,1.0,auto,2026-07-02 11:03:46
PC-102784,Z-UTT,0.935414,auto,2026-07-02 16:24:03
PC-102785,Z-UTT,1.0,auto,2026-07-01 16:32:34
PC-102786,Z-UTT,1.0,auto,2026-07-01 14:37:53
PC-102787,Z-UTT,1.0,auto,2026-07-02 17:15:39
PC-102788,Z-UTT,0.935414,auto,2026-07-02 07:09:57
PC-102789,Z-UTT,1.0,auto,2026-07-03 03:47:10
PC-102790,Z-UTT,1.0,auto,2026-07-02 08:30:35
PC-102791,Z-UTT,1.0,auto,2026-07-02 15:07:30
PC-102792,Z-UTT,1.0,auto,2026-07-03 08:19:24
PC-102793,Z-UTT,0.935414,auto,2026-07-01 18:45:33
PC-102794,Z-UTT,1.0,auto,2026-07-02 15:26:15
PC-102795,Z-UTT,1.0,auto,2026-07-02 14:50:59
PC-102796,Z-UTT,0.935414,auto,2026-07-01 12:59:50
PC-102797,Z-UTT,1.0,auto,2026-07-02 18:01:54
PC-102798,Z-UTT,1.0,auto,2026-07-01 16:05:34
PC-102799,Z-UTT,1.0,auto,2026-07-02 13:41:22
PC-102800,Z-UTT,1.0,auto,2026-07-02 00:42:20
PC-102801,Z-UTT,0.935414,auto,2026-07-01 16:39:07
PC-102802,Z-UTT,1.0,auto,2026-07-03 05:10:30
PC-102803,Z-UTT,1.0,auto,2026-07-03 01:49:13
PC-102804,Z-UTT,1.0,auto,2026-07-02 20:15:03
PC-102805,Z-UTT,1.0,auto,2026-07-02 15:04:30
PC-102806,Z-UTT,1.0,auto,2026-07-01 12:49:46
PC-102807,Z-UTT,0.935414,auto,2026-07-01 21:07:02
PC-102808,Z-UTT,1.0,auto,2026-07-03 01:29:01
PC-102809,Z-UTT,1.0,auto,2026-07-01 12:18:32
PC-102810,Z-UTT,1.0,auto,2026-07-01 15:58:55
PC-102811,Z-UTT,1.0,auto,2026-07-02 02:48:29
PC-102812,Z-UTT,1.0,auto,2026-07-01 22:59:57
PC-102813,Z-UTT,1.0,auto,2026-07-02 02:11:33
PC-102814,Z-UTT,1.0,auto,2026-07-01 17:40:57
PC-102815,Z-UTT,1.0,auto,2026-07-03 05:33:18
PC-102816,Z-UTT,0.935414,auto,2026-07-02 12:39:32
PC-102817,Z-UTT,1.0,auto,2026-07-01 10:03:58
PC-102818,Z-UTT,1.0,auto,2026-07-01 20:31:36
PC-102819,Z-UTT,1.0,auto,2026-07-01 17:51:51
PC-102820,Z-UTT,1.0,auto,2026-07-03 01:01:00
PC-102821,Z-UTT,0.935414,auto,2026-07-02 00:02:36
PC-102822,Z-UTT,1.0,auto,2026-07-02 11:54:17
PC-102823,Z-UTT,1.0,auto,2026-07-01 11:47:44
PC-102824,Z-UTT,0.935414,auto,2026-07-02 20:28:07
PC-102825,Z-UTT,1.0,auto,2026-07-03 05:01:15
PC-102826,Z-UTT,1.0,auto,2026-07-01 21:07:48
PC-102827,Z-UTT,1.0,auto,2026-07-02 19:35:08
PC-102828,Z-UTT,1.0,auto,2026-07-02 23:47:42
PC-102829,Z-UTT,1.0,auto,2026-07-02 02:38:20
PC-102830,Z-UTT,0.935414,auto,2026-07-02 07:30:01
PC-102831,Z-UTT,1.0,auto,2026-07-02 23:57:07
PC-102832,Z-UTT,1.0,auto,2026-07-02 05:31:53
PC-102833,Z-UTT,1.0,auto,2026-07-02 04:09:09
PC-102834,Z-UTT,1.0,auto,2026-07-02 23:39:47
PC-102835,Z-UTT,0.935414,auto,2026-07-02 06:40:25
PC-102836,Z-UTT,1.0,auto,2026-07-02 17:38:34
PC-102837,Z-UTT,1.0,auto,2026-07-02 22:37:59
PC-102838,Z-UTT,1.0,auto,2026-07-01 13:09:47
PC-102839,Z-UTT,0.935414,auto,2026-07-02 17:03:56
PC-102840,Z-UTT,1.0,auto,2026-07-03 04:52:10
PC-102841,Z-UTT,1.0,auto,2026-07-02 06:49:45
PC-102842,Z-UTT,1.0,auto,2026-07-02 23:03:48
PC-102843,Z-UTT,1.0,auto,2026-07-01 20:47:38
PC-102844,Z-UTT,1.0,auto,2026-07-02 04:12:36
PC-102845,Z-UTT,1.0,auto,2026-07-02 23:34:58
PC-102846,Z-UTT,1.0,auto,2026-07-01 12:34:56
PC-102847,Z-UTT,1.0,auto,2026-07-01 07:38:45
PC-102848,Z-UTT,1.0,auto,2026-07-02 22:55:41
PC-102849,Z-UTT,1.0,auto,2026-07-01 17:44:17
PC-102850,Z-UTT,0.935414,auto,2026-07-02 16:45:09
PC-102851,Z-UTT,0.935414,auto,2026-07-02 12:29:34
PC-102852,Z-UTT,1.0,auto,2026-07-02 02:46:11
PC-102853,Z-UTT,1.0,auto,2026-07-02 20:32:25
PC-102854,Z-UTT,1.0,auto,2026-07-02 07:48:37
PC-102855,Z-UTT,1.0,auto,2026-07-03 06:33:24
PC-102856,Z-UTT,1.0,auto,2026-07-02 01:14:48
PC-102857,Z-UTT,1.0,auto,2026-07-03 05:41:44
PC-102858,Z-UTT,1.0,auto,2026-07-02 21:19:54
PC-102859,Z-UTT,1.0,auto,2026-07-03 05:45:36
PC-102860,Z-UTT,1.0,auto,2026-07-01 17:07:01
PC-102861,Z-UTT,1.0,auto,2026-07-02 17:43:51
PC-102862,Z-UTT,0.935414,auto,2026-07-01 22:29:18
PC-102863,Z-UTT,1.0,auto,2026-07-01 21:05:50
PC-102864,Z-UTT,1.0,auto,2026-07-02 08:33:44
PC-102865,Z-UTT,0.935414,auto,2026-07-03 06:44:04
PC-102866,Z-UTT,1.0,auto,2026-07-01 22:54:10
PC-102867,Z-UTT,1.0,auto,2026-07-01 17:09:01
PC-102868,Z-UTT,1.0,auto,2026-07-02 18:03:11
PC-102869,Z-UTT,0.935414,auto,2026-07-02 23:49:13
PC-102870,Z-UTT,1.0,auto,2026-07-02 13:41:26
PC-102871,Z-UTT,1.0,auto,2026-07-02 03:11:31
PC-102872,Z-UTT,1.0,auto,2026-07-01 17:14:23
PC-102873,Z-UTT,1.0,auto,2026-07-02 08:36:14
PC-102874,Z-UTT,1.0,auto,2026-07-01 23:23:05
PC-102875,Z-UTT,1.0,auto,2026-07-02 01:49:16
PC-102876,Z-UTT,1.0,auto,2026-07-02 13:29:36
PC-102877,Z-UTT,1.0,auto,2026-07-02 07:50:53
PC-102878,Z-UTT,1.0,auto,2026-07-02 13:51:46
PC-102879,Z-UTT,1.0,auto,2026-07-01 13:04:39
PC-102880,Z-UTT,1.0,auto,2026-07-03 06:34:00
PC-102881,Z-UTT,1.0,auto,2026-07-03 00:57:35
PC-102882,Z-UTT,1.0,auto,2026-07-02 12:39:04
PC-102883,Z-UTT,1.0,auto,2026-07-03 04:28:01
PC-102884,Z-UTT,1.0,auto,2026-07-03 06:47:06
PC-102885,Z-UTT,1.0,auto,2026-07-02 21:33:45
PC-102886,Z-UTT,1.0,auto,2026-07-02 15:26:56
PC-102887,Z-UTT,0.935414,auto,2026-07-02 13:47:59
PC-102888,Z-UTT,1.0,auto,2026-07-06 09:40:54
PC-102889,Z-UTT,1.0,auto,2026-07-05 23:47:15
PC-102890,Z-UTT,1.0,auto,2026-07-05 23:27:54
PC-102891,Z-UTT,1.0,auto,2026-07-05 11:15:07
PC-102892,Z-UTT,1.0,auto,2026-07-05 12:55:06
PC-102893,Z-UTT,1.0,auto,2026-07-06 07:50:05
PC-102894,Z-UTT,1.0,auto,2026-07-07 07:17:34
PC-102895,Z-UTT,1.0,auto,2026-07-07 09:48:50
PC-102896,Z-UTT,1.0,auto,2026-07-06 22:01:19
PC-102897,Z-UTT,0.935414,auto,2026-07-05 19:03:50
PC-102898,Z-UTT,1.0,auto,2026-07-07 10:14:45
PC-102899,Z-UTT,1.0,auto,2026-07-07 04:37:51
PC-102900,Z-UTT,1.0,auto,2026-07-05 13:19:14
PC-102901,Z-UTT,0.935414,auto,2026-07-05 12:13:17
PC-102902,Z-UTT,1.0,auto,2026-07-05 23:29:18
PC-102903,Z-UTT,1.0,auto,2026-07-07 03:58:56
PC-102904,Z-UTT,0.935414,auto,2026-07-06 08:32:07
PC-102905,Z-UTT,1.0,auto,2026-07-06 02:53:37
PC-102906,Z-UTT,1.0,auto,2026-07-05 17:20:53
PC-102907,Z-UTT,1.0,auto,2026-07-06 16:23:12
PC-102908,Z-UTT,1.0,auto,2026-07-06 22:56:54
PC-102909,Z-UTT,1.0,auto,2026-07-05 21:31:45
PC-102910,Z-UTT,1.0,auto,2026-07-06 23:46:29
PC-102911,Z-UTT,1.0,auto,2026-07-06 15:26:03
PC-102912,Z-UTT,1.0,auto,2026-07-06 05:32:20
PC-102913,Z-UTT,1.0,auto,2026-07-06 02:00:16
PC-102914,Z-UTT,1.0,auto,2026-07-06 16:56:45
PC-102915,Z-UTT,1.0,auto,2026-07-06 11:05:10
PC-102916,Z-UTT,1.0,auto,2026-07-05 20:14:38
PC-102917,Z-UTT,1.0,auto,2026-07-07 00:13:46
PC-102918,Z-UTT,1.0,auto,2026-07-05 18:21:26
PC-102919,Z-UTT,1.0,auto,2026-07-06 07:51:41
PC-102920,Z-UTT,1.0,auto,2026-07-05 17:31:16
PC-102921,Z-UTT,1.0,auto,2026-07-06 21:37:46
PC-102922,Z-UTT,1.0,auto,2026-07-07 01:18:02
PC-102923,Z-UTT,1.0,auto,2026-07-06 13:17:35
PC-102924,Z-UTT,1.0,auto,2026-07-05 21:31:14
PC-102925,Z-UTT,1.0,auto,2026-07-06 11:54:57
PC-102926,Z-UTT,1.0,auto,2026-07-05 10:39:01
PC-102927,Z-UTT,1.0,auto,2026-07-06 23:40:37
PC-102928,Z-UTT,1.0,auto,2026-07-06 12:49:42
PC-102929,Z-UTT,1.0,auto,2026-07-06 08:05:57
PC-102930,Z-UTT,1.0,auto,2026-07-07 00:17:09
PC-102931,Z-UTT,1.0,auto,2026-07-06 02:59:41
PC-102932,Z-UTT,1.0,auto,2026-07-05 14:54:11
PC-102933,Z-UTT,1.0,auto,2026-07-06 05:02:39
PC-102934,Z-UTT,1.0,auto,2026-07-05 20:24:48
PC-102935,Z-UTT,1.0,auto,2026-07-05 13:12:01
PC-102936,Z-UTT,0.935414,auto,2026-07-06 14:15:56
PC-102937,Z-UTT,1.0,auto,2026-07-05 17:10:56
PC-102938,Z-UTT,1.0,auto,2026-07-07 09:17:22
PC-102939,Z-UTT,1.0,auto,2026-07-05 18:18:54
PC-102940,Z-UTT,1.0,auto,2026-07-06 20:42:46
PC-102941,Z-UTT,1.0,auto,2026-07-06 15:33:32
PC-102942,Z-UTT,1.0,auto,2026-07-06 21:56:38
PC-102943,Z-UTT,0.935414,auto,2026-07-05 11:13:52
PC-102944,Z-UTT,1.0,auto,2026-07-05 21:54:40
PC-102945,Z-UTT,1.0,auto,2026-07-06 05:00:07
PC-102946,Z-UTT,1.0,auto,2026-07-07 03:10:44
PC-102947,Z-UTT,1.0,auto,2026-07-07 00:07:10
PC-102948,Z-UTT,1.0,auto,2026-07-06 14:46:00
PC-102949,Z-UTT,1.0,auto,2026-07-05 14:09:19
PC-102950,Z-UTT,0.935414,auto,2026-07-06 18:10:35
PC-102951,Z-UTT,1.0,auto,2026-07-05 13:32:31
PC-102952,Z-UTT,1.0,auto,2026-07-06 18:18:12
PC-102953,Z-UTT,1.0,auto,2026-07-05 11:33:34
PC-102954,Z-UTT,0.935414,auto,2026-07-06 08:25:25
PC-102955,Z-UTT,1.0,auto,2026-07-06 10:11:22
PC-102956,Z-UTT,1.0,auto,2026-07-06 14:10:12
PC-102957,Z-UTT,1.0,auto,2026-07-05 23:55:08
PC-102958,Z-UTT,1.0,auto,2026-07-06 19:06:58
PC-102959,Z-UTT,1.0,auto,2026-07-07 00:53:34
PC-102960,Z-UTT,1.0,auto,2026-07-05 12:36:58
PC-102961,Z-UTT,1.0,auto,2026-07-06 15:49:13
PC-102962,Z-UTT,1.0,auto,2026-07-06 03:34:54
PC-102963,Z-UTT,1.0,auto,2026-07-06 10:23:34
PC-102964,Z-UTT,1.0,auto,2026-07-05 11:23:38
PC-102965,Z-UTT,0.935414,auto,2026-07-06 02:35:52
PC-102966,Z-UTT,1.0,auto,2026-07-06 21:55:37
PC-102967,Z-UTT,1.0,auto,2026-07-05 19:05:00
PC-102968,Z-UTT,1.0,auto,2026-07-07 07:22:57
PC-102969,Z-UTT,1.0,auto,2026-07-06 11:18:36
PC-102970,Z-UTT,1.0,auto,2026-07-06 03:19:04
PC-102971,Z-UTT,1.0,auto,2026-07-06 21:39:09
PC-102972,Z-UTT,1.0,auto,2026-07-05 18:06:13
PC-102973,Z-UTT,1.0,auto,2026-07-06 19:18:11
PC-102974,Z-UTT,1.0,auto,2026-07-05 21:41:44
PC-102975,Z-UTT,1.0,auto,2026-07-05 18:42:09
PC-102976,Z-UTT,1.0,auto,2026-07-06 15:29:01
PC-102977,Z-UTT,1.0,auto,2026-07-06 04:42:55
PC-102978,Z-UTT,1.0,auto,2026-07-06 01:21:59
PC-102979,Z-UTT,1.0,auto,2026-07-06 00:09:37
PC-102980,Z-UTT,1.0,auto,2026-07-06 10:00:35
PC-102981,Z-UTT,1.0,auto,2026-07-06 20:44:10
PC-102982,Z-UTT,1.0,auto,2026-07-06 11:57:48
PC-102983,Z-UTT,1.0,auto,2026-07-06 02:35:01
PC-102984,Z-UTT,1.0,auto,2026-07-05 06:52:05
PC-102985,Z-UTT,1.0,auto,2026-07-06 23:52:24
PC-102986,Z-UTT,1.0,auto,2026-07-06 03:33:04
PC-102987,Z-UTT,1.0,auto,2026-07-06 10:12:54
PC-102988,Z-UTT,0.935414,auto,2026-07-07 00:45:56
PC-102989,Z-UTT,1.0,auto,2026-07-06 08:23:37
PC-102990,Z-UTT,1.0,auto,2026-07-06 09:08:01
PC-102991,Z-UTT,1.0,auto,2026-07-07 08:56:21
PC-102992,Z-UTT,1.0,auto,2026-07-07 02:56:34
PC-102993,Z-UTT,0.935414,auto,2026-07-06 06:06:33
PC-102994,Z-UTT,1.0,auto,2026-07-06 08:26:14
PC-102995,Z-UTT,1.0,auto,2026-07-06 21:32:29
PC-102996,Z-UTT,1.0,auto,2026-07-06 08:52:42
PC-102997,Z-UTT,1.0,auto,2026-07-07 03:44:18
PC-102998,Z-UTT,1.0,auto,2026-07-05 21:04:25
PC-102999,Z-UTT,1.0,auto,2026-07-06 10:33:34
PC-103000,Z-UTT,1.0,auto,2026-07-06 22:02:16
PC-103001,Z-UTT,1.0,auto,2026-07-05 19:16:16
PC-103002,Z-UTT,1.0,auto,2026-07-07 04:39:52
PC-103003,Z-UTT,1.0,auto,2026-07-06 06:52:22
PC-103004,Z-UTT,1.0,auto,2026-07-05 22:10:22
PC-103005,Z-UTT,1.0,auto,2026-07-06 07:20:13
PC-103006,Z-UTT,1.0,auto,2026-07-06 03:14:59
PC-103007,Z-UTT,1.0,auto,2026-07-06 16:50:47
PC-103008,Z-UTT,1.0,auto,2026-07-07 00:14:54
PC-103009,Z-UTT,1.0,auto,2026-07-07 09:24:57
PC-103010,Z-UTT,1.0,auto,2026-07-07 11:19:32
PC-103011,Z-UTT,0.935414,auto,2026-07-06 01:49:26
PC-103012,Z-UTT,1.0,auto,2026-07-06 09:19:55
PC-103013,Z-UTT,1.0,auto,2026-07-07 00:06:27
PC-103014,Z-UTT,1.0,auto,2026-07-06 03:02:08
PC-103015,Z-UTT,1.0,auto,2026-07-05 21:38:21
PC-103016,Z-UTT,1.0,auto,2026-07-05 15:08:28
PC-103017,Z-UTT,1.0,auto,2026-07-06 20:06:24
PC-103018,Z-UTT,1.0,auto,2026-07-06 07:21:47
PC-103019,Z-UTT,1.0,auto,2026-07-05 14:09:45
PC-103020,Z-UTT,1.0,auto,2026-07-06 15:02:36
PC-103021,Z-UTT,1.0,auto,2026-07-06 18:41:40
PC-103022,Z-UTT,1.0,auto,2026-07-05 23:35:21
PC-103023,Z-UTT,1.0,auto,2026-07-06 20:36:35
PC-103024,Z-UTT,1.0,auto,2026-07-06 07:42:21
PC-103025,Z-UTT,1.0,auto,2026-07-06 19:42:19
PC-103026,Z-UTT,0.935414,auto,2026-07-07 01:00:37
PC-103027,Z-UTT,0.935414,auto,2026-07-07 03:07:32
PC-103028,Z-UTT,1.0,auto,2026-07-06 13:43:36
PC-103029,Z-UTT,1.0,auto,2026-07-05 19:41:00
PC-103030,Z-UTT,1.0,auto,2026-07-06 19:04:31
PC-103031,Z-UTT,1.0,auto,2026-07-06 18:55:39
PC-103032,Z-UTT,1.0,auto,2026-07-05 20:26:37
PC-103033,Z-UTT,1.0,auto,2026-07-05 15:40:11
PC-103034,Z-UTT,1.0,auto,2026-07-06 10:44:43
PC-103035,Z-UTT,0.935414,auto,2026-07-05 13:28:02
PC-103036,Z-UTT,1.0,auto,2026-07-06 06:59:32
PC-103037,Z-UTT,1.0,auto,2026-07-06 01:07:26
PC-103038,Z-UTT,1.0,auto,2026-07-06 15:14:15
PC-103039,Z-UTT,1.0,auto,2026-07-06 16:04:38
PC-103040,Z-UTT,1.0,auto,2026-07-05 21:04:34
PC-103041,Z-UTT,1.0,auto,2026-07-06 15:48:34
PC-103042,Z-UTT,1.0,auto,2026-07-07 01:33:45
PC-103043,Z-UTT,1.0,auto,2026-07-06 17:50:05
PC-103044,Z-UTT,1.0,auto,2026-07-05 15:08:17
PC-103045,Z-UTT,1.0,auto,2026-07-06 20:11:48
PC-103046,Z-UTT,1.0,auto,2026-07-06 04:16:14
PC-103047,Z-UTT,1.0,auto,2026-07-06 05:59:45
PC-103048,Z-UTT,1.0,auto,2026-07-06 23:15:03
PC-103049,Z-UTT,1.0,auto,2026-07-06 23:31:25
PC-103050,Z-UTT,1.0,auto,2026-07-06 20:06:29
PC-103051,Z-UTT,1.0,auto,2026-07-07 04:04:22
PC-103052,Z-UTT,1.0,auto,2026-07-06 02:23:29
PC-103053,Z-UTT,1.0,auto,2026-07-06 13:40:25
PC-103054,Z-UTT,1.0,auto,2026-07-05 20:49:45
PC-103055,Z-UTT,1.0,auto,2026-07-05 20:19:03
PC-103056,Z-UTT,1.0,auto,2026-07-06 17:07:51
PC-103057,Z-UTT,1.0,auto,2026-07-06 23:56:08
PC-103058,Z-UTT,1.0,auto,2026-07-06 16:53:35
PC-103059,Z-UTT,1.0,auto,2026-07-07 03:03:12
PC-103060,Z-UTT,1.0,auto,2026-07-06 17:25:00
PC-103061,Z-UTT,1.0,auto,2026-07-06 20:50:12
PC-103062,Z-UTT,1.0,auto,2026-07-06 16:10:17
PC-103063,Z-UTT,1.0,auto,2026-07-06 21:36:44
PC-103064,Z-UTT,1.0,auto,2026-07-07 01:11:44
PC-103065,Z-UTT,1.0,auto,2026-07-06 16:30:37
PC-103066,Z-UTT,1.0,auto,2026-07-07 07:22:40
PC-103067,Z-UTT,1.0,auto,2026-07-06 21:07:06
PC-103068,Z-UTT,1.0,auto,2026-07-07 09:24:08
PC-103069,Z-UTT,1.0,auto,2026-07-07 02:59:28
PC-103070,Z-UTT,1.0,auto,2026-07-06 11:00:38
PC-103071,Z-UTT,1.0,auto,2026-07-06 12:47:11
PC-103072,Z-UTT,1.0,auto,2026-07-07 09:14:19
PC-103073,Z-UTT,1.0,auto,2026-07-06 23:49:43
PC-103074,Z-UTT,1.0,auto,2026-07-07 04:56:25
PC-103075,Z-UTT,1.0,auto,2026-07-06 10:46:47
PC-103076,Z-UTT,0.935414,auto,2026-07-07 07:00:41
PC-103077,Z-UTT,1.0,auto,2026-07-06 23:56:06
PC-103078,Z-UTT,1.0,auto,2026-07-07 11:04:10
PC-103079,Z-UTT,1.0,auto,2026-07-07 08:58:50
PC-103080,Z-UTT,1.0,auto,2026-07-02 17:00:21
PC-103081,Z-UTT,1.0,auto,2026-07-02 17:31:52
PC-103082,Z-UTT,1.0,auto,2026-07-03 00:18:49
PC-103083,Z-UTT,1.0,auto,2026-07-03 15:28:54
PC-103084,Z-UTT,1.0,auto,2026-07-04 02:06:55
PC-103085,Z-UTT,1.0,auto,2026-07-02 21:01:19
PC-103086,Z-UTT,1.0,auto,2026-07-02 20:33:36
PC-103087,Z-UTT,1.0,auto,2026-07-02 17:14:43
PC-103088,Z-UTT,1.0,auto,2026-07-02 13:54:43
PC-103089,Z-UTT,1.0,auto,2026-07-04 05:12:10
PC-103090,Z-UTT,1.0,auto,2026-07-03 05:39:41
PC-103091,Z-UTT,1.0,auto,2026-07-02 16:07:26
PC-103092,Z-UTT,1.0,auto,2026-07-03 18:25:30
PC-103093,Z-UTT,1.0,auto,2026-07-03 16:34:03
PC-103094,Z-UTT,0.935414,auto,2026-07-02 20:00:28
PC-103095,Z-UTT,1.0,auto,2026-07-03 08:32:51
PC-103096,Z-UTT,1.0,auto,2026-07-02 22:23:07
PC-103097,Z-UTT,1.0,auto,2026-07-02 11:59:56
PC-103098,Z-UTT,1.0,auto,2026-07-02 17:32:04
PC-103099,Z-UTT,1.0,auto,2026-07-03 02:37:13
PC-103100,Z-UTT,1.0,auto,2026-07-02 21:17:50
PC-103101,Z-UTT,1.0,auto,2026-07-02 08:35:06
PC-103102,Z-UTT,1.0,auto,2026-07-04 01:36:32
PC-103103,Z-UTT,1.0,auto,2026-07-03 22:30:08
PC-103104,Z-UTT,1.0,auto,2026-07-03 08:29:40
PC-103105,Z-UTT,1.0,auto,2026-07-02 17:44:03
PC-103106,Z-UTT,1.0,auto,2026-07-04 00:54:04
PC-103107,Z-UTT,1.0,auto,2026-07-03 04:53:47
PC-103108,Z-UTT,0.935414,auto,2026-07-03 04:53:36
PC-103109,Z-UTT,1.0,auto,2026-07-03 03:38:18
PC-103110,Z-UTT,1.0,auto,2026-07-03 21:55:57
PC-103111,Z-UTT,1.0,auto,2026-07-02 08:30:14
PC-103112,Z-UTT,1.0,auto,2026-07-03 07:20:47
PC-103113,Z-UTT,1.0,auto,2026-07-04 04:02:48
PC-103114,Z-UTT,1.0,auto,2026-07-02 21:44:06
PC-103115,Z-UTT,1.0,auto,2026-07-02 21:42:57
PC-103116,Z-UTT,1.0,auto,2026-07-03 22:38:32
PC-103117,Z-UTT,1.0,auto,2026-07-03 05:09:20
PC-103118,Z-UTT,0.935414,auto,2026-07-02 10:05:24
PC-103119,Z-UTT,1.0,auto,2026-07-03 08:27:10
PC-103120,Z-UTT,0.935414,auto,2026-07-03 13:09:33
PC-103121,Z-UTT,1.0,auto,2026-07-03 21:56:52
PC-103122,Z-UTT,1.0,auto,2026-07-03 17:59:13
PC-103123,Z-UTT,1.0,auto,2026-07-03 05:11:27
PC-103124,Z-UTT,1.0,auto,2026-07-04 07:07:59
PC-103125,Z-UTT,1.0,auto,2026-07-04 10:28:06
PC-103126,Z-UTT,1.0,auto,2026-07-03 07:43:50
PC-103127,Z-UTT,1.0,auto,2026-07-03 22:32:29
PC-103128,Z-UTT,1.0,auto,2026-07-04 02:44:13
PC-103129,Z-UTT,1.0,auto,2026-07-02 11:50:06
PC-103130,Z-UTT,1.0,auto,2026-07-03 20:43:02
PC-103131,Z-UTT,1.0,auto,2026-07-02 14:59:13
PC-103132,Z-UTT,1.0,auto,2026-07-03 06:03:33
PC-103133,Z-UTT,1.0,auto,2026-07-03 08:42:58
PC-103134,Z-UTT,1.0,auto,2026-07-02 16:15:16
PC-103135,Z-UTT,0.935414,auto,2026-07-03 04:30:58
PC-103136,Z-UTT,1.0,auto,2026-07-03 20:27:12
PC-103137,Z-UTT,0.935414,auto,2026-07-03 12:21:51
PC-103138,Z-UTT,1.0,auto,2026-07-04 01:49:07
PC-103139,Z-UTT,1.0,auto,2026-07-02 16:13:38
PC-103140,Z-UTT,1.0,auto,2026-07-03 04:12:11
PC-103141,Z-UTT,1.0,auto,2026-07-04 01:18:30
PC-103142,Z-UTT,0.935414,auto,2026-07-03 23:37:55
PC-103143,Z-UTT,1.0,auto,2026-07-02 20:01:54
PC-103144,Z-UTT,0.935414,auto,2026-07-03 20:10:56
PC-103145,Z-UTT,1.0,auto,2026-07-04 00:20:22
PC-103146,Z-UTT,1.0,auto,2026-07-03 19:19:29
PC-103147,Z-UTT,1.0,auto,2026-07-03 02:20:11
PC-103148,Z-UTT,1.0,auto,2026-07-02 16:51:54
PC-103149,Z-UTT,1.0,auto,2026-07-03 01:11:26
PC-103150,Z-UTT,1.0,auto,2026-07-02 10:59:30
PC-103151,Z-UTT,1.0,auto,2026-07-02 17:27:42
PC-103152,Z-UTT,1.0,auto,2026-07-02 21:39:23
PC-103153,Z-UTT,1.0,auto,2026-07-03 08:29:46
PC-103154,Z-UTT,0.935414,auto,2026-07-02 23:32:54
PC-103155,Z-UTT,1.0,auto,2026-07-02 23:04:32
PC-103156,Z-UTT,1.0,auto,2026-07-03 03:37:55
PC-103157,Z-UTT,1.0,auto,2026-07-03 12:11:26
PC-103158,Z-UTT,1.0,auto,2026-07-03 10:41:35
PC-103159,Z-UTT,1.0,auto,2026-07-02 11:53:21
PC-103160,Z-UTT,1.0,auto,2026-07-03 00:08:38
PC-103161,Z-UTT,1.0,auto,2026-07-03 05:31:21
PC-103162,Z-UTT,1.0,auto,2026-07-04 08:32:38
PC-103163,Z-UTT,1.0,auto,2026-07-04 06:48:39
PC-103164,Z-UTT,1.0,auto,2026-07-04 05:47:26
PC-103165,Z-UTT,1.0,auto,2026-07-03 16:36:35
PC-103166,Z-UTT,1.0,auto,2026-07-02 16:30:40
PC-103167,Z-UTT,1.0,auto,2026-07-02 20:21:30
PC-103168,Z-UTT,1.0,auto,2026-07-02 17:04:26
PC-103169,Z-UTT,1.0,auto,2026-07-03 13:36:26
PC-103170,Z-UTT,1.0,auto,2026-07-03 08:40:30
PC-103171,Z-UTT,1.0,auto,2026-07-03 10:08:33
PC-103172,Z-UTT,1.0,auto,2026-07-03 17:36:53
PC-103173,Z-UTT,1.0,auto,2026-07-02 17:28:30
PC-103174,Z-UTT,1.0,auto,2026-07-03 04:32:29
PC-103175,Z-UTT,1.0,auto,2026-07-03 19:12:30
PC-103176,Z-UTT,1.0,auto,2026-07-02 16:49:45
PC-103177,Z-UTT,1.0,auto,2026-07-03 18:07:01
PC-103178,Z-UTT,1.0,auto,2026-07-04 00:02:51
PC-103179,Z-UTT,1.0,auto,2026-07-02 18:10:47
PC-103180,Z-UTT,1.0,auto,2026-07-03 06:56:51
PC-103181,Z-UTT,0.935414,auto,2026-07-04 03:29:24
PC-103182,Z-UTT,1.0,auto,2026-07-03 14:08:02
PC-103183,Z-UTT,1.0,auto,2026-07-04 10:21:54
PC-103184,Z-UTT,1.0,auto,2026-07-04 06:50:16
PC-103185,Z-UTT,1.0,auto,2026-07-03 04:46:35
PC-103186,Z-UTT,1.0,auto,2026-07-03 06:41:04
PC-103187,Z-UTT,1.0,auto,2026-07-03 00:51:36
PC-103188,Z-UTT,1.0,auto,2026-07-03 09:22:14
PC-103189,Z-UTT,1.0,auto,2026-07-03 04:07:27
PC-103190,Z-UTT,1.0,auto,2026-07-03 11:56:48
PC-103191,Z-UTT,0.935414,auto,2026-07-03 23:05:28
PC-103192,Z-UTT,1.0,auto,2026-07-03 20:43:49
PC-103193,Z-UTT,1.0,auto,2026-07-03 06:17:31
PC-103194,Z-UTT,1.0,auto,2026-07-03 10:57:41
PC-103195,Z-UTT,1.0,auto,2026-07-02 16:01:39
PC-103196,Z-UTT,1.0,auto,2026-07-03 18:24:20
PC-103197,Z-UTT,1.0,auto,2026-07-03 08:52:10
PC-103198,Z-UTT,1.0,auto,2026-07-03 05:38:07
PC-103199,Z-UTT,1.0,auto,2026-07-03 14:26:03
PC-103200,Z-UTT,1.0,auto,2026-07-03 01:03:17
PC-103201,Z-UTT,1.0,auto,2026-07-03 14:42:49
PC-103202,Z-UTT,1.0,auto,2026-07-03 00:28:54
PC-103203,Z-UTT,1.0,auto,2026-07-04 07:33:08
PC-103204,Z-UTT,1.0,auto,2026-07-03 00:43:43
PC-103205,Z-UTT,1.0,auto,2026-07-03 21:39:33
PC-103206,Z-UTT,1.0,auto,2026-07-03 17:50:05
PC-103207,Z-UTT,1.0,auto,2026-07-03 17:32:25
PC-103208,Z-UTT,1.0,auto,2026-07-02 23:54:57
PC-103209,Z-UTT,0.935414,auto,2026-07-02 15:08:47
PC-103210,Z-UTT,1.0,auto,2026-07-04 01:42:38
PC-103211,Z-UTT,0.935414,auto,2026-07-03 14:16:14
PC-103212,Z-UTT,1.0,auto,2026-07-04 01:06:53
PC-103213,Z-UTT,1.0,auto,2026-07-03 12:26:38
PC-103214,Z-UTT,0.935414,auto,2026-07-02 14:23:38
PC-103215,Z-UTT,1.0,auto,2026-07-03 15:42:44
PC-103216,Z-UTT,1.0,auto,2026-07-03 21:37:12
PC-103217,Z-UTT,1.0,auto,2026-07-02 17:40:26
PC-103218,Z-UTT,1.0,auto,2026-07-03 07:39:19
PC-103219,Z-UTT,1.0,auto,2026-07-02 18:15:48
PC-103220,Z-UTT,1.0,auto,2026-07-03 02:41:46
PC-103221,Z-UTT,0.935414,auto,2026-07-03 14:49:23
PC-103222,Z-UTT,1.0,auto,2026-07-02 14:49:30
PC-103223,Z-UTT,1.0,auto,2026-07-03 21:39:58
PC-103224,Z-UTT,1.0,auto,2026-07-02 17:57:57
PC-103225,Z-UTT,0.935414,auto,2026-07-03 11:11:49
PC-103226,Z-UTT,1.0,auto,2026-07-04 00:16:46
PC-103227,Z-UTT,1.0,auto,2026-07-03 08:06:46
PC-103228,Z-UTT,1.0,auto,2026-07-03 21:15:18
PC-103229,Z-UTT,1.0,auto,2026-07-03 09:44:09
PC-103230,Z-UTT,0.935414,auto,2026-07-03 04:49:39
PC-103231,Z-UTT,0.935414,auto,2026-07-02 21:23:21
PC-103232,Z-UTT,1.0,auto,2026-07-03 13:21:15
PC-103233,Z-UTT,1.0,auto,2026-07-02 14:51:35
PC-103234,Z-UTT,1.0,auto,2026-07-02 21:53:03
PC-103235,Z-UTT,1.0,auto,2026-07-02 22:49:00
PC-103236,Z-UTT,1.0,auto,2026-07-03 11:13:50
PC-103237,Z-UTT,1.0,auto,2026-07-03 03:38:44
PC-103238,Z-UTT,1.0,auto,2026-07-03 02:22:12
PC-103239,Z-UTT,1.0,auto,2026-07-04 04:28:00
PC-103240,Z-UTT,1.0,auto,2026-07-04 03:18:19
PC-103241,Z-UTT,1.0,auto,2026-07-02 19:22:12
PC-103242,Z-UTT,0.935414,auto,2026-07-02 20:34:49
PC-103243,Z-UTT,1.0,auto,2026-07-03 19:12:40
PC-103244,Z-UTT,1.0,auto,2026-07-03 11:11:18
PC-103245,Z-UTT,1.0,auto,2026-07-02 20:34:17
PC-103246,Z-UTT,1.0,auto,2026-07-02 14:47:47
PC-103247,Z-UTT,1.0,auto,2026-07-02 14:54:14
PC-103248,Z-UTT,1.0,auto,2026-07-03 01:38:57
PC-103249,Z-UTT,1.0,auto,2026-07-04 01:16:05
PC-103250,Z-UTT,1.0,auto,2026-07-03 23:56:10
PC-103251,Z-UTT,1.0,auto,2026-07-03 09:16:45
PC-103252,Z-UTT,1.0,auto,2026-07-03 03:29:15
PC-103253,Z-UTT,1.0,auto,2026-07-03 00:11:19
PC-103254,Z-UTT,1.0,auto,2026-07-04 04:06:00
PC-103255,Z-UTT,1.0,auto,2026-07-03 08:29:20
PC-103256,Z-UTT,1.0,auto,2026-07-03 23:42:20
PC-103257,Z-UTT,1.0,auto,2026-07-03 23:16:34
PC-103258,Z-UTT,1.0,auto,2026-07-03 12:44:50
PC-103259,Z-UTT,1.0,auto,2026-07-03 10:30:23
PC-103260,Z-UTT,1.0,auto,2026-07-03 15:26:56
PC-103261,Z-UTT,1.0,auto,2026-07-04 08:40:46
PC-103262,Z-UTT,1.0,auto,2026-07-03 04:38:05
PC-103263,Z-UTT,1.0,auto,2026-07-03 09:24:15
PC-103264,Z-UTT,0.935414,auto,2026-07-04 11:35:34
PC-103265,Z-UTT,1.0,auto,2026-07-04 01:56:24
PC-103266,Z-UTT,1.0,auto,2026-07-03 02:12:36
PC-103267,Z-UTT,1.0,auto,2026-07-03 21:15:06
PC-103268,Z-UTT,1.0,auto,2026-07-03 11:32:30
PC-103269,Z-UTT,0.935414,auto,2026-07-03 04:53:38
PC-103270,Z-UTT,1.0,auto,2026-07-04 00:08:56
PC-103271,Z-UTT,1.0,auto,2026-07-03 13:20:38
PC-103272,Z-UTT,0.935414,auto,2026-07-03 08:01:31
PC-103273,Z-UTT,1.0,auto,2026-07-04 00:38:21
PC-103274,Z-UTT,1.0,auto,2026-07-03 08:38:11
PC-103275,Z-UTT,1.0,auto,2026-07-04 04:03:26
PC-103276,Z-UTT,1.0,auto,2026-07-03 13:43:19
PC-103277,Z-UTT,1.0,auto,2026-07-03 18:58:53
PC-103278,Z-UTT,1.0,auto,2026-07-04 03:14:56
PC-103279,Z-UTT,1.0,auto,2026-07-03 20:19:48
PC-103280,Z-UTT,1.0,auto,2026-07-04 11:35:53
PC-103281,Z-UTT,1.0,auto,2026-07-03 19:41:06
PC-103282,Z-UTT,0.935414,auto,2026-07-04 04:34:31
PC-103283,Z-UTT,1.0,auto,2026-07-03 17:59:37
PC-103284,Z-UTT,1.0,auto,2026-07-04 03:55:40
PC-103285,Z-UTT,1.0,auto,2026-07-04 09:11:51
PC-103286,Z-UTT,1.0,auto,2026-07-03 05:33:51
PC-103287,Z-UTT,1.0,auto,2026-07-03 19:34:28
PC-103288,Z-UTT,1.0,auto,2026-07-04 06:55:33
PC-103289,Z-UTT,1.0,auto,2026-07-03 23:17:38
PC-103290,Z-UTT,1.0,auto,2026-07-04 05:52:28
PC-103291,Z-UTT,1.0,auto,2026-07-04 18:42:33
PC-103292,Z-UTT,1.0,auto,2026-07-04 16:15:29
PC-103293,Z-UTT,0.935414,auto,2026-07-04 00:32:10
PC-103294,Z-UTT,1.0,auto,2026-07-03 22:16:41
PC-103295,Z-UTT,1.0,auto,2026-07-03 10:27:41
PC-103296,Z-UTT,1.0,auto,2026-07-04 04:32:14
PC-103297,Z-UTT,1.0,auto,2026-07-04 05:12:42
PC-103298,Z-UTT,1.0,auto,2026-07-04 07:50:22
PC-103299,Z-UTT,1.0,auto,2026-07-04 04:24:33
PC-103300,Z-UTT,1.0,auto,2026-07-04 05:00:28
PC-103301,Z-UTT,1.0,auto,2026-07-03 18:41:46
PC-103302,Z-UTT,1.0,auto,2026-07-04 12:02:19
PC-103303,Z-UTT,1.0,auto,2026-07-03 09:18:38
PC-103304,Z-UTT,1.0,auto,2026-07-04 15:43:43
PC-103305,Z-UTT,1.0,auto,2026-07-04 22:20:45
PC-103306,Z-UTT,1.0,auto,2026-07-04 01:53:25
PC-103307,Z-UTT,1.0,auto,2026-07-04 01:27:25
PC-103308,Z-UTT,1.0,auto,2026-07-03 18:59:50
PC-103309,Z-UTT,1.0,auto,2026-07-04 06:09:01
PC-103310,Z-UTT,1.0,auto,2026-07-04 10:13:59
PC-103311,Z-UTT,1.0,auto,2026-07-04 07:28:47
PC-103312,Z-UTT,1.0,auto,2026-07-05 03:34:44
PC-103313,Z-UTT,1.0,auto,2026-07-03 12:44:33
PC-103314,Z-UTT,1.0,auto,2026-07-04 09:30:55
PC-103315,Z-UTT,1.0,auto,2026-07-04 20:17:44
PC-103316,Z-UTT,1.0,auto,2026-07-04 18:23:14
PC-103317,Z-UTT,1.0,auto,2026-07-04 22:59:53
PC-103318,Z-UTT,1.0,auto,2026-07-04 23:01:50
PC-103319,Z-UTT,1.0,auto,2026-07-03 21:39:02
PC-103320,Z-UTT,0.935414,auto,2026-07-03 18:06:39
PC-103321,Z-UTT,1.0,auto,2026-07-02 06:33:37
PC-103322,Z-UTT,0.935414,auto,2026-07-04 01:04:47
PC-103323,Z-UTT,1.0,auto,2026-07-04 23:45:57
PC-103324,Z-UTT,1.0,auto,2026-07-03 15:16:05
PC-103325,Z-UTT,1.0,auto,2026-07-03 23:50:36
PC-103326,Z-UTT,1.0,auto,2026-07-05 03:28:10
PC-103327,Z-UTT,1.0,auto,2026-07-04 04:23:08
PC-103328,Z-UTT,1.0,auto,2026-07-04 06:58:27
PC-103329,Z-UTT,1.0,auto,2026-07-03 20:06:27
PC-103330,Z-UTT,1.0,auto,2026-07-04 10:14:20
PC-103331,Z-UTT,1.0,auto,2026-07-05 02:00:21
PC-103332,Z-UTT,1.0,auto,2026-07-04 00:34:46
PC-103333,Z-UTT,1.0,auto,2026-07-04 15:07:23
PC-103334,Z-UTT,1.0,auto,2026-07-04 21:54:26
PC-103335,Z-UTT,1.0,auto,2026-07-04 13:25:47
PC-103336,Z-UTT,1.0,auto,2026-07-03 17:19:22
PC-103337,Z-UTT,1.0,auto,2026-07-05 03:10:29
PC-103338,Z-UTT,1.0,auto,2026-07-04 19:22:17
PC-103339,Z-UTT,1.0,auto,2026-07-04 00:09:03
PC-103340,Z-UTT,1.0,auto,2026-07-04 13:41:20
PC-103341,Z-UTT,1.0,auto,2026-07-03 09:16:35
PC-103342,Z-UTT,1.0,auto,2026-07-04 04:07:10
PC-103343,Z-UTT,1.0,auto,2026-07-03 17:22:45
PC-103344,Z-UTT,1.0,auto,2026-07-04 13:01:51
PC-103345,Z-UTT,1.0,auto,2026-07-04 12:19:52
PC-103346,Z-UTT,1.0,auto,2026-07-04 20:32:50
PC-103347,Z-UTT,1.0,auto,2026-07-03 19:57:30
PC-103348,Z-UTT,1.0,auto,2026-07-04 09:29:14
PC-103349,Z-UTT,1.0,auto,2026-07-04 07:12:15
PC-103350,Z-UTT,1.0,auto,2026-07-05 02:11:03
PC-103351,Z-UTT,1.0,auto,2026-07-04 15:54:09
PC-103352,Z-UTT,1.0,auto,2026-07-04 02:37:37
PC-103353,Z-UTT,1.0,auto,2026-07-03 22:30:18
PC-103354,Z-UTT,0.935414,auto,2026-07-04 19:58:52
PC-103355,Z-UTT,1.0,auto,2026-07-04 15:41:34
PC-103356,Z-UTT,1.0,auto,2026-07-03 11:03:42
PC-103357,Z-UTT,1.0,auto,2026-07-03 12:53:47
PC-103358,Z-UTT,1.0,auto,2026-07-04 04:20:25
PC-103359,Z-UTT,1.0,auto,2026-07-05 03:45:26
PC-103360,Z-UTT,1.0,auto,2026-07-04 09:33:37
PC-103361,Z-UTT,1.0,auto,2026-07-03 15:02:53
PC-103362,Z-UTT,1.0,auto,2026-07-03 15:45:33
PC-103363,Z-UTT,0.935414,auto,2026-07-03 14:34:32
PC-103364,Z-UTT,0.935414,auto,2026-07-04 18:10:06
PC-103365,Z-UTT,1.0,auto,2026-07-04 15:56:06
PC-103366,Z-UTT,1.0,auto,2026-07-04 09:24:02
PC-103367,Z-UTT,1.0,auto,2026-07-03 17:17:49
PC-103368,Z-UTT,0.935414,auto,2026-07-03 20:52:10
PC-103369,Z-UTT,1.0,auto,2026-07-05 04:41:28
PC-103370,Z-UTT,1.0,auto,2026-07-04 03:36:57
PC-103371,Z-UTT,1.0,auto,2026-07-04 21:59:26
PC-103372,Z-UTT,1.0,auto,2026-07-04 16:00:47
PC-103373,Z-UTT,1.0,auto,2026-07-03 20:33:28
PC-103374,Z-UTT,0.935414,auto,2026-07-04 15:50:42
PC-103375,Z-UTT,1.0,auto,2026-07-05 06:43:21
PC-103376,Z-UTT,1.0,auto,2026-07-03 22:55:22
PC-103377,Z-UTT,1.0,auto,2026-07-04 09:50:53
PC-103378,Z-UTT,1.0,auto,2026-07-03 15:17:39
PC-103379,Z-UTT,1.0,auto,2026-07-04 09:38:33
PC-103380,Z-UTT,1.0,auto,2026-07-03 22:04:29
PC-103381,Z-UTT,1.0,auto,2026-07-05 03:50:04
PC-103382,Z-UTT,1.0,auto,2026-07-04 03:31:04
PC-103383,Z-UTT,1.0,auto,2026-07-04 11:59:03
PC-103384,Z-UTT,1.0,auto,2026-07-03 19:06:15
PC-103385,Z-UTT,1.0,auto,2026-07-04 11:17:04
PC-103386,Z-UTT,1.0,auto,2026-07-04 07:41:43
PC-103387,Z-UTT,1.0,auto,2026-07-05 06:01:52
PC-103388,Z-UTT,1.0,auto,2026-07-04 17:27:33
PC-103389,Z-UTT,1.0,auto,2026-07-04 14:45:52
PC-103390,Z-UTT,0.935414,auto,2026-07-03 19:05:42
PC-103391,Z-UTT,0.935414,auto,2026-07-04 15:38:02
PC-103392,Z-UTT,1.0,auto,2026-07-03 13:59:30
PC-103393,Z-UTT,1.0,auto,2026-07-05 03:45:17
PC-103394,Z-UTT,1.0,auto,2026-07-05 01:26:21
PC-103395,Z-UTT,1.0,auto,2026-07-04 12:44:30
PC-103396,Z-UTT,1.0,auto,2026-07-05 10:29:49
PC-103397,Z-UTT,1.0,auto,2026-07-05 01:50:35
PC-103398,Z-UTT,1.0,auto,2026-07-04 20:45:24
PC-103399,Z-UTT,1.0,auto,2026-07-04 04:17:53
PC-103400,Z-UTT,1.0,auto,2026-07-03 19:22:24
PC-103401,Z-UTT,1.0,auto,2026-07-04 23:51:32
PC-103402,Z-UTT,1.0,auto,2026-07-04 14:00:50
PC-103403,Z-UTT,1.0,auto,2026-07-04 18:51:28
PC-103404,Z-UTT,1.0,auto,2026-07-03 23:36:09
PC-103405,Z-UTT,1.0,auto,2026-07-04 23:01:22
PC-103406,Z-UTT,1.0,auto,2026-07-04 13:45:59
PC-103407,Z-UTT,1.0,auto,2026-07-04 07:37:24
PC-103408,Z-UTT,1.0,auto,2026-07-05 10:15:02
PC-103409,Z-UTT,1.0,auto,2026-07-05 03:18:42
PC-103410,Z-UTT,1.0,auto,2026-07-05 04:10:59
PC-103411,Z-UTT,1.0,auto,2026-07-04 12:21:37
PC-103412,Z-UTT,0.935414,auto,2026-07-03 14:48:02
PC-103413,Z-UTT,1.0,auto,2026-07-04 18:32:32
PC-103414,Z-UTT,1.0,auto,2026-07-04 02:09:49
PC-103415,Z-UTT,1.0,auto,2026-07-03 18:50:51
PC-103416,Z-UTT,1.0,auto,2026-07-04 07:02:28
PC-103417,Z-UTT,1.0,auto,2026-07-05 08:02:24
PC-103418,Z-UTT,0.935414,auto,2026-07-04 02:20:04
PC-103419,Z-UTT,1.0,auto,2026-07-05 09:49:15
PC-103420,Z-UTT,1.0,auto,2026-07-04 13:15:59
PC-103421,Z-UTT,1.0,auto,2026-07-03 17:03:41
PC-103422,Z-UTT,0.935414,auto,2026-07-04 18:36:54
PC-103423,Z-UTT,1.0,auto,2026-07-03 22:38:05
PC-103424,Z-UTT,1.0,auto,2026-07-03 22:30:44
PC-103425,Z-UTT,1.0,auto,2026-07-05 01:50:57
PC-103426,Z-UTT,1.0,auto,2026-07-04 17:54:26
PC-103427,Z-UTT,1.0,auto,2026-07-04 12:50:31
PC-103428,Z-UTT,1.0,auto,2026-07-04 23:31:04
PC-103429,Z-UTT,1.0,auto,2026-07-04 12:49:59
PC-103430,Z-UTT,1.0,auto,2026-07-04 19:10:47
PC-103431,Z-UTT,1.0,auto,2026-07-04 07:21:28
PC-103432,Z-UTT,1.0,auto,2026-07-04 04:14:23
PC-103433,Z-UTT,1.0,auto,2026-07-04 01:51:44
PC-103434,Z-UTT,1.0,auto,2026-07-05 05:37:24
PC-103435,Z-UTT,1.0,auto,2026-07-04 14:02:46
PC-103436,Z-UTT,1.0,auto,2026-07-04 20:27:48
PC-103437,Z-UTT,1.0,auto,2026-07-03 18:12:31
PC-103438,Z-UTT,1.0,auto,2026-07-05 04:30:17
PC-103439,Z-UTT,1.0,auto,2026-07-04 17:56:52
PC-103440,Z-UTT,1.0,auto,2026-07-03 17:22:01
PC-103441,Z-UTT,1.0,auto,2026-07-04 11:55:32
PC-103442,Z-UTT,1.0,auto,2026-07-04 20:14:04
PC-103443,Z-UTT,1.0,auto,2026-07-04 13:35:31
PC-103444,Z-UTT,1.0,auto,2026-07-04 03:41:29
PC-103445,Z-UTT,1.0,auto,2026-07-05 02:59:34
PC-103446,Z-UTT,1.0,auto,2026-07-03 18:29:40
PC-103447,Z-UTT,1.0,auto,2026-07-04 13:20:21
PC-103448,Z-UTT,1.0,auto,2026-07-04 08:03:42
PC-103449,Z-UTT,1.0,auto,2026-07-04 23:36:42
PC-103450,Z-UTT,1.0,auto,2026-07-03 20:34:10
PC-103451,Z-UTT,1.0,auto,2026-07-05 00:47:43
PC-103452,Z-UTT,1.0,auto,2026-07-05 04:36:35
PC-103453,Z-UTT,1.0,auto,2026-07-03 10:27:28
PC-103454,Z-UTT,1.0,auto,2026-07-03 14:10:49
PC-103455,Z-UTT,1.0,auto,2026-07-05 04:32:32
PC-103456,Z-UTT,1.0,auto,2026-07-05 04:46:44
PC-103457,Z-UTT,1.0,auto,2026-07-04 20:35:28
PC-103458,Z-UTT,1.0,auto,2026-07-04 12:45:41
PC-103459,Z-UTT,1.0,auto,2026-07-05 20:09:19
PC-103460,Z-UTT,1.0,auto,2026-07-05 07:17:38
PC-103461,Z-UTT,1.0,auto,2026-07-04 13:52:56
PC-103462,Z-UTT,1.0,auto,2026-07-05 03:27:40
PC-103463,Z-UTT,1.0,auto,2026-07-05 09:38:37
PC-103464,Z-UTT,1.0,auto,2026-07-06 08:22:18
PC-103465,Z-UTT,0.935414,auto,2026-07-05 16:49:53
PC-103466,Z-UTT,1.0,auto,2026-07-06 02:31:20
PC-103467,Z-UTT,1.0,auto,2026-07-04 17:17:16
PC-103468,Z-UTT,1.0,auto,2026-07-06 01:24:22
PC-103469,Z-UTT,1.0,auto,2026-07-04 18:14:46
PC-103470,Z-UTT,1.0,auto,2026-07-04 14:57:03
PC-103471,Z-UTT,1.0,auto,2026-07-05 06:13:25
PC-103472,Z-UTT,1.0,auto,2026-07-05 09:43:08
PC-103473,Z-UTT,1.0,auto,2026-07-05 22:03:10
PC-103474,Z-UTT,0.935414,auto,2026-07-04 23:52:21
PC-103475,Z-UTT,1.0,auto,2026-07-05 05:54:22
PC-103476,Z-UTT,1.0,auto,2026-07-04 20:07:45
PC-103477,Z-UTT,1.0,auto,2026-07-05 08:34:19
PC-103478,Z-UTT,0.935414,auto,2026-07-05 10:41:05
PC-103479,Z-UTT,1.0,auto,2026-07-04 15:55:55
PC-103480,Z-UTT,1.0,auto,2026-07-06 01:19:24
PC-103481,Z-UTT,1.0,auto,2026-07-05 19:58:16
PC-103482,Z-UTT,1.0,auto,2026-07-05 08:20:11
PC-103483,Z-UTT,1.0,auto,2026-07-04 17:30:13
PC-103484,Z-UTT,1.0,auto,2026-07-06 09:03:03
PC-103485,Z-UTT,1.0,auto,2026-07-05 14:41:49
PC-103486,Z-UTT,1.0,auto,2026-07-04 21:22:53
PC-103487,Z-UTT,1.0,auto,2026-07-05 00:42:56
PC-103488,Z-UTT,1.0,auto,2026-07-06 10:39:16
PC-103489,Z-UTT,1.0,auto,2026-07-05 15:14:45
PC-103490,Z-UTT,1.0,auto,2026-07-05 09:06:19
PC-103491,Z-UTT,1.0,auto,2026-07-04 09:09:37
PC-103492,Z-UTT,1.0,auto,2026-07-04 22:29:45
PC-103493,Z-UTT,1.0,auto,2026-07-06 00:41:50
PC-103494,Z-UTT,1.0,auto,2026-07-06 03:39:30
PC-103495,Z-UTT,1.0,auto,2026-07-05 04:28:08
PC-103496,Z-UTT,1.0,auto,2026-07-04 10:49:51
PC-103497,Z-UTT,1.0,auto,2026-07-05 11:51:48
PC-103498,Z-UTT,1.0,auto,2026-07-05 23:39:24
PC-103499,Z-UTT,1.0,auto,2026-07-05 16:05:48
PC-103500,Z-UTT,1.0,auto,2026-07-04 15:28:44
PC-103501,Z-UTT,1.0,auto,2026-07-05 04:58:10
PC-103502,Z-UTT,1.0,auto,2026-07-05 18:52:54
PC-103503,Z-UTT,1.0,auto,2026-07-05 15:14:35
PC-103504,Z-UTT,1.0,auto,2026-07-04 12:43:06
PC-103505,Z-UTT,1.0,auto,2026-07-05 08:13:13
PC-103506,Z-UTT,1.0,auto,2026-07-05 22:59:36
PC-103507,Z-UTT,1.0,auto,2026-07-05 01:39:49
PC-103508,Z-UTT,1.0,auto,2026-07-05 01:12:35
PC-103509,Z-UTT,1.0,auto,2026-07-06 01:03:38
PC-103510,Z-UTT,1.0,auto,2026-07-05 08:18:22
PC-103511,Z-UTT,1.0,auto,2026-07-06 02:32:05
PC-103512,Z-UTT,1.0,auto,2026-07-05 02:58:09
PC-103513,Z-UTT,1.0,auto,2026-07-05 20:43:34
PC-103514,Z-UTT,1.0,auto,2026-07-04 15:10:18
PC-103515,Z-UTT,1.0,auto,2026-07-06 00:27:23
PC-103516,Z-UTT,1.0,auto,2026-07-05 11:23:55
PC-103517,Z-UTT,1.0,auto,2026-07-04 21:39:51
PC-103518,Z-UTT,1.0,auto,2026-07-05 16:19:46
PC-103519,Z-UTT,1.0,auto,2026-07-05 17:26:09
PC-103520,Z-UTT,1.0,auto,2026-07-04 21:06:17
PC-103521,Z-UTT,0.935414,auto,2026-07-04 16:12:37
PC-103522,Z-UTT,1.0,auto,2026-07-05 06:03:16
PC-103523,Z-UTT,1.0,auto,2026-07-06 09:45:47
PC-103524,Z-UTT,1.0,auto,2026-07-04 12:40:46
PC-103525,Z-UTT,1.0,auto,2026-07-05 06:50:35
PC-103526,Z-UTT,1.0,auto,2026-07-05 09:47:55
PC-103527,Z-UTT,1.0,auto,2026-07-05 10:36:46
PC-103528,Z-UTT,1.0,auto,2026-07-05 14:36:18
PC-103529,Z-UTT,1.0,auto,2026-07-05 18:34:29
PC-103530,Z-UTT,1.0,auto,2026-07-04 18:25:41
PC-103531,Z-UTT,1.0,auto,2026-07-06 06:42:56
PC-103532,Z-UTT,1.0,auto,2026-07-06 11:39:51
PC-103533,Z-UTT,1.0,auto,2026-07-05 07:01:28
PC-103534,Z-UTT,1.0,auto,2026-07-05 03:59:55
PC-103535,Z-UTT,1.0,auto,2026-07-04 16:03:30
PC-103536,Z-UTT,0.935414,auto,2026-07-05 23:25:08
PC-103537,Z-UTT,0.935414,auto,2026-07-05 12:34:09
PC-103538,Z-UTT,1.0,auto,2026-07-05 17:39:19
PC-103539,Z-UTT,1.0,auto,2026-07-06 04:34:37
PC-103540,Z-UTT,1.0,auto,2026-07-04 19:11:54
PC-103541,Z-UTT,1.0,auto,2026-07-05 00:17:17
PC-103542,Z-UTT,1.0,auto,2026-07-04 19:35:35
PC-103543,Z-UTT,1.0,auto,2026-07-04 19:08:50
PC-103544,Z-UTT,1.0,auto,2026-07-05 21:43:05
PC-103545,Z-UTT,1.0,auto,2026-07-05 07:01:01
PC-103546,Z-UTT,1.0,auto,2026-07-05 22:57:38
PC-103547,Z-UTT,1.0,auto,2026-07-04 20:10:58
PC-103548,Z-UTT,1.0,auto,2026-07-05 22:33:30
PC-103549,Z-UTT,0.935414,auto,2026-07-05 04:19:15
PC-103550,Z-UTT,0.935414,auto,2026-07-04 14:08:09
PC-103551,Z-UTT,1.0,auto,2026-07-05 06:47:07
PC-103552,Z-UTT,0.935414,auto,2026-07-06 00:34:58
PC-103553,Z-UTT,1.0,auto,2026-07-05 03:20:50
PC-103554,Z-UTT,1.0,auto,2026-07-05 18:22:04
PC-103555,Z-UTT,1.0,auto,2026-07-05 20:46:32
PC-103556,Z-UTT,1.0,auto,2026-07-05 03:01:03
PC-103557,Z-UTT,1.0,auto,2026-07-05 10:40:25
PC-103558,Z-UTT,1.0,auto,2026-07-05 07:37:11
PC-103559,Z-UTT,1.0,auto,2026-07-04 20:44:16
PC-103560,Z-UTT,1.0,auto,2026-07-05 14:20:43
PC-103561,Z-UTT,1.0,auto,2026-07-04 21:23:30
PC-103562,Z-UTT,0.935414,auto,2026-07-06 06:33:54
PC-103563,Z-UTT,1.0,auto,2026-07-05 06:26:48
PC-103564,Z-UTT,1.0,auto,2026-07-05 08:45:01
PC-103565,Z-UTT,1.0,auto,2026-07-06 01:17:39
PC-103566,Z-UTT,1.0,auto,2026-07-05 00:16:52
PC-103567,Z-UTT,1.0,auto,2026-07-05 00:57:13
PC-103568,Z-UTT,1.0,auto,2026-07-05 10:26:45
PC-103569,Z-UTT,1.0,auto,2026-07-05 02:22:21
PC-103570,Z-UTT,1.0,auto,2026-07-05 12:06:40
PC-103571,Z-UTT,1.0,auto,2026-07-04 15:31:46
PC-103572,Z-UTT,1.0,auto,2026-07-04 17:06:57
PC-103573,Z-UTT,1.0,auto,2026-07-04 11:45:08
PC-103574,Z-UTT,1.0,auto,2026-07-04 09:01:18
PC-103575,Z-UTT,1.0,auto,2026-07-05 15:11:49
PC-103576,Z-UTT,1.0,auto,2026-07-05 00:40:10
PC-103577,Z-UTT,1.0,auto,2026-07-05 11:30:11
PC-103578,Z-UTT,1.0,auto,2026-07-04 19:15:47
PC-103579,Z-UTT,1.0,auto,2026-07-05 22:22:57
PC-103580,Z-UTT,1.0,auto,2026-07-06 08:15:15
PC-103581,Z-UTT,1.0,auto,2026-07-06 03:08:29
PC-103582,Z-UTT,1.0,auto,2026-07-06 04:17:32
PC-103583,Z-UTT,0.935414,auto,2026-07-05 22:10:09
PC-103584,Z-UTT,1.0,auto,2026-07-05 20:25:35
PC-103585,Z-UTT,1.0,auto,2026-07-05 13:28:22
PC-103586,Z-UTT,1.0,auto,2026-07-04 16:39:43
PC-103587,Z-UTT,1.0,auto,2026-07-05 18:38:56
PC-103588,Z-UTT,1.0,auto,2026-07-04 11:50:37
PC-103589,Z-UTT,1.0,auto,2026-07-05 22:32:20
PC-103590,Z-UTT,1.0,auto,2026-07-05 20:04:57
PC-103591,Z-UTT,1.0,auto,2026-07-05 02:25:40
PC-103592,Z-UTT,1.0,auto,2026-07-04 19:01:28
PC-103593,Z-UTT,1.0,auto,2026-07-04 20:18:21
PC-103594,Z-UTT,1.0,auto,2026-07-06 01:03:25
PC-103595,Z-UTT,1.0,auto,2026-07-05 00:40:00
PC-103596,Z-UTT,1.0,auto,2026-07-04 13:53:08
PC-103597,Z-UTT,1.0,auto,2026-07-05 05:23:52
PC-103598,Z-UTT,1.0,auto,2026-07-05 13:19:53
PC-103599,Z-UTT,1.0,auto,2026-07-05 02:12:15
PC-103600,Z-UTT,1.0,auto,2026-07-04 14:14:28
PC-103601,Z-UTT,0.935414,auto,2026-07-04 13:50:44
PC-103602,Z-UTT,1.0,auto,2026-07-05 02:51:56
PC-103603,Z-UTT,1.0,auto,2026-07-05 05:09:17
PC-103604,Z-UTT,1.0,auto,2026-07-06 03:21:08
PC-103605,Z-UTT,1.0,auto,2026-07-05 05:05:02
PC-103606,Z-UTT,1.0,auto,2026-07-05 10:00:56
PC-103607,Z-UTT,1.0,auto,2026-07-04 23:08:48
PC-103608,Z-UTT,1.0,auto,2026-07-05 02:56:06
PC-103609,Z-UTT,1.0,auto,2026-07-06 00:06:51
PC-103610,Z-UTT,1.0,auto,2026-07-05 17:22:08
PC-103611,Z-UTT,1.0,auto,2026-07-04 09:49:23
PC-103612,Z-UTT,1.0,auto,2026-07-05 06:09:58
PC-103613,Z-UTT,1.0,auto,2026-07-05 05:25:07
PC-103614,Z-UTT,1.0,auto,2026-07-06 04:41:18
PC-103615,Z-UTT,1.0,auto,2026-07-05 12:43:24
PC-103616,Z-UTT,1.0,auto,2026-07-06 01:57:42
PC-103617,Z-UTT,0.935414,auto,2026-07-06 06:16:45
PC-103618,Z-UTT,1.0,auto,2026-07-05 08:29:55
PC-103619,Z-UTT,1.0,auto,2026-07-06 00:19:15
PC-103620,Z-UTT,1.0,auto,2026-07-05 11:11:53
PC-103621,Z-UTT,1.0,auto,2026-07-06 09:29:48
PC-103622,Z-UTT,0.935414,auto,2026-07-05 10:01:32
PC-103623,Z-UTT,1.0,auto,2026-07-05 16:58:48
PC-103624,Z-UTT,1.0,auto,2026-07-06 04:42:43
PC-103625,Z-UTT,1.0,auto,2026-07-06 06:31:07
PC-103626,Z-UTT,1.0,auto,2026-07-04 12:53:11
PC-103627,Z-UTT,1.0,auto,2026-07-04 14:14:46
PC-103628,Z-UTT,1.0,auto,2026-07-04 17:44:08
PC-103629,Z-UTT,1.0,auto,2026-07-05 03:12:48
PC-103630,Z-UTT,1.0,auto,2026-07-06 00:15:57
PC-103631,Z-UTT,1.0,auto,2026-07-04 23:07:26
PC-103632,Z-UTT,1.0,auto,2026-07-05 16:14:37
PC-103633,Z-UTT,1.0,auto,2026-07-06 03:54:12
PC-103634,Z-UTT,1.0,auto,2026-07-06 08:14:22
PC-103635,Z-UTT,1.0,auto,2026-07-05 22:21:50
PC-103636,Z-UTT,1.0,auto,2026-07-06 00:00:39
PC-103637,Z-UTT,1.0,auto,2026-07-05 21:37:34
PC-103638,Z-UTT,1.0,auto,2026-07-05 19:52:17
PC-103639,Z-UTT,1.0,auto,2026-07-06 10:55:11
PC-103640,Z-UTT,1.0,auto,2026-07-05 15:54:11
PC-103641,Z-UTT,1.0,auto,2026-07-05 14:20:00
PC-103642,Z-DHN,1.0,auto,2026-06-30 06:36:38
PC-103643,Z-DHN,1.0,auto,2026-06-30 08:47:21
PC-103644,Z-DHN,0.912871,auto,2026-06-30 20:13:03
PC-103645,Z-DHN,0.912871,auto,2026-07-01 01:46:55
PC-103646,Z-DHN,1.0,auto,2026-07-01 18:01:06
PC-103647,Z-DHN,1.0,auto,2026-07-01 00:36:21
PC-103648,Z-DHN,1.0,auto,2026-07-01 07:55:29
PC-103649,Z-DHN,1.0,auto,2026-06-30 17:05:52
PC-103650,Z-DHN,1.0,auto,2026-07-01 00:15:32
PC-103651,Z-DHN,1.0,auto,2026-06-30 10:47:39
PC-103652,Z-DHN,1.0,auto,2026-07-01 02:03:03
PC-103653,Z-DHN,0.912871,auto,2026-06-30 22:22:16
PC-103654,Z-DHN,1.0,auto,2026-06-29 20:49:35
PC-103655,Z-DHN,1.0,auto,2026-06-30 22:31:14
PC-103656,Z-DHN,1.0,auto,2026-06-30 10:59:09
PC-103657,Z-DHN,1.0,auto,2026-07-01 15:52:41
PC-103658,Z-DHN,1.0,auto,2026-06-30 16:03:49
PC-103659,Z-DHN,1.0,auto,2026-06-30 07:53:29
PC-103660,Z-DHN,1.0,auto,2026-06-30 19:39:26
PC-103661,Z-DHN,1.0,auto,2026-06-30 19:07:54
PC-103662,Z-DHN,1.0,auto,2026-07-01 16:58:45
PC-103663,Z-DHN,0.912871,auto,2026-07-01 09:11:49
PC-103664,Z-DHN,1.0,auto,2026-07-01 02:23:22
PC-103665,Z-DHN,1.0,auto,2026-07-01 09:14:45
PC-103666,Z-DHN,1.0,auto,2026-06-30 16:52:58
PC-103667,Z-DHN,0.912871,auto,2026-06-30 10:10:01
PC-103668,Z-DHN,0.912871,auto,2026-07-01 06:51:05
PC-103669,Z-DHN,0.912871,auto,2026-06-30 05:10:10
PC-103670,Z-DHN,1.0,auto,2026-07-01 16:39:57
PC-103671,Z-DHN,1.0,auto,2026-06-30 16:27:05
PC-103672,Z-DHN,1.0,auto,2026-07-01 12:48:59
PC-103673,Z-DHN,1.0,auto,2026-07-01 08:01:43
PC-103674,Z-DHN,1.0,auto,2026-06-30 03:56:01
PC-103675,Z-DHN,0.912871,auto,2026-06-30 08:07:26
PC-103676,Z-DHN,1.0,auto,2026-07-01 11:26:41
PC-103677,Z-DHN,1.0,auto,2026-07-01 09:23:04
PC-103678,Z-DHN,1.0,auto,2026-06-30 13:22:41
PC-103679,Z-DHN,1.0,auto,2026-07-01 11:06:08
PC-103680,Z-DHN,1.0,auto,2026-07-01 12:14:05
PC-103681,Z-DHN,1.0,auto,2026-06-30 15:41:26
PC-103682,Z-DHN,1.0,auto,2026-06-30 04:02:33
PC-103683,Z-DHN,1.0,auto,2026-06-30 14:55:58
PC-103684,Z-DHN,0.912871,auto,2026-06-30 18:42:47
PC-103685,Z-DHN,1.0,auto,2026-06-30 03:30:11
PC-103686,Z-DHN,1.0,auto,2026-07-01 10:50:29
PC-103687,Z-DHN,1.0,auto,2026-07-01 05:52:06
PC-103688,Z-DHN,1.0,auto,2026-07-01 08:26:55
PC-103689,Z-DHN,1.0,auto,2026-06-30 04:14:29
PC-103690,Z-DHN,1.0,auto,2026-06-30 14:02:52
PC-103691,Z-DHN,1.0,auto,2026-06-30 22:43:55
PC-103692,Z-DHN,1.0,auto,2026-06-30 11:37:35
PC-103693,Z-DHN,1.0,auto,2026-06-30 08:51:26
PC-103694,Z-DHN,1.0,auto,2026-06-29 23:06:52
PC-103695,Z-DHN,1.0,auto,2026-07-01 01:27:59
PC-103696,Z-DHN,1.0,auto,2026-06-30 02:09:25
PC-103697,Z-DHN,1.0,auto,2026-07-01 13:50:30
PC-103698,Z-DHN,1.0,auto,2026-06-30 19:58:21
PC-103699,Z-DHN,1.0,auto,2026-06-30 09:03:04
PC-103700,Z-DHN,1.0,auto,2026-06-30 08:51:04
PC-103701,Z-DHN,1.0,auto,2026-06-30 10:02:40
PC-103702,Z-DHN,1.0,auto,2026-06-30 09:47:31
PC-103703,Z-DHN,1.0,auto,2026-06-30 21:15:40
PC-103704,Z-DHN,1.0,auto,2026-06-30 06:14:37
PC-103705,Z-DHN,1.0,auto,2026-07-01 08:43:01
PC-103706,Z-DHN,1.0,auto,2026-06-30 21:47:14
PC-103707,Z-DHN,1.0,auto,2026-07-01 11:28:19
PC-103708,Z-DHN,1.0,auto,2026-07-01 10:47:33
PC-103709,Z-DHN,1.0,auto,2026-06-30 13:14:44
PC-103710,Z-DHN,1.0,auto,2026-07-01 00:30:43
PC-103711,Z-DHN,1.0,auto,2026-07-01 03:59:36
PC-103712,Z-DHN,0.912871,auto,2026-07-01 09:31:39
PC-103713,Z-DHN,1.0,auto,2026-06-30 02:42:56
PC-103714,Z-DHN,1.0,auto,2026-07-01 01:55:12
PC-103715,Z-DHN,1.0,auto,2026-06-30 02:11:24
PC-103716,Z-DHN,1.0,auto,2026-07-01 14:38:05
PC-103717,Z-DHN,1.0,auto,2026-06-30 22:38:29
PC-103718,Z-DHN,1.0,auto,2026-06-30 22:48:10
PC-103719,Z-DHN,1.0,auto,2026-06-30 12:25:38
PC-103720,Z-DHN,1.0,auto,2026-07-01 03:34:07
PC-103721,Z-DHN,1.0,auto,2026-06-30 02:50:09
PC-103722,Z-DHN,1.0,auto,2026-07-01 09:06:18
PC-103723,Z-DHN,1.0,auto,2026-07-01 17:17:25
PC-103724,Z-DHN,1.0,auto,2026-07-01 19:15:16
PC-103725,Z-DHN,1.0,auto,2026-07-01 13:17:36
PC-103726,Z-DHN,0.912871,auto,2026-06-29 15:27:29
PC-103727,Z-DHN,0.912871,auto,2026-06-30 04:42:06
PC-103728,Z-DHN,1.0,auto,2026-07-01 01:13:12
PC-103729,Z-DHN,1.0,auto,2026-06-30 13:54:13
PC-103730,Z-DHN,0.912871,auto,2026-06-29 21:40:59
PC-103731,Z-DHN,1.0,auto,2026-06-30 01:53:34
PC-103732,Z-DHN,1.0,auto,2026-06-30 19:57:51
PC-103733,Z-DHN,1.0,auto,2026-07-01 10:32:32
PC-103734,Z-DHN,1.0,auto,2026-06-30 13:15:06
PC-103735,Z-DHN,1.0,auto,2026-07-01 00:41:05
PC-103736,Z-DHN,1.0,auto,2026-07-01 05:00:02
PC-103737,Z-DHN,1.0,auto,2026-07-01 07:09:27
PC-103738,Z-DHN,1.0,auto,2026-07-01 07:53:31
PC-103739,Z-DHN,1.0,auto,2026-07-01 09:01:10
PC-103740,Z-DHN,0.912871,auto,2026-07-01 03:31:39
PC-103741,Z-DHN,1.0,auto,2026-06-30 19:30:48
PC-103742,Z-DHN,1.0,auto,2026-06-30 19:48:23
PC-103743,Z-DHN,1.0,auto,2026-06-30 22:20:58
PC-103744,Z-DHN,1.0,auto,2026-06-30 08:51:28
PC-103745,Z-DHN,1.0,auto,2026-06-30 13:39:57
PC-103746,Z-DHN,1.0,auto,2026-06-30 08:14:15
PC-103747,Z-DHN,1.0,auto,2026-06-30 21:23:00
PC-103748,Z-DHN,1.0,auto,2026-07-01 19:19:31
PC-103749,Z-DHN,1.0,auto,2026-06-30 16:22:56
PC-103750,Z-DHN,1.0,auto,2026-07-01 16:01:59
PC-103751,Z-DHN,1.0,auto,2026-07-01 05:18:14
PC-103752,Z-DHN,1.0,auto,2026-07-01 04:58:23
PC-103753,Z-DHN,1.0,auto,2026-06-30 11:26:03
PC-103754,Z-DHN,1.0,auto,2026-07-01 12:18:35
PC-103755,Z-DHN,1.0,auto,2026-06-30 22:25:29
PC-103756,Z-DHN,1.0,auto,2026-07-01 12:30:05
PC-103757,Z-DHN,1.0,auto,2026-06-30 20:29:31
PC-103758,Z-DHN,1.0,auto,2026-06-30 01:36:52
PC-103759,Z-DHN,1.0,auto,2026-07-01 02:29:31
PC-103760,Z-DHN,1.0,auto,2026-06-30 23:00:27
PC-103761,Z-DHN,1.0,auto,2026-06-30 17:46:03
PC-103762,Z-DHN,1.0,auto,2026-06-30 08:29:04
PC-103763,Z-DHN,0.912871,auto,2026-06-30 10:24:22
PC-103764,Z-DHN,1.0,auto,2026-07-01 12:18:08
PC-103765,Z-DHN,1.0,auto,2026-06-30 19:29:05
PC-103766,Z-DHN,1.0,auto,2026-07-01 05:27:55
PC-103767,Z-DHN,1.0,auto,2026-06-30 17:16:24
PC-103768,Z-DHN,1.0,auto,2026-06-30 15:03:33
PC-103769,Z-DHN,0.912871,auto,2026-06-30 18:56:25
PC-103770,Z-DHN,1.0,auto,2026-06-30 13:45:02
PC-103771,Z-DHN,1.0,auto,2026-06-30 20:48:26
PC-103772,Z-DHN,1.0,auto,2026-06-30 11:21:43
PC-103773,Z-DHN,1.0,auto,2026-07-01 14:19:20
PC-103774,Z-DHN,1.0,auto,2026-06-30 02:15:49
PC-103775,Z-DHN,1.0,auto,2026-07-01 07:42:02
PC-103776,Z-DHN,1.0,auto,2026-07-01 01:24:26
PC-103777,Z-DHN,1.0,auto,2026-06-30 03:30:23
PC-103778,Z-DHN,1.0,auto,2026-06-30 17:20:01
PC-103779,Z-DHN,1.0,auto,2026-07-01 09:10:33
PC-103780,Z-DHN,1.0,auto,2026-07-01 07:01:07
PC-103781,Z-DHN,1.0,auto,2026-07-01 07:23:26
PC-103782,Z-DHN,0.912871,auto,2026-07-01 14:42:37
PC-103783,Z-DHN,1.0,auto,2026-06-30 22:21:13
PC-103784,Z-DHN,1.0,auto,2026-06-30 10:25:31
PC-103785,Z-DHN,1.0,auto,2026-07-01 08:08:59
PC-103786,Z-DHN,1.0,auto,2026-06-30 04:30:09
PC-103787,Z-DHN,1.0,auto,2026-06-30 07:31:55
PC-103788,Z-DHN,1.0,auto,2026-07-01 19:42:29
PC-103789,Z-DHN,1.0,auto,2026-07-01 11:25:52
PC-103790,Z-DHN,1.0,auto,2026-06-30 06:51:41
PC-103791,Z-DHN,1.0,auto,2026-06-30 07:40:21
PC-103792,Z-DHN,1.0,auto,2026-06-30 18:13:49
PC-103793,Z-DHN,0.912871,auto,2026-06-30 02:12:00
PC-103794,Z-DHN,0.912871,auto,2026-07-01 09:29:28
PC-103795,Z-DHN,1.0,auto,2026-06-30 15:33:27
PC-103796,Z-DHN,1.0,auto,2026-07-01 04:48:44
PC-103797,Z-DHN,1.0,auto,2026-07-01 01:55:23
PC-103798,Z-DHN,1.0,auto,2026-06-30 08:16:32
PC-103799,Z-DHN,1.0,auto,2026-07-01 01:24:57
PC-103800,Z-DHN,1.0,auto,2026-06-30 05:47:58
PC-103801,Z-DHN,1.0,auto,2026-06-30 14:35:39
PC-103802,Z-DHN,1.0,auto,2026-07-01 17:10:26
PC-103803,Z-DHN,1.0,auto,2026-07-01 10:06:25
PC-103804,Z-DHN,0.912871,auto,2026-07-02 01:08:19
PC-103805,Z-DHN,1.0,auto,2026-07-02 05:40:36
PC-103806,Z-DHN,1.0,auto,2026-07-02 05:29:38
PC-103807,Z-DHN,1.0,auto,2026-07-01 13:41:23
PC-103808,Z-DHN,1.0,auto,2026-07-02 11:20:41
PC-103809,Z-DHN,1.0,auto,2026-07-01 13:50:34
PC-103810,Z-DHN,1.0,auto,2026-07-02 02:54:17
PC-103811,Z-DHN,1.0,auto,2026-07-02 05:13:51
PC-103812,Z-DHN,1.0,auto,2026-07-01 21:05:22
PC-103813,Z-DHN,0.912871,auto,2026-07-01 06:58:26
PC-103814,Z-DHN,1.0,auto,2026-07-01 06:47:26
PC-103815,Z-DHN,0.912871,auto,2026-07-01 22:38:24
PC-103816,Z-DHN,1.0,auto,2026-07-01 22:50:08
PC-103817,Z-DHN,1.0,auto,2026-07-02 06:10:27
PC-103818,Z-DHN,1.0,auto,2026-07-02 04:21:10
PC-103819,Z-DHN,1.0,auto,2026-07-01 14:50:26
PC-103820,Z-DHN,1.0,auto,2026-07-01 04:17:08
PC-103821,Z-DHN,1.0,auto,2026-07-02 00:28:26
PC-103822,Z-DHN,1.0,auto,2026-07-02 04:09:44
PC-103823,Z-DHN,1.0,auto,2026-07-01 15:34:54
PC-103824,Z-DHN,1.0,auto,2026-07-02 08:55:34
PC-103825,Z-DHN,1.0,auto,2026-07-02 07:41:22
PC-103826,Z-DHN,1.0,auto,2026-07-01 18:09:55
PC-103827,Z-DHN,1.0,auto,2026-07-01 17:07:30
PC-103828,Z-DHN,1.0,auto,2026-07-02 03:48:22
PC-103829,Z-DHN,1.0,auto,2026-07-01 23:33:00
PC-103830,Z-DHN,1.0,auto,2026-07-02 02:19:31
PC-103831,Z-DHN,1.0,auto,2026-07-02 00:21:23
PC-103832,Z-DHN,1.0,auto,2026-07-01 16:33:53
PC-103833,Z-DHN,1.0,auto,2026-07-01 13:14:12
PC-103834,Z-DHN,1.0,auto,2026-07-01 17:24:58
PC-103835,Z-DHN,1.0,auto,2026-07-01 15:45:25
PC-103836,Z-DHN,1.0,auto,2026-07-01 00:15:01
PC-103837,Z-DHN,0.912871,auto,2026-07-02 07:58:59
PC-103838,Z-DHN,1.0,auto,2026-07-01 03:12:23
PC-103839,Z-DHN,1.0,auto,2026-07-01 10:18:45
PC-103840,Z-DHN,1.0,auto,2026-07-02 07:18:42
PC-103841,Z-DHN,1.0,auto,2026-07-02 08:22:56
PC-103842,Z-DHN,1.0,auto,2026-07-01 21:10:12
PC-103843,Z-DHN,1.0,auto,2026-07-01 12:00:36
PC-103844,Z-DHN,1.0,auto,2026-07-02 06:23:32
PC-103845,Z-DHN,0.912871,auto,2026-07-02 07:35:33
PC-103846,Z-DHN,1.0,auto,2026-07-01 05:41:11
PC-103847,Z-DHN,1.0,auto,2026-07-01 05:21:52
PC-103848,Z-DHN,1.0,auto,2026-07-01 00:26:08
PC-103849,Z-DHN,1.0,auto,2026-06-30 20:28:20
PC-103850,Z-DHN,1.0,auto,2026-07-02 11:05:47
PC-103851,Z-DHN,1.0,auto,2026-07-02 09:10:51
PC-103852,Z-DHN,1.0,auto,2026-07-01 23:03:08
PC-103853,Z-DHN,1.0,auto,2026-07-02 13:58:47
PC-103854,Z-DHN,1.0,auto,2026-07-02 00:51:15
PC-103855,Z-DHN,1.0,auto,2026-07-02 15:40:27
PC-103856,Z-DHN,1.0,auto,2026-07-01 16:42:15
PC-103857,Z-DHN,1.0,auto,2026-07-01 00:26:31
PC-103858,Z-DHN,1.0,auto,2026-07-02 03:28:25
PC-103859,Z-DHN,1.0,auto,2026-07-02 13:49:51
PC-103860,Z-DHN,1.0,auto,2026-07-01 11:50:19
PC-103861,Z-DHN,1.0,auto,2026-07-02 02:08:41
PC-103862,Z-DHN,1.0,auto,2026-07-02 19:58:37
PC-103863,Z-DHN,1.0,auto,2026-07-02 11:59:51
PC-103864,Z-DHN,1.0,auto,2026-07-02 01:39:11
PC-103865,Z-DHN,1.0,auto,2026-07-01 16:59:57
PC-103866,Z-DHN,1.0,auto,2026-07-02 07:51:06
PC-103867,Z-DHN,1.0,auto,2026-07-01 11:02:11
PC-103868,Z-DHN,1.0,auto,2026-07-01 16:23:28
PC-103869,Z-DHN,0.912871,auto,2026-07-01 20:03:10
PC-103870,Z-DHN,1.0,auto,2026-07-02 14:25:59
PC-103871,Z-DHN,1.0,auto,2026-07-02 15:23:02
PC-103872,Z-DHN,0.912871,auto,2026-07-01 12:57:53
PC-103873,Z-DHN,1.0,auto,2026-07-01 21:08:20
PC-103874,Z-DHN,0.912871,auto,2026-07-02 15:08:34
PC-103875,Z-DHN,0.912871,auto,2026-07-02 09:02:12
PC-103876,Z-DHN,1.0,auto,2026-07-02 01:19:10
PC-103877,Z-DHN,1.0,auto,2026-07-02 03:01:39
PC-103878,Z-DHN,0.912871,auto,2026-07-01 06:35:23
PC-103879,Z-DHN,1.0,auto,2026-07-02 03:47:16
PC-103880,Z-DHN,1.0,auto,2026-07-02 17:56:24
PC-103881,Z-DHN,1.0,auto,2026-07-01 19:24:35
PC-103882,Z-DHN,1.0,auto,2026-07-01 21:11:26
PC-103883,Z-DHN,1.0,auto,2026-07-01 14:56:08
PC-103884,Z-DHN,1.0,auto,2026-07-01 00:40:21
PC-103885,Z-DHN,1.0,auto,2026-07-01 20:59:22
PC-103886,Z-DHN,1.0,auto,2026-07-02 10:17:34
PC-103887,Z-DHN,1.0,auto,2026-07-01 13:11:21
PC-103888,Z-DHN,1.0,auto,2026-07-02 08:11:40
PC-103889,Z-DHN,1.0,auto,2026-07-01 23:22:22
PC-103890,Z-DHN,0.912871,auto,2026-07-01 09:23:10
PC-103891,Z-DHN,1.0,auto,2026-07-01 22:29:42
PC-103892,Z-DHN,0.912871,auto,2026-07-02 00:29:40
PC-103893,Z-DHN,1.0,auto,2026-07-02 01:27:33
PC-103894,Z-DHN,1.0,auto,2026-07-01 12:46:12
PC-103895,Z-DHN,1.0,auto,2026-07-01 13:03:03
PC-103896,Z-DHN,0.912871,auto,2026-07-02 08:19:02
PC-103897,Z-DHN,1.0,auto,2026-07-01 17:53:56
PC-103898,Z-DHN,1.0,auto,2026-07-02 07:12:34
PC-103899,Z-DHN,1.0,auto,2026-07-02 13:53:48
PC-103900,Z-DHN,1.0,auto,2026-07-01 08:15:42
PC-103901,Z-DHN,0.912871,auto,2026-07-01 14:35:19
PC-103902,Z-DHN,1.0,auto,2026-07-01 23:34:03
PC-103903,Z-DHN,1.0,auto,2026-07-01 15:47:46
PC-103904,Z-DHN,1.0,auto,2026-07-02 12:41:38
PC-103905,Z-DHN,1.0,auto,2026-07-02 17:21:03
PC-103906,Z-DHN,1.0,auto,2026-07-02 19:27:43
PC-103907,Z-DHN,1.0,auto,2026-07-01 10:21:55
PC-103908,Z-DHN,0.912871,auto,2026-07-02 07:23:35
PC-103909,Z-DHN,0.912871,auto,2026-07-02 01:28:56
PC-103910,Z-DHN,0.912871,auto,2026-07-02 07:10:45
PC-103911,Z-DHN,1.0,auto,2026-07-02 10:10:40
PC-103912,Z-DHN,1.0,auto,2026-07-01 09:09:34
PC-103913,Z-DHN,1.0,auto,2026-07-01 01:06:40
PC-103914,Z-DHN,1.0,auto,2026-07-02 17:42:06
PC-103915,Z-DHN,1.0,auto,2026-07-01 06:34:32
PC-103916,Z-DHN,1.0,auto,2026-07-01 18:05:21
PC-103917,Z-DHN,1.0,auto,2026-07-02 19:09:04
PC-103918,Z-DHN,1.0,auto,2026-07-02 15:58:10
PC-103919,Z-DHN,0.912871,auto,2026-07-01 05:50:28
PC-103920,Z-DHN,1.0,auto,2026-07-01 13:36:20
PC-103921,Z-DHN,1.0,auto,2026-07-01 06:08:21
PC-103922,Z-DHN,1.0,auto,2026-07-02 15:52:07
PC-103923,Z-DHN,1.0,auto,2026-07-02 13:16:09
PC-103924,Z-DHN,1.0,auto,2026-07-01 14:10:09
PC-103925,Z-DHN,1.0,auto,2026-07-02 01:44:51
PC-103926,Z-DHN,1.0,auto,2026-07-01 15:28:02
PC-103927,Z-DHN,0.912871,auto,2026-07-01 22:29:33
PC-103928,Z-DHN,1.0,auto,2026-07-01 07:38:35
PC-103929,Z-DHN,1.0,auto,2026-07-02 17:34:04
PC-103930,Z-DHN,0.912871,auto,2026-07-01 13:21:45
PC-103931,Z-DHN,1.0,auto,2026-07-02 07:49:18
PC-103932,Z-DHN,1.0,auto,2026-07-01 21:06:05
PC-103933,Z-DHN,1.0,auto,2026-07-02 02:21:28
PC-103934,Z-DHN,1.0,auto,2026-07-01 09:57:20
PC-103935,Z-DHN,1.0,auto,2026-07-02 05:24:44
PC-103936,Z-DHN,1.0,auto,2026-06-30 20:10:52
PC-103937,Z-DHN,1.0,auto,2026-07-01 05:45:11
PC-103938,Z-DHN,1.0,auto,2026-07-02 03:56:27
PC-103939,Z-DHN,1.0,auto,2026-07-01 18:50:16
PC-103940,Z-DHN,1.0,auto,2026-07-01 17:24:01
PC-103941,Z-DHN,1.0,auto,2026-07-01 21:00:12
PC-103942,Z-DHN,1.0,auto,2026-07-02 00:54:51
PC-103943,Z-DHN,1.0,auto,2026-07-01 01:41:23
PC-103944,Z-DHN,1.0,auto,2026-07-01 03:15:19
PC-103945,Z-DHN,0.912871,auto,2026-07-01 14:27:57
PC-103946,Z-DHN,1.0,auto,2026-07-02 09:04:58
PC-103947,Z-DHN,1.0,auto,2026-07-02 01:26:07
PC-103948,Z-DHN,1.0,auto,2026-07-02 10:11:29
PC-103949,Z-DHN,0.912871,auto,2026-07-01 20:37:54
PC-103950,Z-DHN,1.0,auto,2026-07-01 07:44:04
PC-103951,Z-DHN,1.0,auto,2026-07-01 02:26:31
PC-103952,Z-DHN,1.0,auto,2026-07-01 04:56:01
PC-103953,Z-DHN,1.0,auto,2026-07-02 05:55:15
PC-103954,Z-DHN,1.0,auto,2026-07-01 09:14:56
PC-103955,Z-DHN,1.0,auto,2026-07-01 10:41:34
PC-103956,Z-DHN,1.0,auto,2026-07-02 07:31:10
PC-103957,Z-DHN,1.0,auto,2026-07-02 09:42:15
PC-103958,Z-DHN,1.0,auto,2026-07-01 08:02:31
PC-103959,Z-DHN,1.0,auto,2026-07-01 11:24:52
PC-103960,Z-DHN,1.0,auto,2026-07-02 14:45:37
PC-103961,Z-DHN,1.0,auto,2026-07-01 18:31:35
PC-103962,Z-DHN,1.0,auto,2026-07-02 11:05:35
PC-103963,Z-DHN,1.0,auto,2026-07-01 03:59:28
PC-103964,Z-DHN,1.0,auto,2026-07-02 16:11:24
PC-103965,Z-DHN,1.0,auto,2026-07-03 02:18:37
PC-103966,Z-DHN,1.0,auto,2026-07-01 23:57:12
PC-103967,Z-DHN,1.0,auto,2026-07-01 04:23:54
PC-103968,Z-DHN,0.912871,auto,2026-07-01 06:57:18
PC-103969,Z-DHN,1.0,auto,2026-07-01 08:49:18
PC-103970,Z-DHN,0.912871,auto,2026-07-01 02:31:47
PC-103971,Z-DHN,1.0,auto,2026-07-02 10:23:33
PC-103972,Z-DHN,1.0,auto,2026-07-02 01:38:14
PC-103973,Z-DHN,1.0,auto,2026-07-01 08:13:18
PC-103974,Z-DHN,1.0,auto,2026-07-01 05:34:11
PC-103975,Z-DHN,1.0,auto,2026-07-01 12:47:22
PC-103976,Z-DHN,1.0,auto,2026-07-01 07:35:20
PC-103977,Z-DHN,1.0,auto,2026-07-02 17:51:15
PC-103978,Z-DHN,1.0,auto,2026-07-01 20:39:50
PC-103979,Z-DHN,1.0,auto,2026-07-01 12:54:39
PC-103980,Z-DHN,0.912871,auto,2026-07-01 10:49:59
PC-103981,Z-DHN,1.0,auto,2026-07-01 19:56:10
PC-103982,Z-DHN,1.0,auto,2026-07-01 13:00:15
PC-103983,Z-DHN,1.0,auto,2026-07-02 00:28:19
PC-103984,Z-DHN,1.0,auto,2026-07-01 13:54:09
PC-103985,Z-DHN,1.0,auto,2026-07-02 00:52:10
PC-103986,Z-DHN,1.0,auto,2026-07-01 13:53:49
PC-103987,Z-DHN,1.0,auto,2026-07-01 04:49:55
PC-103988,Z-DHN,1.0,auto,2026-07-02 03:17:27
PC-103989,Z-DHN,1.0,auto,2026-07-02 19:29:38
PC-103990,Z-DHN,1.0,auto,2026-07-03 10:25:09
PC-103991,Z-DHN,0.912871,auto,2026-07-02 04:33:01
PC-103992,Z-DHN,1.0,auto,2026-07-02 20:32:44
PC-103993,Z-DHN,1.0,auto,2026-07-03 00:18:43
PC-103994,Z-DHN,1.0,auto,2026-07-02 09:57:21
PC-103995,Z-DHN,1.0,auto,2026-07-03 08:14:07
PC-103996,Z-DHN,1.0,auto,2026-07-03 06:43:30
PC-103997,Z-DHN,1.0,auto,2026-07-02 22:35:18
PC-103998,Z-DHN,1.0,auto,2026-07-02 16:46:22
PC-103999,Z-DHN,0.912871,auto,2026-07-03 12:35:13
PC-104000,Z-DHN,1.0,auto,2026-07-02 22:41:29
PC-104001,Z-DHN,1.0,auto,2026-07-02 21:13:25
PC-104002,Z-DHN,1.0,auto,2026-07-03 03:28:56
PC-104003,Z-DHN,1.0,auto,2026-07-02 10:10:53
PC-104004,Z-DHN,1.0,auto,2026-07-02 08:16:34
PC-104005,Z-DHN,1.0,auto,2026-07-02 06:18:19
PC-104006,Z-DHN,1.0,auto,2026-07-03 02:58:36
PC-104007,Z-DHN,1.0,auto,2026-07-03 04:58:23
PC-104008,Z-DHN,1.0,auto,2026-07-03 10:59:24
PC-104009,Z-DHN,1.0,auto,2026-07-03 04:36:43
PC-104010,Z-DHN,1.0,auto,2026-07-03 00:54:16
PC-104011,Z-DHN,1.0,auto,2026-07-02 15:20:30
PC-104012,Z-DHN,1.0,auto,2026-07-03 02:21:06
PC-104013,Z-DHN,1.0,auto,2026-07-02 17:37:46
PC-104014,Z-DHN,1.0,auto,2026-07-03 05:42:59
PC-104015,Z-DHN,1.0,auto,2026-07-02 09:12:20
PC-104016,Z-DHN,1.0,auto,2026-07-04 23:34:14
PC-104017,Z-DHN,1.0,auto,2026-07-06 09:30:41
PC-104018,Z-DHN,1.0,auto,2026-07-05 15:43:35
PC-104019,Z-DHN,1.0,auto,2026-07-05 12:58:26
PC-104020,Z-DHN,1.0,auto,2026-07-05 04:54:13
PC-104021,Z-DHN,1.0,auto,2026-07-06 01:24:43
PC-104022,Z-DHN,1.0,auto,2026-07-06 04:51:03
PC-104023,Z-DHN,1.0,auto,2026-07-05 01:07:10
PC-104024,Z-DHN,1.0,auto,2026-07-06 16:44:22
PC-104025,Z-DHN,1.0,auto,2026-07-05 23:22:09
PC-104026,Z-DHN,1.0,auto,2026-07-05 17:53:54
PC-104027,Z-DHN,1.0,auto,2026-07-05 11:53:21
PC-104028,Z-DHN,1.0,auto,2026-07-06 07:39:39
PC-104029,Z-DHN,1.0,auto,2026-07-05 10:10:14
PC-104030,Z-DHN,1.0,auto,2026-07-05 18:13:00
PC-104031,Z-DHN,1.0,auto,2026-07-06 02:28:11
PC-104032,Z-DHN,1.0,auto,2026-07-05 05:48:01
PC-104033,Z-DHN,1.0,auto,2026-07-05 07:15:37
PC-104034,Z-DHN,1.0,auto,2026-07-06 18:17:09
PC-104035,Z-DHN,1.0,auto,2026-07-06 13:37:25
PC-104036,Z-DHN,1.0,auto,2026-07-05 16:54:38
PC-104037,Z-DHN,1.0,auto,2026-07-06 02:44:03
PC-104038,Z-DHN,1.0,auto,2026-07-05 03:05:02
PC-104039,Z-DHN,1.0,auto,2026-07-06 15:40:53
PC-104040,Z-DHN,1.0,auto,2026-07-06 07:34:05
PC-104041,Z-DHN,1.0,auto,2026-07-05 00:14:52
PC-104042,Z-DHN,1.0,auto,2026-07-05 05:25:16
PC-104043,Z-DHN,1.0,auto,2026-07-06 11:32:20
PC-104044,Z-DHN,1.0,auto,2026-07-05 16:45:40
PC-104045,Z-DHN,1.0,auto,2026-07-05 06:30:50
PC-104046,Z-DHN,1.0,auto,2026-07-05 06:16:26
PC-104047,Z-DHN,0.912871,auto,2026-07-06 01:01:36
PC-104048,Z-DHN,1.0,auto,2026-07-05 13:50:11
PC-104049,Z-DHN,1.0,auto,2026-07-06 06:24:41
PC-104050,Z-DHN,1.0,auto,2026-07-05 09:03:16
PC-104051,Z-DHN,1.0,auto,2026-07-05 19:24:04
PC-104052,Z-DHN,1.0,auto,2026-07-05 15:42:06
PC-104053,Z-DHN,1.0,auto,2026-07-06 04:42:28
PC-104054,Z-DHN,1.0,auto,2026-07-05 00:09:11
PC-104055,Z-DHN,1.0,auto,2026-07-05 08:01:22
PC-104056,Z-DHN,0.912871,auto,2026-07-05 16:25:54
PC-104057,Z-DHN,0.912871,auto,2026-07-04 22:47:47
PC-104058,Z-DHN,1.0,auto,2026-07-06 14:21:19
PC-104059,Z-DHN,1.0,auto,2026-07-05 06:06:39
PC-104060,Z-DHN,1.0,auto,2026-07-05 17:16:58
PC-104061,Z-DHN,1.0,auto,2026-07-05 03:23:55
PC-104062,Z-DHN,1.0,auto,2026-07-05 02:28:15
PC-104063,Z-DHN,1.0,auto,2026-07-05 09:06:11
PC-104064,Z-DHN,1.0,auto,2026-07-06 02:43:05
PC-104065,Z-DHN,1.0,auto,2026-07-06 08:55:20
PC-104066,Z-DHN,1.0,auto,2026-07-06 19:11:35
PC-104067,Z-DHN,0.912871,auto,2026-07-05 23:27:04
PC-104068,Z-DHN,1.0,auto,2026-07-06 09:57:39
PC-104069,Z-DHN,1.0,auto,2026-07-05 13:30:09
PC-104070,Z-DHN,1.0,auto,2026-07-05 13:23:12
PC-104071,Z-DHN,0.912871,auto,2026-07-05 16:20:09
PC-104072,Z-DHN,0.912871,auto,2026-07-05 11:35:21
PC-104073,Z-DHN,0.912871,auto,2026-07-06 09:11:23
PC-104074,Z-DHN,1.0,auto,2026-07-05 01:45:20
PC-104075,Z-DHN,1.0,auto,2026-07-06 08:37:16
PC-104076,Z-DHN,1.0,auto,2026-07-05 16:45:34
PC-104077,Z-DHN,1.0,auto,2026-07-06 03:18:36
PC-104078,Z-DHN,1.0,auto,2026-07-06 01:13:18
PC-104079,Z-DHN,1.0,auto,2026-07-06 06:32:21
PC-104080,Z-DHN,1.0,auto,2026-07-06 12:27:31
PC-104081,Z-DHN,1.0,auto,2026-07-05 10:38:17
PC-104082,Z-DHN,1.0,auto,2026-07-06 21:02:48
PC-104083,Z-DHN,1.0,auto,2026-07-06 13:14:13
PC-104084,Z-DHN,1.0,auto,2026-07-05 13:17:17
PC-104085,Z-DHN,1.0,auto,2026-07-06 03:09:35
PC-104086,Z-DHN,0.912871,auto,2026-07-05 07:53:33
PC-104087,Z-DHN,1.0,auto,2026-07-06 16:31:18
PC-104088,Z-DHN,1.0,auto,2026-07-05 04:46:51
PC-104089,Z-DHN,1.0,auto,2026-07-05 02:01:51
PC-104090,Z-DHN,1.0,auto,2026-07-06 03:07:41
PC-104091,Z-DHN,1.0,auto,2026-07-06 13:21:17
PC-104092,Z-DHN,1.0,auto,2026-07-06 19:51:03
PC-104093,Z-DHN,1.0,auto,2026-07-06 04:43:41
PC-104094,Z-DHN,1.0,auto,2026-07-06 14:06:20
PC-104095,Z-DHN,1.0,auto,2026-07-06 06:43:31
PC-104096,Z-DHN,1.0,auto,2026-07-06 15:24:52
PC-104097,Z-DHN,1.0,auto,2026-07-06 14:09:14
PC-104098,Z-DHN,1.0,auto,2026-07-04 22:13:31
PC-104099,Z-DHN,1.0,auto,2026-07-05 08:40:39
PC-104100,Z-DHN,1.0,auto,2026-07-05 07:25:05
PC-104101,Z-DHN,1.0,auto,2026-07-05 08:05:53
PC-104102,Z-DHN,1.0,auto,2026-07-06 14:38:55
PC-104103,Z-DHN,1.0,auto,2026-07-05 20:09:01
PC-104104,Z-DHN,1.0,auto,2026-07-05 18:13:53
PC-104105,Z-DHN,1.0,auto,2026-07-05 10:50:41
PC-104106,Z-DHN,1.0,auto,2026-07-06 02:08:39
PC-104107,Z-DHN,1.0,auto,2026-07-05 22:32:56
PC-104108,Z-DHN,1.0,auto,2026-07-05 16:55:08
PC-104109,Z-DHN,1.0,auto,2026-07-05 23:13:08
PC-104110,Z-DHN,0.912871,auto,2026-07-05 02:40:00
PC-104111,Z-DHN,1.0,auto,2026-07-06 02:31:13
PC-104112,Z-DHN,1.0,auto,2026-07-06 05:39:28
PC-104113,Z-DHN,1.0,auto,2026-07-06 08:00:30
PC-104114,Z-DHN,1.0,auto,2026-07-06 03:18:44
PC-104115,Z-DHN,1.0,auto,2026-07-05 14:25:40
PC-104116,Z-DHN,1.0,auto,2026-07-05 01:05:24
PC-104117,Z-DHN,1.0,auto,2026-07-06 11:53:46
PC-104118,Z-DHN,1.0,auto,2026-07-05 07:26:47
PC-104119,Z-DHN,1.0,auto,2026-07-06 02:47:18
PC-104120,Z-DHN,1.0,auto,2026-07-06 02:02:23
PC-104121,Z-DHN,1.0,auto,2026-07-06 08:11:22
PC-104122,Z-DHN,1.0,auto,2026-07-05 21:53:50
PC-104123,Z-DHN,1.0,auto,2026-07-05 10:23:27
PC-104124,Z-DHN,1.0,auto,2026-07-05 09:16:21
PC-104125,Z-DHN,1.0,auto,2026-07-06 23:14:10
PC-104126,Z-DHN,1.0,auto,2026-07-06 12:42:38
PC-104127,Z-DHN,1.0,auto,2026-07-06 04:01:13
PC-104128,Z-DHN,1.0,auto,2026-07-06 04:54:43
PC-104129,Z-DHN,1.0,auto,2026-07-06 13:16:57
PC-104130,Z-DHN,1.0,auto,2026-07-05 15:25:08
PC-104131,Z-DHN,0.912871,auto,2026-07-05 20:52:57
PC-104132,Z-DHN,1.0,auto,2026-07-05 14:34:01
PC-104133,Z-DHN,1.0,auto,2026-07-06 13:38:37
PC-104134,Z-DHN,1.0,auto,2026-07-06 08:54:01
PC-104135,Z-DHN,1.0,auto,2026-07-05 23:46:45
PC-104136,Z-DHN,1.0,auto,2026-07-05 10:41:08
PC-104137,Z-DHN,1.0,auto,2026-07-06 09:30:57
PC-104138,Z-DHN,1.0,auto,2026-07-05 09:43:50
PC-104139,Z-DHN,0.912871,auto,2026-07-06 07:18:15
PC-104140,Z-DHN,1.0,auto,2026-07-06 08:01:48
PC-104141,Z-DHN,1.0,auto,2026-07-05 16:33:13
PC-104142,Z-DHN,1.0,auto,2026-07-05 08:23:56
PC-104143,Z-DHN,1.0,auto,2026-07-05 06:23:10
PC-104144,Z-DHN,1.0,auto,2026-07-05 17:09:03
PC-104145,Z-DHN,1.0,auto,2026-07-05 20:33:33
PC-104146,Z-DHN,1.0,auto,2026-07-06 01:13:09
PC-104147,Z-DHN,1.0,auto,2026-07-05 15:30:06
PC-104148,Z-DHN,1.0,auto,2026-07-05 22:40:58
PC-104149,Z-DHN,1.0,auto,2026-07-06 14:05:25
PC-104150,Z-DHN,1.0,auto,2026-07-06 11:43:50
PC-104151,Z-DHN,1.0,auto,2026-07-06 14:14:45
PC-104152,Z-DHN,1.0,auto,2026-07-05 21:38:57
PC-104153,Z-DHN,1.0,auto,2026-07-05 03:31:46
PC-104154,Z-DHN,1.0,auto,2026-07-05 00:46:38
PC-104155,Z-DHN,1.0,auto,2026-07-05 10:17:40
PC-104156,Z-DHN,1.0,auto,2026-07-06 04:51:12
PC-104157,Z-DHN,1.0,auto,2026-07-06 02:19:16
PC-104158,Z-DHN,1.0,auto,2026-07-05 06:58:29
PC-104159,Z-DHN,1.0,auto,2026-07-06 13:35:50
PC-104160,Z-DHN,1.0,auto,2026-07-07 03:50:11
PC-104161,Z-DHN,1.0,auto,2026-07-07 11:08:18
PC-104162,Z-DHN,1.0,auto,2026-07-07 05:31:01
PC-104163,Z-DHN,1.0,auto,2026-07-06 07:33:06
PC-104164,Z-DHN,1.0,auto,2026-07-06 17:21:02
PC-104165,Z-DHN,1.0,auto,2026-07-07 05:02:29
PC-104166,Z-DHN,1.0,auto,2026-07-07 00:53:51
PC-104167,Z-DHN,1.0,auto,2026-07-06 18:35:22
PC-104168,Z-DHN,1.0,auto,2026-07-07 02:29:04
PC-104169,Z-DHN,1.0,auto,2026-07-06 21:35:52
PC-104170,Z-DHN,1.0,auto,2026-07-06 23:50:21
PC-104171,Z-DHN,1.0,auto,2026-07-06 20:05:07
PC-104172,Z-DHN,1.0,auto,2026-07-06 10:46:48
PC-104173,Z-DHN,1.0,auto,2026-07-06 13:16:30
PC-104174,Z-DHN,0.912871,auto,2026-07-06 11:14:46
PC-104175,Z-DHN,1.0,auto,2026-07-06 20:43:12
PC-104176,Z-DHN,1.0,auto,2026-07-06 21:08:26
PC-104177,Z-DHN,1.0,auto,2026-07-06 19:28:44
PC-104178,Z-DHN,1.0,auto,2026-07-07 08:01:24
PC-104179,Z-MIR,1.0,auto,2026-07-08 16:32:43
PC-104180,Z-DHN,1.0,auto,2026-07-08 14:33:36
PC-104181,Z-DHN,1.0,auto,2026-07-08 20:24:44
PC-104182,Z-MIR,1.0,auto,2026-07-08 14:34:49
PC-104183,Z-DHN,1.0,auto,2026-07-08 10:06:58
PC-104184,Z-MIR,1.0,auto,2026-07-08 20:34:17
PC-104185,Z-UTT,1.0,auto,2026-07-08 16:32:33
PC-104186,Z-MIR,1.0,auto,2026-07-08 19:08:13
PC-104187,Z-UTT,1.0,auto,2026-07-08 16:24:20
PC-104188,Z-DHN,1.0,auto,2026-07-08 17:36:40
PC-104189,Z-MIR,1.0,auto,2026-07-08 09:44:48
PC-104190,Z-DHN,1.0,auto,2026-07-08 15:47:07
PC-104191,Z-UTT,1.0,auto,2026-07-08 13:15:44
PC-104192,Z-UTT,1.0,auto,2026-07-08 19:35:05
PC-104193,Z-MIR,1.0,auto,2026-07-08 20:18:16
PC-104194,Z-MIR,1.0,auto,2026-07-08 16:49:06
PC-104195,Z-DHN,1.0,auto,2026-07-08 18:50:40
PC-104196,Z-UTT,1.0,auto,2026-07-08 18:16:01
PC-104197,Z-MIR,1.0,auto,2026-06-15 04:05:46
PC-104198,Z-DHN,1.0,auto,2026-06-15 07:35:55
PC-104199,Z-DHN,1.0,auto,2026-06-14 18:05:06
PC-104200,Z-UTT,1.0,auto,2026-06-14 13:58:50
PC-104201,Z-DHN,1.0,auto,2026-06-15 01:47:21
PC-104202,Z-MIR,1.0,auto,2026-06-14 16:19:29
PC-104203,Z-MIR,1.0,auto,2026-05-30 22:19:03
PC-104204,Z-MIR,1.0,auto,2026-05-31 08:15:57
PC-104205,Z-MIR,1.0,auto,2026-05-31 03:25:19
PC-104206,Z-MIR,1.0,auto,2026-05-31 20:01:49
PC-104207,Z-MIR,0.894427,auto,2026-05-30 20:05:44
PC-104208,Z-MIR,1.0,auto,2026-05-31 06:24:00
PC-104209,Z-MIR,0.894427,auto,2026-05-31 15:13:57
PC-104210,Z-MIR,1.0,auto,2026-05-31 10:30:32
PC-104211,Z-MIR,0.894427,auto,2026-05-31 11:07:46
PC-104212,Z-MIR,1.0,auto,2026-05-31 07:08:08
PC-104213,Z-MIR,1.0,auto,2026-05-31 12:53:03
PC-104214,Z-MIR,1.0,auto,2026-05-30 17:41:07
PC-104215,Z-MIR,1.0,auto,2026-05-31 19:56:27
PC-104216,Z-MIR,1.0,auto,2026-05-30 02:51:58
PC-104217,Z-MIR,1.0,auto,2026-05-31 00:28:37
PC-104218,Z-MIR,1.0,auto,2026-06-01 03:39:04
PC-104219,Z-MIR,1.0,auto,2026-05-31 04:51:23
PC-104220,Z-MIR,1.0,auto,2026-05-31 16:31:07
PC-104221,Z-MIR,0.894427,auto,2026-05-31 09:25:49
PC-104222,Z-MIR,1.0,auto,2026-05-30 14:52:50
PC-104223,Z-MIR,1.0,auto,2026-05-31 01:59:11
PC-104224,Z-MIR,1.0,auto,2026-05-30 22:02:56
PC-104225,Z-MIR,1.0,auto,2026-05-31 08:08:33
PC-104226,Z-MIR,1.0,auto,2026-05-31 10:23:57
PC-104227,Z-MIR,1.0,auto,2026-06-01 04:14:49
PC-104228,Z-MIR,1.0,auto,2026-05-31 12:44:10
PC-104229,Z-MIR,1.0,auto,2026-06-01 09:12:39
PC-104230,Z-MIR,1.0,auto,2026-06-01 07:46:09
PC-104231,Z-MIR,1.0,auto,2026-06-01 21:05:47
PC-104232,Z-MIR,1.0,auto,2026-06-01 17:24:42
PC-104233,Z-MIR,1.0,auto,2026-06-01 15:23:19
PC-104234,Z-MIR,1.0,auto,2026-06-01 00:07:17
PC-104235,Z-MIR,1.0,auto,2026-06-01 13:14:17
PC-104236,Z-MIR,1.0,auto,2026-06-01 09:34:51
PC-104237,Z-MIR,1.0,auto,2026-06-01 07:59:55
PC-104238,Z-MIR,1.0,auto,2026-06-01 04:42:12
PC-104239,Z-MIR,1.0,auto,2026-06-01 05:43:47
PC-104240,Z-MIR,0.894427,auto,2026-05-31 23:03:03
PC-104241,Z-MIR,1.0,auto,2026-06-01 17:43:44
PC-104242,Z-MIR,1.0,auto,2026-06-01 13:38:31
PC-104243,Z-MIR,0.894427,auto,2026-06-01 04:37:56
PC-104244,Z-MIR,1.0,auto,2026-06-01 06:43:54
PC-104245,Z-MIR,1.0,auto,2026-06-01 17:31:21
PC-104246,Z-MIR,1.0,auto,2026-06-01 08:16:48
PC-104247,Z-MIR,1.0,auto,2026-05-31 16:49:58
PC-104248,Z-MIR,0.894427,auto,2026-06-02 06:24:42
PC-104249,Z-MIR,1.0,auto,2026-06-02 02:12:45
PC-104250,Z-MIR,1.0,auto,2026-06-01 22:19:03
PC-104251,Z-MIR,1.0,auto,2026-06-01 20:48:14
PC-104252,Z-MIR,1.0,auto,2026-06-02 07:30:24
PC-104253,Z-MIR,1.0,auto,2026-06-02 04:49:45
PC-104254,Z-MIR,1.0,auto,2026-06-02 14:58:37
PC-104255,Z-MIR,0.894427,auto,2026-06-02 10:04:12
PC-104256,Z-MIR,1.0,auto,2026-06-02 02:29:16
PC-104257,Z-MIR,1.0,auto,2026-06-01 23:54:36
PC-104258,Z-MIR,1.0,auto,2026-06-01 22:22:30
PC-104259,Z-MIR,1.0,auto,2026-06-01 19:35:44
PC-104260,Z-MIR,1.0,auto,2026-06-02 04:27:15
PC-104261,Z-MIR,1.0,auto,2026-06-02 05:27:48
PC-104262,Z-MIR,1.0,auto,2026-06-02 06:10:16
PC-104263,Z-MIR,0.894427,auto,2026-06-02 03:52:34
PC-104264,Z-MIR,0.894427,auto,2026-06-01 17:09:07
PC-104265,Z-MIR,1.0,auto,2026-06-02 01:05:27
PC-104266,Z-MIR,1.0,auto,2026-06-01 20:57:43
PC-104267,Z-MIR,1.0,auto,2026-06-02 00:08:31
PC-104268,Z-MIR,1.0,auto,2026-06-02 12:01:35
PC-104269,Z-MIR,1.0,auto,2026-06-02 06:51:20
PC-104270,Z-MIR,1.0,auto,2026-06-01 23:13:13
PC-104271,Z-MIR,1.0,auto,2026-06-02 21:18:00
PC-104272,Z-MIR,1.0,auto,2026-06-03 03:06:22
PC-104273,Z-MIR,1.0,auto,2026-06-03 11:38:47
PC-104274,Z-MIR,1.0,auto,2026-06-03 21:09:31
PC-104275,Z-MIR,1.0,auto,2026-06-04 06:18:26
PC-104276,Z-MIR,1.0,auto,2026-06-04 19:36:27
PC-104277,Z-MIR,1.0,auto,2026-06-03 22:31:17
PC-104278,Z-MIR,1.0,auto,2026-06-04 14:01:56
PC-104279,Z-MIR,1.0,auto,2026-06-04 05:22:06
PC-104280,Z-MIR,0.894427,auto,2026-06-04 03:36:07
PC-104281,Z-MIR,1.0,auto,2026-06-04 09:18:49
PC-104282,Z-MIR,1.0,auto,2026-06-04 11:37:38
PC-104283,Z-MIR,1.0,auto,2026-06-04 04:13:51
PC-104284,Z-MIR,1.0,auto,2026-06-04 18:46:40
PC-104285,Z-MIR,1.0,auto,2026-06-03 18:47:11
PC-104286,Z-MIR,1.0,auto,2026-06-04 16:38:06
PC-104287,Z-MIR,1.0,auto,2026-06-03 11:16:49
PC-104288,Z-MIR,1.0,auto,2026-06-04 07:19:05
PC-104289,Z-MIR,1.0,auto,2026-06-04 06:11:40
PC-104290,Z-MIR,1.0,auto,2026-06-04 06:41:51
PC-104291,Z-MIR,1.0,auto,2026-06-04 13:11:58
PC-104292,Z-MIR,0.894427,auto,2026-06-03 09:35:53
PC-104293,Z-MIR,1.0,auto,2026-06-04 06:29:40
PC-104294,Z-MIR,1.0,auto,2026-06-04 03:21:37
PC-104295,Z-MIR,1.0,auto,2026-06-03 21:19:36
PC-104296,Z-MIR,1.0,auto,2026-06-03 19:51:35
PC-104297,Z-MIR,1.0,auto,2026-06-04 20:00:26
PC-104298,Z-MIR,1.0,auto,2026-06-04 15:27:09
PC-104299,Z-MIR,1.0,auto,2026-06-05 08:18:29
PC-104300,Z-MIR,1.0,auto,2026-06-05 13:09:41
PC-104301,Z-MIR,1.0,auto,2026-06-05 13:13:13
PC-104302,Z-MIR,1.0,auto,2026-06-05 15:25:06
PC-104303,Z-MIR,1.0,auto,2026-06-05 02:30:55
PC-104304,Z-MIR,1.0,auto,2026-06-05 03:15:57
PC-104305,Z-MIR,1.0,auto,2026-06-05 12:46:32
PC-104306,Z-MIR,1.0,auto,2026-06-05 16:49:20
PC-104307,Z-MIR,1.0,auto,2026-06-05 06:47:22
PC-104308,Z-MIR,1.0,auto,2026-06-05 00:57:24
PC-104309,Z-MIR,1.0,auto,2026-06-05 03:55:06
PC-104310,Z-MIR,0.894427,auto,2026-06-05 15:15:26
PC-104311,Z-MIR,1.0,auto,2026-06-05 12:33:00
PC-104312,Z-MIR,1.0,auto,2026-06-05 05:37:19
PC-104313,Z-MIR,1.0,auto,2026-06-05 20:19:04
PC-104314,Z-MIR,1.0,auto,2026-06-05 00:32:28
PC-104315,Z-MIR,1.0,auto,2026-06-05 00:04:55
PC-104316,Z-MIR,1.0,auto,2026-06-04 16:30:38
PC-104317,Z-MIR,1.0,auto,2026-06-05 13:27:00
PC-104318,Z-MIR,1.0,auto,2026-06-05 13:22:32
PC-104319,Z-MIR,1.0,auto,2026-06-05 11:13:46
PC-104320,Z-MIR,0.894427,auto,2026-06-06 08:05:13
PC-104321,Z-MIR,1.0,auto,2026-06-06 03:40:48
PC-104322,Z-MIR,1.0,auto,2026-06-06 23:46:18
PC-104323,Z-MIR,1.0,auto,2026-06-06 23:09:51
PC-104324,Z-MIR,1.0,auto,2026-06-06 07:12:54
PC-104325,Z-MIR,1.0,auto,2026-06-06 17:04:42
PC-104326,Z-MIR,1.0,auto,2026-06-06 13:33:07
PC-104327,Z-MIR,1.0,auto,2026-06-05 22:49:36
PC-104328,Z-MIR,1.0,auto,2026-06-05 17:59:53
PC-104329,Z-MIR,1.0,auto,2026-06-05 20:32:40
PC-104330,Z-MIR,1.0,auto,2026-06-05 23:54:22
PC-104331,Z-MIR,1.0,auto,2026-06-06 02:28:47
PC-104332,Z-MIR,1.0,auto,2026-06-06 03:16:17
PC-104333,Z-MIR,1.0,auto,2026-06-06 05:41:27
PC-104334,Z-MIR,1.0,auto,2026-06-06 08:31:06
PC-104335,Z-MIR,1.0,auto,2026-06-06 11:44:42
PC-104336,Z-MIR,0.894427,auto,2026-06-06 08:12:30
PC-104337,Z-MIR,1.0,auto,2026-06-06 18:52:58
PC-104338,Z-MIR,1.0,auto,2026-06-06 04:15:45
PC-104339,Z-MIR,1.0,auto,2026-06-05 21:15:26
PC-104340,Z-MIR,1.0,auto,2026-06-05 19:17:23
PC-104341,Z-MIR,1.0,auto,2026-06-06 11:45:48
PC-104342,Z-MIR,1.0,auto,2026-06-06 05:17:28
PC-104343,Z-MIR,1.0,auto,2026-06-06 01:34:20
PC-104344,Z-MIR,1.0,auto,2026-06-06 10:37:39
PC-104345,Z-MIR,1.0,auto,2026-06-07 12:19:00
PC-104346,Z-MIR,0.894427,auto,2026-06-07 11:11:26
PC-104347,Z-MIR,1.0,auto,2026-06-07 08:34:48
PC-104348,Z-MIR,1.0,auto,2026-06-07 09:24:16
PC-104349,Z-MIR,1.0,auto,2026-06-07 06:34:39
PC-104350,Z-MIR,1.0,auto,2026-06-07 12:07:49
PC-104351,Z-MIR,1.0,auto,2026-06-06 19:34:22
PC-104352,Z-MIR,1.0,auto,2026-06-06 23:31:31
PC-104353,Z-MIR,1.0,auto,2026-06-06 20:34:20
PC-104354,Z-MIR,1.0,auto,2026-06-07 15:12:15
PC-104355,Z-MIR,0.894427,auto,2026-06-06 21:22:35
PC-104356,Z-MIR,1.0,auto,2026-06-07 03:34:54
PC-104357,Z-MIR,1.0,auto,2026-06-06 22:08:52
PC-104358,Z-MIR,1.0,auto,2026-06-07 04:58:23
PC-104359,Z-MIR,1.0,auto,2026-06-06 08:30:50
PC-104360,Z-MIR,1.0,auto,2026-06-06 20:05:14
PC-104361,Z-MIR,1.0,auto,2026-06-07 09:44:22
PC-104362,Z-MIR,1.0,auto,2026-06-07 11:26:03
PC-104363,Z-MIR,1.0,auto,2026-06-07 21:47:45
PC-104364,Z-MIR,1.0,auto,2026-06-07 20:49:46
PC-104365,Z-MIR,0.894427,auto,2026-06-07 17:33:43
PC-104366,Z-MIR,1.0,auto,2026-06-08 08:24:26
PC-104367,Z-MIR,1.0,auto,2026-06-07 23:48:33
PC-104368,Z-MIR,1.0,auto,2026-06-08 08:21:09
PC-104369,Z-MIR,1.0,auto,2026-06-08 10:04:44
PC-104370,Z-MIR,0.894427,auto,2026-06-08 21:06:39
PC-104371,Z-MIR,1.0,auto,2026-06-08 09:26:54
PC-104372,Z-MIR,1.0,auto,2026-06-07 20:39:31
PC-104373,Z-MIR,1.0,auto,2026-06-08 08:45:29
PC-104374,Z-MIR,1.0,auto,2026-06-07 22:13:18
PC-104375,Z-MIR,1.0,auto,2026-06-08 00:18:23
PC-104376,Z-MIR,1.0,auto,2026-06-07 22:55:36
PC-104377,Z-MIR,1.0,auto,2026-06-07 15:18:59
PC-104378,Z-MIR,1.0,auto,2026-06-08 03:48:40
PC-104379,Z-MIR,1.0,auto,2026-06-08 12:24:10
PC-104380,Z-MIR,1.0,auto,2026-06-08 02:01:16
PC-104381,Z-MIR,1.0,auto,2026-06-08 12:52:31
PC-104382,Z-MIR,1.0,auto,2026-06-08 03:17:09
PC-104383,Z-MIR,0.894427,auto,2026-06-08 01:48:48
PC-104384,Z-MIR,1.0,auto,2026-06-08 04:45:43
PC-104385,Z-MIR,1.0,auto,2026-06-07 19:59:16
PC-104386,Z-MIR,1.0,auto,2026-06-08 20:32:04
PC-104387,Z-MIR,1.0,auto,2026-06-09 02:35:00
PC-104388,Z-MIR,1.0,auto,2026-06-09 09:48:17
PC-104389,Z-MIR,1.0,auto,2026-06-09 06:44:53
PC-104390,Z-MIR,1.0,auto,2026-06-09 11:08:41
PC-104391,Z-MIR,0.894427,auto,2026-06-09 12:13:25
PC-104392,Z-MIR,0.894427,auto,2026-06-09 06:58:14
PC-104393,Z-MIR,0.894427,auto,2026-06-08 22:47:29
PC-104394,Z-MIR,0.894427,auto,2026-06-09 16:11:24
PC-104395,Z-MIR,1.0,auto,2026-06-09 17:52:32
PC-104396,Z-MIR,1.0,auto,2026-06-09 08:22:59
PC-104397,Z-MIR,1.0,auto,2026-06-09 00:02:14
PC-104398,Z-MIR,1.0,auto,2026-06-08 16:05:44
PC-104399,Z-MIR,1.0,auto,2026-06-09 20:04:39
PC-104400,Z-MIR,1.0,auto,2026-06-09 09:33:11
PC-104401,Z-MIR,1.0,auto,2026-06-09 04:23:25
PC-104402,Z-MIR,1.0,auto,2026-06-09 15:44:42
PC-104403,Z-MIR,1.0,auto,2026-06-09 08:28:54
PC-104404,Z-MIR,1.0,auto,2026-06-09 04:37:13
PC-104405,Z-MIR,1.0,auto,2026-06-09 09:05:28
PC-104406,Z-MIR,1.0,auto,2026-06-09 16:10:55
PC-104407,Z-MIR,1.0,auto,2026-06-10 01:45:30
PC-104408,Z-MIR,0.894427,auto,2026-06-08 17:38:04
PC-104409,Z-MIR,1.0,auto,2026-06-08 21:05:56
PC-104410,Z-MIR,1.0,auto,2026-06-09 17:49:12
PC-104411,Z-MIR,1.0,auto,2026-06-09 16:30:42
PC-104412,Z-MIR,1.0,auto,2026-06-09 00:41:37
PC-104413,Z-MIR,1.0,auto,2026-06-10 00:45:27
PC-104414,Z-MIR,1.0,auto,2026-06-10 09:31:47
PC-104415,Z-MIR,1.0,auto,2026-06-09 22:39:41
PC-104416,Z-MIR,1.0,auto,2026-06-10 16:06:09
PC-104417,Z-MIR,1.0,auto,2026-06-10 02:31:38
PC-104418,Z-MIR,1.0,auto,2026-06-10 02:35:56
PC-104419,Z-MIR,1.0,auto,2026-06-09 19:45:30
PC-104420,Z-MIR,1.0,auto,2026-06-10 02:01:28
PC-104421,Z-MIR,0.894427,auto,2026-06-09 12:37:09
PC-104422,Z-MIR,1.0,auto,2026-06-09 23:49:46
PC-104423,Z-MIR,1.0,auto,2026-06-10 04:29:30
PC-104424,Z-MIR,1.0,auto,2026-06-10 03:35:58
PC-104425,Z-MIR,1.0,auto,2026-06-10 06:05:36
PC-104426,Z-MIR,1.0,auto,2026-06-10 12:35:41
PC-104427,Z-MIR,1.0,auto,2026-06-10 11:01:04
PC-104428,Z-MIR,1.0,auto,2026-06-10 13:22:15
PC-104429,Z-MIR,0.894427,auto,2026-06-10 00:34:58
PC-104430,Z-MIR,1.0,auto,2026-06-10 21:33:01
PC-104431,Z-MIR,1.0,auto,2026-06-09 19:04:54
PC-104432,Z-MIR,1.0,auto,2026-06-10 11:19:28
PC-104433,Z-MIR,1.0,auto,2026-06-09 22:42:59
PC-104434,Z-MIR,1.0,auto,2026-06-09 19:10:41
PC-104435,Z-MIR,1.0,auto,2026-06-10 08:02:11
PC-104436,Z-MIR,1.0,auto,2026-06-10 11:36:49
PC-104437,Z-MIR,1.0,auto,2026-06-10 14:09:33
PC-104438,Z-MIR,0.894427,auto,2026-06-11 05:07:47
PC-104439,Z-MIR,1.0,auto,2026-06-10 12:31:42
PC-104440,Z-MIR,1.0,auto,2026-06-10 22:37:33
PC-104441,Z-MIR,1.0,auto,2026-06-12 07:52:20
PC-104442,Z-MIR,0.894427,auto,2026-06-12 08:11:38
PC-104443,Z-MIR,1.0,auto,2026-06-12 02:24:55
PC-104444,Z-MIR,1.0,auto,2026-06-12 02:55:51
PC-104445,Z-MIR,1.0,auto,2026-06-12 04:12:02
PC-104446,Z-MIR,1.0,auto,2026-06-11 22:15:51
PC-104447,Z-MIR,1.0,auto,2026-06-11 14:24:57
PC-104448,Z-MIR,1.0,auto,2026-06-12 11:55:20
PC-104449,Z-MIR,1.0,auto,2026-06-12 06:02:19
PC-104450,Z-MIR,1.0,auto,2026-06-12 02:57:34
PC-104451,Z-MIR,1.0,auto,2026-06-12 05:36:11
PC-104452,Z-MIR,1.0,auto,2026-06-12 09:58:49
PC-104453,Z-MIR,1.0,auto,2026-06-12 02:14:30
PC-104454,Z-MIR,1.0,auto,2026-06-12 10:01:01
PC-104455,Z-MIR,1.0,auto,2026-06-11 17:14:35
PC-104456,Z-MIR,1.0,auto,2026-06-12 03:34:59
PC-104457,Z-MIR,1.0,auto,2026-06-12 00:33:18
PC-104458,Z-MIR,1.0,auto,2026-06-12 10:44:28
PC-104459,Z-MIR,1.0,auto,2026-06-11 21:22:35
PC-104460,Z-MIR,1.0,auto,2026-06-12 10:34:27
PC-104461,Z-MIR,1.0,auto,2026-06-12 17:03:43
PC-104462,Z-MIR,1.0,auto,2026-06-13 07:06:15
PC-104463,Z-MIR,0.894427,auto,2026-06-13 10:25:04
PC-104464,Z-MIR,1.0,auto,2026-06-12 20:53:14
PC-104465,Z-MIR,1.0,auto,2026-06-12 21:13:42
PC-104466,Z-MIR,1.0,auto,2026-06-13 00:25:31
PC-104467,Z-MIR,1.0,auto,2026-06-12 19:36:38
PC-104468,Z-MIR,1.0,auto,2026-06-13 19:07:36
PC-104469,Z-MIR,0.894427,auto,2026-06-13 19:14:49
PC-104470,Z-MIR,1.0,auto,2026-06-13 05:50:30
PC-104471,Z-MIR,1.0,auto,2026-06-13 13:57:03
PC-104472,Z-MIR,0.894427,auto,2026-06-12 19:54:58
PC-104473,Z-MIR,1.0,auto,2026-06-13 00:59:51
PC-104474,Z-MIR,1.0,auto,2026-06-13 13:53:30
PC-104475,Z-MIR,1.0,auto,2026-06-13 07:28:33
PC-104476,Z-MIR,1.0,auto,2026-06-13 06:09:24
PC-104477,Z-MIR,1.0,auto,2026-06-12 21:04:33
PC-104478,Z-MIR,0.894427,auto,2026-06-13 04:30:53
PC-104479,Z-MIR,1.0,auto,2026-06-13 09:33:48
PC-104480,Z-MIR,1.0,auto,2026-06-13 05:55:08
PC-104481,Z-MIR,1.0,auto,2026-06-13 04:08:46
PC-104482,Z-MIR,1.0,auto,2026-06-12 08:54:29
PC-104483,Z-MIR,1.0,auto,2026-06-13 03:59:18
PC-104484,Z-MIR,1.0,auto,2026-06-13 07:31:12
PC-104485,Z-MIR,1.0,auto,2026-06-13 03:18:46
PC-104486,Z-MIR,1.0,auto,2026-06-14 16:42:52
PC-104487,Z-MIR,1.0,auto,2026-06-14 20:53:53
PC-104488,Z-MIR,1.0,auto,2026-06-15 18:21:05
PC-104489,Z-MIR,1.0,auto,2026-06-15 12:43:21
PC-104490,Z-MIR,1.0,auto,2026-06-15 04:29:22
PC-104491,Z-MIR,1.0,auto,2026-06-15 05:52:26
PC-104492,Z-MIR,1.0,auto,2026-06-15 01:42:29
PC-104493,Z-MIR,1.0,auto,2026-06-15 09:04:39
PC-104494,Z-MIR,0.894427,auto,2026-06-15 12:35:01
PC-104495,Z-MIR,1.0,auto,2026-06-15 10:38:21
PC-104496,Z-MIR,1.0,auto,2026-06-14 10:20:12
PC-104497,Z-MIR,1.0,auto,2026-06-14 20:10:59
PC-104498,Z-MIR,1.0,auto,2026-06-15 16:18:32
PC-104499,Z-MIR,1.0,auto,2026-06-15 07:24:08
PC-104500,Z-MIR,1.0,auto,2026-06-15 08:13:21
PC-104501,Z-MIR,1.0,auto,2026-06-15 09:40:32
PC-104502,Z-MIR,1.0,auto,2026-06-15 05:44:55
PC-104503,Z-MIR,1.0,auto,2026-06-15 00:28:15
PC-104504,Z-MIR,0.894427,auto,2026-06-15 22:39:59
PC-104505,Z-MIR,1.0,auto,2026-06-15 12:41:29
PC-104506,Z-MIR,1.0,auto,2026-06-16 05:45:29
PC-104507,Z-MIR,1.0,auto,2026-06-16 07:20:22
PC-104508,Z-MIR,0.894427,auto,2026-06-16 06:02:32
PC-104509,Z-MIR,1.0,auto,2026-06-16 02:17:30
PC-104510,Z-MIR,1.0,auto,2026-06-16 23:08:49
PC-104511,Z-MIR,1.0,auto,2026-06-16 10:46:28
PC-104512,Z-MIR,1.0,auto,2026-06-16 08:59:26
PC-104513,Z-MIR,1.0,auto,2026-06-15 20:18:13
PC-104514,Z-MIR,1.0,auto,2026-06-16 05:15:00
PC-104515,Z-MIR,1.0,auto,2026-06-15 23:48:13
PC-104516,Z-MIR,1.0,auto,2026-06-16 02:22:42
PC-104517,Z-MIR,1.0,auto,2026-06-16 00:19:04
PC-104518,Z-MIR,1.0,auto,2026-06-16 14:40:43
PC-104519,Z-MIR,1.0,auto,2026-06-16 09:30:09
PC-104520,Z-MIR,1.0,auto,2026-06-16 18:16:16
PC-104521,Z-MIR,1.0,auto,2026-06-16 07:30:47
PC-104522,Z-MIR,1.0,auto,2026-06-15 20:43:41
PC-104523,Z-MIR,1.0,auto,2026-06-16 15:44:11
PC-104524,Z-MIR,1.0,auto,2026-06-16 06:23:32
PC-104525,Z-MIR,0.894427,auto,2026-06-16 08:56:50
PC-104526,Z-MIR,1.0,auto,2026-06-15 18:02:41
PC-104527,Z-MIR,1.0,auto,2026-06-16 10:12:28
PC-104528,Z-MIR,1.0,auto,2026-06-16 13:21:14
PC-104529,Z-MIR,1.0,auto,2026-06-16 01:40:04
PC-104530,Z-MIR,1.0,auto,2026-06-15 19:06:11
PC-104531,Z-MIR,1.0,auto,2026-06-16 03:03:52
PC-104532,Z-MIR,1.0,auto,2026-06-16 15:02:51
PC-104533,Z-MIR,1.0,auto,2026-06-16 04:16:43
PC-104534,Z-MIR,1.0,auto,2026-06-16 12:54:25
PC-104535,Z-MIR,1.0,auto,2026-06-16 22:24:00
PC-104536,Z-MIR,1.0,auto,2026-06-17 19:37:59
PC-104537,Z-MIR,1.0,auto,2026-06-17 19:18:11
PC-104538,Z-MIR,1.0,auto,2026-06-16 22:42:05
PC-104539,Z-MIR,1.0,auto,2026-06-16 20:11:02
PC-104540,Z-MIR,1.0,auto,2026-06-16 04:19:57
PC-104541,Z-MIR,1.0,auto,2026-06-16 15:31:26
PC-104542,Z-MIR,0.894427,auto,2026-06-17 00:05:52
PC-104543,Z-MIR,1.0,auto,2026-06-17 20:06:59
PC-104544,Z-MIR,1.0,auto,2026-06-16 17:01:20
PC-104545,Z-MIR,1.0,auto,2026-06-16 23:14:05
PC-104546,Z-MIR,1.0,auto,2026-06-17 11:10:45
PC-104547,Z-MIR,1.0,auto,2026-06-17 09:44:47
PC-104548,Z-MIR,0.894427,auto,2026-06-17 20:20:13
PC-104549,Z-MIR,0.894427,auto,2026-06-17 08:11:13
PC-104550,Z-MIR,1.0,auto,2026-06-17 02:37:28
PC-104551,Z-MIR,1.0,auto,2026-06-17 00:35:31
PC-104552,Z-MIR,1.0,auto,2026-06-16 17:58:44
PC-104553,Z-MIR,1.0,auto,2026-06-17 14:00:53
PC-104554,Z-MIR,0.894427,auto,2026-06-17 00:50:18
PC-104555,Z-MIR,1.0,auto,2026-06-16 13:17:17
PC-104556,Z-MIR,1.0,auto,2026-06-17 03:46:15
PC-104557,Z-MIR,1.0,auto,2026-06-17 00:40:27
PC-104558,Z-MIR,1.0,auto,2026-06-17 10:36:40
PC-104559,Z-MIR,1.0,auto,2026-06-17 07:08:15
PC-104560,Z-MIR,1.0,auto,2026-06-18 01:06:39
PC-104561,Z-MIR,1.0,auto,2026-06-18 04:39:48
PC-104562,Z-MIR,1.0,auto,2026-06-18 11:14:02
PC-104563,Z-MIR,1.0,auto,2026-06-17 23:36:34
PC-104564,Z-MIR,1.0,auto,2026-06-18 09:30:50
PC-104565,Z-MIR,1.0,auto,2026-06-18 00:25:00
PC-104566,Z-MIR,1.0,auto,2026-06-18 07:42:55
PC-104567,Z-MIR,1.0,auto,2026-06-18 04:37:59
PC-104568,Z-MIR,1.0,auto,2026-06-18 10:30:39
PC-104569,Z-MIR,1.0,auto,2026-06-18 11:55:44
PC-104570,Z-MIR,1.0,auto,2026-06-17 23:41:39
PC-104571,Z-MIR,1.0,auto,2026-06-18 08:26:42
PC-104572,Z-MIR,1.0,auto,2026-06-17 23:58:49
PC-104573,Z-MIR,1.0,auto,2026-06-17 21:40:40
PC-104574,Z-MIR,1.0,auto,2026-06-18 17:33:15
PC-104575,Z-MIR,1.0,auto,2026-06-18 00:59:28
PC-104576,Z-MIR,1.0,auto,2026-06-17 16:34:54
PC-104577,Z-MIR,1.0,auto,2026-06-18 17:38:33
PC-104578,Z-MIR,1.0,auto,2026-06-19 06:01:09
PC-104579,Z-MIR,1.0,auto,2026-06-18 13:42:16
PC-104580,Z-MIR,1.0,auto,2026-06-18 18:13:32
PC-104581,Z-MIR,1.0,auto,2026-06-18 15:51:26
PC-104582,Z-MIR,1.0,auto,2026-06-18 20:06:45
PC-104583,Z-MIR,0.894427,auto,2026-06-19 14:33:46
PC-104584,Z-MIR,1.0,auto,2026-06-18 22:08:19
PC-104585,Z-MIR,1.0,auto,2026-06-18 23:57:56
PC-104586,Z-MIR,1.0,auto,2026-06-19 07:53:53
PC-104587,Z-MIR,0.894427,auto,2026-06-18 22:26:57
PC-104588,Z-MIR,1.0,auto,2026-06-19 05:15:26
PC-104589,Z-MIR,1.0,auto,2026-06-19 11:56:15
PC-104590,Z-MIR,1.0,auto,2026-06-19 14:12:56
PC-104591,Z-MIR,1.0,auto,2026-06-19 06:43:45
PC-104592,Z-MIR,0.894427,auto,2026-06-19 03:07:45
PC-104593,Z-MIR,0.894427,auto,2026-06-18 23:48:03
PC-104594,Z-MIR,1.0,auto,2026-06-19 05:28:49
PC-104595,Z-MIR,1.0,auto,2026-06-19 12:43:34
PC-104596,Z-MIR,1.0,auto,2026-06-19 04:23:36
PC-104597,Z-MIR,1.0,auto,2026-06-18 20:51:10
PC-104598,Z-MIR,1.0,auto,2026-06-18 23:23:51
PC-104599,Z-MIR,1.0,auto,2026-06-19 13:40:26
PC-104600,Z-MIR,1.0,auto,2026-06-19 15:46:38
PC-104601,Z-MIR,1.0,auto,2026-06-19 17:56:04
PC-104602,Z-MIR,1.0,auto,2026-06-19 21:53:26
PC-104603,Z-MIR,1.0,auto,2026-06-18 22:39:48
PC-104604,Z-MIR,1.0,auto,2026-06-19 04:47:30
PC-104605,Z-MIR,1.0,auto,2026-06-21 13:59:50
PC-104606,Z-MIR,1.0,auto,2026-06-20 15:46:22
PC-104607,Z-MIR,1.0,auto,2026-06-20 20:43:09
PC-104608,Z-MIR,1.0,auto,2026-06-21 12:40:58
PC-104609,Z-MIR,1.0,auto,2026-06-21 19:16:52
PC-104610,Z-MIR,1.0,auto,2026-06-21 07:36:42
PC-104611,Z-MIR,1.0,auto,2026-06-20 23:20:16
PC-104612,Z-MIR,1.0,auto,2026-06-22 06:01:28
PC-104613,Z-MIR,1.0,auto,2026-06-21 14:33:59
PC-104614,Z-MIR,1.0,auto,2026-06-21 05:25:19
PC-104615,Z-MIR,1.0,auto,2026-06-21 10:41:48
PC-104616,Z-MIR,1.0,auto,2026-06-21 02:42:06
PC-104617,Z-MIR,1.0,auto,2026-06-20 15:34:50
PC-104618,Z-MIR,1.0,auto,2026-06-20 16:27:57
PC-104619,Z-MIR,1.0,auto,2026-06-20 21:46:17
PC-104620,Z-MIR,1.0,auto,2026-06-21 08:40:13
PC-104621,Z-MIR,1.0,auto,2026-06-21 06:46:19
PC-104622,Z-MIR,1.0,auto,2026-06-21 06:08:44
PC-104623,Z-MIR,1.0,auto,2026-06-21 04:03:02
PC-104624,Z-MIR,1.0,auto,2026-06-22 07:23:25
PC-104625,Z-MIR,1.0,auto,2026-06-21 13:45:55
PC-104626,Z-MIR,1.0,auto,2026-06-21 23:26:34
PC-104627,Z-MIR,1.0,auto,2026-06-22 17:59:03
PC-104628,Z-MIR,1.0,auto,2026-06-22 15:25:06
PC-104629,Z-MIR,1.0,auto,2026-06-21 17:49:46
PC-104630,Z-MIR,1.0,auto,2026-06-21 15:08:00
PC-104631,Z-MIR,1.0,auto,2026-06-22 12:55:54
PC-104632,Z-MIR,1.0,auto,2026-06-21 19:34:54
PC-104633,Z-MIR,1.0,auto,2026-06-21 18:54:56
PC-104634,Z-MIR,1.0,auto,2026-06-22 17:39:42
PC-104635,Z-MIR,1.0,auto,2026-06-22 15:20:40
PC-104636,Z-MIR,1.0,auto,2026-06-21 05:42:48
PC-104637,Z-MIR,1.0,auto,2026-06-22 06:16:54
PC-104638,Z-MIR,0.894427,auto,2026-06-21 21:11:17
PC-104639,Z-MIR,1.0,auto,2026-06-22 09:58:58
PC-104640,Z-MIR,1.0,auto,2026-06-22 17:28:50
PC-104641,Z-MIR,1.0,auto,2026-06-22 15:39:30
PC-104642,Z-MIR,1.0,auto,2026-06-21 16:40:28
PC-104643,Z-MIR,1.0,auto,2026-06-21 21:45:11
PC-104644,Z-MIR,1.0,auto,2026-06-22 11:10:09
PC-104645,Z-MIR,1.0,auto,2026-06-22 12:03:12
PC-104646,Z-MIR,1.0,auto,2026-06-22 04:01:53
PC-104647,Z-MIR,1.0,auto,2026-06-22 00:53:12
PC-104648,Z-MIR,1.0,auto,2026-06-23 01:09:46
PC-104649,Z-MIR,1.0,auto,2026-06-22 03:30:28
PC-104650,Z-MIR,1.0,auto,2026-06-24 02:25:11
PC-104651,Z-MIR,1.0,auto,2026-06-24 04:43:04
PC-104652,Z-MIR,1.0,auto,2026-06-24 08:02:27
PC-104653,Z-MIR,1.0,auto,2026-06-24 09:38:33
PC-104654,Z-MIR,1.0,auto,2026-06-24 15:18:02
PC-104655,Z-MIR,1.0,auto,2026-06-24 06:01:45
PC-104656,Z-MIR,1.0,auto,2026-06-24 06:24:54
PC-104657,Z-MIR,1.0,auto,2026-06-24 08:20:25
PC-104658,Z-MIR,1.0,auto,2026-06-24 14:42:56
PC-104659,Z-MIR,1.0,auto,2026-06-23 23:41:01
PC-104660,Z-MIR,1.0,auto,2026-06-23 20:57:46
PC-104661,Z-MIR,1.0,auto,2026-06-24 16:50:03
PC-104662,Z-MIR,1.0,auto,2026-06-24 14:18:32
PC-104663,Z-MIR,1.0,auto,2026-06-24 12:44:29
PC-104664,Z-MIR,1.0,auto,2026-06-24 22:18:24
PC-104665,Z-MIR,1.0,auto,2026-06-23 20:45:31
PC-104666,Z-MIR,1.0,auto,2026-06-24 13:21:59
PC-104667,Z-MIR,1.0,auto,2026-06-24 09:59:47
PC-104668,Z-MIR,1.0,auto,2026-06-24 05:49:18
PC-104669,Z-MIR,1.0,auto,2026-06-24 05:10:05
PC-104670,Z-MIR,1.0,auto,2026-06-24 09:59:38
PC-104671,Z-MIR,1.0,auto,2026-06-24 02:37:21
PC-104672,Z-MIR,1.0,auto,2026-06-24 07:37:32
PC-104673,Z-MIR,1.0,auto,2026-06-24 19:19:39
PC-104674,Z-MIR,1.0,auto,2026-06-24 23:57:29
PC-104675,Z-MIR,1.0,auto,2026-06-25 12:10:21
PC-104676,Z-MIR,1.0,auto,2026-06-25 08:52:25
PC-104677,Z-MIR,1.0,auto,2026-06-25 06:30:54
PC-104678,Z-MIR,1.0,auto,2026-06-25 09:40:56
PC-104679,Z-MIR,1.0,auto,2026-06-24 18:54:06
PC-104680,Z-MIR,1.0,auto,2026-06-25 11:42:53
PC-104681,Z-MIR,1.0,auto,2026-06-24 09:16:57
PC-104682,Z-MIR,1.0,auto,2026-06-24 14:08:26
PC-104683,Z-MIR,1.0,auto,2026-06-25 06:09:43
PC-104684,Z-MIR,1.0,auto,2026-06-25 23:17:13
PC-104685,Z-MIR,0.894427,auto,2026-06-25 06:31:19
PC-104686,Z-MIR,1.0,auto,2026-06-24 19:16:17
PC-104687,Z-MIR,1.0,auto,2026-06-25 16:04:40
PC-104688,Z-MIR,1.0,auto,2026-06-25 09:36:42
PC-104689,Z-MIR,1.0,auto,2026-06-25 09:32:08
PC-104690,Z-MIR,1.0,auto,2026-06-24 14:31:39
PC-104691,Z-MIR,0.894427,auto,2026-06-25 01:28:34
PC-104692,Z-MIR,1.0,auto,2026-06-25 11:25:43
PC-104693,Z-MIR,1.0,auto,2026-06-25 17:54:14
PC-104694,Z-MIR,1.0,auto,2026-06-25 15:51:25
PC-104695,Z-MIR,1.0,auto,2026-06-24 22:23:23
PC-104696,Z-MIR,1.0,auto,2026-06-25 15:15:23
PC-104697,Z-MIR,1.0,auto,2026-06-25 17:09:00
PC-104698,Z-MIR,1.0,auto,2026-06-24 10:06:54
PC-104699,Z-MIR,1.0,auto,2026-06-26 02:14:04
PC-104700,Z-MIR,1.0,auto,2026-06-26 01:00:08
PC-104701,Z-MIR,1.0,auto,2026-06-25 09:38:28
PC-104702,Z-MIR,1.0,auto,2026-06-26 04:58:57
PC-104703,Z-MIR,1.0,auto,2026-06-25 20:22:39
PC-104704,Z-MIR,1.0,auto,2026-06-26 12:26:53
PC-104705,Z-MIR,0.894427,auto,2026-06-26 15:44:41
PC-104706,Z-MIR,1.0,auto,2026-06-26 14:13:28
PC-104707,Z-MIR,1.0,auto,2026-06-25 04:22:18
PC-104708,Z-MIR,1.0,auto,2026-06-26 04:24:33
PC-104709,Z-MIR,0.894427,auto,2026-06-26 15:30:55
PC-104710,Z-MIR,1.0,auto,2026-06-25 18:00:24
PC-104711,Z-MIR,1.0,auto,2026-06-26 17:21:02
PC-104712,Z-MIR,1.0,auto,2026-06-26 05:28:54
PC-104713,Z-MIR,1.0,auto,2026-06-25 20:44:34
PC-104714,Z-MIR,1.0,auto,2026-06-26 07:53:04
PC-104715,Z-MIR,1.0,auto,2026-06-25 14:13:03
PC-104716,Z-MIR,1.0,auto,2026-06-26 12:02:11
PC-104717,Z-MIR,1.0,auto,2026-06-26 14:47:32
PC-104718,Z-MIR,1.0,auto,2026-06-26 03:33:24
PC-104719,Z-MIR,1.0,auto,2026-06-26 16:48:18
PC-104720,Z-MIR,1.0,auto,2026-06-26 08:07:21
PC-104721,Z-MIR,1.0,auto,2026-06-26 15:51:11
PC-104722,Z-MIR,1.0,auto,2026-06-26 17:22:46
PC-104723,Z-MIR,1.0,auto,2026-06-27 05:58:56
PC-104724,Z-MIR,0.894427,auto,2026-06-27 11:26:11
PC-104725,Z-MIR,0.894427,auto,2026-06-26 23:26:26
PC-104726,Z-MIR,1.0,auto,2026-06-27 03:56:25
PC-104727,Z-MIR,1.0,auto,2026-06-27 12:41:53
PC-104728,Z-MIR,1.0,auto,2026-06-27 01:45:12
PC-104729,Z-MIR,1.0,auto,2026-06-27 07:11:50
PC-104730,Z-MIR,0.894427,auto,2026-06-27 14:56:07
PC-104731,Z-MIR,1.0,auto,2026-06-27 08:21:32
PC-104732,Z-MIR,1.0,auto,2026-06-27 01:25:57
PC-104733,Z-MIR,1.0,auto,2026-06-27 18:00:00
PC-104734,Z-MIR,1.0,auto,2026-06-27 04:41:27
PC-104735,Z-MIR,1.0,auto,2026-06-27 04:20:51
PC-104736,Z-MIR,1.0,auto,2026-06-27 12:45:11
PC-104737,Z-MIR,1.0,auto,2026-06-27 08:54:04
PC-104738,Z-MIR,1.0,auto,2026-06-27 07:30:28
PC-104739,Z-MIR,1.0,auto,2026-06-27 07:17:06
PC-104740,Z-MIR,1.0,auto,2026-06-27 00:13:37
PC-104741,Z-MIR,1.0,auto,2026-06-27 01:52:38
PC-104742,Z-MIR,0.894427,auto,2026-06-28 22:53:25
PC-104743,Z-MIR,1.0,auto,2026-06-28 00:45:30
PC-104744,Z-MIR,1.0,auto,2026-06-28 06:29:43
PC-104745,Z-MIR,1.0,auto,2026-06-27 22:35:17
PC-104746,Z-MIR,1.0,auto,2026-06-28 11:55:45
PC-104747,Z-MIR,1.0,auto,2026-06-28 12:01:17
PC-104748,Z-MIR,1.0,auto,2026-06-28 08:36:47
PC-104749,Z-MIR,1.0,auto,2026-06-28 16:45:47
PC-104750,Z-MIR,1.0,auto,2026-06-28 10:35:30
PC-104751,Z-MIR,0.894427,auto,2026-06-27 01:28:15
PC-104752,Z-MIR,1.0,auto,2026-06-28 06:40:11
PC-104753,Z-MIR,1.0,auto,2026-06-27 23:46:21
PC-104754,Z-MIR,1.0,auto,2026-06-28 11:45:53
PC-104755,Z-MIR,1.0,auto,2026-06-28 23:08:40
PC-104756,Z-MIR,1.0,auto,2026-06-28 07:58:03
PC-104757,Z-MIR,1.0,auto,2026-06-28 13:02:42
PC-104758,Z-MIR,1.0,auto,2026-06-28 05:09:02
PC-104759,Z-MIR,1.0,auto,2026-06-28 19:55:48
PC-104760,Z-MIR,1.0,auto,2026-06-28 22:00:13
PC-104761,Z-MIR,1.0,auto,2026-06-29 04:21:25
PC-104762,Z-MIR,1.0,auto,2026-06-28 21:23:06
PC-104763,Z-UTT,1.0,auto,2026-05-31 10:28:38
PC-104764,Z-UTT,1.0,auto,2026-05-31 04:19:09
PC-104765,Z-UTT,1.0,auto,2026-05-31 22:29:35
PC-104766,Z-UTT,1.0,auto,2026-06-01 02:21:58
PC-104767,Z-UTT,1.0,auto,2026-05-31 15:54:31
PC-104768,Z-UTT,1.0,auto,2026-05-31 11:53:10
PC-104769,Z-UTT,1.0,auto,2026-05-31 13:20:54
PC-104770,Z-UTT,1.0,auto,2026-05-31 06:44:01
PC-104771,Z-UTT,1.0,auto,2026-05-30 22:23:39
PC-104772,Z-UTT,0.935414,auto,2026-05-31 15:58:25
PC-104773,Z-UTT,1.0,auto,2026-05-31 08:48:14
PC-104774,Z-UTT,1.0,auto,2026-05-31 02:33:52
PC-104775,Z-UTT,1.0,auto,2026-05-31 11:15:22
PC-104776,Z-UTT,1.0,auto,2026-05-31 19:17:14
PC-104777,Z-UTT,1.0,auto,2026-05-31 14:30:02
PC-104778,Z-UTT,1.0,auto,2026-05-30 06:48:38
PC-104779,Z-UTT,1.0,auto,2026-05-31 07:15:44
PC-104780,Z-UTT,0.935414,auto,2026-05-30 23:52:08
PC-104781,Z-UTT,1.0,auto,2026-05-31 00:46:15
PC-104782,Z-UTT,1.0,auto,2026-05-31 00:02:19
PC-104783,Z-UTT,1.0,auto,2026-05-31 12:30:27
PC-104784,Z-UTT,1.0,auto,2026-05-31 05:27:34
PC-104785,Z-UTT,0.935414,auto,2026-06-01 04:46:27
PC-104786,Z-UTT,1.0,auto,2026-06-01 10:39:42
PC-104787,Z-UTT,0.935414,auto,2026-06-01 01:29:23
PC-104788,Z-UTT,1.0,auto,2026-06-01 13:16:50
PC-104789,Z-UTT,1.0,auto,2026-05-31 23:43:24
PC-104790,Z-UTT,1.0,auto,2026-06-01 23:07:06
PC-104791,Z-UTT,1.0,auto,2026-05-31 23:14:07
PC-104792,Z-UTT,1.0,auto,2026-06-01 12:22:08
PC-104793,Z-UTT,1.0,auto,2026-06-01 17:28:30
PC-104794,Z-UTT,1.0,auto,2026-06-01 16:47:53
PC-104795,Z-UTT,1.0,auto,2026-06-01 19:28:50
PC-104796,Z-UTT,1.0,auto,2026-06-01 09:12:27
PC-104797,Z-UTT,1.0,auto,2026-05-31 17:11:03
PC-104798,Z-UTT,1.0,auto,2026-06-01 05:01:50
PC-104799,Z-UTT,1.0,auto,2026-05-31 23:23:10
PC-104800,Z-UTT,1.0,auto,2026-06-01 04:23:57
PC-104801,Z-UTT,1.0,auto,2026-06-01 08:37:40
PC-104802,Z-UTT,1.0,auto,2026-06-02 07:25:05
PC-104803,Z-UTT,1.0,auto,2026-06-02 03:04:42
PC-104804,Z-UTT,1.0,auto,2026-06-02 18:20:47
PC-104805,Z-UTT,1.0,auto,2026-06-02 15:03:48
PC-104806,Z-UTT,1.0,auto,2026-06-02 05:48:43
PC-104807,Z-UTT,0.935414,auto,2026-06-02 21:46:28
PC-104808,Z-UTT,1.0,auto,2026-06-02 12:34:11
PC-104809,Z-UTT,1.0,auto,2026-06-02 15:55:22
PC-104810,Z-UTT,1.0,auto,2026-06-02 11:05:39
PC-104811,Z-UTT,1.0,auto,2026-06-02 14:50:33
PC-104812,Z-UTT,1.0,auto,2026-06-01 23:42:13
PC-104813,Z-UTT,0.935414,auto,2026-06-02 10:11:58
PC-104814,Z-UTT,0.935414,auto,2026-06-02 15:02:26
PC-104815,Z-UTT,0.935414,auto,2026-06-02 08:39:34
PC-104816,Z-UTT,1.0,auto,2026-06-02 07:02:50
PC-104817,Z-UTT,1.0,auto,2026-06-01 19:25:45
PC-104818,Z-UTT,1.0,auto,2026-06-02 11:24:50
PC-104819,Z-UTT,1.0,auto,2026-06-02 19:44:49
PC-104820,Z-UTT,1.0,auto,2026-06-02 03:02:58
PC-104821,Z-UTT,1.0,auto,2026-06-02 21:17:39
PC-104822,Z-UTT,1.0,auto,2026-06-03 03:50:07
PC-104823,Z-UTT,1.0,auto,2026-06-02 12:57:28
PC-104824,Z-UTT,1.0,auto,2026-06-02 08:04:09
PC-104825,Z-UTT,0.935414,auto,2026-06-03 00:06:23
PC-104826,Z-UTT,1.0,auto,2026-06-02 12:01:31
PC-104827,Z-UTT,1.0,auto,2026-06-02 23:25:37
PC-104828,Z-UTT,1.0,auto,2026-06-03 07:21:01
PC-104829,Z-UTT,1.0,auto,2026-06-03 00:30:50
PC-104830,Z-UTT,1.0,auto,2026-06-03 01:52:01
PC-104831,Z-UTT,1.0,auto,2026-06-03 20:21:30
PC-104832,Z-UTT,1.0,auto,2026-06-03 22:24:26
PC-104833,Z-UTT,1.0,auto,2026-06-04 04:09:00
PC-104834,Z-UTT,1.0,auto,2026-06-04 14:49:50
PC-104835,Z-UTT,1.0,auto,2026-06-03 17:57:37
PC-104836,Z-UTT,1.0,auto,2026-06-04 02:13:48
PC-104837,Z-UTT,1.0,auto,2026-06-04 10:26:57
PC-104838,Z-UTT,1.0,auto,2026-06-03 19:44:47
PC-104839,Z-UTT,1.0,auto,2026-06-04 09:21:23
PC-104840,Z-UTT,1.0,auto,2026-06-04 16:59:35
PC-104841,Z-UTT,1.0,auto,2026-06-04 13:11:39
PC-104842,Z-UTT,1.0,auto,2026-06-04 16:06:04
PC-104843,Z-UTT,1.0,auto,2026-06-03 21:20:57
PC-104844,Z-UTT,1.0,auto,2026-06-04 12:10:55
PC-104845,Z-UTT,1.0,auto,2026-06-04 15:10:27
PC-104846,Z-UTT,1.0,auto,2026-06-03 22:58:10
PC-104847,Z-UTT,1.0,auto,2026-06-04 14:25:45
PC-104848,Z-UTT,1.0,auto,2026-06-05 04:37:43
PC-104849,Z-UTT,1.0,auto,2026-06-05 01:41:23
PC-104850,Z-UTT,1.0,auto,2026-06-04 08:43:15
PC-104851,Z-UTT,1.0,auto,2026-06-05 11:27:14
PC-104852,Z-UTT,1.0,auto,2026-06-05 02:05:09
PC-104853,Z-UTT,1.0,auto,2026-06-05 17:27:59
PC-104854,Z-UTT,1.0,auto,2026-06-05 02:43:43
PC-104855,Z-UTT,0.935414,auto,2026-06-04 23:41:43
PC-104856,Z-UTT,1.0,auto,2026-06-04 21:16:34
PC-104857,Z-UTT,1.0,auto,2026-06-06 04:52:55
PC-104858,Z-UTT,1.0,auto,2026-06-05 15:31:50
PC-104859,Z-UTT,1.0,auto,2026-06-05 07:05:40
PC-104860,Z-UTT,1.0,auto,2026-06-05 14:54:34
PC-104861,Z-UTT,0.935414,auto,2026-06-05 19:05:45
PC-104862,Z-UTT,1.0,auto,2026-06-04 17:30:05
PC-104863,Z-UTT,1.0,auto,2026-06-05 05:50:51
PC-104864,Z-UTT,1.0,auto,2026-06-05 02:52:33
PC-104865,Z-UTT,1.0,auto,2026-06-05 05:38:10
PC-104866,Z-UTT,1.0,auto,2026-06-05 15:11:42
PC-104867,Z-UTT,1.0,auto,2026-06-05 20:23:53
PC-104868,Z-UTT,0.935414,auto,2026-06-05 08:18:16
PC-104869,Z-UTT,1.0,auto,2026-06-05 11:50:36
PC-104870,Z-UTT,1.0,auto,2026-06-05 06:53:10
PC-104871,Z-UTT,1.0,auto,2026-06-05 03:50:14
PC-104872,Z-UTT,1.0,auto,2026-06-05 14:57:09
PC-104873,Z-UTT,1.0,auto,2026-06-05 19:46:49
PC-104874,Z-UTT,1.0,auto,2026-06-07 07:10:06
PC-104875,Z-UTT,1.0,auto,2026-06-05 20:24:55
PC-104876,Z-UTT,1.0,auto,2026-06-05 23:19:57
PC-104877,Z-UTT,1.0,auto,2026-06-06 03:45:52
PC-104878,Z-UTT,1.0,auto,2026-06-06 01:30:45
PC-104879,Z-UTT,1.0,auto,2026-06-06 08:15:44
PC-104880,Z-UTT,1.0,auto,2026-06-06 05:47:17
PC-104881,Z-UTT,1.0,auto,2026-06-06 17:02:19
PC-104882,Z-UTT,0.935414,auto,2026-06-06 00:57:29
PC-104883,Z-UTT,1.0,auto,2026-06-06 12:10:07
PC-104884,Z-UTT,1.0,auto,2026-06-05 17:28:29
PC-104885,Z-UTT,1.0,auto,2026-06-05 20:18:54
PC-104886,Z-UTT,1.0,auto,2026-06-06 17:49:11
PC-104887,Z-UTT,1.0,auto,2026-06-06 21:33:41
PC-104888,Z-UTT,1.0,auto,2026-06-05 15:17:11
PC-104889,Z-UTT,1.0,auto,2026-06-05 04:31:54
PC-104890,Z-UTT,1.0,auto,2026-06-06 15:45:31
PC-104891,Z-UTT,1.0,auto,2026-06-06 20:24:42
PC-104892,Z-UTT,1.0,auto,2026-06-06 08:07:14
PC-104893,Z-UTT,1.0,auto,2026-06-05 22:08:34
PC-104894,Z-UTT,1.0,auto,2026-06-06 19:15:08
PC-104895,Z-UTT,1.0,auto,2026-06-06 16:01:34
PC-104896,Z-UTT,1.0,auto,2026-06-07 06:54:05
PC-104897,Z-UTT,1.0,auto,2026-06-06 23:12:20
PC-104898,Z-UTT,1.0,auto,2026-06-07 00:37:00
PC-104899,Z-UTT,1.0,auto,2026-06-07 18:19:18
PC-104900,Z-UTT,1.0,auto,2026-06-07 11:53:44
PC-104901,Z-UTT,1.0,auto,2026-06-07 04:27:00
PC-104902,Z-UTT,0.935414,auto,2026-06-07 02:44:18
PC-104903,Z-UTT,1.0,auto,2026-06-07 11:27:27
PC-104904,Z-UTT,1.0,auto,2026-06-07 10:33:49
PC-104905,Z-UTT,1.0,auto,2026-06-07 14:47:24
PC-104906,Z-UTT,1.0,auto,2026-06-07 05:21:49
PC-104907,Z-UTT,1.0,auto,2026-06-07 11:17:31
PC-104908,Z-UTT,1.0,auto,2026-06-07 12:50:33
PC-104909,Z-UTT,1.0,auto,2026-06-06 17:19:05
PC-104910,Z-UTT,1.0,auto,2026-06-06 15:37:31
PC-104911,Z-UTT,1.0,auto,2026-06-07 04:54:10
PC-104912,Z-UTT,1.0,auto,2026-06-08 02:45:41
PC-104913,Z-UTT,0.935414,auto,2026-06-07 09:33:39
PC-104914,Z-UTT,1.0,auto,2026-06-08 01:02:52
PC-104915,Z-UTT,1.0,auto,2026-06-07 06:27:32
PC-104916,Z-UTT,1.0,auto,2026-06-08 02:51:22
PC-104917,Z-UTT,0.935414,auto,2026-06-07 23:39:05
PC-104918,Z-UTT,1.0,auto,2026-06-08 14:47:49
PC-104919,Z-UTT,1.0,auto,2026-06-08 05:55:26
PC-104920,Z-UTT,1.0,auto,2026-06-08 15:28:16
PC-104921,Z-UTT,1.0,auto,2026-06-08 06:07:14
PC-104922,Z-UTT,1.0,auto,2026-06-08 11:55:47
PC-104923,Z-UTT,1.0,auto,2026-06-07 20:42:01
PC-104924,Z-UTT,1.0,auto,2026-06-08 06:18:03
PC-104925,Z-UTT,1.0,auto,2026-06-08 23:27:03
PC-104926,Z-UTT,1.0,auto,2026-06-08 06:09:00
PC-104927,Z-UTT,1.0,auto,2026-06-08 02:28:00
PC-104928,Z-UTT,1.0,auto,2026-06-08 09:33:23
PC-104929,Z-UTT,1.0,auto,2026-06-08 06:43:57
PC-104930,Z-UTT,1.0,auto,2026-06-08 03:04:01
PC-104931,Z-UTT,1.0,auto,2026-06-08 10:11:14
PC-104932,Z-UTT,1.0,auto,2026-06-09 06:15:15
PC-104933,Z-UTT,0.935414,auto,2026-06-08 21:51:53
PC-104934,Z-UTT,0.935414,auto,2026-06-08 21:13:49
PC-104935,Z-UTT,1.0,auto,2026-06-07 23:30:32
PC-104936,Z-UTT,1.0,auto,2026-06-08 12:50:47
PC-104937,Z-UTT,1.0,auto,2026-06-08 12:58:27
PC-104938,Z-UTT,1.0,auto,2026-06-08 07:23:01
PC-104939,Z-UTT,1.0,auto,2026-06-09 03:20:06
PC-104940,Z-UTT,1.0,auto,2026-06-09 01:45:22
PC-104941,Z-UTT,1.0,auto,2026-06-09 13:10:06
PC-104942,Z-UTT,1.0,auto,2026-06-09 18:40:08
PC-104943,Z-UTT,1.0,auto,2026-06-09 08:33:13
PC-104944,Z-UTT,0.935414,auto,2026-06-09 03:32:01
PC-104945,Z-UTT,1.0,auto,2026-06-09 00:47:42
PC-104946,Z-UTT,1.0,auto,2026-06-09 06:47:25
PC-104947,Z-UTT,1.0,auto,2026-06-09 06:34:10
PC-104948,Z-UTT,1.0,auto,2026-06-09 09:11:48
PC-104949,Z-UTT,1.0,auto,2026-06-10 07:58:36
PC-104950,Z-UTT,1.0,auto,2026-06-09 09:18:50
PC-104951,Z-UTT,0.935414,auto,2026-06-09 03:10:46
PC-104952,Z-UTT,1.0,auto,2026-06-09 14:18:31
PC-104953,Z-UTT,1.0,auto,2026-06-09 15:21:05
PC-104954,Z-UTT,1.0,auto,2026-06-09 09:32:07
PC-104955,Z-UTT,1.0,auto,2026-06-09 09:30:14
PC-104956,Z-UTT,1.0,auto,2026-06-09 13:02:24
PC-104957,Z-UTT,1.0,auto,2026-06-09 14:39:33
PC-104958,Z-UTT,1.0,auto,2026-06-10 02:15:22
PC-104959,Z-UTT,1.0,auto,2026-06-10 07:37:44
PC-104960,Z-UTT,1.0,auto,2026-06-10 11:51:41
PC-104961,Z-UTT,1.0,auto,2026-06-10 13:09:00
PC-104962,Z-UTT,1.0,auto,2026-06-10 01:04:22
PC-104963,Z-UTT,1.0,auto,2026-06-09 21:56:35
PC-104964,Z-UTT,1.0,auto,2026-06-10 01:11:27
PC-104965,Z-UTT,0.935414,auto,2026-06-10 22:20:34
PC-104966,Z-UTT,1.0,auto,2026-06-10 14:44:41
PC-104967,Z-UTT,1.0,auto,2026-06-10 05:27:34
PC-104968,Z-UTT,1.0,auto,2026-06-10 10:30:46
PC-104969,Z-UTT,1.0,auto,2026-06-10 10:24:48
PC-104970,Z-UTT,1.0,auto,2026-06-10 21:19:41
PC-104971,Z-UTT,0.935414,auto,2026-06-10 05:31:25
PC-104972,Z-UTT,0.935414,auto,2026-06-09 20:40:31
PC-104973,Z-UTT,1.0,auto,2026-06-10 00:44:37
PC-104974,Z-UTT,1.0,auto,2026-06-10 06:54:29
PC-104975,Z-UTT,1.0,auto,2026-06-10 13:15:14
PC-104976,Z-UTT,1.0,auto,2026-06-10 10:08:29
PC-104977,Z-UTT,1.0,auto,2026-06-10 09:08:54
PC-104978,Z-UTT,1.0,auto,2026-06-09 21:35:30
PC-104979,Z-UTT,1.0,auto,2026-06-11 03:22:45
PC-104980,Z-UTT,1.0,auto,2026-06-10 13:28:27
PC-104981,Z-UTT,1.0,auto,2026-06-11 06:48:07
PC-104982,Z-UTT,1.0,auto,2026-06-10 18:55:42
PC-104983,Z-UTT,1.0,auto,2026-06-12 18:41:34
PC-104984,Z-UTT,1.0,auto,2026-06-12 09:49:08
PC-104985,Z-UTT,1.0,auto,2026-06-12 02:37:42
PC-104986,Z-UTT,1.0,auto,2026-06-12 02:09:51
PC-104987,Z-UTT,0.935414,auto,2026-06-12 20:03:19
PC-104988,Z-UTT,1.0,auto,2026-06-11 23:42:45
PC-104989,Z-UTT,1.0,auto,2026-06-12 17:34:36
PC-104990,Z-UTT,1.0,auto,2026-06-12 14:39:51
PC-104991,Z-UTT,1.0,auto,2026-06-12 14:35:30
PC-104992,Z-UTT,1.0,auto,2026-06-12 12:17:14
PC-104993,Z-UTT,1.0,auto,2026-06-12 16:43:57
PC-104994,Z-UTT,1.0,auto,2026-06-12 13:28:29
PC-104995,Z-UTT,1.0,auto,2026-06-12 11:25:23
PC-104996,Z-UTT,1.0,auto,2026-06-12 16:53:54
PC-104997,Z-UTT,1.0,auto,2026-06-12 03:19:57
PC-104998,Z-UTT,1.0,auto,2026-06-12 20:00:44
PC-104999,Z-UTT,1.0,auto,2026-06-12 07:02:08
PC-105000,Z-UTT,0.935414,auto,2026-06-12 07:48:38
PC-105001,Z-UTT,1.0,auto,2026-06-12 15:36:52
PC-105002,Z-UTT,1.0,auto,2026-06-12 13:02:36
PC-105003,Z-UTT,1.0,auto,2026-06-12 14:53:42
PC-105004,Z-UTT,1.0,auto,2026-06-13 04:06:27
PC-105005,Z-UTT,1.0,auto,2026-06-13 02:19:56
PC-105006,Z-UTT,1.0,auto,2026-06-13 08:13:42
PC-105007,Z-UTT,1.0,auto,2026-06-13 03:04:07
PC-105008,Z-UTT,1.0,auto,2026-06-13 06:54:06
PC-105009,Z-UTT,1.0,auto,2026-06-14 08:24:25
PC-105010,Z-UTT,1.0,auto,2026-06-13 16:23:17
PC-105011,Z-UTT,1.0,auto,2026-06-13 04:41:12
PC-105012,Z-UTT,1.0,auto,2026-06-13 01:47:15
PC-105013,Z-UTT,0.935414,auto,2026-06-13 20:31:56
PC-105014,Z-UTT,1.0,auto,2026-06-13 01:01:03
PC-105015,Z-UTT,1.0,auto,2026-06-13 14:46:55
PC-105016,Z-UTT,1.0,auto,2026-06-14 04:34:51
PC-105017,Z-UTT,1.0,auto,2026-06-13 15:49:02
PC-105018,Z-UTT,1.0,auto,2026-06-14 01:53:25
PC-105019,Z-UTT,1.0,auto,2026-06-13 18:46:59
PC-105020,Z-UTT,0.935414,auto,2026-06-14 05:34:51
PC-105021,Z-UTT,1.0,auto,2026-06-14 11:51:38
PC-105022,Z-UTT,1.0,auto,2026-06-14 04:07:15
PC-105023,Z-UTT,1.0,auto,2026-06-13 20:59:35
PC-105024,Z-UTT,1.0,auto,2026-06-14 10:49:07
PC-105025,Z-UTT,1.0,auto,2026-06-14 14:23:56
PC-105026,Z-UTT,1.0,auto,2026-06-14 13:14:04
PC-105027,Z-UTT,1.0,auto,2026-06-14 15:39:10
PC-105028,Z-UTT,1.0,auto,2026-06-14 12:37:45
PC-105029,Z-UTT,1.0,auto,2026-06-13 18:26:36
PC-105030,Z-UTT,1.0,auto,2026-06-14 23:59:57
PC-105031,Z-UTT,1.0,auto,2026-06-14 16:03:39
PC-105032,Z-UTT,1.0,auto,2026-06-14 15:27:03
PC-105033,Z-UTT,1.0,auto,2026-06-13 22:58:18
PC-105034,Z-UTT,1.0,auto,2026-06-14 13:50:28
PC-105035,Z-UTT,1.0,auto,2026-06-14 06:13:51
PC-105036,Z-UTT,1.0,auto,2026-06-13 21:06:43
PC-105037,Z-UTT,1.0,auto,2026-06-14 14:33:56
PC-105038,Z-UTT,1.0,auto,2026-06-15 17:40:29
PC-105039,Z-UTT,1.0,auto,2026-06-15 19:54:41
PC-105040,Z-UTT,1.0,auto,2026-06-15 21:22:20
PC-105041,Z-UTT,1.0,auto,2026-06-15 02:57:51
PC-105042,Z-UTT,1.0,auto,2026-06-15 13:13:11
PC-105043,Z-UTT,1.0,auto,2026-06-15 21:50:43
PC-105044,Z-UTT,1.0,auto,2026-06-15 09:44:06
PC-105045,Z-UTT,1.0,auto,2026-06-15 08:12:54
PC-105046,Z-UTT,1.0,auto,2026-06-15 00:40:32
PC-105047,Z-UTT,1.0,auto,2026-06-15 08:54:29
PC-105048,Z-UTT,1.0,auto,2026-06-15 20:25:54
PC-105049,Z-UTT,1.0,auto,2026-06-15 08:32:13
PC-105050,Z-UTT,1.0,auto,2026-06-15 10:46:03
PC-105051,Z-UTT,1.0,auto,2026-06-15 10:11:32
PC-105052,Z-UTT,1.0,auto,2026-06-15 14:04:56
PC-105053,Z-UTT,1.0,auto,2026-06-14 20:06:30
PC-105054,Z-UTT,1.0,auto,2026-06-15 16:17:54
PC-105055,Z-UTT,1.0,auto,2026-06-14 13:01:51
PC-105056,Z-UTT,1.0,auto,2026-06-15 13:59:18
PC-105057,Z-UTT,1.0,auto,2026-06-15 11:31:33
PC-105058,Z-UTT,1.0,auto,2026-06-15 11:57:17
PC-105059,Z-UTT,1.0,auto,2026-06-16 15:18:43
PC-105060,Z-UTT,1.0,auto,2026-06-16 19:34:36
PC-105061,Z-UTT,1.0,auto,2026-06-16 07:02:31
PC-105062,Z-UTT,1.0,auto,2026-06-16 04:36:58
PC-105063,Z-UTT,1.0,auto,2026-06-16 07:59:29
PC-105064,Z-UTT,1.0,auto,2026-06-15 23:37:54
PC-105065,Z-UTT,0.935414,auto,2026-06-16 16:39:17
PC-105066,Z-UTT,1.0,auto,2026-06-16 16:26:07
PC-105067,Z-UTT,1.0,auto,2026-06-16 04:33:10
PC-105068,Z-UTT,1.0,auto,2026-06-16 07:38:29
PC-105069,Z-UTT,1.0,auto,2026-06-16 14:43:09
PC-105070,Z-UTT,1.0,auto,2026-06-16 04:00:24
PC-105071,Z-UTT,1.0,auto,2026-06-16 12:51:31
PC-105072,Z-UTT,1.0,auto,2026-06-16 08:38:36
PC-105073,Z-UTT,1.0,auto,2026-06-16 06:08:52
PC-105074,Z-UTT,1.0,auto,2026-06-15 17:34:05
PC-105075,Z-UTT,1.0,auto,2026-06-16 15:57:49
PC-105076,Z-UTT,1.0,auto,2026-06-16 10:55:32
PC-105077,Z-UTT,1.0,auto,2026-06-16 06:58:31
PC-105078,Z-UTT,1.0,auto,2026-06-16 18:24:45
PC-105079,Z-UTT,1.0,auto,2026-06-17 01:42:33
PC-105080,Z-UTT,1.0,auto,2026-06-15 23:52:47
PC-105081,Z-UTT,0.935414,auto,2026-06-16 21:09:41
PC-105082,Z-UTT,1.0,auto,2026-06-16 14:20:31
PC-105083,Z-UTT,1.0,auto,2026-06-16 17:34:48
PC-105084,Z-UTT,0.935414,auto,2026-06-17 12:11:23
PC-105085,Z-UTT,1.0,auto,2026-06-17 00:38:06
PC-105086,Z-UTT,1.0,auto,2026-06-17 13:30:54
PC-105087,Z-UTT,1.0,auto,2026-06-16 20:17:19
PC-105088,Z-UTT,1.0,auto,2026-06-16 23:18:57
PC-105089,Z-UTT,1.0,auto,2026-06-17 01:59:52
PC-105090,Z-UTT,1.0,auto,2026-06-17 12:26:33
PC-105091,Z-UTT,1.0,auto,2026-06-17 11:56:28
PC-105092,Z-UTT,1.0,auto,2026-06-17 00:44:53
PC-105093,Z-UTT,1.0,auto,2026-06-16 15:59:17
PC-105094,Z-UTT,1.0,auto,2026-06-17 23:07:24
PC-105095,Z-UTT,0.935414,auto,2026-06-17 05:06:11
PC-105096,Z-UTT,1.0,auto,2026-06-17 13:38:49
PC-105097,Z-UTT,1.0,auto,2026-06-17 19:52:04
PC-105098,Z-UTT,1.0,auto,2026-06-17 04:13:10
PC-105099,Z-UTT,1.0,auto,2026-06-17 16:28:12
PC-105100,Z-UTT,1.0,auto,2026-06-17 09:46:58
PC-105101,Z-UTT,1.0,auto,2026-06-17 04:08:45
PC-105102,Z-UTT,0.935414,auto,2026-06-17 09:08:09
PC-105103,Z-UTT,1.0,auto,2026-06-17 23:42:33
PC-105104,Z-UTT,1.0,auto,2026-06-18 10:45:55
PC-105105,Z-UTT,1.0,auto,2026-06-18 00:59:49
PC-105106,Z-UTT,1.0,auto,2026-06-18 06:09:22
PC-105107,Z-UTT,1.0,auto,2026-06-17 21:37:20
PC-105108,Z-UTT,1.0,auto,2026-06-18 10:24:56
PC-105109,Z-UTT,1.0,auto,2026-06-19 00:39:32
PC-105110,Z-UTT,1.0,auto,2026-06-18 15:06:28
PC-105111,Z-UTT,1.0,auto,2026-06-18 14:39:57
PC-105112,Z-UTT,1.0,auto,2026-06-17 16:19:46
PC-105113,Z-UTT,1.0,auto,2026-06-18 11:22:51
PC-105114,Z-UTT,1.0,auto,2026-06-19 04:28:03
PC-105115,Z-UTT,1.0,auto,2026-06-18 06:02:14
PC-105116,Z-UTT,1.0,auto,2026-06-17 06:35:01
PC-105117,Z-UTT,0.935414,auto,2026-06-18 02:14:59
PC-105118,Z-UTT,1.0,auto,2026-06-18 02:39:19
PC-105119,Z-UTT,1.0,auto,2026-06-18 13:00:14
PC-105120,Z-UTT,1.0,auto,2026-06-19 10:51:16
PC-105121,Z-UTT,1.0,auto,2026-06-18 09:16:51
PC-105122,Z-UTT,1.0,auto,2026-06-18 09:25:32
PC-105123,Z-UTT,1.0,auto,2026-06-18 19:31:25
PC-105124,Z-UTT,1.0,auto,2026-06-21 01:26:38
PC-105125,Z-UTT,1.0,auto,2026-06-20 05:20:39
PC-105126,Z-UTT,1.0,auto,2026-06-20 05:09:33
PC-105127,Z-UTT,1.0,auto,2026-06-19 22:50:54
PC-105128,Z-UTT,1.0,auto,2026-06-20 10:23:21
PC-105129,Z-UTT,1.0,auto,2026-06-20 14:47:16
PC-105130,Z-UTT,1.0,auto,2026-06-20 16:10:46
PC-105131,Z-UTT,1.0,auto,2026-06-20 10:57:33
PC-105132,Z-UTT,1.0,auto,2026-06-20 19:37:25
PC-105133,Z-UTT,1.0,auto,2026-06-20 07:05:12
PC-105134,Z-UTT,1.0,auto,2026-06-21 12:43:57
PC-105135,Z-UTT,1.0,auto,2026-06-20 06:48:36
PC-105136,Z-UTT,1.0,auto,2026-06-20 08:29:14
PC-105137,Z-UTT,1.0,auto,2026-06-19 23:37:34
PC-105138,Z-UTT,1.0,auto,2026-06-20 03:02:49
PC-105139,Z-UTT,1.0,auto,2026-06-19 18:29:43
PC-105140,Z-UTT,0.935414,auto,2026-06-20 12:22:55
PC-105141,Z-UTT,1.0,auto,2026-06-21 06:48:20
PC-105142,Z-UTT,1.0,auto,2026-06-20 19:30:51
PC-105143,Z-UTT,1.0,auto,2026-06-21 08:59:38
PC-105144,Z-UTT,0.935414,auto,2026-06-20 14:40:07
PC-105145,Z-UTT,0.935414,auto,2026-06-21 08:51:57
PC-105146,Z-UTT,0.935414,auto,2026-06-21 06:18:40
PC-105147,Z-UTT,1.0,auto,2026-06-21 09:35:51
PC-105148,Z-UTT,1.0,auto,2026-06-21 01:42:57
PC-105149,Z-UTT,1.0,auto,2026-06-21 03:29:52
PC-105150,Z-UTT,1.0,auto,2026-06-21 05:55:36
PC-105151,Z-UTT,1.0,auto,2026-06-21 06:28:14
PC-105152,Z-UTT,1.0,auto,2026-06-21 17:55:52
PC-105153,Z-UTT,0.935414,auto,2026-06-21 03:06:46
PC-105154,Z-UTT,1.0,auto,2026-06-21 16:26:39
PC-105155,Z-UTT,1.0,auto,2026-06-21 05:53:18
PC-105156,Z-UTT,1.0,auto,2026-06-21 20:17:04
PC-105157,Z-UTT,1.0,auto,2026-06-21 13:45:37
PC-105158,Z-UTT,1.0,auto,2026-06-21 12:31:30
PC-105159,Z-UTT,1.0,auto,2026-06-21 08:35:00
PC-105160,Z-UTT,1.0,auto,2026-06-21 23:50:53
PC-105161,Z-UTT,1.0,auto,2026-06-21 14:16:02
PC-105162,Z-UTT,1.0,auto,2026-06-22 05:56:30
PC-105163,Z-UTT,1.0,auto,2026-06-21 13:10:32
PC-105164,Z-UTT,1.0,auto,2026-06-22 03:48:29
PC-105165,Z-UTT,1.0,auto,2026-06-22 11:27:28
PC-105166,Z-UTT,1.0,auto,2026-06-22 02:33:50
PC-105167,Z-UTT,1.0,auto,2026-06-22 16:32:59
PC-105168,Z-UTT,1.0,auto,2026-06-22 05:20:47
PC-105169,Z-UTT,1.0,auto,2026-06-22 07:04:19
PC-105170,Z-UTT,1.0,auto,2026-06-22 19:27:58
PC-105171,Z-UTT,1.0,auto,2026-06-22 11:48:27
PC-105172,Z-UTT,1.0,auto,2026-06-22 12:00:01
PC-105173,Z-UTT,1.0,auto,2026-06-21 22:52:11
PC-105174,Z-UTT,1.0,auto,2026-06-22 11:21:27
PC-105175,Z-UTT,1.0,auto,2026-06-22 04:12:40
PC-105176,Z-UTT,0.935414,auto,2026-06-22 15:47:15
PC-105177,Z-UTT,1.0,auto,2026-06-22 09:15:14
PC-105178,Z-UTT,1.0,auto,2026-06-22 02:41:16
PC-105179,Z-UTT,1.0,auto,2026-06-22 08:40:47
PC-105180,Z-UTT,1.0,auto,2026-06-22 17:29:55
PC-105181,Z-UTT,0.935414,auto,2026-06-22 03:44:57
PC-105182,Z-UTT,1.0,auto,2026-06-22 09:44:22
PC-105183,Z-UTT,1.0,auto,2026-06-22 10:56:55
PC-105184,Z-UTT,1.0,auto,2026-06-21 17:23:50
PC-105185,Z-UTT,1.0,auto,2026-06-23 04:54:54
PC-105186,Z-UTT,1.0,auto,2026-06-22 05:12:28
PC-105187,Z-UTT,1.0,auto,2026-06-23 00:34:43
PC-105188,Z-UTT,1.0,auto,2026-06-23 07:01:50
PC-105189,Z-UTT,0.935414,auto,2026-06-22 18:27:11
PC-105190,Z-UTT,1.0,auto,2026-06-23 20:16:14
PC-105191,Z-UTT,1.0,auto,2026-06-23 09:01:13
PC-105192,Z-UTT,1.0,auto,2026-06-23 16:09:04
PC-105193,Z-UTT,1.0,auto,2026-06-23 03:36:19
PC-105194,Z-UTT,0.935414,auto,2026-06-23 14:17:49
PC-105195,Z-UTT,1.0,auto,2026-06-22 20:47:11
PC-105196,Z-UTT,1.0,auto,2026-06-23 07:55:29
PC-105197,Z-UTT,1.0,auto,2026-06-23 04:04:26
PC-105198,Z-UTT,1.0,auto,2026-06-23 12:05:00
PC-105199,Z-UTT,1.0,auto,2026-06-23 22:22:08
PC-105200,Z-UTT,1.0,auto,2026-06-23 01:17:54
PC-105201,Z-UTT,1.0,auto,2026-06-23 07:55:42
PC-105202,Z-UTT,1.0,auto,2026-06-23 07:57:05
PC-105203,Z-UTT,1.0,auto,2026-06-23 06:44:10
PC-105204,Z-UTT,1.0,auto,2026-06-23 22:29:24
PC-105205,Z-UTT,1.0,auto,2026-06-23 13:08:15
PC-105206,Z-UTT,1.0,auto,2026-06-23 17:33:49
PC-105207,Z-UTT,1.0,auto,2026-06-23 12:22:18
PC-105208,Z-UTT,1.0,auto,2026-06-24 03:16:20
PC-105209,Z-UTT,1.0,auto,2026-06-24 00:38:35
PC-105210,Z-UTT,1.0,auto,2026-06-23 17:42:02
PC-105211,Z-UTT,1.0,auto,2026-06-24 08:05:01
PC-105212,Z-UTT,1.0,auto,2026-06-26 17:31:07
PC-105213,Z-UTT,1.0,auto,2026-06-26 14:24:22
PC-105214,Z-UTT,1.0,auto,2026-06-26 09:56:16
PC-105215,Z-UTT,1.0,auto,2026-06-26 13:23:16
PC-105216,Z-UTT,1.0,auto,2026-06-25 22:16:25
PC-105217,Z-UTT,1.0,auto,2026-06-26 09:32:44
PC-105218,Z-UTT,1.0,auto,2026-06-26 08:38:00
PC-105219,Z-UTT,1.0,auto,2026-06-26 07:54:58
PC-105220,Z-UTT,1.0,auto,2026-06-26 21:34:38
PC-105221,Z-UTT,1.0,auto,2026-06-25 22:46:40
PC-105222,Z-UTT,1.0,auto,2026-06-26 03:05:12
PC-105223,Z-UTT,1.0,auto,2026-06-26 10:56:38
PC-105224,Z-UTT,1.0,auto,2026-06-25 21:23:34
PC-105225,Z-UTT,1.0,auto,2026-06-26 05:49:11
PC-105226,Z-UTT,1.0,auto,2026-06-26 22:44:16
PC-105227,Z-UTT,0.935414,auto,2026-06-26 11:21:55
PC-105228,Z-UTT,0.935414,auto,2026-06-26 18:00:17
PC-105229,Z-UTT,1.0,auto,2026-06-27 02:21:41
PC-105230,Z-UTT,1.0,auto,2026-06-27 19:12:30
PC-105231,Z-UTT,1.0,auto,2026-06-27 04:42:50
PC-105232,Z-UTT,1.0,auto,2026-06-27 03:25:13
PC-105233,Z-UTT,1.0,auto,2026-06-27 20:41:57
PC-105234,Z-UTT,1.0,auto,2026-06-26 22:45:11
PC-105235,Z-UTT,1.0,auto,2026-06-26 23:48:37
PC-105236,Z-UTT,1.0,auto,2026-06-27 18:25:52
PC-105237,Z-UTT,1.0,auto,2026-06-26 16:34:41
PC-105238,Z-UTT,1.0,auto,2026-06-26 12:36:15
PC-105239,Z-UTT,1.0,auto,2026-06-27 05:52:34
PC-105240,Z-UTT,1.0,auto,2026-06-26 21:34:02
PC-105241,Z-UTT,1.0,auto,2026-06-27 12:06:53
PC-105242,Z-UTT,1.0,auto,2026-06-27 14:20:31
PC-105243,Z-UTT,1.0,auto,2026-06-27 13:27:21
PC-105244,Z-UTT,1.0,auto,2026-06-27 06:11:26
PC-105245,Z-UTT,1.0,auto,2026-06-27 20:14:19
PC-105246,Z-UTT,1.0,auto,2026-06-27 15:46:27
PC-105247,Z-UTT,1.0,auto,2026-06-27 18:59:42
PC-105248,Z-UTT,1.0,auto,2026-06-27 07:03:06
PC-105249,Z-UTT,1.0,auto,2026-06-27 01:35:47
PC-105250,Z-UTT,1.0,auto,2026-06-27 22:15:53
PC-105251,Z-UTT,1.0,auto,2026-06-28 21:42:59
PC-105252,Z-UTT,1.0,auto,2026-06-27 17:32:49
PC-105253,Z-UTT,1.0,auto,2026-06-28 09:07:15
PC-105254,Z-UTT,1.0,auto,2026-06-28 12:29:13
PC-105255,Z-UTT,1.0,auto,2026-06-27 18:09:21
PC-105256,Z-UTT,1.0,auto,2026-06-28 19:44:18
PC-105257,Z-UTT,1.0,auto,2026-06-27 12:54:33
PC-105258,Z-UTT,0.935414,auto,2026-06-28 08:08:31
PC-105259,Z-UTT,1.0,auto,2026-06-29 01:43:43
PC-105260,Z-UTT,1.0,auto,2026-06-28 17:39:57
PC-105261,Z-UTT,1.0,auto,2026-06-28 02:01:09
PC-105262,Z-UTT,1.0,auto,2026-06-28 03:47:18
PC-105263,Z-UTT,1.0,auto,2026-06-28 07:32:40
PC-105264,Z-UTT,1.0,auto,2026-06-28 15:48:47
PC-105265,Z-UTT,1.0,auto,2026-06-28 14:50:57
PC-105266,Z-UTT,1.0,auto,2026-06-27 14:06:14
PC-105267,Z-UTT,1.0,auto,2026-06-28 15:25:57
PC-105268,Z-UTT,1.0,auto,2026-06-28 21:14:24
PC-105269,Z-UTT,1.0,auto,2026-06-28 06:26:29
PC-105270,Z-UTT,0.935414,auto,2026-06-28 04:48:28
PC-105271,Z-UTT,0.935414,auto,2026-06-28 04:49:01
PC-105272,Z-UTT,1.0,auto,2026-06-29 08:18:24
PC-105273,Z-UTT,1.0,auto,2026-06-28 13:02:49
PC-105274,Z-UTT,1.0,auto,2026-06-29 18:07:14
PC-105275,Z-UTT,1.0,auto,2026-06-29 06:39:48
PC-105276,Z-UTT,1.0,auto,2026-06-29 17:14:42
PC-105277,Z-UTT,0.935414,auto,2026-06-29 08:01:00
PC-105278,Z-UTT,1.0,auto,2026-06-29 03:27:16
PC-105279,Z-UTT,1.0,auto,2026-06-29 18:30:24
PC-105280,Z-UTT,1.0,auto,2026-06-29 10:58:15
PC-105281,Z-UTT,1.0,auto,2026-06-29 20:09:46
PC-105282,Z-UTT,1.0,auto,2026-06-28 23:41:05
PC-105283,Z-UTT,1.0,auto,2026-06-29 08:29:02
PC-105284,Z-UTT,0.935414,auto,2026-06-29 03:41:49
PC-105285,Z-UTT,1.0,auto,2026-06-29 10:18:40
PC-105286,Z-UTT,1.0,auto,2026-06-29 12:31:07
PC-105287,Z-UTT,1.0,auto,2026-06-29 12:34:57
PC-105288,Z-UTT,1.0,auto,2026-06-29 04:40:02
PC-105289,Z-UTT,1.0,auto,2026-06-29 02:05:56
PC-105290,Z-UTT,1.0,auto,2026-06-28 16:19:11
PC-105291,Z-UTT,1.0,auto,2026-06-28 21:47:00
PC-105292,Z-UTT,1.0,auto,2026-06-29 01:05:15
PC-105293,Z-UTT,1.0,auto,2026-06-28 18:12:26
PC-105294,Z-UTT,1.0,auto,2026-06-29 14:43:51
PC-105295,Z-UTT,1.0,auto,2026-06-30 04:43:07
PC-105296,Z-DHN,1.0,auto,2026-05-30 23:43:10
PC-105297,Z-DHN,1.0,auto,2026-05-31 13:23:50
PC-105298,Z-DHN,1.0,auto,2026-05-30 04:50:13
PC-105299,Z-DHN,1.0,auto,2026-05-31 00:41:58
PC-105300,Z-DHN,1.0,auto,2026-05-30 09:01:18
PC-105301,Z-DHN,1.0,auto,2026-05-30 19:04:14
PC-105302,Z-DHN,1.0,auto,2026-05-31 03:17:33
PC-105303,Z-DHN,1.0,auto,2026-05-31 04:56:06
PC-105304,Z-DHN,1.0,auto,2026-05-30 15:34:16
PC-105305,Z-DHN,1.0,auto,2026-06-01 09:27:37
PC-105306,Z-DHN,1.0,auto,2026-05-31 22:00:37
PC-105307,Z-DHN,1.0,auto,2026-06-01 03:44:32
PC-105308,Z-DHN,0.912871,auto,2026-05-31 16:36:36
PC-105309,Z-DHN,1.0,auto,2026-05-31 12:29:27
PC-105310,Z-DHN,1.0,auto,2026-05-31 17:29:23
PC-105311,Z-DHN,1.0,auto,2026-05-31 11:00:07
PC-105312,Z-DHN,0.912871,auto,2026-05-31 14:14:05
PC-105313,Z-DHN,1.0,auto,2026-05-31 14:35:27
PC-105314,Z-DHN,1.0,auto,2026-05-31 14:07:26
PC-105315,Z-DHN,1.0,auto,2026-05-31 11:44:41
PC-105316,Z-DHN,1.0,auto,2026-06-01 14:10:39
PC-105317,Z-DHN,1.0,auto,2026-05-31 22:46:07
PC-105318,Z-DHN,1.0,auto,2026-05-31 22:37:54
PC-105319,Z-DHN,1.0,auto,2026-06-02 04:14:56
PC-105320,Z-DHN,1.0,auto,2026-06-02 07:52:54
PC-105321,Z-DHN,1.0,auto,2026-06-01 16:43:37
PC-105322,Z-DHN,1.0,auto,2026-06-02 07:31:30
PC-105323,Z-DHN,1.0,auto,2026-06-02 02:25:48
PC-105324,Z-DHN,1.0,auto,2026-06-02 12:18:26
PC-105325,Z-DHN,1.0,auto,2026-06-01 19:55:42
PC-105326,Z-DHN,1.0,auto,2026-06-01 17:54:50
PC-105327,Z-DHN,1.0,auto,2026-06-01 22:54:07
PC-105328,Z-DHN,1.0,auto,2026-06-02 10:50:09
PC-105329,Z-DHN,0.912871,auto,2026-06-02 02:23:22
PC-105330,Z-DHN,1.0,auto,2026-06-02 00:21:16
PC-105331,Z-DHN,1.0,auto,2026-06-02 00:52:32
PC-105332,Z-DHN,0.912871,auto,2026-06-01 20:29:03
PC-105333,Z-DHN,1.0,auto,2026-06-01 19:57:15
PC-105334,Z-DHN,0.912871,auto,2026-06-01 16:56:39
PC-105335,Z-DHN,1.0,auto,2026-06-02 04:36:13
PC-105336,Z-DHN,1.0,auto,2026-06-02 18:18:03
PC-105337,Z-DHN,1.0,auto,2026-06-02 09:07:03
PC-105338,Z-DHN,1.0,auto,2026-06-02 11:40:18
PC-105339,Z-DHN,1.0,auto,2026-06-02 19:37:16
PC-105340,Z-DHN,1.0,auto,2026-06-02 21:34:31
PC-105341,Z-DHN,1.0,auto,2026-06-02 20:52:20
PC-105342,Z-DHN,1.0,auto,2026-06-02 14:50:12
PC-105343,Z-DHN,1.0,auto,2026-06-03 03:39:50
PC-105344,Z-DHN,1.0,auto,2026-06-02 17:53:49
PC-105345,Z-DHN,1.0,auto,2026-06-02 23:23:57
PC-105346,Z-DHN,1.0,auto,2026-06-02 21:13:27
PC-105347,Z-DHN,1.0,auto,2026-06-02 17:06:34
PC-105348,Z-DHN,0.912871,auto,2026-06-02 21:09:26
PC-105349,Z-DHN,1.0,auto,2026-06-03 00:48:54
PC-105350,Z-DHN,1.0,auto,2026-06-02 08:44:50
PC-105351,Z-DHN,1.0,auto,2026-06-02 18:20:33
PC-105352,Z-DHN,0.912871,auto,2026-06-04 11:49:04
PC-105353,Z-DHN,0.912871,auto,2026-06-03 04:27:17
PC-105354,Z-DHN,1.0,auto,2026-06-03 18:09:37
PC-105355,Z-DHN,1.0,auto,2026-06-05 17:41:18
PC-105356,Z-DHN,1.0,auto,2026-06-05 09:58:15
PC-105357,Z-DHN,1.0,auto,2026-06-04 15:22:44
PC-105358,Z-DHN,1.0,auto,2026-06-04 15:13:10
PC-105359,Z-DHN,1.0,auto,2026-06-05 00:01:42
PC-105360,Z-DHN,1.0,auto,2026-06-05 09:00:42
PC-105361,Z-DHN,0.912871,auto,2026-06-04 22:52:38
PC-105362,Z-DHN,0.912871,auto,2026-06-04 11:43:09
PC-105363,Z-DHN,1.0,auto,2026-06-04 21:47:53
PC-105364,Z-DHN,1.0,auto,2026-06-04 07:59:17
PC-105365,Z-DHN,1.0,auto,2026-06-04 13:40:52
PC-105366,Z-DHN,1.0,auto,2026-06-05 04:47:55
PC-105367,Z-DHN,1.0,auto,2026-06-04 21:48:04
PC-105368,Z-DHN,1.0,auto,2026-06-04 11:12:58
PC-105369,Z-DHN,1.0,auto,2026-06-05 01:18:18
PC-105370,Z-DHN,1.0,auto,2026-06-05 16:54:26
PC-105371,Z-DHN,1.0,auto,2026-06-05 17:24:57
PC-105372,Z-DHN,1.0,auto,2026-06-06 09:28:14
PC-105373,Z-DHN,0.912871,auto,2026-06-05 23:20:35
PC-105374,Z-DHN,1.0,auto,2026-06-07 03:50:26
PC-105375,Z-DHN,1.0,auto,2026-06-07 01:15:31
PC-105376,Z-DHN,1.0,auto,2026-06-06 20:22:04
PC-105377,Z-DHN,1.0,auto,2026-06-07 19:36:22
PC-105378,Z-DHN,1.0,auto,2026-06-06 20:30:16
PC-105379,Z-DHN,1.0,auto,2026-06-06 18:31:18
PC-105380,Z-DHN,1.0,auto,2026-06-06 18:42:10
PC-105381,Z-DHN,1.0,auto,2026-06-07 06:14:20
PC-105382,Z-DHN,1.0,auto,2026-06-06 13:19:31
PC-105383,Z-DHN,1.0,auto,2026-06-06 21:25:46
PC-105384,Z-DHN,1.0,auto,2026-06-07 01:10:40
PC-105385,Z-DHN,1.0,auto,2026-06-06 18:47:51
PC-105386,Z-DHN,1.0,auto,2026-06-06 13:39:32
PC-105387,Z-DHN,1.0,auto,2026-06-06 18:03:33
PC-105388,Z-DHN,1.0,auto,2026-06-07 23:25:41
PC-105389,Z-DHN,1.0,auto,2026-06-07 11:55:34
PC-105390,Z-DHN,1.0,auto,2026-06-07 22:50:21
PC-105391,Z-DHN,1.0,auto,2026-06-08 01:30:44
PC-105392,Z-DHN,0.912871,auto,2026-06-07 14:21:35
PC-105393,Z-DHN,1.0,auto,2026-06-07 08:38:30
PC-105394,Z-DHN,1.0,auto,2026-06-07 22:23:11
PC-105395,Z-DHN,1.0,auto,2026-06-07 20:33:32
PC-105396,Z-DHN,1.0,auto,2026-06-08 01:21:29
PC-105397,Z-DHN,1.0,auto,2026-06-08 05:57:16
PC-105398,Z-DHN,1.0,auto,2026-06-07 19:34:30
PC-105399,Z-DHN,0.912871,auto,2026-06-07 09:07:15
PC-105400,Z-DHN,1.0,auto,2026-06-07 17:18:03
PC-105401,Z-DHN,1.0,auto,2026-06-08 02:16:15
PC-105402,Z-DHN,1.0,auto,2026-06-08 03:02:13
PC-105403,Z-DHN,1.0,auto,2026-06-07 11:47:49
PC-105404,Z-DHN,1.0,auto,2026-06-07 13:27:17
PC-105405,Z-DHN,1.0,auto,2026-06-07 15:31:56
PC-105406,Z-DHN,1.0,auto,2026-06-09 03:35:14
PC-105407,Z-DHN,0.912871,auto,2026-06-08 18:35:06
PC-105408,Z-DHN,1.0,auto,2026-06-08 16:59:03
PC-105409,Z-DHN,1.0,auto,2026-06-08 21:56:33
PC-105410,Z-DHN,1.0,auto,2026-06-08 20:44:39
PC-105411,Z-DHN,1.0,auto,2026-06-08 12:19:37
PC-105412,Z-DHN,1.0,auto,2026-06-08 17:47:49
PC-105413,Z-DHN,1.0,auto,2026-06-08 17:36:30
PC-105414,Z-DHN,1.0,auto,2026-06-09 07:40:48
PC-105415,Z-DHN,1.0,auto,2026-06-08 20:29:52
PC-105416,Z-DHN,1.0,auto,2026-06-09 14:30:28
PC-105417,Z-DHN,1.0,auto,2026-06-10 02:02:39
PC-105418,Z-DHN,1.0,auto,2026-06-09 20:27:46
PC-105419,Z-DHN,1.0,auto,2026-06-09 19:56:34
PC-105420,Z-DHN,1.0,auto,2026-06-09 14:20:57
PC-105421,Z-DHN,1.0,auto,2026-06-09 18:17:31
PC-105422,Z-DHN,1.0,auto,2026-06-09 23:05:15
PC-105423,Z-DHN,1.0,auto,2026-06-09 17:54:09
PC-105424,Z-DHN,1.0,auto,2026-06-09 15:42:36
PC-105425,Z-DHN,1.0,auto,2026-06-09 21:10:21
PC-105426,Z-DHN,1.0,auto,2026-06-10 03:52:40
PC-105427,Z-DHN,1.0,auto,2026-06-09 16:37:15
PC-105428,Z-DHN,1.0,auto,2026-06-10 04:35:08
PC-105429,Z-DHN,1.0,auto,2026-06-09 22:35:33
PC-105430,Z-DHN,1.0,auto,2026-06-09 19:13:31
PC-105431,Z-DHN,1.0,auto,2026-06-10 12:33:00
PC-105432,Z-DHN,1.0,auto,2026-06-10 01:06:02
PC-105433,Z-DHN,1.0,auto,2026-06-09 14:48:22
PC-105434,Z-DHN,1.0,auto,2026-06-09 09:10:49
PC-105435,Z-DHN,1.0,auto,2026-06-11 01:01:22
PC-105436,Z-DHN,1.0,auto,2026-06-11 05:54:24
PC-105437,Z-DHN,1.0,auto,2026-06-11 01:50:31
PC-105438,Z-DHN,1.0,auto,2026-06-10 01:57:53
PC-105439,Z-DHN,1.0,auto,2026-06-11 03:15:49
PC-105440,Z-DHN,1.0,auto,2026-06-10 21:31:44
PC-105441,Z-DHN,1.0,auto,2026-06-11 19:51:07
PC-105442,Z-DHN,1.0,auto,2026-06-10 08:31:43
PC-105443,Z-DHN,1.0,auto,2026-06-12 00:46:26
PC-105444,Z-DHN,1.0,auto,2026-06-11 16:39:37
PC-105445,Z-DHN,1.0,auto,2026-06-11 08:42:07
PC-105446,Z-DHN,1.0,auto,2026-06-12 06:20:41
PC-105447,Z-DHN,1.0,auto,2026-06-12 14:11:27
PC-105448,Z-DHN,1.0,auto,2026-06-13 03:06:45
PC-105449,Z-DHN,1.0,auto,2026-06-12 10:52:18
PC-105450,Z-DHN,0.912871,auto,2026-06-12 17:13:41
PC-105451,Z-DHN,1.0,auto,2026-06-12 17:08:45
PC-105452,Z-DHN,1.0,auto,2026-06-13 11:29:27
PC-105453,Z-DHN,1.0,auto,2026-06-12 22:51:53
PC-105454,Z-DHN,1.0,auto,2026-06-13 05:02:34
PC-105455,Z-DHN,1.0,auto,2026-06-12 10:23:42
PC-105456,Z-DHN,1.0,auto,2026-06-12 18:19:38
PC-105457,Z-DHN,1.0,auto,2026-06-13 07:16:21
PC-105458,Z-DHN,1.0,auto,2026-06-12 22:57:53
PC-105459,Z-DHN,1.0,auto,2026-06-13 16:20:28
PC-105460,Z-DHN,1.0,auto,2026-06-13 13:05:31
PC-105461,Z-DHN,1.0,auto,2026-06-13 20:28:48
PC-105462,Z-DHN,1.0,auto,2026-06-14 06:21:42
PC-105463,Z-DHN,1.0,auto,2026-06-13 12:58:31
PC-105464,Z-DHN,1.0,auto,2026-06-14 08:52:50
PC-105465,Z-DHN,1.0,auto,2026-06-13 07:43:03
PC-105466,Z-DHN,1.0,auto,2026-06-13 20:17:20
PC-105467,Z-DHN,1.0,auto,2026-06-14 00:40:35
PC-105468,Z-DHN,1.0,auto,2026-06-14 00:32:40
PC-105469,Z-DHN,1.0,auto,2026-06-13 12:34:02
PC-105470,Z-DHN,1.0,auto,2026-06-13 18:21:25
PC-105471,Z-DHN,1.0,auto,2026-06-13 14:14:30
PC-105472,Z-DHN,1.0,auto,2026-06-12 22:46:26
PC-105473,Z-DHN,1.0,auto,2026-06-13 19:52:30
PC-105474,Z-DHN,1.0,auto,2026-06-13 15:57:51
PC-105475,Z-DHN,1.0,auto,2026-06-14 06:47:33
PC-105476,Z-DHN,1.0,auto,2026-06-14 22:19:00
PC-105477,Z-DHN,1.0,auto,2026-06-15 03:32:08
PC-105478,Z-DHN,1.0,auto,2026-06-14 19:21:51
PC-105479,Z-DHN,1.0,auto,2026-06-14 11:06:00
PC-105480,Z-DHN,1.0,auto,2026-06-14 18:20:52
PC-105481,Z-DHN,1.0,auto,2026-06-15 01:38:35
PC-105482,Z-DHN,1.0,auto,2026-06-15 07:08:29
PC-105483,Z-DHN,1.0,auto,2026-06-14 22:48:02
PC-105484,Z-DHN,0.912871,auto,2026-06-14 16:29:07
PC-105485,Z-DHN,1.0,auto,2026-06-15 09:15:58
PC-105486,Z-DHN,1.0,auto,2026-06-15 02:26:51
PC-105487,Z-DHN,1.0,auto,2026-06-14 19:20:46
PC-105488,Z-DHN,1.0,auto,2026-06-14 22:12:48
PC-105489,Z-DHN,1.0,auto,2026-06-14 15:53:40
PC-105490,Z-DHN,1.0,auto,2026-06-15 10:17:28
PC-105491,Z-DHN,1.0,auto,2026-06-15 01:24:15
PC-105492,Z-DHN,0.912871,auto,2026-06-15 22:42:06
PC-105493,Z-DHN,1.0,auto,2026-06-16 01:39:46
PC-105494,Z-DHN,1.0,auto,2026-06-20 07:27:40
PC-105495,Z-DHN,1.0,auto,2026-06-19 10:18:59
PC-105496,Z-DHN,1.0,auto,2026-06-20 00:52:38
PC-105497,Z-DHN,1.0,auto,2026-06-19 11:19:51
PC-105498,Z-DHN,1.0,auto,2026-06-19 20:42:45
PC-105499,Z-DHN,1.0,auto,2026-06-19 18:11:46
PC-105500,Z-DHN,0.912871,auto,2026-06-20 11:06:36
PC-105501,Z-DHN,1.0,auto,2026-06-20 05:32:05
PC-105502,Z-DHN,1.0,auto,2026-06-19 15:29:20
PC-105503,Z-DHN,1.0,auto,2026-06-19 23:40:59
PC-105504,Z-DHN,0.912871,auto,2026-06-20 00:24:26
PC-105505,Z-DHN,1.0,auto,2026-06-20 10:35:29
PC-105506,Z-DHN,1.0,auto,2026-06-19 17:27:11
PC-105507,Z-DHN,1.0,auto,2026-06-19 19:36:44
PC-105508,Z-DHN,1.0,auto,2026-06-19 22:23:25
PC-105509,Z-DHN,0.912871,auto,2026-06-21 04:03:35
PC-105510,Z-DHN,1.0,auto,2026-06-20 22:21:27
PC-105511,Z-DHN,1.0,auto,2026-06-21 06:13:11
PC-105512,Z-DHN,1.0,auto,2026-06-20 16:18:26
PC-105513,Z-DHN,1.0,auto,2026-06-21 09:55:11
PC-105514,Z-DHN,1.0,auto,2026-06-21 05:01:06
PC-105515,Z-DHN,1.0,auto,2026-06-21 01:49:36
PC-105516,Z-DHN,0.912871,auto,2026-06-20 11:51:28
PC-105517,Z-DHN,1.0,auto,2026-06-21 06:18:08
PC-105518,Z-DHN,1.0,auto,2026-06-20 11:22:37
PC-105519,Z-DHN,1.0,auto,2026-06-20 20:28:21
PC-105520,Z-DHN,1.0,auto,2026-06-20 18:54:33
PC-105521,Z-DHN,1.0,auto,2026-06-21 01:42:39
PC-105522,Z-DHN,1.0,auto,2026-06-20 17:30:20
PC-105523,Z-DHN,0.912871,auto,2026-06-20 20:32:10
PC-105524,Z-DHN,1.0,auto,2026-06-20 13:18:14
PC-105525,Z-DHN,1.0,auto,2026-06-21 10:57:09
PC-105526,Z-DHN,1.0,auto,2026-06-21 00:16:28
PC-105527,Z-DHN,1.0,auto,2026-06-21 03:42:12
PC-105528,Z-DHN,1.0,auto,2026-06-21 15:55:11
PC-105529,Z-DHN,1.0,auto,2026-06-21 23:43:06
PC-105530,Z-DHN,1.0,auto,2026-06-22 05:41:10
PC-105531,Z-DHN,1.0,auto,2026-06-22 07:07:28
PC-105532,Z-DHN,0.912871,auto,2026-06-21 14:27:44
PC-105533,Z-DHN,0.912871,auto,2026-06-21 15:17:29
PC-105534,Z-DHN,1.0,auto,2026-06-22 01:40:49
PC-105535,Z-DHN,1.0,auto,2026-06-22 01:06:41
PC-105536,Z-DHN,0.912871,auto,2026-06-21 13:53:31
PC-105537,Z-DHN,1.0,auto,2026-06-22 04:17:42
PC-105538,Z-DHN,1.0,auto,2026-06-21 19:49:30
PC-105539,Z-DHN,0.912871,auto,2026-06-22 13:35:20
PC-105540,Z-DHN,0.912871,auto,2026-06-22 17:22:15
PC-105541,Z-DHN,1.0,auto,2026-06-22 20:22:16
PC-105542,Z-DHN,0.912871,auto,2026-06-22 10:52:17
PC-105543,Z-DHN,1.0,auto,2026-06-22 12:49:06
PC-105544,Z-DHN,1.0,auto,2026-06-21 23:41:05
PC-105545,Z-DHN,1.0,auto,2026-06-22 12:10:59
PC-105546,Z-DHN,1.0,auto,2026-06-23 14:14:54
PC-105547,Z-DHN,1.0,auto,2026-06-22 22:09:39
PC-105548,Z-DHN,1.0,auto,2026-06-22 16:34:00
PC-105549,Z-DHN,1.0,auto,2026-06-22 10:48:50
PC-105550,Z-DHN,1.0,auto,2026-06-23 04:54:31
PC-105551,Z-DHN,1.0,auto,2026-06-22 19:34:42
PC-105552,Z-DHN,1.0,auto,2026-06-23 02:14:59
PC-105553,Z-DHN,1.0,auto,2026-06-22 19:47:36
PC-105554,Z-DHN,1.0,auto,2026-06-23 00:16:07
PC-105555,Z-DHN,1.0,auto,2026-06-22 11:22:57
PC-105556,Z-DHN,1.0,auto,2026-06-22 18:30:00
PC-105557,Z-DHN,1.0,auto,2026-06-22 15:32:21
PC-105558,Z-DHN,0.912871,auto,2026-06-24 03:52:44
PC-105559,Z-DHN,1.0,auto,2026-06-23 18:39:07
PC-105560,Z-DHN,1.0,auto,2026-06-23 13:36:52
PC-105561,Z-DHN,1.0,auto,2026-06-23 09:12:08
PC-105562,Z-DHN,1.0,auto,2026-06-23 11:04:47
PC-105563,Z-DHN,1.0,auto,2026-06-24 13:09:14
PC-105564,Z-DHN,1.0,auto,2026-06-24 04:06:00
PC-105565,Z-DHN,1.0,auto,2026-06-23 23:47:32
PC-105566,Z-DHN,1.0,auto,2026-06-24 00:50:11
PC-105567,Z-DHN,1.0,auto,2026-06-24 07:39:35
PC-105568,Z-DHN,0.912871,auto,2026-06-23 20:04:33
PC-105569,Z-DHN,1.0,auto,2026-06-23 07:54:23
PC-105570,Z-DHN,0.912871,auto,2026-06-24 01:36:02
PC-105571,Z-DHN,1.0,auto,2026-06-23 18:23:52
PC-105572,Z-DHN,1.0,auto,2026-06-24 05:16:27
PC-105573,Z-DHN,0.912871,auto,2026-06-24 16:23:13
PC-105574,Z-DHN,1.0,auto,2026-06-24 23:10:38
PC-105575,Z-DHN,1.0,auto,2026-06-25 22:39:53
PC-105576,Z-DHN,1.0,auto,2026-06-24 15:14:31
PC-105577,Z-DHN,1.0,auto,2026-06-24 14:15:35
PC-105578,Z-DHN,1.0,auto,2026-06-24 23:51:09
PC-105579,Z-DHN,1.0,auto,2026-06-24 15:07:28
PC-105580,Z-DHN,0.912871,auto,2026-06-24 17:44:52
PC-105581,Z-DHN,1.0,auto,2026-06-25 00:02:25
PC-105582,Z-DHN,1.0,auto,2026-06-24 12:59:05
PC-105583,Z-DHN,1.0,auto,2026-06-25 06:00:39
PC-105584,Z-DHN,1.0,auto,2026-06-24 23:41:45
PC-105585,Z-DHN,1.0,auto,2026-06-24 13:21:32
PC-105586,Z-DHN,1.0,auto,2026-06-24 19:47:29
PC-105587,Z-DHN,0.912871,auto,2026-06-24 12:11:36
PC-105588,Z-DHN,1.0,auto,2026-06-25 22:55:20
PC-105589,Z-DHN,1.0,auto,2026-06-25 08:03:24
PC-105590,Z-DHN,1.0,auto,2026-06-26 06:54:53
PC-105591,Z-DHN,1.0,auto,2026-06-25 23:39:27
PC-105592,Z-DHN,0.912871,auto,2026-06-25 11:42:07
PC-105593,Z-DHN,1.0,auto,2026-06-26 12:25:27
PC-105594,Z-DHN,1.0,auto,2026-06-25 15:17:32
PC-105595,Z-DHN,0.912871,auto,2026-06-25 07:50:18
PC-105596,Z-DHN,0.912871,auto,2026-06-26 01:20:34
PC-105597,Z-DHN,1.0,auto,2026-06-25 19:51:18
PC-105598,Z-DHN,1.0,auto,2026-06-25 05:45:03
PC-105599,Z-DHN,1.0,auto,2026-06-25 12:08:20
PC-105600,Z-DHN,1.0,auto,2026-06-25 19:27:13
PC-105601,Z-DHN,1.0,auto,2026-06-25 03:49:12
PC-105602,Z-DHN,1.0,auto,2026-06-25 10:39:19
PC-105603,Z-DHN,1.0,auto,2026-06-25 09:19:06
PC-105604,Z-DHN,1.0,auto,2026-06-26 05:44:56
PC-105605,Z-DHN,1.0,auto,2026-06-26 06:26:24
PC-105606,Z-DHN,1.0,auto,2026-06-26 21:00:25
PC-105607,Z-DHN,1.0,auto,2026-06-27 06:48:33
PC-105608,Z-DHN,1.0,auto,2026-06-26 22:30:23
PC-105609,Z-DHN,1.0,auto,2026-06-26 09:01:43
PC-105610,Z-DHN,0.912871,auto,2026-06-26 15:21:06
PC-105611,Z-DHN,1.0,auto,2026-06-26 09:12:17
PC-105612,Z-DHN,1.0,auto,2026-06-27 00:03:56
PC-105613,Z-DHN,1.0,auto,2026-06-26 14:44:54
PC-105614,Z-DHN,0.912871,auto,2026-06-26 14:54:48
PC-105615,Z-DHN,1.0,auto,2026-06-26 17:01:58
PC-105616,Z-DHN,1.0,auto,2026-06-26 12:34:16
PC-105617,Z-DHN,1.0,auto,2026-06-26 05:45:03
PC-105618,Z-DHN,1.0,auto,2026-06-26 08:24:52
PC-105619,Z-DHN,1.0,auto,2026-06-26 08:08:44
PC-105620,Z-DHN,1.0,auto,2026-06-28 04:30:49
PC-105621,Z-DHN,1.0,auto,2026-06-27 22:20:37
PC-105622,Z-DHN,1.0,auto,2026-06-28 03:12:06
PC-105623,Z-DHN,1.0,auto,2026-06-27 12:25:00
PC-105624,Z-DHN,1.0,auto,2026-06-28 00:25:24
PC-105625,Z-DHN,1.0,auto,2026-06-27 14:18:49
PC-105626,Z-DHN,0.912871,auto,2026-06-27 17:20:45
PC-105627,Z-DHN,1.0,auto,2026-06-28 13:29:28
PC-105628,Z-DHN,0.912871,auto,2026-06-27 22:58:19
PC-105629,Z-DHN,1.0,auto,2026-06-27 23:37:03
PC-105630,Z-DHN,1.0,auto,2026-06-27 11:31:28
PC-105631,Z-DHN,1.0,auto,2026-06-28 07:49:06
PC-105632,Z-DHN,1.0,auto,2026-06-27 16:20:30
PC-105633,Z-DHN,1.0,auto,2026-06-28 00:51:58
PC-105634,Z-DHN,1.0,auto,2026-06-27 22:02:07
PC-105635,Z-DHN,0.912871,auto,2026-06-28 08:28:26
PC-105636,Z-DHN,1.0,auto,2026-06-27 12:46:58
PC-105637,Z-DHN,1.0,auto,2026-06-28 20:28:47
PC-105638,Z-DHN,1.0,auto,2026-06-28 14:01:09
PC-105639,Z-DHN,1.0,auto,2026-06-29 05:00:03
PC-105640,Z-DHN,1.0,auto,2026-06-28 12:02:28
PC-105641,Z-DHN,1.0,auto,2026-06-29 00:46:57
PC-105642,Z-DHN,1.0,auto,2026-06-28 08:31:54
PC-105643,Z-DHN,1.0,auto,2026-06-29 01:42:13
PC-105644,Z-DHN,1.0,auto,2026-06-29 21:20:20
PC-105645,Z-DHN,1.0,auto,2026-06-29 04:12:54
PC-105646,Z-DHN,1.0,auto,2026-06-29 00:38:34
PC-105647,Z-DHN,1.0,auto,2026-06-29 03:42:15
PC-105648,Z-DHN,1.0,auto,2026-06-28 14:08:58
PC-105649,Z-DHN,1.0,auto,2026-06-29 08:15:27
PC-105650,Z-DHN,1.0,auto,2026-06-29 15:30:26
PC-105651,Z-DHN,1.0,auto,2026-06-28 12:40:39
PC-105652,Z-DHN,1.0,auto,2026-06-28 08:48:08
PC-105653,Z-DHN,1.0,auto,2026-06-28 00:59:39
PC-105654,Z-DHN,1.0,auto,2026-06-29 00:59:43
PC-105655,Z-DHN,1.0,auto,2026-06-29 18:59:35
PC-105656,Z-MIR,1.0,auto,2026-05-31 08:56:13
PC-105657,Z-MIR,1.0,auto,2026-05-31 03:30:41
PC-105658,Z-MIR,1.0,auto,2026-05-31 15:36:35
PC-105659,Z-MIR,1.0,auto,2026-05-30 12:30:51
PC-105660,Z-MIR,1.0,auto,2026-05-31 10:11:41
PC-105661,Z-MIR,1.0,auto,2026-05-30 20:46:33
PC-105662,Z-MIR,1.0,auto,2026-05-30 21:38:23
PC-105663,Z-MIR,1.0,auto,2026-05-31 07:00:54
PC-105664,Z-MIR,1.0,auto,2026-05-31 08:38:34
PC-105665,Z-MIR,1.0,auto,2026-05-31 16:23:33
PC-105666,Z-MIR,1.0,auto,2026-05-31 22:43:15
PC-105667,Z-MIR,1.0,auto,2026-05-31 01:54:45
PC-105668,Z-MIR,1.0,auto,2026-05-31 01:59:31
PC-105669,Z-MIR,1.0,auto,2026-06-01 07:10:43
PC-105670,Z-MIR,1.0,auto,2026-05-30 19:40:51
PC-105671,Z-MIR,0.894427,auto,2026-05-30 16:24:14
PC-105672,Z-MIR,1.0,auto,2026-05-31 09:06:53
PC-105673,Z-MIR,1.0,auto,2026-05-31 18:43:31
PC-105674,Z-MIR,1.0,auto,2026-05-31 00:16:38
PC-105675,Z-MIR,1.0,auto,2026-05-31 09:10:51
PC-105676,Z-MIR,1.0,auto,2026-05-31 14:22:42
PC-105677,Z-MIR,1.0,auto,2026-05-31 17:22:35
PC-105678,Z-MIR,0.894427,auto,2026-05-31 09:03:28
PC-105679,Z-MIR,1.0,auto,2026-06-01 11:23:54
PC-105680,Z-MIR,1.0,auto,2026-06-01 08:01:14
PC-105681,Z-MIR,1.0,auto,2026-06-01 14:42:45
PC-105682,Z-MIR,1.0,auto,2026-06-01 04:41:32
PC-105683,Z-MIR,0.894427,auto,2026-06-01 08:44:26
PC-105684,Z-MIR,1.0,auto,2026-06-01 09:18:58
PC-105685,Z-MIR,0.894427,auto,2026-06-01 05:20:26
PC-105686,Z-MIR,1.0,auto,2026-06-01 09:14:06
PC-105687,Z-MIR,1.0,auto,2026-06-01 05:12:53
PC-105688,Z-MIR,1.0,auto,2026-06-01 01:37:03
PC-105689,Z-MIR,1.0,auto,2026-05-31 23:52:13
PC-105690,Z-MIR,1.0,auto,2026-06-01 05:45:50
PC-105691,Z-MIR,1.0,auto,2026-05-31 23:24:44
PC-105692,Z-MIR,1.0,auto,2026-06-01 14:48:55
PC-105693,Z-MIR,0.894427,auto,2026-06-01 17:02:10
PC-105694,Z-MIR,1.0,auto,2026-06-01 02:50:25
PC-105695,Z-MIR,1.0,auto,2026-06-01 12:48:05
PC-105696,Z-MIR,1.0,auto,2026-06-01 06:34:46
PC-105697,Z-MIR,0.894427,auto,2026-06-02 00:12:15
PC-105698,Z-MIR,1.0,auto,2026-06-01 19:58:45
PC-105699,Z-MIR,1.0,auto,2026-06-04 08:39:13
PC-105700,Z-MIR,1.0,auto,2026-06-04 14:38:25
PC-105701,Z-MIR,0.894427,auto,2026-06-04 05:20:53
PC-105702,Z-MIR,1.0,auto,2026-06-04 07:48:09
PC-105703,Z-MIR,1.0,auto,2026-06-04 06:55:22
PC-105704,Z-MIR,1.0,auto,2026-06-04 04:05:22
PC-105705,Z-MIR,1.0,auto,2026-06-04 08:03:57
PC-105706,Z-MIR,1.0,auto,2026-06-04 05:04:57
PC-105707,Z-MIR,1.0,auto,2026-06-04 12:00:03
PC-105708,Z-MIR,0.894427,auto,2026-06-03 17:52:48
PC-105709,Z-MIR,1.0,auto,2026-06-04 09:03:54
PC-105710,Z-MIR,1.0,auto,2026-06-03 21:58:37
PC-105711,Z-MIR,1.0,auto,2026-06-04 11:32:49
PC-105712,Z-MIR,1.0,auto,2026-06-04 09:52:18
PC-105713,Z-MIR,1.0,auto,2026-06-03 19:01:55
PC-105714,Z-MIR,1.0,auto,2026-06-04 17:54:15
PC-105715,Z-MIR,1.0,auto,2026-06-03 18:41:40
PC-105716,Z-MIR,0.894427,auto,2026-06-04 19:11:00
PC-105717,Z-MIR,1.0,auto,2026-06-04 22:40:25
PC-105718,Z-MIR,1.0,auto,2026-06-05 01:33:09
PC-105719,Z-MIR,1.0,auto,2026-06-05 14:18:27
PC-105720,Z-MIR,1.0,auto,2026-06-05 06:15:10
PC-105721,Z-MIR,1.0,auto,2026-06-05 15:00:26
PC-105722,Z-MIR,1.0,auto,2026-06-04 22:27:11
PC-105723,Z-MIR,1.0,auto,2026-06-05 22:09:26
PC-105724,Z-MIR,1.0,auto,2026-06-06 00:57:51
PC-105725,Z-MIR,1.0,auto,2026-06-05 07:54:03
PC-105726,Z-MIR,1.0,auto,2026-06-06 13:11:27
PC-105727,Z-MIR,1.0,auto,2026-06-04 22:09:07
PC-105728,Z-MIR,1.0,auto,2026-06-04 14:05:03
PC-105729,Z-MIR,1.0,auto,2026-06-05 02:52:00
PC-105730,Z-MIR,1.0,auto,2026-06-05 05:29:46
PC-105731,Z-MIR,0.894427,auto,2026-06-05 00:57:39
PC-105732,Z-MIR,1.0,auto,2026-06-04 18:38:55
PC-105733,Z-MIR,1.0,auto,2026-06-05 18:58:03
PC-105734,Z-MIR,1.0,auto,2026-06-05 09:58:24
PC-105735,Z-MIR,1.0,auto,2026-06-05 04:34:43
PC-105736,Z-MIR,1.0,auto,2026-06-06 00:05:21
PC-105737,Z-MIR,0.894427,auto,2026-06-05 21:37:06
PC-105738,Z-MIR,1.0,auto,2026-06-05 18:50:06
PC-105739,Z-MIR,1.0,auto,2026-06-06 02:38:30
PC-105740,Z-MIR,1.0,auto,2026-06-06 13:39:01
PC-105741,Z-MIR,1.0,auto,2026-06-05 22:52:58
PC-105742,Z-MIR,1.0,auto,2026-06-06 16:44:46
PC-105743,Z-MIR,1.0,auto,2026-06-05 19:30:24
PC-105744,Z-MIR,1.0,auto,2026-06-06 05:44:15
PC-105745,Z-MIR,1.0,auto,2026-06-05 17:34:04
PC-105746,Z-MIR,1.0,auto,2026-06-06 01:58:32
PC-105747,Z-MIR,0.894427,auto,2026-06-05 21:26:30
PC-105748,Z-MIR,1.0,auto,2026-06-06 00:45:52
PC-105749,Z-MIR,1.0,auto,2026-06-06 17:08:00
PC-105750,Z-MIR,1.0,auto,2026-06-05 20:51:06
PC-105751,Z-MIR,1.0,auto,2026-06-06 08:50:00
PC-105752,Z-MIR,1.0,auto,2026-06-06 02:48:39
PC-105753,Z-MIR,1.0,auto,2026-06-06 10:19:48
PC-105754,Z-MIR,1.0,auto,2026-06-07 06:05:41
PC-105755,Z-MIR,1.0,auto,2026-06-06 05:32:48
PC-105756,Z-MIR,1.0,auto,2026-06-06 11:28:04
PC-105757,Z-MIR,1.0,auto,2026-06-06 02:17:46
PC-105758,Z-MIR,0.894427,auto,2026-06-06 10:05:15
PC-105759,Z-MIR,1.0,auto,2026-06-06 04:33:29
PC-105760,Z-MIR,0.894427,auto,2026-06-06 17:43:41
PC-105761,Z-MIR,1.0,auto,2026-06-06 11:52:25
PC-105762,Z-MIR,0.894427,auto,2026-06-06 22:11:52
PC-105763,Z-MIR,1.0,auto,2026-06-07 12:27:04
PC-105764,Z-MIR,1.0,auto,2026-06-06 19:15:35
PC-105765,Z-MIR,1.0,auto,2026-06-07 04:34:04
PC-105766,Z-MIR,1.0,auto,2026-06-07 06:17:52
PC-105767,Z-MIR,1.0,auto,2026-06-06 19:22:42
PC-105768,Z-MIR,0.894427,auto,2026-06-06 19:50:12
PC-105769,Z-MIR,0.894427,auto,2026-06-07 02:16:38
PC-105770,Z-MIR,1.0,auto,2026-06-06 15:14:38
PC-105771,Z-MIR,1.0,auto,2026-06-07 15:19:59
PC-105772,Z-MIR,1.0,auto,2026-06-07 11:01:10
PC-105773,Z-MIR,1.0,auto,2026-06-07 01:00:44
PC-105774,Z-MIR,0.894427,auto,2026-06-07 16:34:35
PC-105775,Z-MIR,1.0,auto,2026-06-06 21:17:35
PC-105776,Z-MIR,1.0,auto,2026-06-07 02:56:18
PC-105777,Z-MIR,1.0,auto,2026-06-07 05:21:52
PC-105778,Z-MIR,1.0,auto,2026-06-07 20:03:55
PC-105779,Z-MIR,1.0,auto,2026-06-07 11:29:28
PC-105780,Z-MIR,1.0,auto,2026-06-07 15:05:36
PC-105781,Z-MIR,1.0,auto,2026-06-07 14:02:37
PC-105782,Z-MIR,1.0,auto,2026-06-07 11:09:48
PC-105783,Z-MIR,1.0,auto,2026-06-07 05:08:30
PC-105784,Z-MIR,1.0,auto,2026-06-07 09:46:31
PC-105785,Z-MIR,1.0,auto,2026-06-06 22:27:36
PC-105786,Z-MIR,1.0,auto,2026-06-06 20:25:30
PC-105787,Z-MIR,1.0,auto,2026-06-08 04:02:08
PC-105788,Z-MIR,1.0,auto,2026-06-07 17:55:39
PC-105789,Z-MIR,0.894427,auto,2026-06-07 17:27:17
PC-105790,Z-MIR,1.0,auto,2026-06-08 01:47:28
PC-105791,Z-MIR,1.0,auto,2026-06-07 18:46:18
PC-105792,Z-MIR,1.0,auto,2026-06-08 04:50:17
PC-105793,Z-MIR,1.0,auto,2026-06-08 19:49:51
PC-105794,Z-MIR,1.0,auto,2026-06-08 10:28:38
PC-105795,Z-MIR,1.0,auto,2026-06-08 16:00:42
PC-105796,Z-MIR,1.0,auto,2026-06-08 12:54:51
PC-105797,Z-MIR,1.0,auto,2026-06-07 13:34:18
PC-105798,Z-MIR,1.0,auto,2026-06-08 07:57:54
PC-105799,Z-MIR,1.0,auto,2026-06-08 03:29:42
PC-105800,Z-MIR,1.0,auto,2026-06-08 14:07:02
PC-105801,Z-MIR,1.0,auto,2026-06-08 01:51:04
PC-105802,Z-MIR,1.0,auto,2026-06-07 18:43:17
PC-105803,Z-MIR,1.0,auto,2026-06-08 12:32:43
PC-105804,Z-MIR,1.0,auto,2026-06-08 09:40:44
PC-105805,Z-MIR,1.0,auto,2026-06-08 17:13:47
PC-105806,Z-MIR,1.0,auto,2026-06-09 02:13:19
PC-105807,Z-MIR,1.0,auto,2026-06-08 08:43:29
PC-105808,Z-MIR,1.0,auto,2026-06-08 10:00:18
PC-105809,Z-MIR,1.0,auto,2026-06-08 07:45:08
PC-105810,Z-MIR,1.0,auto,2026-06-09 16:20:06
PC-105811,Z-MIR,1.0,auto,2026-06-09 10:53:45
PC-105812,Z-MIR,1.0,auto,2026-06-08 18:19:56
PC-105813,Z-MIR,0.894427,auto,2026-06-09 07:18:12
PC-105814,Z-MIR,1.0,auto,2026-06-09 06:40:24
PC-105815,Z-MIR,1.0,auto,2026-06-09 04:03:00
PC-105816,Z-MIR,1.0,auto,2026-06-09 16:28:51
PC-105817,Z-MIR,1.0,auto,2026-06-09 20:22:44
PC-105818,Z-MIR,1.0,auto,2026-06-08 22:30:19
PC-105819,Z-MIR,1.0,auto,2026-06-08 21:08:36
PC-105820,Z-MIR,1.0,auto,2026-06-08 23:01:01
PC-105821,Z-MIR,1.0,auto,2026-06-09 13:08:19
PC-105822,Z-MIR,1.0,auto,2026-06-08 19:24:50
PC-105823,Z-MIR,1.0,auto,2026-06-08 22:50:58
PC-105824,Z-MIR,1.0,auto,2026-06-09 17:35:17
PC-105825,Z-MIR,1.0,auto,2026-06-09 06:58:21
PC-105826,Z-MIR,1.0,auto,2026-06-09 15:30:44
PC-105827,Z-MIR,1.0,auto,2026-06-09 17:59:15
PC-105828,Z-MIR,1.0,auto,2026-06-09 15:18:13
PC-105829,Z-MIR,1.0,auto,2026-06-09 17:45:49
PC-105830,Z-MIR,1.0,auto,2026-06-11 23:14:18
PC-105831,Z-MIR,1.0,auto,2026-06-12 01:43:14
PC-105832,Z-MIR,0.894427,auto,2026-06-11 21:41:43
PC-105833,Z-MIR,1.0,auto,2026-06-12 10:12:10
PC-105834,Z-MIR,1.0,auto,2026-06-12 05:51:06
PC-105835,Z-MIR,1.0,auto,2026-06-12 10:36:58
PC-105836,Z-MIR,0.894427,auto,2026-06-12 22:25:01
PC-105837,Z-MIR,1.0,auto,2026-06-11 16:09:03
PC-105838,Z-MIR,1.0,auto,2026-06-12 01:21:37
PC-105839,Z-MIR,1.0,auto,2026-06-12 12:29:39
PC-105840,Z-MIR,1.0,auto,2026-06-11 20:31:22
PC-105841,Z-MIR,1.0,auto,2026-06-11 19:37:47
PC-105842,Z-MIR,1.0,auto,2026-06-11 21:26:34
PC-105843,Z-MIR,1.0,auto,2026-06-12 03:53:46
PC-105844,Z-MIR,1.0,auto,2026-06-11 22:43:27
PC-105845,Z-MIR,1.0,auto,2026-06-12 04:19:32
PC-105846,Z-MIR,1.0,auto,2026-06-12 20:22:24
PC-105847,Z-MIR,1.0,auto,2026-06-12 05:52:29
PC-105848,Z-MIR,1.0,auto,2026-06-11 10:27:34
PC-105849,Z-MIR,1.0,auto,2026-06-12 16:28:24
PC-105850,Z-MIR,1.0,auto,2026-06-12 20:01:44
PC-105851,Z-MIR,1.0,auto,2026-06-13 00:26:27
PC-105852,Z-MIR,1.0,auto,2026-06-12 04:37:37
PC-105853,Z-MIR,1.0,auto,2026-06-14 19:34:22
PC-105854,Z-MIR,1.0,auto,2026-06-14 05:32:04
PC-105855,Z-MIR,1.0,auto,2026-06-13 09:25:47
PC-105856,Z-MIR,1.0,auto,2026-06-14 04:01:37
PC-105857,Z-MIR,0.894427,auto,2026-06-14 12:38:52
PC-105858,Z-MIR,1.0,auto,2026-06-13 20:23:26
PC-105859,Z-MIR,1.0,auto,2026-06-14 12:07:31
PC-105860,Z-MIR,1.0,auto,2026-06-13 22:14:42
PC-105861,Z-MIR,1.0,auto,2026-06-14 05:17:31
PC-105862,Z-MIR,0.894427,auto,2026-06-14 01:33:16
PC-105863,Z-MIR,1.0,auto,2026-06-14 05:57:58
PC-105864,Z-MIR,1.0,auto,2026-06-13 23:05:06
PC-105865,Z-MIR,1.0,auto,2026-06-14 02:14:07
PC-105866,Z-MIR,1.0,auto,2026-06-13 19:12:30
PC-105867,Z-MIR,1.0,auto,2026-06-13 17:38:13
PC-105868,Z-MIR,1.0,auto,2026-06-13 23:06:07
PC-105869,Z-MIR,1.0,auto,2026-06-13 21:18:50
PC-105870,Z-MIR,1.0,auto,2026-06-14 08:42:57
PC-105871,Z-MIR,1.0,auto,2026-06-14 08:21:47
PC-105872,Z-MIR,1.0,auto,2026-06-14 16:59:04
PC-105873,Z-MIR,1.0,auto,2026-06-14 12:14:25
PC-105874,Z-MIR,1.0,auto,2026-06-14 06:32:56
PC-105875,Z-MIR,1.0,auto,2026-06-15 11:14:03
PC-105876,Z-MIR,0.894427,auto,2026-06-15 01:33:35
PC-105877,Z-MIR,1.0,auto,2026-06-15 10:54:21
PC-105878,Z-MIR,0.894427,auto,2026-06-14 20:49:12
PC-105879,Z-MIR,1.0,auto,2026-06-15 12:00:56
PC-105880,Z-MIR,1.0,auto,2026-06-15 02:53:43
PC-105881,Z-MIR,1.0,auto,2026-06-14 12:49:31
PC-105882,Z-MIR,1.0,auto,2026-06-15 01:54:14
PC-105883,Z-MIR,1.0,auto,2026-06-15 08:15:13
PC-105884,Z-MIR,1.0,auto,2026-06-15 15:55:30
PC-105885,Z-MIR,1.0,auto,2026-06-15 01:25:12
PC-105886,Z-MIR,1.0,auto,2026-06-15 10:15:46
PC-105887,Z-MIR,1.0,auto,2026-06-15 03:17:52
PC-105888,Z-MIR,1.0,auto,2026-06-15 07:09:09
PC-105889,Z-MIR,1.0,auto,2026-06-15 00:14:58
PC-105890,Z-MIR,1.0,auto,2026-06-14 15:58:51
PC-105891,Z-MIR,1.0,auto,2026-06-14 21:11:50
PC-105892,Z-MIR,1.0,auto,2026-06-14 20:45:44
PC-105893,Z-MIR,1.0,auto,2026-06-15 10:04:59
PC-105894,Z-MIR,1.0,auto,2026-06-15 14:28:03
PC-105895,Z-MIR,0.894427,auto,2026-06-15 02:03:35
PC-105896,Z-MIR,1.0,auto,2026-06-15 18:08:18
PC-105897,Z-MIR,1.0,auto,2026-06-15 09:03:26
PC-105898,Z-MIR,1.0,auto,2026-06-15 04:34:13
PC-105899,Z-MIR,1.0,auto,2026-06-15 23:04:34
PC-105900,Z-MIR,1.0,auto,2026-06-16 13:51:23
PC-105901,Z-MIR,1.0,auto,2026-06-16 16:47:55
PC-105902,Z-MIR,1.0,auto,2026-06-16 01:39:16
PC-105903,Z-MIR,1.0,auto,2026-06-16 09:53:09
PC-105904,Z-MIR,1.0,auto,2026-06-16 03:27:18
PC-105905,Z-MIR,0.894427,auto,2026-06-15 20:12:28
PC-105906,Z-MIR,1.0,auto,2026-06-16 06:34:59
PC-105907,Z-MIR,1.0,auto,2026-06-15 22:53:19
PC-105908,Z-MIR,1.0,auto,2026-06-16 00:38:24
PC-105909,Z-MIR,1.0,auto,2026-06-16 01:14:05
PC-105910,Z-MIR,1.0,auto,2026-06-16 06:15:22
PC-105911,Z-MIR,1.0,auto,2026-06-15 15:23:51
PC-105912,Z-MIR,1.0,auto,2026-06-16 09:08:34
PC-105913,Z-MIR,1.0,auto,2026-06-16 07:55:56
PC-105914,Z-MIR,1.0,auto,2026-06-16 09:27:02
PC-105915,Z-MIR,1.0,auto,2026-06-15 17:44:16
PC-105916,Z-MIR,0.894427,auto,2026-06-16 03:09:01
PC-105917,Z-MIR,1.0,auto,2026-06-16 02:54:29
PC-105918,Z-MIR,1.0,auto,2026-06-16 06:29:50
PC-105919,Z-MIR,1.0,auto,2026-06-16 19:13:49
PC-105920,Z-MIR,1.0,auto,2026-06-15 21:37:45
PC-105921,Z-MIR,1.0,auto,2026-06-15 19:52:22
PC-105922,Z-MIR,1.0,auto,2026-06-16 02:23:34
PC-105923,Z-MIR,1.0,auto,2026-06-16 01:20:42
PC-105924,Z-MIR,1.0,auto,2026-06-17 00:41:32
PC-105925,Z-MIR,1.0,auto,2026-06-16 15:51:15
PC-105926,Z-MIR,1.0,auto,2026-06-17 12:57:08
PC-105927,Z-MIR,1.0,auto,2026-06-17 01:15:02
PC-105928,Z-MIR,1.0,auto,2026-06-17 09:47:10
PC-105929,Z-MIR,1.0,auto,2026-06-16 17:41:05
PC-105930,Z-MIR,1.0,auto,2026-06-17 11:21:12
PC-105931,Z-MIR,1.0,auto,2026-06-17 04:05:28
PC-105932,Z-MIR,0.894427,auto,2026-06-17 20:11:35
PC-105933,Z-MIR,1.0,auto,2026-06-16 19:15:29
PC-105934,Z-MIR,1.0,auto,2026-06-17 07:29:59
PC-105935,Z-MIR,1.0,auto,2026-06-17 17:11:04
PC-105936,Z-MIR,1.0,auto,2026-06-16 19:53:11
PC-105937,Z-MIR,1.0,auto,2026-06-17 14:12:30
PC-105938,Z-MIR,1.0,auto,2026-06-17 09:54:01
PC-105939,Z-MIR,1.0,auto,2026-06-17 19:03:31
PC-105940,Z-MIR,1.0,auto,2026-06-16 04:20:16
PC-105941,Z-MIR,1.0,auto,2026-06-16 23:49:57
PC-105942,Z-MIR,1.0,auto,2026-06-17 02:17:25
PC-105943,Z-MIR,1.0,auto,2026-06-17 12:30:08
PC-105944,Z-MIR,1.0,auto,2026-06-17 06:17:02
PC-105945,Z-MIR,1.0,auto,2026-06-17 02:50:50
PC-105946,Z-MIR,1.0,auto,2026-06-16 20:31:31
PC-105947,Z-MIR,1.0,auto,2026-06-17 09:17:25
PC-105948,Z-MIR,1.0,auto,2026-06-18 04:01:02
PC-105949,Z-MIR,1.0,auto,2026-06-17 21:30:24
PC-105950,Z-MIR,1.0,auto,2026-06-18 04:39:29
PC-105951,Z-MIR,1.0,auto,2026-06-17 14:55:25
PC-105952,Z-MIR,1.0,auto,2026-06-19 16:28:13
PC-105953,Z-MIR,1.0,auto,2026-06-19 00:43:50
PC-105954,Z-MIR,1.0,auto,2026-06-19 08:16:00
PC-105955,Z-MIR,1.0,auto,2026-06-19 05:37:15
PC-105956,Z-MIR,1.0,auto,2026-06-18 14:34:54
PC-105957,Z-MIR,1.0,auto,2026-06-19 18:06:52
PC-105958,Z-MIR,1.0,auto,2026-06-18 18:11:32
PC-105959,Z-MIR,1.0,auto,2026-06-19 05:03:19
PC-105960,Z-MIR,1.0,auto,2026-06-19 14:59:46
PC-105961,Z-MIR,1.0,auto,2026-06-19 21:13:01
PC-105962,Z-MIR,1.0,auto,2026-06-19 17:46:36
PC-105963,Z-MIR,1.0,auto,2026-06-19 21:15:30
PC-105964,Z-MIR,0.894427,auto,2026-06-19 03:31:25
PC-105965,Z-MIR,1.0,auto,2026-06-19 09:07:33
PC-105966,Z-MIR,1.0,auto,2026-06-18 16:49:38
PC-105967,Z-MIR,1.0,auto,2026-06-18 20:47:53
PC-105968,Z-MIR,1.0,auto,2026-06-18 09:35:54
PC-105969,Z-MIR,1.0,auto,2026-06-19 02:05:25
PC-105970,Z-MIR,1.0,auto,2026-06-20 04:52:47
PC-105971,Z-MIR,0.894427,auto,2026-06-19 13:18:36
PC-105972,Z-MIR,1.0,auto,2026-06-19 23:46:23
PC-105973,Z-MIR,1.0,auto,2026-06-19 17:46:44
PC-105974,Z-MIR,0.894427,auto,2026-06-20 06:38:55
PC-105975,Z-MIR,1.0,auto,2026-06-19 23:43:46
PC-105976,Z-MIR,1.0,auto,2026-06-19 15:27:17
PC-105977,Z-MIR,1.0,auto,2026-06-20 13:43:19
PC-105978,Z-MIR,1.0,auto,2026-06-20 16:25:57
PC-105979,Z-MIR,1.0,auto,2026-06-20 13:36:20
PC-105980,Z-MIR,1.0,auto,2026-06-20 06:12:50
PC-105981,Z-MIR,1.0,auto,2026-06-19 21:16:27
PC-105982,Z-MIR,1.0,auto,2026-06-20 14:14:17
PC-105983,Z-MIR,1.0,auto,2026-06-19 15:27:05
PC-105984,Z-MIR,1.0,auto,2026-06-19 22:35:10
PC-105985,Z-MIR,1.0,auto,2026-06-20 04:35:17
PC-105986,Z-MIR,1.0,auto,2026-06-20 05:10:11
PC-105987,Z-MIR,1.0,auto,2026-06-19 14:43:34
PC-105988,Z-MIR,1.0,auto,2026-06-20 04:45:46
PC-105989,Z-MIR,1.0,auto,2026-06-20 06:35:06
PC-105990,Z-MIR,1.0,auto,2026-06-19 23:09:52
PC-105991,Z-MIR,1.0,auto,2026-06-20 02:35:52
PC-105992,Z-MIR,1.0,auto,2026-06-19 17:51:32
PC-105993,Z-MIR,0.894427,auto,2026-06-20 03:07:09
PC-105994,Z-MIR,0.894427,auto,2026-06-20 10:22:39
PC-105995,Z-MIR,1.0,auto,2026-06-21 09:32:01
PC-105996,Z-MIR,1.0,auto,2026-06-20 05:46:07
PC-105997,Z-MIR,0.894427,auto,2026-06-20 10:56:12
PC-105998,Z-MIR,1.0,auto,2026-06-21 01:35:10
PC-105999,Z-MIR,0.894427,auto,2026-06-22 18:15:24
PC-106000,Z-MIR,1.0,auto,2026-06-21 22:14:42
PC-106001,Z-MIR,1.0,auto,2026-06-22 11:48:53
PC-106002,Z-MIR,0.894427,auto,2026-06-21 08:44:20
PC-106003,Z-MIR,1.0,auto,2026-06-22 15:37:53
PC-106004,Z-MIR,1.0,auto,2026-06-21 21:25:54
PC-106005,Z-MIR,1.0,auto,2026-06-22 03:42:36
PC-106006,Z-MIR,1.0,auto,2026-06-22 00:30:58
PC-106007,Z-MIR,1.0,auto,2026-06-22 05:55:38
PC-106008,Z-MIR,1.0,auto,2026-06-22 15:09:55
PC-106009,Z-MIR,0.894427,auto,2026-06-22 15:48:52
PC-106010,Z-MIR,0.894427,auto,2026-06-22 01:28:51
PC-106011,Z-MIR,1.0,auto,2026-06-21 21:54:51
PC-106012,Z-MIR,1.0,auto,2026-06-21 21:59:23
PC-106013,Z-MIR,1.0,auto,2026-06-22 00:28:40
PC-106014,Z-MIR,0.894427,auto,2026-06-22 14:00:12
PC-106015,Z-MIR,1.0,auto,2026-06-22 01:03:15
PC-106016,Z-MIR,1.0,auto,2026-06-22 19:36:44
PC-106017,Z-MIR,1.0,auto,2026-06-21 17:52:20
PC-106018,Z-MIR,1.0,auto,2026-06-23 11:28:47
PC-106019,Z-MIR,0.894427,auto,2026-06-23 08:15:59
PC-106020,Z-MIR,1.0,auto,2026-06-22 12:56:23
PC-106021,Z-MIR,1.0,auto,2026-06-22 21:59:50
PC-106022,Z-MIR,1.0,auto,2026-06-23 15:08:12
PC-106023,Z-MIR,1.0,auto,2026-06-23 04:45:39
PC-106024,Z-MIR,1.0,auto,2026-06-23 01:20:35
PC-106025,Z-MIR,1.0,auto,2026-06-23 10:43:12
PC-106026,Z-MIR,1.0,auto,2026-06-24 03:13:09
PC-106027,Z-MIR,1.0,auto,2026-06-23 12:01:38
PC-106028,Z-MIR,1.0,auto,2026-06-23 17:50:21
PC-106029,Z-MIR,1.0,auto,2026-06-23 12:06:36
PC-106030,Z-MIR,1.0,auto,2026-06-23 15:19:20
PC-106031,Z-MIR,1.0,auto,2026-06-23 10:57:11
PC-106032,Z-MIR,0.894427,auto,2026-06-23 08:18:47
PC-106033,Z-MIR,0.894427,auto,2026-06-23 10:39:04
PC-106034,Z-MIR,1.0,auto,2026-06-22 21:01:03
PC-106035,Z-MIR,1.0,auto,2026-06-23 20:36:17
PC-106036,Z-MIR,0.894427,auto,2026-06-22 23:55:03
PC-106037,Z-MIR,1.0,auto,2026-06-23 09:38:05
PC-106038,Z-MIR,1.0,auto,2026-06-22 19:18:34
PC-106039,Z-MIR,1.0,auto,2026-06-23 14:02:32
PC-106040,Z-MIR,1.0,auto,2026-06-24 04:59:35
PC-106041,Z-MIR,1.0,auto,2026-06-24 14:38:14
PC-106042,Z-MIR,1.0,auto,2026-06-24 10:32:30
PC-106043,Z-MIR,1.0,auto,2026-06-24 15:24:34
PC-106044,Z-MIR,1.0,auto,2026-06-23 10:27:03
PC-106045,Z-MIR,1.0,auto,2026-06-24 09:14:35
PC-106046,Z-MIR,1.0,auto,2026-06-25 04:03:58
PC-106047,Z-MIR,1.0,auto,2026-06-24 02:38:43
PC-106048,Z-MIR,1.0,auto,2026-06-24 08:15:27
PC-106049,Z-MIR,1.0,auto,2026-06-24 03:03:09
PC-106050,Z-MIR,1.0,auto,2026-06-24 04:01:24
PC-106051,Z-MIR,1.0,auto,2026-06-24 18:06:50
PC-106052,Z-MIR,1.0,auto,2026-06-24 03:46:40
PC-106053,Z-MIR,1.0,auto,2026-06-23 23:48:39
PC-106054,Z-MIR,1.0,auto,2026-06-24 16:57:54
PC-106055,Z-MIR,1.0,auto,2026-06-25 04:38:12
PC-106056,Z-MIR,1.0,auto,2026-06-24 10:02:53
PC-106057,Z-MIR,1.0,auto,2026-06-24 00:29:52
PC-106058,Z-MIR,1.0,auto,2026-06-23 14:44:38
PC-106059,Z-MIR,1.0,auto,2026-06-24 02:29:49
PC-106060,Z-MIR,1.0,auto,2026-06-24 07:34:58
PC-106061,Z-MIR,1.0,auto,2026-06-24 07:40:16
PC-106062,Z-MIR,1.0,auto,2026-06-24 14:06:10
PC-106063,Z-MIR,1.0,auto,2026-06-24 09:25:23
PC-106064,Z-MIR,1.0,auto,2026-06-25 10:29:52
PC-106065,Z-MIR,1.0,auto,2026-06-25 00:13:00
PC-106066,Z-MIR,1.0,auto,2026-06-24 12:34:33
PC-106067,Z-MIR,1.0,auto,2026-06-25 03:06:20
PC-106068,Z-MIR,1.0,auto,2026-06-25 09:45:10
PC-106069,Z-MIR,1.0,auto,2026-06-24 21:26:57
PC-106070,Z-MIR,1.0,auto,2026-06-26 04:22:19
PC-106071,Z-MIR,1.0,auto,2026-06-24 23:25:36
PC-106072,Z-MIR,1.0,auto,2026-06-25 02:14:13
PC-106073,Z-MIR,1.0,auto,2026-06-25 20:27:55
PC-106074,Z-MIR,1.0,auto,2026-06-25 10:52:51
PC-106075,Z-MIR,1.0,auto,2026-06-25 21:09:33
PC-106076,Z-MIR,0.894427,auto,2026-06-24 21:06:33
PC-106077,Z-MIR,1.0,auto,2026-06-25 03:26:52
PC-106078,Z-MIR,1.0,auto,2026-06-25 04:19:21
PC-106079,Z-MIR,1.0,auto,2026-06-25 03:18:42
PC-106080,Z-MIR,1.0,auto,2026-06-25 09:40:59
PC-106081,Z-MIR,1.0,auto,2026-06-25 04:31:16
PC-106082,Z-MIR,1.0,auto,2026-06-25 07:32:17
PC-106083,Z-MIR,1.0,auto,2026-06-24 22:23:54
PC-106084,Z-MIR,1.0,auto,2026-06-25 09:05:02
PC-106085,Z-MIR,1.0,auto,2026-06-25 15:22:53
PC-106086,Z-MIR,1.0,auto,2026-06-27 05:40:17
PC-106087,Z-MIR,1.0,auto,2026-06-27 06:50:09
PC-106088,Z-MIR,1.0,auto,2026-06-28 04:09:53
PC-106089,Z-MIR,1.0,auto,2026-06-27 17:53:50
PC-106090,Z-MIR,1.0,auto,2026-06-27 20:40:10
PC-106091,Z-MIR,0.894427,auto,2026-06-26 20:12:17
PC-106092,Z-MIR,1.0,auto,2026-06-26 19:01:55
PC-106093,Z-MIR,1.0,auto,2026-06-26 21:38:52
PC-106094,Z-MIR,0.894427,auto,2026-06-27 04:27:44
PC-106095,Z-MIR,1.0,auto,2026-06-27 14:20:17
PC-106096,Z-MIR,1.0,auto,2026-06-26 16:10:54
PC-106097,Z-MIR,1.0,auto,2026-06-27 05:28:08
PC-106098,Z-MIR,1.0,auto,2026-06-27 15:59:36
PC-106099,Z-MIR,1.0,auto,2026-06-26 17:50:36
PC-106100,Z-MIR,1.0,auto,2026-06-26 18:41:52
PC-106101,Z-MIR,1.0,auto,2026-06-27 01:05:20
PC-106102,Z-MIR,1.0,auto,2026-06-27 05:34:02
PC-106103,Z-MIR,1.0,auto,2026-06-27 05:00:27
PC-106104,Z-MIR,1.0,auto,2026-06-28 04:10:45
PC-106105,Z-MIR,1.0,auto,2026-06-28 04:22:21
PC-106106,Z-MIR,1.0,auto,2026-06-27 14:18:05
PC-106107,Z-MIR,1.0,auto,2026-06-27 12:02:55
PC-106108,Z-MIR,1.0,auto,2026-06-28 12:24:14
PC-106109,Z-MIR,1.0,auto,2026-06-28 13:57:20
PC-106110,Z-MIR,1.0,auto,2026-06-27 16:06:39
PC-106111,Z-MIR,1.0,auto,2026-06-28 02:36:14
PC-106112,Z-MIR,1.0,auto,2026-06-28 04:27:20
PC-106113,Z-MIR,1.0,auto,2026-06-28 02:17:48
PC-106114,Z-MIR,1.0,auto,2026-06-28 12:16:03
PC-106115,Z-MIR,1.0,auto,2026-06-28 13:29:28
PC-106116,Z-MIR,1.0,auto,2026-06-27 17:01:03
PC-106117,Z-MIR,1.0,auto,2026-06-28 02:01:45
PC-106118,Z-MIR,1.0,auto,2026-06-28 17:15:51
PC-106119,Z-MIR,1.0,auto,2026-06-27 20:47:15
PC-106120,Z-MIR,1.0,auto,2026-06-28 08:04:48
PC-106121,Z-MIR,1.0,auto,2026-06-28 10:54:57
PC-106122,Z-MIR,1.0,auto,2026-06-29 06:01:48
PC-106123,Z-MIR,1.0,auto,2026-06-28 14:48:51
PC-106124,Z-MIR,1.0,auto,2026-06-28 19:20:54
PC-106125,Z-MIR,1.0,auto,2026-06-28 02:32:49
PC-106126,Z-MIR,1.0,auto,2026-06-27 20:44:46
PC-106127,Z-MIR,1.0,auto,2026-06-28 10:58:07
PC-106128,Z-MIR,1.0,auto,2026-06-27 21:00:20
PC-106129,Z-MIR,1.0,auto,2026-06-28 01:04:50
PC-106130,Z-MIR,1.0,auto,2026-06-27 21:27:13
PC-106131,Z-MIR,0.894427,auto,2026-06-28 06:53:00
PC-106132,Z-MIR,0.894427,auto,2026-06-29 05:08:59
PC-106133,Z-MIR,1.0,auto,2026-06-28 15:49:34
PC-106134,Z-MIR,1.0,auto,2026-06-28 16:50:33
PC-106135,Z-MIR,1.0,auto,2026-06-29 04:36:06
PC-106136,Z-MIR,1.0,auto,2026-06-29 09:03:18
PC-106137,Z-MIR,1.0,auto,2026-06-29 13:33:53
PC-106138,Z-MIR,1.0,auto,2026-06-28 21:19:15
PC-106139,Z-MIR,1.0,auto,2026-06-29 08:01:58
PC-106140,Z-MIR,1.0,auto,2026-06-29 04:53:48
PC-106141,Z-MIR,1.0,auto,2026-06-29 13:03:35
PC-106142,Z-MIR,1.0,auto,2026-06-29 16:19:33
PC-106143,Z-MIR,1.0,auto,2026-06-28 23:02:08
PC-106144,Z-MIR,1.0,auto,2026-06-29 15:34:56
PC-106145,Z-MIR,1.0,auto,2026-06-29 01:21:07
PC-106146,Z-MIR,1.0,auto,2026-06-28 12:46:36
PC-106147,Z-MIR,1.0,auto,2026-06-28 15:37:03
PC-106148,Z-MIR,1.0,auto,2026-06-28 21:37:12
PC-106149,Z-MIR,1.0,auto,2026-06-29 00:48:11
PC-106150,Z-MIR,1.0,auto,2026-06-29 11:28:15
PC-106151,Z-MIR,1.0,auto,2026-06-29 03:41:53
PC-106152,Z-MIR,1.0,auto,2026-06-29 09:55:39
PC-106153,Z-MIR,1.0,auto,2026-06-29 11:38:13
PC-106154,Z-MIR,1.0,auto,2026-06-29 01:48:50
PC-106155,Z-MIR,0.894427,auto,2026-06-29 15:55:02
PC-106156,Z-UTT,1.0,auto,2026-05-31 17:35:19
PC-106157,Z-UTT,1.0,auto,2026-05-31 09:13:12
PC-106158,Z-UTT,1.0,auto,2026-05-31 06:44:26
PC-106159,Z-UTT,1.0,auto,2026-05-31 04:12:56
PC-106160,Z-UTT,0.935414,auto,2026-05-31 14:43:17
PC-106161,Z-UTT,1.0,auto,2026-05-31 06:10:18
PC-106162,Z-UTT,1.0,auto,2026-06-01 04:38:06
PC-106163,Z-UTT,1.0,auto,2026-05-31 14:41:29
PC-106164,Z-UTT,1.0,auto,2026-05-31 10:54:13
PC-106165,Z-UTT,1.0,auto,2026-05-31 10:35:21
PC-106166,Z-UTT,1.0,auto,2026-05-31 17:47:42
PC-106167,Z-UTT,1.0,auto,2026-05-31 09:52:16
PC-106168,Z-UTT,0.935414,auto,2026-05-31 02:20:45
PC-106169,Z-UTT,1.0,auto,2026-05-31 12:51:41
PC-106170,Z-UTT,1.0,auto,2026-05-31 18:50:31
PC-106171,Z-UTT,1.0,auto,2026-05-31 17:08:55
PC-106172,Z-UTT,1.0,auto,2026-05-31 10:37:31
PC-106173,Z-UTT,1.0,auto,2026-05-31 11:27:32
PC-106174,Z-UTT,1.0,auto,2026-05-31 16:56:19
PC-106175,Z-UTT,1.0,auto,2026-05-31 10:21:39
PC-106176,Z-UTT,1.0,auto,2026-05-31 19:49:58
PC-106177,Z-UTT,1.0,auto,2026-05-31 12:59:49
PC-106178,Z-UTT,1.0,auto,2026-05-31 05:28:10
PC-106179,Z-UTT,1.0,auto,2026-05-31 07:57:20
PC-106180,Z-UTT,1.0,auto,2026-05-31 15:24:54
PC-106181,Z-UTT,0.935414,auto,2026-05-31 18:15:10
PC-106182,Z-UTT,1.0,auto,2026-05-31 22:58:27
PC-106183,Z-UTT,0.935414,auto,2026-06-01 05:50:40
PC-106184,Z-UTT,1.0,auto,2026-05-31 16:09:40
PC-106185,Z-UTT,1.0,auto,2026-06-01 02:09:13
PC-106186,Z-UTT,1.0,auto,2026-06-01 01:55:07
PC-106187,Z-UTT,1.0,auto,2026-05-31 21:19:53
PC-106188,Z-UTT,1.0,auto,2026-06-01 00:38:21
PC-106189,Z-UTT,1.0,auto,2026-06-01 19:22:14
PC-106190,Z-UTT,1.0,auto,2026-06-01 06:52:38
PC-106191,Z-UTT,1.0,auto,2026-05-31 15:57:02
PC-106192,Z-UTT,1.0,auto,2026-06-01 23:02:16
PC-106193,Z-UTT,1.0,auto,2026-06-01 14:19:47
PC-106194,Z-UTT,1.0,auto,2026-06-01 12:35:27
PC-106195,Z-UTT,1.0,auto,2026-06-02 03:23:19
PC-106196,Z-UTT,1.0,auto,2026-06-01 11:23:54
PC-106197,Z-UTT,1.0,auto,2026-06-01 06:42:21
PC-106198,Z-UTT,1.0,auto,2026-06-01 12:53:06
PC-106199,Z-UTT,1.0,auto,2026-06-01 14:47:04
PC-106200,Z-UTT,1.0,auto,2026-06-01 09:27:39
PC-106201,Z-UTT,1.0,auto,2026-06-01 10:38:10
PC-106202,Z-UTT,1.0,auto,2026-05-31 22:46:25
PC-106203,Z-UTT,1.0,auto,2026-06-01 01:23:38
PC-106204,Z-UTT,1.0,auto,2026-06-01 16:56:47
PC-106205,Z-UTT,1.0,auto,2026-06-01 22:13:48
PC-106206,Z-UTT,1.0,auto,2026-06-01 04:34:05
PC-106207,Z-UTT,1.0,auto,2026-06-01 12:23:45
PC-106208,Z-UTT,1.0,auto,2026-06-01 03:46:17
PC-106209,Z-UTT,1.0,auto,2026-06-01 02:19:40
PC-106210,Z-UTT,1.0,auto,2026-06-01 08:59:40
PC-106211,Z-UTT,1.0,auto,2026-06-02 07:11:35
PC-106212,Z-UTT,1.0,auto,2026-06-01 15:39:13
PC-106213,Z-UTT,1.0,auto,2026-06-04 02:09:48
PC-106214,Z-UTT,1.0,auto,2026-06-04 10:01:13
PC-106215,Z-UTT,1.0,auto,2026-06-04 21:44:10
PC-106216,Z-UTT,1.0,auto,2026-06-04 08:55:20
PC-106217,Z-UTT,1.0,auto,2026-06-04 03:22:47
PC-106218,Z-UTT,1.0,auto,2026-06-03 22:31:14
PC-106219,Z-UTT,1.0,auto,2026-06-04 01:48:21
PC-106220,Z-UTT,1.0,auto,2026-06-04 09:20:30
PC-106221,Z-UTT,1.0,auto,2026-06-04 02:32:38
PC-106222,Z-UTT,1.0,auto,2026-06-04 00:45:18
PC-106223,Z-UTT,0.935414,auto,2026-06-03 21:00:13
PC-106224,Z-UTT,1.0,auto,2026-06-04 20:42:54
PC-106225,Z-UTT,1.0,auto,2026-06-03 22:27:06
PC-106226,Z-UTT,1.0,auto,2026-06-04 23:41:57
PC-106227,Z-UTT,1.0,auto,2026-06-04 18:37:03
PC-106228,Z-UTT,0.935414,auto,2026-06-04 02:50:28
PC-106229,Z-UTT,1.0,auto,2026-06-04 22:32:10
PC-106230,Z-UTT,1.0,auto,2026-06-04 12:19:52
PC-106231,Z-UTT,1.0,auto,2026-06-04 16:09:30
PC-106232,Z-UTT,1.0,auto,2026-06-03 21:55:37
PC-106233,Z-UTT,0.935414,auto,2026-06-04 08:50:39
PC-106234,Z-UTT,0.935414,auto,2026-06-04 20:20:35
PC-106235,Z-UTT,1.0,auto,2026-06-05 03:58:55
PC-106236,Z-UTT,0.935414,auto,2026-06-06 01:21:49
PC-106237,Z-UTT,1.0,auto,2026-06-06 16:10:26
PC-106238,Z-UTT,1.0,auto,2026-06-06 08:07:32
PC-106239,Z-UTT,1.0,auto,2026-06-05 16:30:52
PC-106240,Z-UTT,1.0,auto,2026-06-06 17:41:03
PC-106241,Z-UTT,1.0,auto,2026-06-06 18:04:13
PC-106242,Z-UTT,0.935414,auto,2026-06-06 12:39:54
PC-106243,Z-UTT,1.0,auto,2026-06-05 22:01:31
PC-106244,Z-UTT,1.0,auto,2026-06-06 16:48:40
PC-106245,Z-UTT,1.0,auto,2026-06-06 05:01:00
PC-106246,Z-UTT,0.935414,auto,2026-06-06 01:20:20
PC-106247,Z-UTT,1.0,auto,2026-06-06 07:42:16
PC-106248,Z-UTT,0.935414,auto,2026-06-06 06:12:19
PC-106249,Z-UTT,1.0,auto,2026-06-06 15:38:34
PC-106250,Z-UTT,1.0,auto,2026-06-05 14:55:54
PC-106251,Z-UTT,1.0,auto,2026-06-06 00:10:48
PC-106252,Z-UTT,1.0,auto,2026-06-06 13:35:58
PC-106253,Z-UTT,1.0,auto,2026-06-05 22:17:05
PC-106254,Z-UTT,1.0,auto,2026-06-06 05:59:18
PC-106255,Z-UTT,0.935414,auto,2026-06-06 14:20:16
PC-106256,Z-UTT,1.0,auto,2026-06-06 11:16:34
PC-106257,Z-UTT,1.0,auto,2026-06-06 11:02:09
PC-106258,Z-UTT,1.0,auto,2026-06-06 10:54:30
PC-106259,Z-UTT,1.0,auto,2026-06-06 18:16:56
PC-106260,Z-UTT,1.0,auto,2026-06-07 04:38:17
PC-106261,Z-UTT,1.0,auto,2026-06-07 05:39:34
PC-106262,Z-UTT,1.0,auto,2026-06-07 05:24:49
PC-106263,Z-UTT,0.935414,auto,2026-06-08 00:38:23
PC-106264,Z-UTT,1.0,auto,2026-06-07 19:45:41
PC-106265,Z-UTT,1.0,auto,2026-06-06 18:17:10
PC-106266,Z-UTT,1.0,auto,2026-06-07 04:10:15
PC-106267,Z-UTT,1.0,auto,2026-06-07 06:20:10
PC-106268,Z-UTT,1.0,auto,2026-06-06 19:30:29
PC-106269,Z-UTT,1.0,auto,2026-06-07 01:39:28
PC-106270,Z-UTT,0.935414,auto,2026-06-08 00:47:01
PC-106271,Z-UTT,1.0,auto,2026-06-07 02:46:04
PC-106272,Z-UTT,0.935414,auto,2026-06-07 04:22:32
PC-106273,Z-UTT,1.0,auto,2026-06-07 07:27:02
PC-106274,Z-UTT,1.0,auto,2026-06-07 02:49:46
PC-106275,Z-UTT,1.0,auto,2026-06-07 11:47:12
PC-106276,Z-UTT,1.0,auto,2026-06-07 07:35:37
PC-106277,Z-UTT,1.0,auto,2026-06-08 05:12:20
PC-106278,Z-UTT,1.0,auto,2026-06-07 16:14:54
PC-106279,Z-UTT,1.0,auto,2026-06-07 17:34:56
PC-106280,Z-UTT,1.0,auto,2026-06-06 16:06:30
PC-106281,Z-UTT,1.0,auto,2026-06-07 05:20:34
PC-106282,Z-UTT,1.0,auto,2026-06-07 15:34:42
PC-106283,Z-UTT,1.0,auto,2026-06-09 13:29:04
PC-106284,Z-UTT,1.0,auto,2026-06-10 02:07:37
PC-106285,Z-UTT,1.0,auto,2026-06-09 19:55:11
PC-106286,Z-UTT,1.0,auto,2026-06-08 21:29:16
PC-106287,Z-UTT,1.0,auto,2026-06-09 04:24:53
PC-106288,Z-UTT,1.0,auto,2026-06-09 09:20:47
PC-106289,Z-UTT,1.0,auto,2026-06-09 05:31:26
PC-106290,Z-UTT,1.0,auto,2026-06-08 22:39:49
PC-106291,Z-UTT,1.0,auto,2026-06-09 04:48:52
PC-106292,Z-UTT,0.935414,auto,2026-06-09 00:20:40
PC-106293,Z-UTT,1.0,auto,2026-06-09 00:14:27
PC-106294,Z-UTT,1.0,auto,2026-06-09 06:42:06
PC-106295,Z-UTT,1.0,auto,2026-06-08 21:11:15
PC-106296,Z-UTT,1.0,auto,2026-06-10 02:51:12
PC-106297,Z-UTT,1.0,auto,2026-06-09 17:12:17
PC-106298,Z-UTT,1.0,auto,2026-06-09 13:29:16
PC-106299,Z-UTT,1.0,auto,2026-06-09 19:30:19
PC-106300,Z-UTT,1.0,auto,2026-06-10 01:55:16
PC-106301,Z-UTT,1.0,auto,2026-06-09 11:46:16
PC-106302,Z-UTT,1.0,auto,2026-06-09 04:31:16
PC-106303,Z-UTT,1.0,auto,2026-06-09 02:45:46
PC-106304,Z-UTT,1.0,auto,2026-06-09 02:16:31
PC-106305,Z-UTT,1.0,auto,2026-06-09 01:19:03
PC-106306,Z-UTT,1.0,auto,2026-06-09 19:47:41
PC-106307,Z-UTT,0.935414,auto,2026-06-09 18:16:02
PC-106308,Z-UTT,1.0,auto,2026-06-09 13:55:06
PC-106309,Z-UTT,1.0,auto,2026-06-09 13:57:35
PC-106310,Z-UTT,1.0,auto,2026-06-10 11:18:31
PC-106311,Z-UTT,1.0,auto,2026-06-09 23:21:03
PC-106312,Z-UTT,1.0,auto,2026-06-10 01:35:28
PC-106313,Z-UTT,0.935414,auto,2026-06-10 18:23:08
PC-106314,Z-UTT,1.0,auto,2026-06-09 16:21:04
PC-106315,Z-UTT,1.0,auto,2026-06-10 02:35:36
PC-106316,Z-UTT,1.0,auto,2026-06-10 11:12:31
PC-106317,Z-UTT,1.0,auto,2026-06-09 19:51:33
PC-106318,Z-UTT,1.0,auto,2026-06-10 19:02:51
PC-106319,Z-UTT,1.0,auto,2026-06-10 14:09:38
PC-106320,Z-UTT,0.935414,auto,2026-06-10 06:56:41
PC-106321,Z-UTT,1.0,auto,2026-06-10 18:49:58
PC-106322,Z-UTT,1.0,auto,2026-06-10 02:19:36
PC-106323,Z-UTT,1.0,auto,2026-06-10 13:35:26
PC-106324,Z-UTT,0.935414,auto,2026-06-10 07:57:04
PC-106325,Z-UTT,1.0,auto,2026-06-10 08:47:16
PC-106326,Z-UTT,1.0,auto,2026-06-10 13:34:29
PC-106327,Z-UTT,1.0,auto,2026-06-10 19:51:56
PC-106328,Z-UTT,1.0,auto,2026-06-10 02:40:53
PC-106329,Z-UTT,1.0,auto,2026-06-10 18:53:45
PC-106330,Z-UTT,1.0,auto,2026-06-10 12:29:03
PC-106331,Z-UTT,1.0,auto,2026-06-10 04:28:53
PC-106332,Z-UTT,1.0,auto,2026-06-10 10:04:20
PC-106333,Z-UTT,1.0,auto,2026-06-10 19:29:22
PC-106334,Z-UTT,1.0,auto,2026-06-11 11:40:47
PC-106335,Z-UTT,1.0,auto,2026-06-11 03:42:44
PC-106336,Z-UTT,1.0,auto,2026-06-10 13:43:23
PC-106337,Z-UTT,1.0,auto,2026-06-10 12:33:01
PC-106338,Z-UTT,0.935414,auto,2026-06-11 10:46:58
PC-106339,Z-UTT,1.0,auto,2026-06-11 01:08:56
PC-106340,Z-UTT,1.0,auto,2026-06-10 17:59:00
PC-106341,Z-UTT,1.0,auto,2026-06-10 22:36:47
PC-106342,Z-UTT,1.0,auto,2026-06-11 05:51:29
PC-106343,Z-UTT,0.935414,auto,2026-06-12 01:24:55
PC-106344,Z-UTT,1.0,auto,2026-06-11 17:42:26
PC-106345,Z-UTT,1.0,auto,2026-06-10 19:16:39
PC-106346,Z-UTT,1.0,auto,2026-06-11 13:23:47
PC-106347,Z-UTT,1.0,auto,2026-06-11 23:19:41
PC-106348,Z-UTT,1.0,auto,2026-06-11 08:11:03
PC-106349,Z-UTT,1.0,auto,2026-06-10 23:26:18
PC-106350,Z-UTT,1.0,auto,2026-06-10 23:00:18
PC-106351,Z-UTT,1.0,auto,2026-06-11 05:15:18
PC-106352,Z-UTT,1.0,auto,2026-06-11 14:54:26
PC-106353,Z-UTT,1.0,auto,2026-06-11 08:57:57
PC-106354,Z-UTT,1.0,auto,2026-06-11 20:54:20
PC-106355,Z-UTT,0.935414,auto,2026-06-12 01:01:38
PC-106356,Z-UTT,1.0,auto,2026-06-11 18:45:36
PC-106357,Z-UTT,1.0,auto,2026-06-11 16:58:23
PC-106358,Z-UTT,0.935414,auto,2026-06-12 11:38:58
PC-106359,Z-UTT,1.0,auto,2026-06-12 12:11:41
PC-106360,Z-UTT,1.0,auto,2026-06-12 10:44:29
PC-106361,Z-UTT,0.935414,auto,2026-06-12 07:31:55
PC-106362,Z-UTT,1.0,auto,2026-06-12 07:12:33
PC-106363,Z-UTT,1.0,auto,2026-06-12 00:40:43
PC-106364,Z-UTT,1.0,auto,2026-06-11 23:18:25
PC-106365,Z-UTT,1.0,auto,2026-06-12 07:25:21
PC-106366,Z-UTT,1.0,auto,2026-06-12 14:33:46
PC-106367,Z-UTT,1.0,auto,2026-06-12 03:54:30
PC-106368,Z-UTT,1.0,auto,2026-06-12 09:57:24
PC-106369,Z-UTT,1.0,auto,2026-06-12 05:38:32
PC-106370,Z-UTT,1.0,auto,2026-06-12 19:23:17
PC-106371,Z-UTT,1.0,auto,2026-06-12 03:51:49
PC-106372,Z-UTT,1.0,auto,2026-06-12 02:40:15
PC-106373,Z-UTT,1.0,auto,2026-06-13 01:07:46
PC-106374,Z-UTT,1.0,auto,2026-06-11 14:19:27
PC-106375,Z-UTT,1.0,auto,2026-06-12 06:08:23
PC-106376,Z-UTT,1.0,auto,2026-06-12 09:48:19
PC-106377,Z-UTT,1.0,auto,2026-06-11 17:57:23
PC-106378,Z-UTT,1.0,auto,2026-06-13 01:04:12
PC-106379,Z-UTT,1.0,auto,2026-06-13 08:11:25
PC-106380,Z-UTT,1.0,auto,2026-06-12 09:11:38
PC-106381,Z-UTT,1.0,auto,2026-06-13 04:56:21
PC-106382,Z-UTT,1.0,auto,2026-06-12 20:31:26
PC-106383,Z-UTT,1.0,auto,2026-06-13 17:12:36
PC-106384,Z-UTT,1.0,auto,2026-06-13 08:49:57
PC-106385,Z-UTT,1.0,auto,2026-06-13 12:33:29
PC-106386,Z-UTT,1.0,auto,2026-06-13 01:06:27
PC-106387,Z-UTT,1.0,auto,2026-06-13 20:53:14
PC-106388,Z-UTT,0.935414,auto,2026-06-13 05:02:53
PC-106389,Z-UTT,1.0,auto,2026-06-13 10:01:04
PC-106390,Z-UTT,1.0,auto,2026-06-12 18:42:27
PC-106391,Z-UTT,1.0,auto,2026-06-13 19:38:10
PC-106392,Z-UTT,1.0,auto,2026-06-13 04:57:17
PC-106393,Z-UTT,1.0,auto,2026-06-13 16:49:17
PC-106394,Z-UTT,1.0,auto,2026-06-12 23:08:47
PC-106395,Z-UTT,1.0,auto,2026-06-12 15:21:51
PC-106396,Z-UTT,1.0,auto,2026-06-13 19:45:51
PC-106397,Z-UTT,1.0,auto,2026-06-13 03:20:35
PC-106398,Z-UTT,1.0,auto,2026-06-13 08:03:52
PC-106399,Z-UTT,1.0,auto,2026-06-13 21:33:06
PC-106400,Z-UTT,1.0,auto,2026-06-13 12:30:00
PC-106401,Z-UTT,1.0,auto,2026-06-13 20:58:14
PC-106402,Z-UTT,1.0,auto,2026-06-13 08:52:14
PC-106403,Z-UTT,1.0,auto,2026-06-13 05:11:03
PC-106404,Z-UTT,1.0,auto,2026-06-13 23:48:24
PC-106405,Z-UTT,1.0,auto,2026-06-14 02:59:12
PC-106406,Z-UTT,1.0,auto,2026-06-14 10:09:24
PC-106407,Z-UTT,1.0,auto,2026-06-14 21:15:13
PC-106408,Z-UTT,1.0,auto,2026-06-14 08:33:47
PC-106409,Z-UTT,1.0,auto,2026-06-14 19:42:48
PC-106410,Z-UTT,1.0,auto,2026-06-14 00:31:18
PC-106411,Z-UTT,1.0,auto,2026-06-14 12:17:47
PC-106412,Z-UTT,1.0,auto,2026-06-14 00:35:43
PC-106413,Z-UTT,1.0,auto,2026-06-14 08:54:50
PC-106414,Z-UTT,1.0,auto,2026-06-14 10:48:44
PC-106415,Z-UTT,1.0,auto,2026-06-13 22:47:59
PC-106416,Z-UTT,1.0,auto,2026-06-14 10:49:24
PC-106417,Z-UTT,0.935414,auto,2026-06-14 06:32:42
PC-106418,Z-UTT,1.0,auto,2026-06-14 00:27:56
PC-106419,Z-UTT,1.0,auto,2026-06-14 01:50:08
PC-106420,Z-UTT,1.0,auto,2026-06-14 08:39:30
PC-106421,Z-UTT,1.0,auto,2026-06-14 09:19:21
PC-106422,Z-UTT,1.0,auto,2026-06-13 17:35:59
PC-106423,Z-UTT,1.0,auto,2026-06-14 11:14:04
PC-106424,Z-UTT,1.0,auto,2026-06-14 12:18:47
PC-106425,Z-UTT,1.0,auto,2026-06-14 14:26:08
PC-106426,Z-UTT,1.0,auto,2026-06-14 22:38:54
PC-106427,Z-UTT,1.0,auto,2026-06-14 02:25:58
PC-106428,Z-UTT,1.0,auto,2026-06-13 16:00:57
PC-106429,Z-UTT,1.0,auto,2026-06-14 21:32:51
PC-106430,Z-UTT,1.0,auto,2026-06-14 21:06:22
PC-106431,Z-UTT,1.0,auto,2026-06-15 09:22:23
PC-106432,Z-UTT,1.0,auto,2026-06-15 04:21:29
PC-106433,Z-UTT,1.0,auto,2026-06-15 07:03:53
PC-106434,Z-UTT,1.0,auto,2026-06-15 05:42:45
PC-106435,Z-UTT,1.0,auto,2026-06-15 04:33:13
PC-106436,Z-UTT,1.0,auto,2026-06-15 19:58:12
PC-106437,Z-UTT,1.0,auto,2026-06-15 13:43:27
PC-106438,Z-UTT,1.0,auto,2026-06-15 13:18:15
PC-106439,Z-UTT,1.0,auto,2026-06-15 14:21:02
PC-106440,Z-UTT,0.935414,auto,2026-06-15 06:39:02
PC-106441,Z-UTT,0.935414,auto,2026-06-15 02:09:11
PC-106442,Z-UTT,1.0,auto,2026-06-15 11:56:09
PC-106443,Z-UTT,1.0,auto,2026-06-15 05:42:26
PC-106444,Z-UTT,1.0,auto,2026-06-15 14:46:06
PC-106445,Z-UTT,1.0,auto,2026-06-15 07:46:13
PC-106446,Z-UTT,1.0,auto,2026-06-14 18:12:18
PC-106447,Z-UTT,1.0,auto,2026-06-15 06:30:00
PC-106448,Z-UTT,1.0,auto,2026-06-15 10:16:06
PC-106449,Z-UTT,1.0,auto,2026-06-15 04:32:22
PC-106450,Z-UTT,1.0,auto,2026-06-15 17:29:10
PC-106451,Z-UTT,1.0,auto,2026-06-15 21:34:46
PC-106452,Z-UTT,1.0,auto,2026-06-16 01:07:47
PC-106453,Z-UTT,1.0,auto,2026-06-15 07:40:48
PC-106454,Z-UTT,1.0,auto,2026-06-14 21:08:14
PC-106455,Z-UTT,1.0,auto,2026-06-15 18:22:22
PC-106456,Z-UTT,1.0,auto,2026-06-14 15:57:06
PC-106457,Z-UTT,1.0,auto,2026-06-16 01:47:12
PC-106458,Z-UTT,1.0,auto,2026-06-15 17:02:08
PC-106459,Z-UTT,1.0,auto,2026-06-16 10:04:48
PC-106460,Z-UTT,1.0,auto,2026-06-16 11:13:53
PC-106461,Z-UTT,1.0,auto,2026-06-15 10:46:28
PC-106462,Z-UTT,1.0,auto,2026-06-16 20:23:43
PC-106463,Z-UTT,1.0,auto,2026-06-16 11:32:30
PC-106464,Z-UTT,1.0,auto,2026-06-16 02:33:40
PC-106465,Z-UTT,1.0,auto,2026-06-16 15:07:38
PC-106466,Z-UTT,1.0,auto,2026-06-16 05:05:52
PC-106467,Z-UTT,1.0,auto,2026-06-16 08:03:31
PC-106468,Z-UTT,1.0,auto,2026-06-16 22:25:31
PC-106469,Z-UTT,1.0,auto,2026-06-15 21:54:49
PC-106470,Z-UTT,1.0,auto,2026-06-15 19:04:00
PC-106471,Z-UTT,1.0,auto,2026-06-16 06:18:52
PC-106472,Z-UTT,1.0,auto,2026-06-16 13:33:22
PC-106473,Z-UTT,1.0,auto,2026-06-15 13:43:34
PC-106474,Z-UTT,1.0,auto,2026-06-16 16:29:11
PC-106475,Z-UTT,1.0,auto,2026-06-16 02:38:42
PC-106476,Z-UTT,1.0,auto,2026-06-16 04:31:03
PC-106477,Z-UTT,1.0,auto,2026-06-17 02:58:53
PC-106478,Z-UTT,1.0,auto,2026-06-16 12:06:52
PC-106479,Z-UTT,0.935414,auto,2026-06-16 08:43:47
PC-106480,Z-UTT,1.0,auto,2026-06-16 04:52:26
PC-106481,Z-UTT,1.0,auto,2026-06-17 04:22:15
PC-106482,Z-UTT,1.0,auto,2026-06-16 08:08:22
PC-106483,Z-UTT,1.0,auto,2026-06-16 08:59:03
PC-106484,Z-UTT,1.0,auto,2026-06-17 04:57:01
PC-106485,Z-UTT,1.0,auto,2026-06-17 17:21:36
PC-106486,Z-UTT,1.0,auto,2026-06-17 06:01:56
PC-106487,Z-UTT,1.0,auto,2026-06-16 23:00:10
PC-106488,Z-UTT,1.0,auto,2026-06-17 02:41:29
PC-106489,Z-UTT,0.935414,auto,2026-06-17 06:31:52
PC-106490,Z-UTT,1.0,auto,2026-06-17 02:30:29
PC-106491,Z-UTT,1.0,auto,2026-06-18 00:41:27
PC-106492,Z-UTT,1.0,auto,2026-06-17 11:52:03
PC-106493,Z-UTT,1.0,auto,2026-06-17 14:53:35
PC-106494,Z-UTT,1.0,auto,2026-06-17 16:08:48
PC-106495,Z-UTT,1.0,auto,2026-06-17 09:26:03
PC-106496,Z-UTT,1.0,auto,2026-06-17 08:46:06
PC-106497,Z-UTT,1.0,auto,2026-06-17 21:47:50
PC-106498,Z-UTT,1.0,auto,2026-06-17 09:48:19
PC-106499,Z-UTT,1.0,auto,2026-06-17 11:08:20
PC-106500,Z-UTT,0.935414,auto,2026-06-17 09:22:22
PC-106501,Z-UTT,1.0,auto,2026-06-17 04:08:57
PC-106502,Z-UTT,1.0,auto,2026-06-17 13:32:28
PC-106503,Z-UTT,1.0,auto,2026-06-17 08:21:10
PC-106504,Z-UTT,1.0,auto,2026-06-16 19:23:50
PC-106505,Z-UTT,1.0,auto,2026-06-17 11:51:42
PC-106506,Z-UTT,1.0,auto,2026-06-16 16:55:47
PC-106507,Z-UTT,1.0,auto,2026-06-18 03:02:50
PC-106508,Z-UTT,1.0,auto,2026-06-17 03:34:17
PC-106509,Z-UTT,1.0,auto,2026-06-18 02:59:33
PC-106510,Z-UTT,1.0,auto,2026-06-17 12:15:02
PC-106511,Z-UTT,1.0,auto,2026-06-18 08:45:47
PC-106512,Z-UTT,1.0,auto,2026-06-18 12:19:27
PC-106513,Z-UTT,1.0,auto,2026-06-18 10:18:45
PC-106514,Z-UTT,1.0,auto,2026-06-18 10:48:24
PC-106515,Z-UTT,1.0,auto,2026-06-17 19:47:25
PC-106516,Z-UTT,1.0,auto,2026-06-19 03:31:33
PC-106517,Z-UTT,1.0,auto,2026-06-18 09:12:03
PC-106518,Z-UTT,1.0,auto,2026-06-18 10:58:27
PC-106519,Z-UTT,1.0,auto,2026-06-17 23:57:47
PC-106520,Z-UTT,1.0,auto,2026-06-18 17:07:22
PC-106521,Z-UTT,1.0,auto,2026-06-18 00:07:55
PC-106522,Z-UTT,1.0,auto,2026-06-17 23:24:10
PC-106523,Z-UTT,1.0,auto,2026-06-18 01:56:26
PC-106524,Z-UTT,1.0,auto,2026-06-18 08:31:31
PC-106525,Z-UTT,1.0,auto,2026-06-18 12:44:02
PC-106526,Z-UTT,1.0,auto,2026-06-19 09:25:31
PC-106527,Z-UTT,1.0,auto,2026-06-18 01:52:39
PC-106528,Z-UTT,1.0,auto,2026-06-17 20:01:07
PC-106529,Z-UTT,1.0,auto,2026-06-18 15:19:41
PC-106530,Z-UTT,1.0,auto,2026-06-18 09:05:37
PC-106531,Z-UTT,1.0,auto,2026-06-18 19:45:24
PC-106532,Z-UTT,1.0,auto,2026-06-18 04:55:56
PC-106533,Z-UTT,1.0,auto,2026-06-18 20:40:47
PC-106534,Z-UTT,1.0,auto,2026-06-18 15:53:58
PC-106535,Z-UTT,1.0,auto,2026-06-18 09:44:13
PC-106536,Z-UTT,1.0,auto,2026-06-19 19:21:02
PC-106537,Z-UTT,1.0,auto,2026-06-19 03:46:45
PC-106538,Z-UTT,1.0,auto,2026-06-19 13:42:51
PC-106539,Z-UTT,1.0,auto,2026-06-19 09:56:15
PC-106540,Z-UTT,1.0,auto,2026-06-18 17:23:21
PC-106541,Z-UTT,0.935414,auto,2026-06-19 12:40:13
PC-106542,Z-UTT,1.0,auto,2026-06-19 16:27:45
PC-106543,Z-UTT,0.935414,auto,2026-06-19 21:22:26
PC-106544,Z-UTT,1.0,auto,2026-06-20 03:28:52
PC-106545,Z-UTT,1.0,auto,2026-06-19 09:39:31
PC-106546,Z-UTT,1.0,auto,2026-06-19 11:21:45
PC-106547,Z-UTT,1.0,auto,2026-06-18 18:01:15
PC-106548,Z-UTT,1.0,auto,2026-06-18 19:38:15
PC-106549,Z-UTT,1.0,auto,2026-06-19 00:48:54
PC-106550,Z-UTT,1.0,auto,2026-06-19 09:40:11
PC-106551,Z-UTT,1.0,auto,2026-06-19 11:43:56
PC-106552,Z-UTT,0.935414,auto,2026-06-19 05:18:43
PC-106553,Z-UTT,1.0,auto,2026-06-19 01:03:38
PC-106554,Z-UTT,1.0,auto,2026-06-19 06:43:52
PC-106555,Z-UTT,1.0,auto,2026-06-18 15:30:04
PC-106556,Z-UTT,1.0,auto,2026-06-19 16:59:20
PC-106557,Z-UTT,1.0,auto,2026-06-19 13:19:20
PC-106558,Z-UTT,1.0,auto,2026-06-18 18:00:55
PC-106559,Z-UTT,1.0,auto,2026-06-19 18:40:41
PC-106560,Z-UTT,1.0,auto,2026-06-19 05:22:26
PC-106561,Z-UTT,1.0,auto,2026-06-19 00:55:33
PC-106562,Z-UTT,1.0,auto,2026-06-20 05:29:55
PC-106563,Z-UTT,1.0,auto,2026-06-20 00:37:13
PC-106564,Z-UTT,1.0,auto,2026-06-19 20:05:19
PC-106565,Z-UTT,1.0,auto,2026-06-19 19:22:36
PC-106566,Z-UTT,1.0,auto,2026-06-20 02:51:59
PC-106567,Z-UTT,1.0,auto,2026-06-20 08:10:49
PC-106568,Z-UTT,1.0,auto,2026-06-20 02:23:00
PC-106569,Z-UTT,1.0,auto,2026-06-20 07:19:11
PC-106570,Z-UTT,1.0,auto,2026-06-19 21:00:15
PC-106571,Z-UTT,1.0,auto,2026-06-20 05:07:41
PC-106572,Z-UTT,1.0,auto,2026-06-19 17:54:16
PC-106573,Z-UTT,1.0,auto,2026-06-20 06:50:00
PC-106574,Z-UTT,0.935414,auto,2026-06-20 05:50:37
PC-106575,Z-UTT,1.0,auto,2026-06-20 05:07:32
PC-106576,Z-UTT,0.935414,auto,2026-06-20 08:15:38
PC-106577,Z-UTT,1.0,auto,2026-06-19 22:08:35
PC-106578,Z-UTT,1.0,auto,2026-06-20 12:04:18
PC-106579,Z-UTT,1.0,auto,2026-06-20 03:29:53
PC-106580,Z-UTT,1.0,auto,2026-06-20 07:27:15
PC-106581,Z-UTT,1.0,auto,2026-06-20 12:48:33
PC-106582,Z-UTT,0.935414,auto,2026-06-20 13:14:58
PC-106583,Z-UTT,1.0,auto,2026-06-20 03:31:14
PC-106584,Z-UTT,1.0,auto,2026-06-21 08:58:04
PC-106585,Z-UTT,0.935414,auto,2026-06-20 19:39:18
PC-106586,Z-UTT,0.935414,auto,2026-06-21 10:28:22
PC-106587,Z-UTT,1.0,auto,2026-06-20 20:53:41
PC-106588,Z-UTT,1.0,auto,2026-06-20 13:23:25
PC-106589,Z-UTT,1.0,auto,2026-06-21 07:15:43
PC-106590,Z-UTT,1.0,auto,2026-06-21 10:38:47
PC-106591,Z-UTT,1.0,auto,2026-06-21 18:51:20
PC-106592,Z-UTT,1.0,auto,2026-06-21 12:04:37
PC-106593,Z-UTT,1.0,auto,2026-06-22 00:03:29
PC-106594,Z-UTT,1.0,auto,2026-06-21 11:07:26
PC-106595,Z-UTT,1.0,auto,2026-06-21 15:36:33
PC-106596,Z-UTT,1.0,auto,2026-06-21 15:17:13
PC-106597,Z-UTT,1.0,auto,2026-06-21 05:03:27
PC-106598,Z-UTT,0.935414,auto,2026-06-21 15:16:37
PC-106599,Z-UTT,1.0,auto,2026-06-20 16:18:57
PC-106600,Z-UTT,0.935414,auto,2026-06-21 07:34:55
PC-106601,Z-UTT,1.0,auto,2026-06-21 17:35:38
PC-106602,Z-UTT,1.0,auto,2026-06-21 18:18:56
PC-106603,Z-UTT,1.0,auto,2026-06-21 15:58:53
PC-106604,Z-UTT,1.0,auto,2026-06-21 18:51:13
PC-106605,Z-UTT,1.0,auto,2026-06-21 07:13:26
PC-106606,Z-UTT,1.0,auto,2026-06-21 14:15:33
PC-106607,Z-UTT,1.0,auto,2026-06-21 23:27:57
PC-106608,Z-UTT,0.935414,auto,2026-06-21 20:09:31
PC-106609,Z-UTT,1.0,auto,2026-06-21 08:06:11
PC-106610,Z-UTT,1.0,auto,2026-06-22 01:47:29
PC-106611,Z-UTT,1.0,auto,2026-06-22 19:58:31
PC-106612,Z-UTT,0.935414,auto,2026-06-22 06:45:45
PC-106613,Z-UTT,1.0,auto,2026-06-22 16:05:38
PC-106614,Z-UTT,1.0,auto,2026-06-22 05:51:54
PC-106615,Z-UTT,1.0,auto,2026-06-22 15:38:41
PC-106616,Z-UTT,1.0,auto,2026-06-22 07:42:27
PC-106617,Z-UTT,1.0,auto,2026-06-22 08:19:26
PC-106618,Z-UTT,1.0,auto,2026-06-21 21:27:39
PC-106619,Z-UTT,1.0,auto,2026-06-22 12:47:29
PC-106620,Z-UTT,1.0,auto,2026-06-21 23:47:22
PC-106621,Z-UTT,1.0,auto,2026-06-21 20:15:21
PC-106622,Z-UTT,1.0,auto,2026-06-23 09:24:44
PC-106623,Z-UTT,1.0,auto,2026-06-21 22:33:51
PC-106624,Z-UTT,1.0,auto,2026-06-22 12:36:26
PC-106625,Z-UTT,1.0,auto,2026-06-22 07:57:17
PC-106626,Z-UTT,1.0,auto,2026-06-22 17:12:41
PC-106627,Z-UTT,1.0,auto,2026-06-21 16:40:45
PC-106628,Z-UTT,1.0,auto,2026-06-21 15:00:08
PC-106629,Z-UTT,1.0,auto,2026-06-22 12:01:50
PC-106630,Z-UTT,1.0,auto,2026-06-22 14:46:44
PC-106631,Z-UTT,1.0,auto,2026-06-22 09:20:59
PC-106632,Z-UTT,1.0,auto,2026-06-23 00:10:43
PC-106633,Z-UTT,1.0,auto,2026-06-22 12:09:29
PC-106634,Z-UTT,1.0,auto,2026-06-22 21:28:20
PC-106635,Z-UTT,1.0,auto,2026-06-23 12:24:48
PC-106636,Z-UTT,0.935414,auto,2026-06-23 08:26:09
PC-106637,Z-UTT,1.0,auto,2026-06-23 14:20:29
PC-106638,Z-UTT,1.0,auto,2026-06-23 18:04:42
PC-106639,Z-UTT,1.0,auto,2026-06-22 11:56:31
PC-106640,Z-UTT,1.0,auto,2026-06-23 14:27:54
PC-106641,Z-UTT,1.0,auto,2026-06-22 15:18:05
PC-106642,Z-UTT,1.0,auto,2026-06-23 04:57:39
PC-106643,Z-UTT,1.0,auto,2026-06-23 21:22:24
PC-106644,Z-UTT,1.0,auto,2026-06-23 19:20:18
PC-106645,Z-UTT,1.0,auto,2026-06-23 05:41:51
PC-106646,Z-UTT,1.0,auto,2026-06-23 20:18:58
PC-106647,Z-UTT,1.0,auto,2026-06-23 03:15:03
PC-106648,Z-UTT,1.0,auto,2026-06-23 01:24:10
PC-106649,Z-UTT,1.0,auto,2026-06-23 12:20:47
PC-106650,Z-UTT,0.935414,auto,2026-06-22 09:15:36
PC-106651,Z-UTT,1.0,auto,2026-06-23 16:05:41
PC-106652,Z-UTT,1.0,auto,2026-06-23 07:39:54
PC-106653,Z-UTT,1.0,auto,2026-06-23 14:17:45
PC-106654,Z-UTT,1.0,auto,2026-06-23 16:21:01
PC-106655,Z-UTT,1.0,auto,2026-06-23 09:40:48
PC-106656,Z-UTT,1.0,auto,2026-06-24 10:06:39
PC-106657,Z-UTT,1.0,auto,2026-06-23 01:39:08
PC-106658,Z-UTT,1.0,auto,2026-06-23 01:18:33
PC-106659,Z-UTT,1.0,auto,2026-06-24 01:19:12
PC-106660,Z-UTT,1.0,auto,2026-06-23 15:32:52
PC-106661,Z-UTT,1.0,auto,2026-06-23 18:14:24
PC-106662,Z-UTT,1.0,auto,2026-06-24 11:52:02
PC-106663,Z-UTT,1.0,auto,2026-06-24 02:44:44
PC-106664,Z-UTT,1.0,auto,2026-06-23 18:09:00
PC-106665,Z-UTT,1.0,auto,2026-06-24 04:41:18
PC-106666,Z-UTT,1.0,auto,2026-06-24 03:24:45
PC-106667,Z-UTT,1.0,auto,2026-06-24 09:51:01
PC-106668,Z-UTT,1.0,auto,2026-06-23 16:49:39
PC-106669,Z-UTT,1.0,auto,2026-06-24 18:20:54
PC-106670,Z-UTT,1.0,auto,2026-06-24 06:21:53
PC-106671,Z-UTT,0.935414,auto,2026-06-24 12:58:05
PC-106672,Z-UTT,1.0,auto,2026-06-23 22:34:37
PC-106673,Z-UTT,1.0,auto,2026-06-24 17:48:01
PC-106674,Z-UTT,1.0,auto,2026-06-24 20:27:06
PC-106675,Z-UTT,1.0,auto,2026-06-24 21:11:01
PC-106676,Z-UTT,1.0,auto,2026-06-24 07:35:01
PC-106677,Z-UTT,1.0,auto,2026-06-24 09:02:05
PC-106678,Z-UTT,1.0,auto,2026-06-24 09:08:46
PC-106679,Z-UTT,1.0,auto,2026-06-25 04:59:21
PC-106680,Z-UTT,1.0,auto,2026-06-24 07:01:00
PC-106681,Z-UTT,1.0,auto,2026-06-24 16:16:50
PC-106682,Z-UTT,1.0,auto,2026-06-25 01:33:04
PC-106683,Z-UTT,1.0,auto,2026-06-24 12:50:33
PC-106684,Z-UTT,1.0,auto,2026-06-24 06:37:48
PC-106685,Z-UTT,1.0,auto,2026-06-24 18:50:20
PC-106686,Z-UTT,1.0,auto,2026-06-25 01:33:37
PC-106687,Z-UTT,1.0,auto,2026-06-25 18:38:30
PC-106688,Z-UTT,0.935414,auto,2026-06-25 12:05:49
PC-106689,Z-UTT,1.0,auto,2026-06-25 11:35:17
PC-106690,Z-UTT,1.0,auto,2026-06-24 22:38:15
PC-106691,Z-UTT,1.0,auto,2026-06-24 23:19:10
PC-106692,Z-UTT,1.0,auto,2026-06-24 23:59:08
PC-106693,Z-UTT,1.0,auto,2026-06-24 18:16:03
PC-106694,Z-UTT,1.0,auto,2026-06-25 15:48:36
PC-106695,Z-UTT,1.0,auto,2026-06-25 09:04:18
PC-106696,Z-UTT,1.0,auto,2026-06-25 07:25:09
PC-106697,Z-UTT,1.0,auto,2026-06-25 14:10:25
PC-106698,Z-UTT,1.0,auto,2026-06-25 14:05:26
PC-106699,Z-UTT,1.0,auto,2026-06-25 16:01:21
PC-106700,Z-UTT,1.0,auto,2026-06-26 03:31:43
PC-106701,Z-UTT,1.0,auto,2026-06-24 19:20:35
PC-106702,Z-UTT,1.0,auto,2026-06-25 10:05:58
PC-106703,Z-UTT,1.0,auto,2026-06-25 07:22:08
PC-106704,Z-UTT,1.0,auto,2026-06-25 04:04:42
PC-106705,Z-UTT,1.0,auto,2026-06-25 08:49:37
PC-106706,Z-UTT,0.935414,auto,2026-06-25 14:07:23
PC-106707,Z-UTT,1.0,auto,2026-06-25 19:08:43
PC-106708,Z-UTT,0.935414,auto,2026-06-25 09:46:42
PC-106709,Z-UTT,0.935414,auto,2026-06-25 02:01:06
PC-106710,Z-UTT,1.0,auto,2026-06-25 10:24:37
PC-106711,Z-UTT,1.0,auto,2026-06-25 01:31:40
PC-106712,Z-UTT,1.0,auto,2026-06-25 12:33:41
PC-106713,Z-UTT,1.0,auto,2026-06-26 07:34:55
PC-106714,Z-UTT,1.0,auto,2026-06-26 04:06:36
PC-106715,Z-UTT,1.0,auto,2026-06-26 03:00:27
PC-106716,Z-UTT,1.0,auto,2026-06-26 03:31:51
PC-106717,Z-UTT,1.0,auto,2026-06-26 05:19:50
PC-106718,Z-UTT,1.0,auto,2026-06-26 14:56:48
PC-106719,Z-UTT,1.0,auto,2026-06-26 16:04:35
PC-106720,Z-UTT,1.0,auto,2026-06-26 16:14:17
PC-106721,Z-UTT,1.0,auto,2026-06-26 14:46:19
PC-106722,Z-UTT,1.0,auto,2026-06-26 17:02:01
PC-106723,Z-UTT,1.0,auto,2026-06-26 04:24:41
PC-106724,Z-UTT,0.935414,auto,2026-06-27 00:10:54
PC-106725,Z-UTT,1.0,auto,2026-06-26 10:42:36
PC-106726,Z-UTT,0.935414,auto,2026-06-26 17:03:39
PC-106727,Z-UTT,1.0,auto,2026-06-26 13:23:44
PC-106728,Z-UTT,1.0,auto,2026-06-27 00:16:33
PC-106729,Z-UTT,1.0,auto,2026-06-26 14:29:58
PC-106730,Z-UTT,1.0,auto,2026-06-25 19:23:20
PC-106731,Z-UTT,1.0,auto,2026-06-27 00:12:20
PC-106732,Z-UTT,1.0,auto,2026-06-26 09:20:03
PC-106733,Z-UTT,1.0,auto,2026-06-26 09:50:45
PC-106734,Z-UTT,1.0,auto,2026-06-28 15:38:03
PC-106735,Z-UTT,1.0,auto,2026-06-29 03:15:31
PC-106736,Z-UTT,1.0,auto,2026-06-28 08:28:17
PC-106737,Z-UTT,1.0,auto,2026-06-28 16:25:05
PC-106738,Z-UTT,1.0,auto,2026-06-28 10:53:30
PC-106739,Z-UTT,1.0,auto,2026-06-28 18:08:09
PC-106740,Z-UTT,1.0,auto,2026-06-28 00:52:42
PC-106741,Z-UTT,1.0,auto,2026-06-28 00:33:12
PC-106742,Z-UTT,0.935414,auto,2026-06-28 03:29:57
PC-106743,Z-UTT,1.0,auto,2026-06-29 04:09:56
PC-106744,Z-UTT,1.0,auto,2026-06-28 19:35:26
PC-106745,Z-UTT,1.0,auto,2026-06-28 01:26:33
PC-106746,Z-UTT,1.0,auto,2026-06-28 21:30:08
PC-106747,Z-UTT,0.935414,auto,2026-06-28 16:26:59
PC-106748,Z-UTT,1.0,auto,2026-06-28 17:58:53
PC-106749,Z-UTT,1.0,auto,2026-06-27 19:45:18
PC-106750,Z-UTT,1.0,auto,2026-06-28 06:35:32
PC-106751,Z-UTT,0.935414,auto,2026-06-29 01:52:28
PC-106752,Z-UTT,1.0,auto,2026-06-28 15:55:00
PC-106753,Z-UTT,1.0,auto,2026-06-27 18:37:58
PC-106754,Z-UTT,1.0,auto,2026-06-28 09:20:12
PC-106755,Z-UTT,1.0,auto,2026-06-28 17:24:52
PC-106756,Z-UTT,1.0,auto,2026-06-28 13:50:22
PC-106757,Z-UTT,1.0,auto,2026-06-28 02:49:51
PC-106758,Z-UTT,1.0,auto,2026-06-28 21:57:18
PC-106759,Z-UTT,1.0,auto,2026-06-28 15:01:37
PC-106760,Z-UTT,1.0,auto,2026-06-29 07:58:59
PC-106761,Z-UTT,1.0,auto,2026-06-28 19:23:30
PC-106762,Z-UTT,1.0,auto,2026-06-29 10:13:43
PC-106763,Z-UTT,1.0,auto,2026-06-29 16:58:40
PC-106764,Z-UTT,1.0,auto,2026-06-28 18:54:17
PC-106765,Z-UTT,1.0,auto,2026-06-29 05:22:43
PC-106766,Z-UTT,1.0,auto,2026-06-29 06:53:14
PC-106767,Z-UTT,0.935414,auto,2026-06-29 14:32:11
PC-106768,Z-UTT,1.0,auto,2026-06-28 19:24:11
PC-106769,Z-UTT,1.0,auto,2026-06-29 17:17:28
PC-106770,Z-UTT,1.0,auto,2026-06-29 15:15:09
PC-106771,Z-UTT,1.0,auto,2026-06-28 23:49:28
PC-106772,Z-UTT,1.0,auto,2026-06-29 02:10:27
PC-106773,Z-UTT,1.0,auto,2026-06-29 09:39:31
PC-106774,Z-UTT,1.0,auto,2026-06-28 17:21:28
PC-106775,Z-UTT,1.0,auto,2026-06-29 23:53:49
PC-106776,Z-UTT,1.0,auto,2026-06-29 08:35:23
PC-106777,Z-UTT,1.0,auto,2026-06-29 17:31:54
PC-106778,Z-UTT,1.0,auto,2026-06-28 13:35:46
PC-106779,Z-UTT,1.0,auto,2026-06-28 22:14:25
PC-106780,Z-UTT,1.0,auto,2026-06-29 07:16:28
PC-106781,Z-UTT,1.0,auto,2026-06-29 15:23:38
PC-106782,Z-UTT,1.0,auto,2026-06-29 23:57:26
PC-106783,Z-DHN,1.0,auto,2026-05-30 03:49:30
PC-106784,Z-DHN,1.0,auto,2026-05-30 07:15:50
PC-106785,Z-DHN,1.0,auto,2026-05-30 17:52:29
PC-106786,Z-DHN,1.0,auto,2026-05-31 00:11:47
PC-106787,Z-DHN,1.0,auto,2026-05-31 04:11:07
PC-106788,Z-DHN,1.0,auto,2026-05-30 23:12:01
PC-106789,Z-DHN,1.0,auto,2026-05-31 01:19:09
PC-106790,Z-DHN,0.912871,auto,2026-05-31 03:00:40
PC-106791,Z-DHN,1.0,auto,2026-05-31 05:09:15
PC-106792,Z-DHN,1.0,auto,2026-05-31 07:18:31
PC-106793,Z-DHN,1.0,auto,2026-05-30 20:38:34
PC-106794,Z-DHN,1.0,auto,2026-05-30 16:20:18
PC-106795,Z-DHN,1.0,auto,2026-05-30 09:18:27
PC-106796,Z-DHN,1.0,auto,2026-05-30 10:33:17
PC-106797,Z-DHN,1.0,auto,2026-05-30 15:17:24
PC-106798,Z-DHN,1.0,auto,2026-05-30 12:07:28
PC-106799,Z-DHN,1.0,auto,2026-05-30 10:37:48
PC-106800,Z-DHN,1.0,auto,2026-05-31 07:53:36
PC-106801,Z-DHN,1.0,auto,2026-05-31 17:56:54
PC-106802,Z-DHN,1.0,auto,2026-05-31 23:24:21
PC-106803,Z-DHN,1.0,auto,2026-05-31 19:44:43
PC-106804,Z-DHN,1.0,auto,2026-05-31 16:43:12
PC-106805,Z-DHN,1.0,auto,2026-05-31 11:25:28
PC-106806,Z-DHN,1.0,auto,2026-06-01 03:14:06
PC-106807,Z-DHN,1.0,auto,2026-05-31 19:20:45
PC-106808,Z-DHN,1.0,auto,2026-05-31 17:59:19
PC-106809,Z-DHN,1.0,auto,2026-05-31 15:03:16
PC-106810,Z-DHN,1.0,auto,2026-05-31 19:17:32
PC-106811,Z-DHN,1.0,auto,2026-06-01 02:41:14
PC-106812,Z-DHN,1.0,auto,2026-05-31 16:26:38
PC-106813,Z-DHN,1.0,auto,2026-05-31 15:02:58
PC-106814,Z-DHN,0.912871,auto,2026-06-01 09:31:36
PC-106815,Z-DHN,1.0,auto,2026-06-01 02:14:53
PC-106816,Z-DHN,1.0,auto,2026-05-31 18:17:59
PC-106817,Z-DHN,1.0,auto,2026-05-31 23:06:10
PC-106818,Z-DHN,1.0,auto,2026-05-31 21:13:08
PC-106819,Z-DHN,1.0,auto,2026-05-31 16:07:40
PC-106820,Z-DHN,1.0,auto,2026-05-31 13:51:57
PC-106821,Z-DHN,1.0,auto,2026-06-01 14:01:17
PC-106822,Z-DHN,1.0,auto,2026-06-01 10:48:38
PC-106823,Z-DHN,1.0,auto,2026-06-02 09:36:14
PC-106824,Z-DHN,1.0,auto,2026-06-02 03:22:39
PC-106825,Z-DHN,1.0,auto,2026-06-01 23:19:15
PC-106826,Z-DHN,1.0,auto,2026-06-02 05:37:52
PC-106827,Z-DHN,1.0,auto,2026-06-01 16:29:35
PC-106828,Z-DHN,1.0,auto,2026-06-02 01:24:27
PC-106829,Z-DHN,1.0,auto,2026-06-02 00:27:57
PC-106830,Z-DHN,1.0,auto,2026-06-02 06:54:09
PC-106831,Z-DHN,0.912871,auto,2026-06-01 14:18:19
PC-106832,Z-DHN,1.0,auto,2026-06-01 17:27:46
PC-106833,Z-DHN,0.912871,auto,2026-06-01 09:22:41
PC-106834,Z-DHN,1.0,auto,2026-06-01 18:50:35
PC-106835,Z-DHN,1.0,auto,2026-06-01 15:42:34
PC-106836,Z-DHN,1.0,auto,2026-06-01 12:03:00
PC-106837,Z-DHN,1.0,auto,2026-06-01 17:39:05
PC-106838,Z-DHN,1.0,auto,2026-06-03 01:18:34
PC-106839,Z-DHN,0.912871,auto,2026-06-02 17:55:53
PC-106840,Z-DHN,1.0,auto,2026-06-02 10:09:04
PC-106841,Z-DHN,1.0,auto,2026-06-02 08:23:19
PC-106842,Z-DHN,1.0,auto,2026-06-03 00:00:03
PC-106843,Z-DHN,0.912871,auto,2026-06-02 20:51:07
PC-106844,Z-DHN,1.0,auto,2026-06-03 00:22:41
PC-106845,Z-DHN,1.0,auto,2026-06-03 13:36:01
PC-106846,Z-DHN,1.0,auto,2026-06-03 00:12:06
PC-106847,Z-DHN,1.0,auto,2026-06-03 14:52:00
PC-106848,Z-DHN,1.0,auto,2026-06-02 19:28:18
PC-106849,Z-DHN,1.0,auto,2026-06-03 10:36:07
PC-106850,Z-DHN,1.0,auto,2026-06-02 11:07:56
PC-106851,Z-DHN,1.0,auto,2026-06-03 03:41:55
PC-106852,Z-DHN,1.0,auto,2026-06-02 12:37:58
PC-106853,Z-DHN,1.0,auto,2026-06-02 22:12:52
PC-106854,Z-DHN,0.912871,auto,2026-06-02 10:13:04
PC-106855,Z-DHN,1.0,auto,2026-06-03 04:57:00
PC-106856,Z-DHN,1.0,auto,2026-06-02 17:36:37
PC-106857,Z-DHN,1.0,auto,2026-06-03 16:17:01
PC-106858,Z-DHN,1.0,auto,2026-06-04 08:11:26
PC-106859,Z-DHN,1.0,auto,2026-06-03 06:33:09
PC-106860,Z-DHN,1.0,auto,2026-06-03 16:29:55
PC-106861,Z-DHN,1.0,auto,2026-06-03 22:31:26
PC-106862,Z-DHN,1.0,auto,2026-06-03 21:09:29
PC-106863,Z-DHN,1.0,auto,2026-06-04 02:23:33
PC-106864,Z-DHN,0.912871,auto,2026-06-04 04:32:30
PC-106865,Z-DHN,1.0,auto,2026-06-03 15:16:31
PC-106866,Z-DHN,1.0,auto,2026-06-04 04:56:34
PC-106867,Z-DHN,1.0,auto,2026-06-03 21:27:09
PC-106868,Z-DHN,1.0,auto,2026-06-03 16:41:48
PC-106869,Z-DHN,1.0,auto,2026-06-03 17:07:25
PC-106870,Z-DHN,1.0,auto,2026-06-03 19:41:32
PC-106871,Z-DHN,1.0,auto,2026-06-03 11:46:13
PC-106872,Z-DHN,0.912871,auto,2026-06-03 10:32:59
PC-106873,Z-DHN,0.912871,auto,2026-06-03 16:21:25
PC-106874,Z-DHN,1.0,auto,2026-06-04 06:15:49
PC-106875,Z-DHN,1.0,auto,2026-06-03 06:27:53
PC-106876,Z-DHN,1.0,auto,2026-06-03 20:42:46
PC-106877,Z-DHN,1.0,auto,2026-06-04 02:31:45
PC-106878,Z-DHN,1.0,auto,2026-06-05 06:33:53
PC-106879,Z-DHN,1.0,auto,2026-06-04 17:19:48
PC-106880,Z-DHN,1.0,auto,2026-06-04 22:17:56
PC-106881,Z-DHN,1.0,auto,2026-06-05 13:21:10
PC-106882,Z-DHN,1.0,auto,2026-06-05 05:27:53
PC-106883,Z-DHN,1.0,auto,2026-06-05 09:56:49
PC-106884,Z-DHN,1.0,auto,2026-06-05 02:47:34
PC-106885,Z-DHN,0.912871,auto,2026-06-05 11:02:00
PC-106886,Z-DHN,1.0,auto,2026-06-04 20:41:18
PC-106887,Z-DHN,1.0,auto,2026-06-04 00:58:31
PC-106888,Z-DHN,0.912871,auto,2026-06-04 11:01:10
PC-106889,Z-DHN,1.0,auto,2026-06-04 21:40:51
PC-106890,Z-DHN,1.0,auto,2026-06-05 05:58:25
PC-106891,Z-DHN,1.0,auto,2026-06-04 23:05:26
PC-106892,Z-DHN,1.0,auto,2026-06-05 11:14:11
PC-106893,Z-DHN,1.0,auto,2026-06-04 09:52:36
PC-106894,Z-DHN,1.0,auto,2026-06-04 02:08:26
PC-106895,Z-DHN,1.0,auto,2026-06-05 03:46:32
PC-106896,Z-DHN,1.0,auto,2026-06-04 20:20:11
PC-106897,Z-DHN,1.0,auto,2026-06-04 10:50:27
PC-106898,Z-DHN,0.912871,auto,2026-06-05 20:11:56
PC-106899,Z-DHN,1.0,auto,2026-06-05 21:03:48
PC-106900,Z-DHN,1.0,auto,2026-06-05 22:55:28
PC-106901,Z-DHN,1.0,auto,2026-06-05 19:39:09
PC-106902,Z-DHN,0.912871,auto,2026-06-05 20:31:48
PC-106903,Z-DHN,1.0,auto,2026-06-05 23:59:21
PC-106904,Z-DHN,1.0,auto,2026-06-06 04:26:34
PC-106905,Z-DHN,1.0,auto,2026-06-06 01:39:03
PC-106906,Z-DHN,1.0,auto,2026-06-06 11:26:49
PC-106907,Z-DHN,1.0,auto,2026-06-06 03:37:43
PC-106908,Z-DHN,1.0,auto,2026-06-05 19:34:56
PC-106909,Z-DHN,1.0,auto,2026-06-05 19:52:01
PC-106910,Z-DHN,1.0,auto,2026-06-06 03:08:37
PC-106911,Z-DHN,1.0,auto,2026-06-06 13:21:47
PC-106912,Z-DHN,1.0,auto,2026-06-06 12:17:06
PC-106913,Z-DHN,1.0,auto,2026-06-06 04:12:24
PC-106914,Z-DHN,1.0,auto,2026-06-06 02:52:50
PC-106915,Z-DHN,1.0,auto,2026-06-06 00:41:34
PC-106916,Z-DHN,1.0,auto,2026-06-06 00:38:43
PC-106917,Z-DHN,1.0,auto,2026-06-06 02:15:59
PC-106918,Z-DHN,1.0,auto,2026-06-06 18:04:29
PC-106919,Z-DHN,1.0,auto,2026-06-06 20:40:56
PC-106920,Z-DHN,1.0,auto,2026-06-06 21:24:29
PC-106921,Z-DHN,1.0,auto,2026-06-08 02:59:33
PC-106922,Z-DHN,1.0,auto,2026-06-08 02:01:00
PC-106923,Z-DHN,1.0,auto,2026-06-08 04:06:20
PC-106924,Z-DHN,1.0,auto,2026-06-07 11:27:10
PC-106925,Z-DHN,1.0,auto,2026-06-07 16:33:10
PC-106926,Z-DHN,1.0,auto,2026-06-07 15:08:16
PC-106927,Z-DHN,1.0,auto,2026-06-07 20:00:52
PC-106928,Z-DHN,1.0,auto,2026-06-07 23:31:50
PC-106929,Z-DHN,1.0,auto,2026-06-07 03:05:26
PC-106930,Z-DHN,1.0,auto,2026-06-08 01:30:37
PC-106931,Z-DHN,1.0,auto,2026-06-07 13:01:08
PC-106932,Z-DHN,1.0,auto,2026-06-07 18:18:56
PC-106933,Z-DHN,1.0,auto,2026-06-07 15:01:51
PC-106934,Z-DHN,1.0,auto,2026-06-07 17:00:15
PC-106935,Z-DHN,1.0,auto,2026-06-07 23:03:58
PC-106936,Z-DHN,1.0,auto,2026-06-08 06:06:12
PC-106937,Z-DHN,1.0,auto,2026-06-07 22:30:15
PC-106938,Z-DHN,1.0,auto,2026-06-07 22:51:20
PC-106939,Z-DHN,1.0,auto,2026-06-07 15:24:44
PC-106940,Z-DHN,1.0,auto,2026-06-06 23:33:11
PC-106941,Z-DHN,1.0,auto,2026-06-08 05:49:47
PC-106942,Z-DHN,1.0,auto,2026-06-08 13:34:48
PC-106943,Z-DHN,1.0,auto,2026-06-10 05:17:22
PC-106944,Z-DHN,1.0,auto,2026-06-09 12:12:28
PC-106945,Z-DHN,1.0,auto,2026-06-09 13:21:54
PC-106946,Z-DHN,1.0,auto,2026-06-10 03:51:43
PC-106947,Z-DHN,1.0,auto,2026-06-09 16:45:33
PC-106948,Z-DHN,1.0,auto,2026-06-10 02:37:06
PC-106949,Z-DHN,1.0,auto,2026-06-10 04:38:22
PC-106950,Z-DHN,1.0,auto,2026-06-09 20:24:07
PC-106951,Z-DHN,1.0,auto,2026-06-10 04:17:32
PC-106952,Z-DHN,1.0,auto,2026-06-10 11:34:51
PC-106953,Z-DHN,1.0,auto,2026-06-10 14:49:14
PC-106954,Z-DHN,0.912871,auto,2026-06-10 03:23:50
PC-106955,Z-DHN,1.0,auto,2026-06-10 05:05:52
PC-106956,Z-DHN,1.0,auto,2026-06-09 12:36:42
PC-106957,Z-DHN,1.0,auto,2026-06-09 18:34:04
PC-106958,Z-DHN,1.0,auto,2026-06-10 17:36:16
PC-106959,Z-DHN,1.0,auto,2026-06-11 05:06:50
PC-106960,Z-DHN,1.0,auto,2026-06-11 05:21:52
PC-106961,Z-DHN,1.0,auto,2026-06-10 16:03:43
PC-106962,Z-DHN,1.0,auto,2026-06-11 14:25:31
PC-106963,Z-DHN,1.0,auto,2026-06-10 09:20:55
PC-106964,Z-DHN,1.0,auto,2026-06-10 23:12:17
PC-106965,Z-DHN,1.0,auto,2026-06-10 20:39:28
PC-106966,Z-DHN,1.0,auto,2026-06-10 22:15:05
PC-106967,Z-DHN,1.0,auto,2026-06-10 14:22:22
PC-106968,Z-DHN,1.0,auto,2026-06-10 19:49:57
PC-106969,Z-DHN,1.0,auto,2026-06-11 06:29:24
PC-106970,Z-DHN,1.0,auto,2026-06-10 18:05:33
PC-106971,Z-DHN,1.0,auto,2026-06-11 01:35:40
PC-106972,Z-DHN,0.912871,auto,2026-06-11 00:58:53
PC-106973,Z-DHN,1.0,auto,2026-06-11 20:29:38
PC-106974,Z-DHN,1.0,auto,2026-06-10 06:53:46
PC-106975,Z-DHN,1.0,auto,2026-06-11 12:47:39
PC-106976,Z-DHN,1.0,auto,2026-06-11 07:25:36
PC-106977,Z-DHN,0.912871,auto,2026-06-10 18:17:01
PC-106978,Z-DHN,1.0,auto,2026-06-10 08:08:55
PC-106979,Z-DHN,0.912871,auto,2026-06-11 07:15:56
PC-106980,Z-DHN,1.0,auto,2026-06-11 03:40:52
PC-106981,Z-DHN,1.0,auto,2026-06-11 21:18:04
PC-106982,Z-DHN,1.0,auto,2026-06-12 02:03:42
PC-106983,Z-DHN,1.0,auto,2026-06-11 22:28:09
PC-106984,Z-DHN,1.0,auto,2026-06-11 13:53:48
PC-106985,Z-DHN,1.0,auto,2026-06-11 07:30:54
PC-106986,Z-DHN,1.0,auto,2026-06-12 07:20:02
PC-106987,Z-DHN,0.912871,auto,2026-06-11 20:26:10
PC-106988,Z-DHN,1.0,auto,2026-06-11 13:16:16
PC-106989,Z-DHN,1.0,auto,2026-06-11 17:16:59
PC-106990,Z-DHN,1.0,auto,2026-06-11 14:29:31
PC-106991,Z-DHN,1.0,auto,2026-06-12 00:52:29
PC-106992,Z-DHN,1.0,auto,2026-06-12 01:45:14
PC-106993,Z-DHN,1.0,auto,2026-06-11 11:01:55
PC-106994,Z-DHN,0.912871,auto,2026-06-11 20:21:05
PC-106995,Z-DHN,1.0,auto,2026-06-11 20:41:41
PC-106996,Z-DHN,1.0,auto,2026-06-11 09:57:43
PC-106997,Z-DHN,1.0,auto,2026-06-12 12:19:40
PC-106998,Z-DHN,1.0,auto,2026-06-11 23:19:38
PC-106999,Z-DHN,1.0,auto,2026-06-12 12:43:43
PC-107000,Z-DHN,1.0,auto,2026-06-13 02:00:02
PC-107001,Z-DHN,1.0,auto,2026-06-13 00:21:15
PC-107002,Z-DHN,1.0,auto,2026-06-12 12:04:22
PC-107003,Z-DHN,1.0,auto,2026-06-14 06:34:19
PC-107004,Z-DHN,1.0,auto,2026-06-15 10:56:17
PC-107005,Z-DHN,1.0,auto,2026-06-14 17:23:56
PC-107006,Z-DHN,1.0,auto,2026-06-14 04:17:29
PC-107007,Z-DHN,1.0,auto,2026-06-15 09:08:33
PC-107008,Z-DHN,1.0,auto,2026-06-14 13:20:25
PC-107009,Z-DHN,1.0,auto,2026-06-15 05:04:17
PC-107010,Z-DHN,1.0,auto,2026-06-15 02:54:11
PC-107011,Z-DHN,1.0,auto,2026-06-14 12:47:40
PC-107012,Z-DHN,1.0,auto,2026-06-14 04:42:45
PC-107013,Z-DHN,1.0,auto,2026-06-14 18:10:25
PC-107014,Z-DHN,1.0,auto,2026-06-14 17:52:22
PC-107015,Z-DHN,1.0,auto,2026-06-14 09:25:15
PC-107016,Z-DHN,0.912871,auto,2026-06-14 21:21:39
PC-107017,Z-DHN,0.912871,auto,2026-06-14 15:37:00
PC-107018,Z-DHN,1.0,auto,2026-06-15 01:38:16
PC-107019,Z-DHN,1.0,auto,2026-06-14 09:58:14
PC-107020,Z-DHN,1.0,auto,2026-06-15 04:01:14
PC-107021,Z-DHN,1.0,auto,2026-06-14 17:13:32
PC-107022,Z-DHN,1.0,auto,2026-06-16 03:28:39
PC-107023,Z-DHN,0.912871,auto,2026-06-16 06:01:12
PC-107024,Z-DHN,1.0,auto,2026-06-15 11:53:05
PC-107025,Z-DHN,1.0,auto,2026-06-15 06:19:48
PC-107026,Z-DHN,0.912871,auto,2026-06-15 16:18:16
PC-107027,Z-DHN,1.0,auto,2026-06-15 09:49:17
PC-107028,Z-DHN,1.0,auto,2026-06-15 08:08:26
PC-107029,Z-DHN,1.0,auto,2026-06-15 14:20:43
PC-107030,Z-DHN,1.0,auto,2026-06-15 14:03:55
PC-107031,Z-DHN,1.0,auto,2026-06-15 21:24:06
PC-107032,Z-DHN,1.0,auto,2026-06-16 07:31:17
PC-107033,Z-DHN,1.0,auto,2026-06-16 03:54:20
PC-107034,Z-DHN,1.0,auto,2026-06-16 00:57:57
PC-107035,Z-DHN,1.0,auto,2026-06-15 21:02:37
PC-107036,Z-DHN,1.0,auto,2026-06-15 23:57:44
PC-107037,Z-DHN,1.0,auto,2026-06-15 13:53:27
PC-107038,Z-DHN,1.0,auto,2026-06-15 04:30:34
PC-107039,Z-DHN,1.0,auto,2026-06-15 08:20:39
PC-107040,Z-DHN,1.0,auto,2026-06-16 07:32:25
PC-107041,Z-DHN,1.0,auto,2026-06-16 14:28:53
PC-107042,Z-DHN,1.0,auto,2026-06-17 02:13:01
PC-107043,Z-DHN,1.0,auto,2026-06-16 14:57:33
PC-107044,Z-DHN,1.0,auto,2026-06-16 12:31:18
PC-107045,Z-DHN,1.0,auto,2026-06-15 23:33:11
PC-107046,Z-DHN,1.0,auto,2026-06-16 21:41:09
PC-107047,Z-DHN,1.0,auto,2026-06-17 04:02:42
PC-107048,Z-DHN,1.0,auto,2026-06-16 21:32:20
PC-107049,Z-DHN,1.0,auto,2026-06-16 14:43:02
PC-107050,Z-DHN,0.912871,auto,2026-06-17 03:12:16
PC-107051,Z-DHN,1.0,auto,2026-06-17 02:01:15
PC-107052,Z-DHN,1.0,auto,2026-06-16 13:19:32
PC-107053,Z-DHN,1.0,auto,2026-06-17 04:01:13
PC-107054,Z-DHN,1.0,auto,2026-06-16 17:33:22
PC-107055,Z-DHN,1.0,auto,2026-06-16 21:48:50
PC-107056,Z-DHN,1.0,auto,2026-06-17 12:59:45
PC-107057,Z-DHN,1.0,auto,2026-06-17 03:18:51
PC-107058,Z-DHN,1.0,auto,2026-06-16 21:21:07
PC-107059,Z-DHN,0.912871,auto,2026-06-17 03:07:41
PC-107060,Z-DHN,1.0,auto,2026-06-16 10:37:38
PC-107061,Z-DHN,1.0,auto,2026-06-16 19:56:21
PC-107062,Z-DHN,1.0,auto,2026-06-16 13:29:24
PC-107063,Z-DHN,1.0,auto,2026-06-16 22:23:22
PC-107064,Z-DHN,1.0,auto,2026-06-17 16:02:23
PC-107065,Z-DHN,0.912871,auto,2026-06-18 00:34:19
PC-107066,Z-DHN,1.0,auto,2026-06-17 21:28:40
PC-107067,Z-DHN,0.912871,auto,2026-06-18 17:08:14
PC-107068,Z-DHN,1.0,auto,2026-06-18 11:52:19
PC-107069,Z-DHN,1.0,auto,2026-06-18 09:37:42
PC-107070,Z-DHN,1.0,auto,2026-06-18 13:26:21
PC-107071,Z-DHN,1.0,auto,2026-06-18 03:49:22
PC-107072,Z-DHN,1.0,auto,2026-06-18 09:02:10
PC-107073,Z-DHN,1.0,auto,2026-06-18 13:48:19
PC-107074,Z-DHN,1.0,auto,2026-06-19 11:55:15
PC-107075,Z-DHN,1.0,auto,2026-06-18 23:00:01
PC-107076,Z-DHN,1.0,auto,2026-06-18 21:31:54
PC-107077,Z-DHN,1.0,auto,2026-06-18 20:17:58
PC-107078,Z-DHN,1.0,auto,2026-06-18 19:20:12
PC-107079,Z-DHN,1.0,auto,2026-06-18 19:44:58
PC-107080,Z-DHN,1.0,auto,2026-06-18 19:35:58
PC-107081,Z-DHN,1.0,auto,2026-06-19 02:56:13
PC-107082,Z-DHN,1.0,auto,2026-06-19 15:09:02
PC-107083,Z-DHN,1.0,auto,2026-06-19 21:59:05
PC-107084,Z-DHN,1.0,auto,2026-06-19 08:11:23
PC-107085,Z-DHN,1.0,auto,2026-06-19 19:53:16
PC-107086,Z-DHN,1.0,auto,2026-06-20 03:54:39
PC-107087,Z-DHN,1.0,auto,2026-06-20 04:39:47
PC-107088,Z-DHN,1.0,auto,2026-06-20 04:57:09
PC-107089,Z-DHN,1.0,auto,2026-06-19 13:20:43
PC-107090,Z-DHN,0.912871,auto,2026-06-19 19:30:23
PC-107091,Z-DHN,1.0,auto,2026-06-19 16:07:49
PC-107092,Z-DHN,1.0,auto,2026-06-19 12:33:40
PC-107093,Z-DHN,1.0,auto,2026-06-20 12:41:16
PC-107094,Z-DHN,1.0,auto,2026-06-20 00:28:18
PC-107095,Z-DHN,0.912871,auto,2026-06-19 19:25:22
PC-107096,Z-DHN,1.0,auto,2026-06-19 17:25:52
PC-107097,Z-DHN,1.0,auto,2026-06-20 08:37:25
PC-107098,Z-DHN,0.912871,auto,2026-06-19 19:38:18
PC-107099,Z-DHN,0.912871,auto,2026-06-19 22:21:49
PC-107100,Z-DHN,0.912871,auto,2026-06-19 11:51:59
PC-107101,Z-DHN,1.0,auto,2026-06-20 05:49:34
PC-107102,Z-DHN,1.0,auto,2026-06-19 10:08:53
PC-107103,Z-DHN,1.0,auto,2026-06-20 05:18:12
PC-107104,Z-DHN,1.0,auto,2026-06-20 09:02:35
PC-107105,Z-DHN,0.912871,auto,2026-06-19 10:33:35
PC-107106,Z-DHN,1.0,auto,2026-06-19 11:24:42
PC-107107,Z-DHN,1.0,auto,2026-06-20 13:33:32
PC-107108,Z-DHN,0.912871,auto,2026-06-20 12:27:36
PC-107109,Z-DHN,1.0,auto,2026-06-20 18:37:05
PC-107110,Z-DHN,1.0,auto,2026-06-20 16:02:23
PC-107111,Z-DHN,1.0,auto,2026-06-21 11:54:47
PC-107112,Z-DHN,1.0,auto,2026-06-21 16:52:09
PC-107113,Z-DHN,1.0,auto,2026-06-21 12:50:33
PC-107114,Z-DHN,1.0,auto,2026-06-22 05:16:03
PC-107115,Z-DHN,1.0,auto,2026-06-21 20:37:08
PC-107116,Z-DHN,1.0,auto,2026-06-21 08:21:58
PC-107117,Z-DHN,1.0,auto,2026-06-22 02:11:12
PC-107118,Z-DHN,0.912871,auto,2026-06-22 00:18:20
PC-107119,Z-DHN,1.0,auto,2026-06-21 18:49:57
PC-107120,Z-DHN,1.0,auto,2026-06-22 01:55:24
PC-107121,Z-DHN,1.0,auto,2026-06-22 02:01:12
PC-107122,Z-DHN,1.0,auto,2026-06-21 22:02:45
PC-107123,Z-DHN,1.0,auto,2026-06-21 06:57:12
PC-107124,Z-DHN,0.912871,auto,2026-06-21 16:41:18
PC-107125,Z-DHN,1.0,auto,2026-06-21 22:48:59
PC-107126,Z-DHN,1.0,auto,2026-06-22 01:33:38
PC-107127,Z-DHN,1.0,auto,2026-06-21 18:42:24
PC-107128,Z-DHN,1.0,auto,2026-06-22 07:46:04
PC-107129,Z-DHN,1.0,auto,2026-06-22 14:01:55
PC-107130,Z-DHN,1.0,auto,2026-06-23 03:10:09
PC-107131,Z-DHN,1.0,auto,2026-06-22 11:25:55
PC-107132,Z-DHN,1.0,auto,2026-06-22 13:35:44
PC-107133,Z-DHN,1.0,auto,2026-06-23 02:37:01
PC-107134,Z-DHN,1.0,auto,2026-06-22 07:07:06
PC-107135,Z-DHN,1.0,auto,2026-06-23 06:20:51
PC-107136,Z-DHN,1.0,auto,2026-06-23 13:09:11
PC-107137,Z-DHN,1.0,auto,2026-06-22 21:40:09
PC-107138,Z-DHN,1.0,auto,2026-06-23 02:21:50
PC-107139,Z-DHN,1.0,auto,2026-06-22 11:31:36
PC-107140,Z-DHN,1.0,auto,2026-06-23 04:09:57
PC-107141,Z-DHN,0.912871,auto,2026-06-23 12:37:32
PC-107142,Z-DHN,1.0,auto,2026-06-23 04:09:17
PC-107143,Z-DHN,0.912871,auto,2026-06-23 01:03:29
PC-107144,Z-DHN,1.0,auto,2026-06-22 23:44:23
PC-107145,Z-DHN,1.0,auto,2026-06-23 03:37:38
PC-107146,Z-DHN,1.0,auto,2026-06-22 23:32:54
PC-107147,Z-DHN,1.0,auto,2026-06-23 00:41:35
PC-107148,Z-DHN,1.0,auto,2026-06-23 06:03:01
PC-107149,Z-DHN,1.0,auto,2026-06-23 22:07:05
PC-107150,Z-DHN,1.0,auto,2026-06-23 14:52:46
PC-107151,Z-DHN,1.0,auto,2026-06-24 03:24:54
PC-107152,Z-DHN,1.0,auto,2026-06-24 02:49:23
PC-107153,Z-DHN,1.0,auto,2026-06-23 01:44:56
PC-107154,Z-DHN,1.0,auto,2026-06-24 11:23:02
PC-107155,Z-DHN,1.0,auto,2026-06-23 14:00:02
PC-107156,Z-DHN,1.0,auto,2026-06-23 14:13:55
PC-107157,Z-DHN,1.0,auto,2026-06-24 05:22:00
PC-107158,Z-DHN,1.0,auto,2026-06-24 00:19:47
PC-107159,Z-DHN,1.0,auto,2026-06-24 08:32:34
PC-107160,Z-DHN,1.0,auto,2026-06-24 00:17:07
PC-107161,Z-DHN,1.0,auto,2026-06-23 19:06:24
PC-107162,Z-DHN,1.0,auto,2026-06-23 06:51:42
PC-107163,Z-DHN,1.0,auto,2026-06-23 12:27:01
PC-107164,Z-DHN,1.0,auto,2026-06-23 18:10:51
PC-107165,Z-DHN,1.0,auto,2026-06-23 10:36:12
PC-107166,Z-DHN,1.0,auto,2026-06-23 09:51:24
PC-107167,Z-DHN,1.0,auto,2026-06-23 15:49:26
PC-107168,Z-DHN,1.0,auto,2026-06-24 15:08:33
PC-107169,Z-DHN,1.0,auto,2026-06-24 16:02:41
PC-107170,Z-DHN,1.0,auto,2026-06-24 07:04:37
PC-107171,Z-DHN,1.0,auto,2026-06-24 06:00:40
PC-107172,Z-DHN,1.0,auto,2026-06-24 08:51:25
PC-107173,Z-DHN,1.0,auto,2026-06-25 02:07:34
PC-107174,Z-DHN,1.0,auto,2026-06-24 15:39:52
PC-107175,Z-DHN,0.912871,auto,2026-06-25 00:19:05
PC-107176,Z-DHN,1.0,auto,2026-06-24 22:01:28
PC-107177,Z-DHN,1.0,auto,2026-06-24 17:36:48
PC-107178,Z-DHN,1.0,auto,2026-06-25 05:49:04
PC-107179,Z-DHN,1.0,auto,2026-06-25 12:36:06
PC-107180,Z-DHN,1.0,auto,2026-06-24 21:14:58
PC-107181,Z-DHN,1.0,auto,2026-06-24 21:11:22
PC-107182,Z-DHN,1.0,auto,2026-06-24 19:06:50
PC-107183,Z-DHN,1.0,auto,2026-06-24 22:54:23
PC-107184,Z-DHN,1.0,auto,2026-06-24 21:45:27
PC-107185,Z-DHN,1.0,auto,2026-06-25 03:54:19
PC-107186,Z-DHN,1.0,auto,2026-06-24 11:42:23
PC-107187,Z-DHN,1.0,auto,2026-06-24 20:39:28
PC-107188,Z-DHN,1.0,auto,2026-06-25 10:07:44
PC-107189,Z-DHN,1.0,auto,2026-06-25 20:10:44
PC-107190,Z-DHN,1.0,auto,2026-06-25 09:36:43
PC-107191,Z-DHN,0.912871,auto,2026-06-26 00:27:21
PC-107192,Z-DHN,1.0,auto,2026-06-26 07:30:34
PC-107193,Z-DHN,1.0,auto,2026-06-25 14:37:57
PC-107194,Z-DHN,1.0,auto,2026-06-25 20:32:57
PC-107195,Z-DHN,1.0,auto,2026-06-25 02:54:20
PC-107196,Z-DHN,1.0,auto,2026-06-26 04:15:52
PC-107197,Z-DHN,1.0,auto,2026-06-25 18:05:59
PC-107198,Z-DHN,1.0,auto,2026-06-25 07:34:12
PC-107199,Z-DHN,1.0,auto,2026-06-25 14:27:00
PC-107200,Z-DHN,1.0,auto,2026-06-26 02:12:14
PC-107201,Z-DHN,1.0,auto,2026-06-25 21:34:08
PC-107202,Z-DHN,1.0,auto,2026-06-26 10:24:03
PC-107203,Z-DHN,1.0,auto,2026-06-27 00:03:13
PC-107204,Z-DHN,1.0,auto,2026-06-26 19:55:49
PC-107205,Z-DHN,1.0,auto,2026-06-26 20:11:02
PC-107206,Z-DHN,1.0,auto,2026-06-26 11:17:33
PC-107207,Z-DHN,1.0,auto,2026-06-27 10:42:00
PC-107208,Z-DHN,1.0,auto,2026-06-26 05:35:23
PC-107209,Z-DHN,1.0,auto,2026-06-26 18:03:34
PC-107210,Z-DHN,0.912871,auto,2026-06-27 02:27:21
PC-107211,Z-DHN,1.0,auto,2026-06-26 04:05:37
PC-107212,Z-DHN,1.0,auto,2026-06-26 03:49:23
PC-107213,Z-DHN,1.0,auto,2026-06-26 19:37:09
PC-107214,Z-DHN,1.0,auto,2026-06-26 20:16:15
PC-107215,Z-DHN,1.0,auto,2026-06-26 16:10:36
PC-107216,Z-DHN,1.0,auto,2026-06-26 23:45:39
PC-107217,Z-DHN,1.0,auto,2026-06-26 15:32:30
PC-107218,Z-DHN,1.0,auto,2026-06-26 09:47:04
PC-107219,Z-DHN,1.0,auto,2026-06-26 15:20:50
PC-107220,Z-DHN,1.0,auto,2026-06-27 00:24:07
PC-107221,Z-DHN,1.0,auto,2026-06-26 15:54:33
PC-107222,Z-DHN,1.0,auto,2026-06-26 17:14:45
PC-107223,Z-DHN,1.0,auto,2026-06-26 14:33:38
PC-107224,Z-DHN,1.0,auto,2026-06-27 22:04:57
PC-107225,Z-DHN,1.0,auto,2026-06-28 03:16:18
PC-107226,Z-DHN,1.0,auto,2026-06-27 21:35:11
PC-107227,Z-DHN,1.0,auto,2026-06-27 11:39:02
PC-107228,Z-DHN,1.0,auto,2026-06-28 13:18:01
PC-107229,Z-DHN,1.0,auto,2026-06-28 03:10:07
PC-107230,Z-DHN,1.0,auto,2026-06-28 06:24:48
PC-107231,Z-DHN,1.0,auto,2026-06-27 14:25:11
PC-107232,Z-DHN,1.0,auto,2026-06-27 17:31:58
PC-107233,Z-DHN,1.0,auto,2026-06-27 21:12:13
PC-107234,Z-DHN,1.0,auto,2026-06-28 00:42:34
PC-107235,Z-DHN,1.0,auto,2026-06-27 12:37:33
PC-107236,Z-DHN,1.0,auto,2026-06-27 12:27:08
PC-107237,Z-DHN,1.0,auto,2026-06-27 16:55:12
PC-107238,Z-DHN,1.0,auto,2026-06-27 03:13:58
PC-107239,Z-DHN,1.0,auto,2026-06-28 06:49:49
PC-107240,Z-DHN,0.912871,auto,2026-06-27 20:47:02
PC-107241,Z-DHN,1.0,auto,2026-06-28 00:11:39
PC-107242,Z-DHN,1.0,auto,2026-06-28 20:00:54
PC-107243,Z-DHN,1.0,auto,2026-06-28 18:41:21
PC-107244,Z-DHN,1.0,auto,2026-06-29 08:32:30
PC-107245,Z-DHN,1.0,auto,2026-06-29 04:43:38
PC-107246,Z-DHN,1.0,auto,2026-06-29 01:21:34
PC-107247,Z-DHN,1.0,auto,2026-06-29 07:24:49
PC-107248,Z-DHN,1.0,auto,2026-06-28 16:44:21
PC-107249,Z-DHN,1.0,auto,2026-06-28 20:19:37
PC-107250,Z-DHN,1.0,auto,2026-06-28 17:46:43
PC-107251,Z-DHN,1.0,auto,2026-06-28 17:21:18
PC-107252,Z-DHN,1.0,auto,2026-06-28 21:32:17
PC-107253,Z-DHN,1.0,auto,2026-06-28 14:27:23
PC-107254,Z-DHN,0.912871,auto,2026-06-28 16:21:17
PC-107255,Z-DHN,1.0,auto,2026-06-28 14:37:51
PC-107256,Z-DHN,1.0,auto,2026-06-28 20:18:12
PC-107257,Z-DHN,1.0,auto,2026-06-28 14:03:01
PC-107258,Z-DHN,1.0,auto,2026-06-29 02:33:43
PC-107259,Z-DHN,1.0,auto,2026-06-28 08:53:31
PC-107260,Z-DHN,1.0,auto,2026-06-28 15:11:08
PC-107261,Z-DHN,1.0,auto,2026-06-28 13:33:20
PC-107262,Z-DHN,1.0,auto,2026-06-30 03:17:55
PC-107263,Z-DHN,1.0,auto,2026-06-30 05:53:03
PC-107264,Z-DHN,1.0,auto,2026-06-29 22:56:51
PC-107265,Z-DHN,1.0,auto,2026-06-30 03:39:52
PC-107266,Z-MIR,1.0,auto,2026-05-31 11:49:16
PC-107267,Z-MIR,1.0,auto,2026-05-31 01:41:40
PC-107268,Z-MIR,1.0,auto,2026-05-31 14:44:25
PC-107269,Z-MIR,1.0,auto,2026-05-31 08:02:22
PC-107270,Z-MIR,1.0,auto,2026-05-31 15:12:43
PC-107271,Z-MIR,1.0,auto,2026-05-31 05:32:44
PC-107272,Z-MIR,1.0,auto,2026-05-31 05:06:21
PC-107273,Z-MIR,1.0,auto,2026-05-30 22:22:49
PC-107274,Z-MIR,1.0,auto,2026-05-31 10:19:47
PC-107275,Z-MIR,1.0,auto,2026-05-30 22:16:28
PC-107276,Z-MIR,1.0,auto,2026-05-31 07:48:45
PC-107277,Z-MIR,1.0,auto,2026-05-31 00:59:27
PC-107278,Z-MIR,1.0,auto,2026-05-31 01:51:27
PC-107279,Z-MIR,1.0,auto,2026-05-31 00:40:41
PC-107280,Z-MIR,1.0,auto,2026-05-31 13:46:20
PC-107281,Z-MIR,1.0,auto,2026-05-31 08:35:12
PC-107282,Z-MIR,0.894427,auto,2026-05-31 01:45:41
PC-107283,Z-MIR,1.0,auto,2026-05-31 06:54:06
PC-107284,Z-MIR,1.0,auto,2026-05-31 09:07:36
PC-107285,Z-MIR,1.0,auto,2026-05-31 02:26:41
PC-107286,Z-MIR,1.0,auto,2026-05-31 17:58:07
PC-107287,Z-MIR,1.0,auto,2026-05-31 16:28:52
PC-107288,Z-MIR,1.0,auto,2026-05-30 22:05:48
PC-107289,Z-MIR,1.0,auto,2026-05-31 11:15:49
PC-107290,Z-MIR,1.0,auto,2026-05-31 13:32:59
PC-107291,Z-MIR,0.894427,auto,2026-05-31 11:19:27
PC-107292,Z-MIR,0.894427,auto,2026-05-31 05:48:00
PC-107293,Z-MIR,1.0,auto,2026-06-01 08:43:22
PC-107294,Z-MIR,1.0,auto,2026-06-01 01:56:21
PC-107295,Z-MIR,1.0,auto,2026-05-31 20:17:11
PC-107296,Z-MIR,1.0,auto,2026-06-01 10:08:15
PC-107297,Z-MIR,1.0,auto,2026-06-01 03:54:20
PC-107298,Z-MIR,1.0,auto,2026-06-01 02:56:27
PC-107299,Z-MIR,0.894427,auto,2026-06-01 04:10:03
PC-107300,Z-MIR,1.0,auto,2026-05-31 16:37:59
PC-107301,Z-MIR,1.0,auto,2026-06-01 03:01:28
PC-107302,Z-MIR,1.0,auto,2026-06-01 10:57:53
PC-107303,Z-MIR,1.0,auto,2026-06-01 00:11:13
PC-107304,Z-MIR,1.0,auto,2026-06-01 08:07:30
PC-107305,Z-MIR,1.0,auto,2026-06-01 03:34:08
PC-107306,Z-MIR,1.0,auto,2026-05-31 22:19:51
PC-107307,Z-MIR,1.0,auto,2026-06-01 20:25:57
PC-107308,Z-MIR,1.0,auto,2026-05-31 23:45:41
PC-107309,Z-MIR,1.0,auto,2026-06-01 13:44:14
PC-107310,Z-MIR,1.0,auto,2026-06-01 14:54:02
PC-107311,Z-MIR,0.894427,auto,2026-05-31 19:57:55
PC-107312,Z-MIR,1.0,auto,2026-05-31 15:56:54
PC-107313,Z-MIR,1.0,auto,2026-05-31 18:55:06
PC-107314,Z-MIR,1.0,auto,2026-06-01 01:20:34
PC-107315,Z-MIR,1.0,auto,2026-06-01 00:09:43
PC-107316,Z-MIR,1.0,auto,2026-06-01 05:16:54
PC-107317,Z-MIR,0.894427,auto,2026-06-01 17:42:03
PC-107318,Z-MIR,1.0,auto,2026-06-01 02:37:46
PC-107319,Z-MIR,1.0,auto,2026-05-31 11:47:41
PC-107320,Z-MIR,1.0,auto,2026-06-02 07:34:19
PC-107321,Z-MIR,1.0,auto,2026-06-01 23:39:00
PC-107322,Z-MIR,1.0,auto,2026-06-01 14:41:59
PC-107323,Z-MIR,1.0,auto,2026-06-02 02:33:50
PC-107324,Z-MIR,1.0,auto,2026-06-01 13:41:47
PC-107325,Z-MIR,1.0,auto,2026-06-02 08:59:13
PC-107326,Z-MIR,1.0,auto,2026-06-02 07:38:37
PC-107327,Z-MIR,1.0,auto,2026-06-01 23:21:17
PC-107328,Z-MIR,1.0,auto,2026-06-02 05:42:11
PC-107329,Z-MIR,1.0,auto,2026-06-02 06:54:29
PC-107330,Z-MIR,1.0,auto,2026-06-01 17:33:36
PC-107331,Z-MIR,1.0,auto,2026-06-02 10:02:13
PC-107332,Z-MIR,1.0,auto,2026-06-02 05:11:32
PC-107333,Z-MIR,1.0,auto,2026-06-01 11:03:55
PC-107334,Z-MIR,1.0,auto,2026-06-02 03:19:02
PC-107335,Z-MIR,1.0,auto,2026-06-02 12:45:13
PC-107336,Z-MIR,1.0,auto,2026-06-01 22:52:26
PC-107337,Z-MIR,0.894427,auto,2026-06-02 09:40:56
PC-107338,Z-MIR,1.0,auto,2026-06-01 23:39:18
PC-107339,Z-MIR,1.0,auto,2026-06-02 09:05:59
PC-107340,Z-MIR,1.0,auto,2026-06-02 16:23:12
PC-107341,Z-MIR,1.0,auto,2026-06-02 03:16:03
PC-107342,Z-MIR,1.0,auto,2026-06-02 08:25:38
PC-107343,Z-MIR,1.0,auto,2026-06-02 15:02:31
PC-107344,Z-MIR,1.0,auto,2026-06-02 22:25:39
PC-107345,Z-MIR,1.0,auto,2026-06-02 16:48:11
PC-107346,Z-MIR,1.0,auto,2026-06-01 18:03:23
PC-107347,Z-MIR,1.0,auto,2026-06-01 19:43:14
PC-107348,Z-MIR,1.0,auto,2026-06-01 19:58:33
PC-107349,Z-MIR,1.0,auto,2026-06-02 13:02:12
PC-107350,Z-MIR,1.0,auto,2026-06-03 03:46:42
PC-107351,Z-MIR,1.0,auto,2026-06-02 05:00:50
PC-107352,Z-MIR,1.0,auto,2026-06-02 22:46:34
PC-107353,Z-MIR,1.0,auto,2026-06-02 18:53:41
PC-107354,Z-MIR,1.0,auto,2026-06-03 09:12:42
PC-107355,Z-MIR,1.0,auto,2026-06-02 14:39:09
PC-107356,Z-MIR,1.0,auto,2026-06-03 12:17:23
PC-107357,Z-MIR,1.0,auto,2026-06-03 03:48:30
PC-107358,Z-MIR,0.894427,auto,2026-06-03 03:32:00
PC-107359,Z-MIR,1.0,auto,2026-06-03 01:07:44
PC-107360,Z-MIR,1.0,auto,2026-06-03 20:17:37
PC-107361,Z-MIR,0.894427,auto,2026-06-03 08:20:43
PC-107362,Z-MIR,1.0,auto,2026-06-02 21:12:53
PC-107363,Z-MIR,0.894427,auto,2026-06-02 22:44:00
PC-107364,Z-MIR,0.894427,auto,2026-06-03 02:53:57
PC-107365,Z-MIR,0.894427,auto,2026-06-03 10:47:25
PC-107366,Z-MIR,1.0,auto,2026-06-02 23:33:08
PC-107367,Z-MIR,1.0,auto,2026-06-02 21:59:59
PC-107368,Z-MIR,1.0,auto,2026-06-02 22:52:11
PC-107369,Z-MIR,1.0,auto,2026-06-03 04:28:29
PC-107370,Z-MIR,0.894427,auto,2026-06-03 17:58:37
PC-107371,Z-MIR,1.0,auto,2026-06-02 22:42:09
PC-107372,Z-MIR,1.0,auto,2026-06-03 14:35:16
PC-107373,Z-MIR,1.0,auto,2026-06-02 18:14:57
PC-107374,Z-MIR,1.0,auto,2026-06-03 07:04:45
PC-107375,Z-MIR,0.894427,auto,2026-06-03 04:29:52
PC-107376,Z-MIR,1.0,auto,2026-06-03 20:18:37
PC-107377,Z-MIR,0.894427,auto,2026-06-04 08:07:43
PC-107378,Z-MIR,0.894427,auto,2026-06-03 18:35:33
PC-107379,Z-MIR,1.0,auto,2026-06-04 05:40:38
PC-107380,Z-MIR,1.0,auto,2026-06-04 09:05:23
PC-107381,Z-MIR,1.0,auto,2026-06-04 04:21:06
PC-107382,Z-MIR,1.0,auto,2026-06-04 11:39:31
PC-107383,Z-MIR,1.0,auto,2026-06-04 04:43:10
PC-107384,Z-MIR,1.0,auto,2026-06-03 21:35:59
PC-107385,Z-MIR,1.0,auto,2026-06-04 08:32:19
PC-107386,Z-MIR,1.0,auto,2026-06-04 15:37:25
PC-107387,Z-MIR,1.0,auto,2026-06-04 05:19:59
PC-107388,Z-MIR,1.0,auto,2026-06-04 05:00:45
PC-107389,Z-MIR,1.0,auto,2026-06-04 02:17:50
PC-107390,Z-MIR,1.0,auto,2026-06-04 10:12:15
PC-107391,Z-MIR,1.0,auto,2026-06-04 03:29:09
PC-107392,Z-MIR,1.0,auto,2026-06-03 20:42:17
PC-107393,Z-MIR,1.0,auto,2026-06-04 12:03:06
PC-107394,Z-MIR,1.0,auto,2026-06-03 18:21:42
PC-107395,Z-MIR,1.0,auto,2026-06-03 21:46:01
PC-107396,Z-MIR,1.0,auto,2026-06-04 08:59:30
PC-107397,Z-MIR,0.894427,auto,2026-06-04 19:11:04
PC-107398,Z-MIR,1.0,auto,2026-06-05 10:40:25
PC-107399,Z-MIR,1.0,auto,2026-06-05 07:43:38
PC-107400,Z-MIR,1.0,auto,2026-06-05 06:32:38
PC-107401,Z-MIR,1.0,auto,2026-06-05 04:43:46
PC-107402,Z-MIR,1.0,auto,2026-06-05 21:04:56
PC-107403,Z-MIR,1.0,auto,2026-06-05 04:12:09
PC-107404,Z-MIR,1.0,auto,2026-06-04 19:50:39
PC-107405,Z-MIR,1.0,auto,2026-06-05 02:17:40
PC-107406,Z-MIR,1.0,auto,2026-06-05 20:52:46
PC-107407,Z-MIR,0.894427,auto,2026-06-05 15:28:25
PC-107408,Z-MIR,1.0,auto,2026-06-05 07:42:07
PC-107409,Z-MIR,1.0,auto,2026-06-04 16:00:44
PC-107410,Z-MIR,1.0,auto,2026-06-05 04:16:25
PC-107411,Z-MIR,1.0,auto,2026-06-05 05:31:39
PC-107412,Z-MIR,1.0,auto,2026-06-04 23:27:08
PC-107413,Z-MIR,1.0,auto,2026-06-04 18:42:56
PC-107414,Z-MIR,1.0,auto,2026-06-04 22:41:52
PC-107415,Z-MIR,1.0,auto,2026-06-04 21:27:22
PC-107416,Z-MIR,1.0,auto,2026-06-05 21:41:20
PC-107417,Z-MIR,1.0,auto,2026-06-04 20:24:50
PC-107418,Z-MIR,1.0,auto,2026-06-05 01:33:50
PC-107419,Z-MIR,1.0,auto,2026-06-04 21:02:20
PC-107420,Z-MIR,1.0,auto,2026-06-04 21:26:20
PC-107421,Z-MIR,1.0,auto,2026-06-04 17:34:21
PC-107422,Z-MIR,1.0,auto,2026-06-04 18:33:42
PC-107423,Z-MIR,1.0,auto,2026-06-05 06:14:16
PC-107424,Z-MIR,0.894427,auto,2026-06-04 23:06:15
PC-107425,Z-MIR,1.0,auto,2026-06-05 13:15:57
PC-107426,Z-MIR,1.0,auto,2026-06-06 05:10:34
PC-107427,Z-MIR,1.0,auto,2026-06-05 17:17:58
PC-107428,Z-MIR,1.0,auto,2026-06-06 01:03:12
PC-107429,Z-MIR,1.0,auto,2026-06-05 17:02:59
PC-107430,Z-MIR,1.0,auto,2026-06-05 16:44:51
PC-107431,Z-MIR,1.0,auto,2026-06-06 08:54:32
PC-107432,Z-MIR,1.0,auto,2026-06-06 02:49:01
PC-107433,Z-MIR,1.0,auto,2026-06-06 11:00:23
PC-107434,Z-MIR,0.894427,auto,2026-06-06 00:02:37
PC-107435,Z-MIR,1.0,auto,2026-06-06 13:50:35
PC-107436,Z-MIR,1.0,auto,2026-06-06 04:24:29
PC-107437,Z-MIR,1.0,auto,2026-06-05 16:08:20
PC-107438,Z-MIR,1.0,auto,2026-06-06 00:43:26
PC-107439,Z-MIR,1.0,auto,2026-06-07 03:10:20
PC-107440,Z-MIR,1.0,auto,2026-06-06 15:00:05
PC-107441,Z-MIR,1.0,auto,2026-06-05 19:13:47
PC-107442,Z-MIR,1.0,auto,2026-06-05 12:36:26
PC-107443,Z-MIR,1.0,auto,2026-06-05 12:29:44
PC-107444,Z-MIR,0.894427,auto,2026-06-06 06:33:35
PC-107445,Z-MIR,1.0,auto,2026-06-06 00:24:39
PC-107446,Z-MIR,1.0,auto,2026-06-06 15:23:05
PC-107447,Z-MIR,0.894427,auto,2026-06-06 12:28:27
PC-107448,Z-MIR,1.0,auto,2026-06-06 03:17:57
PC-107449,Z-MIR,1.0,auto,2026-06-06 13:09:57
PC-107450,Z-MIR,1.0,auto,2026-06-06 07:19:45
PC-107451,Z-MIR,1.0,auto,2026-06-06 06:23:21
PC-107452,Z-MIR,1.0,auto,2026-06-07 02:33:55
PC-107453,Z-MIR,1.0,auto,2026-06-06 14:04:49
PC-107454,Z-MIR,1.0,auto,2026-06-06 18:21:05
PC-107455,Z-MIR,1.0,auto,2026-06-06 22:22:14
PC-107456,Z-MIR,1.0,auto,2026-06-07 12:21:16
PC-107457,Z-MIR,1.0,auto,2026-06-06 15:13:47
PC-107458,Z-MIR,1.0,auto,2026-06-07 08:59:55
PC-107459,Z-MIR,1.0,auto,2026-06-07 08:20:16
PC-107460,Z-MIR,1.0,auto,2026-06-07 04:38:17
PC-107461,Z-MIR,1.0,auto,2026-06-06 18:22:01
PC-107462,Z-MIR,0.894427,auto,2026-06-06 22:24:59
PC-107463,Z-MIR,0.894427,auto,2026-06-07 03:24:38
PC-107464,Z-MIR,1.0,auto,2026-06-07 19:38:32
PC-107465,Z-MIR,1.0,auto,2026-06-06 20:59:39
PC-107466,Z-MIR,1.0,auto,2026-06-07 02:20:33
PC-107467,Z-MIR,1.0,auto,2026-06-06 22:08:15
PC-107468,Z-MIR,1.0,auto,2026-06-07 03:02:13
PC-107469,Z-MIR,1.0,auto,2026-06-07 08:44:09
PC-107470,Z-MIR,1.0,auto,2026-06-07 00:53:05
PC-107471,Z-MIR,1.0,auto,2026-06-07 14:40:53
PC-107472,Z-MIR,0.894427,auto,2026-06-07 13:20:44
PC-107473,Z-MIR,1.0,auto,2026-06-07 08:33:11
PC-107474,Z-MIR,1.0,auto,2026-06-07 23:50:00
PC-107475,Z-MIR,1.0,auto,2026-06-07 08:25:45
PC-107476,Z-MIR,1.0,auto,2026-06-06 19:32:17
PC-107477,Z-MIR,1.0,auto,2026-06-07 21:17:30
PC-107478,Z-MIR,1.0,auto,2026-06-08 02:34:33
PC-107479,Z-MIR,1.0,auto,2026-06-07 09:38:57
PC-107480,Z-MIR,1.0,auto,2026-06-08 04:28:54
PC-107481,Z-MIR,1.0,auto,2026-06-07 13:06:49
PC-107482,Z-MIR,1.0,auto,2026-06-08 01:13:27
PC-107483,Z-MIR,1.0,auto,2026-06-08 04:02:13
PC-107484,Z-MIR,1.0,auto,2026-06-08 21:55:31
PC-107485,Z-MIR,0.894427,auto,2026-06-07 17:11:00
PC-107486,Z-MIR,1.0,auto,2026-06-07 16:52:19
PC-107487,Z-MIR,1.0,auto,2026-06-08 07:25:30
PC-107488,Z-MIR,1.0,auto,2026-06-08 02:36:47
PC-107489,Z-MIR,1.0,auto,2026-06-08 14:21:44
PC-107490,Z-MIR,1.0,auto,2026-06-08 04:35:26
PC-107491,Z-MIR,1.0,auto,2026-06-08 00:56:42
PC-107492,Z-MIR,1.0,auto,2026-06-07 21:37:58
PC-107493,Z-MIR,1.0,auto,2026-06-08 02:25:08
PC-107494,Z-MIR,0.894427,auto,2026-06-08 07:10:41
PC-107495,Z-MIR,1.0,auto,2026-06-08 13:30:18
PC-107496,Z-MIR,1.0,auto,2026-06-07 09:13:52
PC-107497,Z-MIR,1.0,auto,2026-06-08 05:31:07
PC-107498,Z-MIR,1.0,auto,2026-06-07 22:15:44
PC-107499,Z-MIR,1.0,auto,2026-06-08 15:32:16
PC-107500,Z-MIR,1.0,auto,2026-06-08 03:05:45
PC-107501,Z-MIR,1.0,auto,2026-06-08 11:45:21
PC-107502,Z-MIR,1.0,auto,2026-06-08 09:38:43
PC-107503,Z-MIR,0.894427,auto,2026-06-08 09:37:03
PC-107504,Z-MIR,1.0,auto,2026-06-08 04:57:21
PC-107505,Z-MIR,1.0,auto,2026-06-08 01:43:47
PC-107506,Z-MIR,1.0,auto,2026-06-07 15:41:13
PC-107507,Z-MIR,1.0,auto,2026-06-08 18:33:19
PC-107508,Z-MIR,1.0,auto,2026-06-09 01:16:23
PC-107509,Z-MIR,1.0,auto,2026-06-09 04:29:28
PC-107510,Z-MIR,1.0,auto,2026-06-08 17:22:11
PC-107511,Z-MIR,1.0,auto,2026-06-08 06:48:45
PC-107512,Z-MIR,1.0,auto,2026-06-09 09:55:12
PC-107513,Z-MIR,1.0,auto,2026-06-09 17:11:45
PC-107514,Z-MIR,1.0,auto,2026-06-08 17:40:42
PC-107515,Z-MIR,1.0,auto,2026-06-08 18:32:12
PC-107516,Z-MIR,1.0,auto,2026-06-08 18:21:47
PC-107517,Z-MIR,1.0,auto,2026-06-09 15:26:06
PC-107518,Z-MIR,1.0,auto,2026-06-08 20:39:24
PC-107519,Z-MIR,1.0,auto,2026-06-09 04:54:39
PC-107520,Z-MIR,1.0,auto,2026-06-08 20:51:21
PC-107521,Z-MIR,1.0,auto,2026-06-08 20:07:43
PC-107522,Z-MIR,1.0,auto,2026-06-08 18:55:18
PC-107523,Z-MIR,1.0,auto,2026-06-09 04:38:12
PC-107524,Z-MIR,1.0,auto,2026-06-09 07:08:31
PC-107525,Z-MIR,1.0,auto,2026-06-10 01:57:46
PC-107526,Z-MIR,1.0,auto,2026-06-09 14:02:43
PC-107527,Z-MIR,1.0,auto,2026-06-09 02:01:28
PC-107528,Z-MIR,1.0,auto,2026-06-09 16:49:24
PC-107529,Z-MIR,1.0,auto,2026-06-09 06:23:27
PC-107530,Z-MIR,1.0,auto,2026-06-09 14:34:26
PC-107531,Z-MIR,1.0,auto,2026-06-09 03:33:59
PC-107532,Z-MIR,1.0,auto,2026-06-09 04:38:23
PC-107533,Z-MIR,1.0,auto,2026-06-09 12:34:07
PC-107534,Z-MIR,1.0,auto,2026-06-09 03:28:00
PC-107535,Z-MIR,1.0,auto,2026-06-09 06:57:41
PC-107536,Z-MIR,1.0,auto,2026-06-08 14:08:53
PC-107537,Z-MIR,1.0,auto,2026-06-09 03:11:05
PC-107538,Z-MIR,1.0,auto,2026-06-09 22:49:29
PC-107539,Z-MIR,1.0,auto,2026-06-09 09:50:49
PC-107540,Z-MIR,1.0,auto,2026-06-09 21:24:22
PC-107541,Z-MIR,1.0,auto,2026-06-09 15:35:41
PC-107542,Z-MIR,1.0,auto,2026-06-09 19:56:08
PC-107543,Z-MIR,1.0,auto,2026-06-10 21:58:35
PC-107544,Z-MIR,1.0,auto,2026-06-10 05:04:15
PC-107545,Z-MIR,1.0,auto,2026-06-10 04:32:32
PC-107546,Z-MIR,1.0,auto,2026-06-09 20:16:52
PC-107547,Z-MIR,1.0,auto,2026-06-10 09:15:41
PC-107548,Z-MIR,0.894427,auto,2026-06-10 01:57:14
PC-107549,Z-MIR,1.0,auto,2026-06-10 10:42:04
PC-107550,Z-MIR,1.0,auto,2026-06-10 01:15:59
PC-107551,Z-MIR,1.0,auto,2026-06-09 23:33:08
PC-107552,Z-MIR,1.0,auto,2026-06-10 10:23:36
PC-107553,Z-MIR,1.0,auto,2026-06-10 08:08:10
PC-107554,Z-MIR,1.0,auto,2026-06-10 04:08:03
PC-107555,Z-MIR,0.894427,auto,2026-06-10 07:41:46
PC-107556,Z-MIR,1.0,auto,2026-06-10 06:49:59
PC-107557,Z-MIR,1.0,auto,2026-06-10 18:30:12
PC-107558,Z-MIR,0.894427,auto,2026-06-10 06:52:22
PC-107559,Z-MIR,1.0,auto,2026-06-10 06:02:56
PC-107560,Z-MIR,1.0,auto,2026-06-10 01:33:27
PC-107561,Z-MIR,1.0,auto,2026-06-10 04:01:00
PC-107562,Z-MIR,1.0,auto,2026-06-09 23:24:06
PC-107563,Z-MIR,1.0,auto,2026-06-10 04:30:47
PC-107564,Z-MIR,1.0,auto,2026-06-09 14:02:26
PC-107565,Z-MIR,0.894427,auto,2026-06-10 12:37:30
PC-107566,Z-MIR,1.0,auto,2026-06-10 19:41:31
PC-107567,Z-MIR,0.894427,auto,2026-06-10 09:54:26
PC-107568,Z-MIR,1.0,auto,2026-06-10 22:35:16
PC-107569,Z-MIR,1.0,auto,2026-06-10 11:35:14
PC-107570,Z-MIR,1.0,auto,2026-06-10 21:40:58
PC-107571,Z-MIR,1.0,auto,2026-06-11 03:02:23
PC-107572,Z-MIR,1.0,auto,2026-06-10 23:00:08
PC-107573,Z-MIR,1.0,auto,2026-06-11 02:05:09
PC-107574,Z-MIR,1.0,auto,2026-06-11 04:23:26
PC-107575,Z-MIR,1.0,auto,2026-06-11 04:30:15
PC-107576,Z-MIR,1.0,auto,2026-06-11 10:45:16
PC-107577,Z-MIR,1.0,auto,2026-06-11 05:41:51
PC-107578,Z-MIR,1.0,auto,2026-06-11 12:52:24
PC-107579,Z-MIR,1.0,auto,2026-06-11 18:15:16
PC-107580,Z-MIR,1.0,auto,2026-06-11 03:38:30
PC-107581,Z-MIR,1.0,auto,2026-06-10 23:18:48
PC-107582,Z-MIR,1.0,auto,2026-06-11 01:38:38
PC-107583,Z-MIR,1.0,auto,2026-06-11 17:52:08
PC-107584,Z-MIR,1.0,auto,2026-06-11 10:02:38
PC-107585,Z-MIR,1.0,auto,2026-06-11 04:47:48
PC-107586,Z-MIR,1.0,auto,2026-06-11 01:30:28
PC-107587,Z-MIR,1.0,auto,2026-06-11 04:37:56
PC-107588,Z-MIR,1.0,auto,2026-06-11 02:31:35
PC-107589,Z-MIR,1.0,auto,2026-06-10 22:54:07
PC-107590,Z-MIR,1.0,auto,2026-06-11 17:34:02
PC-107591,Z-MIR,1.0,auto,2026-06-11 16:01:30
PC-107592,Z-MIR,1.0,auto,2026-06-11 11:32:00
PC-107593,Z-MIR,1.0,auto,2026-06-10 22:58:38
PC-107594,Z-MIR,1.0,auto,2026-06-11 21:44:31
PC-107595,Z-MIR,1.0,auto,2026-06-11 13:07:29
PC-107596,Z-MIR,0.894427,auto,2026-06-12 17:46:49
PC-107597,Z-MIR,1.0,auto,2026-06-12 21:50:04
PC-107598,Z-MIR,1.0,auto,2026-06-12 15:42:35
PC-107599,Z-MIR,1.0,auto,2026-06-11 13:23:30
PC-107600,Z-MIR,1.0,auto,2026-06-12 04:59:18
PC-107601,Z-MIR,1.0,auto,2026-06-12 06:06:55
PC-107602,Z-MIR,1.0,auto,2026-06-12 09:00:52
PC-107603,Z-MIR,1.0,auto,2026-06-12 11:43:12
PC-107604,Z-MIR,1.0,auto,2026-06-12 04:22:41
PC-107605,Z-MIR,1.0,auto,2026-06-12 00:41:05
PC-107606,Z-MIR,1.0,auto,2026-06-12 05:27:21
PC-107607,Z-MIR,1.0,auto,2026-06-12 01:42:46
PC-107608,Z-MIR,1.0,auto,2026-06-12 03:41:13
PC-107609,Z-MIR,1.0,auto,2026-06-12 02:19:22
PC-107610,Z-MIR,1.0,auto,2026-06-12 14:45:05
PC-107611,Z-MIR,1.0,auto,2026-06-12 15:56:01
PC-107612,Z-MIR,1.0,auto,2026-06-11 17:44:23
PC-107613,Z-MIR,1.0,auto,2026-06-12 06:34:09
PC-107614,Z-MIR,0.894427,auto,2026-06-11 18:35:48
PC-107615,Z-MIR,1.0,auto,2026-06-12 13:20:36
PC-107616,Z-MIR,1.0,auto,2026-06-11 21:53:20
PC-107617,Z-MIR,1.0,auto,2026-06-12 11:44:20
PC-107618,Z-MIR,1.0,auto,2026-06-13 03:09:01
PC-107619,Z-MIR,1.0,auto,2026-06-13 02:14:45
PC-107620,Z-MIR,0.894427,auto,2026-06-12 22:11:24
PC-107621,Z-MIR,0.894427,auto,2026-06-13 15:35:37
PC-107622,Z-MIR,1.0,auto,2026-06-13 14:45:52
PC-107623,Z-MIR,1.0,auto,2026-06-13 00:32:07
PC-107624,Z-MIR,1.0,auto,2026-06-13 02:03:34
PC-107625,Z-MIR,1.0,auto,2026-06-13 20:53:44
PC-107626,Z-MIR,1.0,auto,2026-06-13 07:25:26
PC-107627,Z-MIR,1.0,auto,2026-06-13 08:33:16
PC-107628,Z-MIR,1.0,auto,2026-06-13 21:48:21
PC-107629,Z-MIR,0.894427,auto,2026-06-13 12:37:40
PC-107630,Z-MIR,1.0,auto,2026-06-14 00:11:36
PC-107631,Z-MIR,1.0,auto,2026-06-12 10:42:54
PC-107632,Z-MIR,1.0,auto,2026-06-13 02:51:18
PC-107633,Z-MIR,0.894427,auto,2026-06-13 06:06:31
PC-107634,Z-MIR,1.0,auto,2026-06-13 03:37:50
PC-107635,Z-MIR,1.0,auto,2026-06-13 00:16:08
PC-107636,Z-MIR,0.894427,auto,2026-06-13 16:16:56
PC-107637,Z-MIR,1.0,auto,2026-06-14 10:53:33
PC-107638,Z-MIR,0.894427,auto,2026-06-13 06:32:36
PC-107639,Z-MIR,1.0,auto,2026-06-13 15:11:25
PC-107640,Z-MIR,1.0,auto,2026-06-13 19:58:32
PC-107641,Z-MIR,1.0,auto,2026-06-13 20:08:46
PC-107642,Z-MIR,1.0,auto,2026-06-14 05:24:47
PC-107643,Z-MIR,0.894427,auto,2026-06-13 23:37:18
PC-107644,Z-MIR,1.0,auto,2026-06-13 17:54:30
PC-107645,Z-MIR,1.0,auto,2026-06-14 06:44:47
PC-107646,Z-MIR,1.0,auto,2026-06-13 23:19:48
PC-107647,Z-MIR,1.0,auto,2026-06-14 03:36:15
PC-107648,Z-MIR,1.0,auto,2026-06-14 15:06:52
PC-107649,Z-MIR,1.0,auto,2026-06-14 11:03:09
PC-107650,Z-MIR,1.0,auto,2026-06-14 13:51:45
PC-107651,Z-MIR,1.0,auto,2026-06-13 23:23:31
PC-107652,Z-MIR,1.0,auto,2026-06-14 01:40:31
PC-107653,Z-MIR,1.0,auto,2026-06-14 00:14:35
PC-107654,Z-MIR,1.0,auto,2026-06-13 19:08:21
PC-107655,Z-MIR,1.0,auto,2026-06-14 04:19:03
PC-107656,Z-MIR,1.0,auto,2026-06-14 15:15:40
PC-107657,Z-MIR,1.0,auto,2026-06-14 02:16:42
PC-107658,Z-MIR,1.0,auto,2026-06-14 04:09:58
PC-107659,Z-MIR,1.0,auto,2026-06-14 09:26:20
PC-107660,Z-MIR,1.0,auto,2026-06-13 16:06:13
PC-107661,Z-MIR,1.0,auto,2026-06-14 23:28:45
PC-107662,Z-MIR,1.0,auto,2026-06-14 01:47:50
PC-107663,Z-MIR,1.0,auto,2026-06-14 11:28:14
PC-107664,Z-MIR,0.894427,auto,2026-06-14 14:48:49
PC-107665,Z-MIR,0.894427,auto,2026-06-14 04:27:45
PC-107666,Z-MIR,1.0,auto,2026-06-13 19:20:53
PC-107667,Z-MIR,1.0,auto,2026-06-13 20:03:54
PC-107668,Z-MIR,1.0,auto,2026-06-14 23:38:46
PC-107669,Z-MIR,1.0,auto,2026-06-15 13:44:19
PC-107670,Z-MIR,1.0,auto,2026-06-15 06:13:52
PC-107671,Z-MIR,1.0,auto,2026-06-15 13:27:37
PC-107672,Z-MIR,1.0,auto,2026-06-15 17:55:58
PC-107673,Z-MIR,1.0,auto,2026-06-15 21:55:49
PC-107674,Z-MIR,1.0,auto,2026-06-16 00:58:36
PC-107675,Z-MIR,1.0,auto,2026-06-14 20:41:14
PC-107676,Z-MIR,1.0,auto,2026-06-14 23:44:59
PC-107677,Z-MIR,1.0,auto,2026-06-15 12:00:31
PC-107678,Z-MIR,1.0,auto,2026-06-15 06:00:30
PC-107679,Z-MIR,1.0,auto,2026-06-14 21:28:26
PC-107680,Z-MIR,1.0,auto,2026-06-15 04:37:45
PC-107681,Z-MIR,1.0,auto,2026-06-15 02:22:11
PC-107682,Z-MIR,1.0,auto,2026-06-15 00:22:33
PC-107683,Z-MIR,1.0,auto,2026-06-15 15:45:42
PC-107684,Z-MIR,1.0,auto,2026-06-14 23:40:01
PC-107685,Z-MIR,0.894427,auto,2026-06-15 11:32:22
PC-107686,Z-MIR,1.0,auto,2026-06-14 21:04:32
PC-107687,Z-MIR,1.0,auto,2026-06-14 17:05:58
PC-107688,Z-MIR,1.0,auto,2026-06-15 00:53:56
PC-107689,Z-MIR,1.0,auto,2026-06-14 22:25:38
PC-107690,Z-MIR,1.0,auto,2026-06-15 17:49:14
PC-107691,Z-MIR,1.0,auto,2026-06-16 07:55:09
PC-107692,Z-MIR,1.0,auto,2026-06-15 12:41:31
PC-107693,Z-MIR,1.0,auto,2026-06-16 05:43:28
PC-107694,Z-MIR,1.0,auto,2026-06-15 22:14:12
PC-107695,Z-MIR,1.0,auto,2026-06-16 04:05:55
PC-107696,Z-MIR,1.0,auto,2026-06-16 04:57:42
PC-107697,Z-MIR,1.0,auto,2026-06-16 10:30:53
PC-107698,Z-MIR,1.0,auto,2026-06-16 02:27:15
PC-107699,Z-MIR,1.0,auto,2026-06-16 09:27:49
PC-107700,Z-MIR,1.0,auto,2026-06-16 21:56:19
PC-107701,Z-MIR,1.0,auto,2026-06-16 12:20:12
PC-107702,Z-MIR,1.0,auto,2026-06-16 01:38:09
PC-107703,Z-MIR,1.0,auto,2026-06-15 08:51:26
PC-107704,Z-MIR,1.0,auto,2026-06-15 21:37:18
PC-107705,Z-MIR,1.0,auto,2026-06-16 00:10:55
PC-107706,Z-MIR,1.0,auto,2026-06-16 01:23:43
PC-107707,Z-MIR,1.0,auto,2026-06-16 02:23:25
PC-107708,Z-MIR,1.0,auto,2026-06-16 07:53:46
PC-107709,Z-MIR,1.0,auto,2026-06-15 20:47:39
PC-107710,Z-MIR,1.0,auto,2026-06-16 04:26:00
PC-107711,Z-MIR,1.0,auto,2026-06-16 05:13:26
PC-107712,Z-MIR,1.0,auto,2026-06-16 02:09:53
PC-107713,Z-MIR,1.0,auto,2026-06-15 15:39:03
PC-107714,Z-MIR,1.0,auto,2026-06-15 21:55:38
PC-107715,Z-MIR,1.0,auto,2026-06-15 15:46:58
PC-107716,Z-MIR,1.0,auto,2026-06-16 13:11:34
PC-107717,Z-MIR,1.0,auto,2026-06-16 15:33:21
PC-107718,Z-MIR,1.0,auto,2026-06-18 11:56:23
PC-107719,Z-MIR,1.0,auto,2026-06-18 08:54:52
PC-107720,Z-MIR,1.0,auto,2026-06-18 23:11:46
PC-107721,Z-MIR,1.0,auto,2026-06-18 13:25:51
PC-107722,Z-MIR,1.0,auto,2026-06-18 20:53:26
PC-107723,Z-MIR,1.0,auto,2026-06-19 02:30:19
PC-107724,Z-MIR,1.0,auto,2026-06-18 07:28:05
PC-107725,Z-MIR,1.0,auto,2026-06-17 19:56:08
PC-107726,Z-MIR,1.0,auto,2026-06-18 21:20:27
PC-107727,Z-MIR,1.0,auto,2026-06-18 01:04:31
PC-107728,Z-MIR,1.0,auto,2026-06-18 06:01:36
PC-107729,Z-MIR,1.0,auto,2026-06-18 07:00:53
PC-107730,Z-MIR,1.0,auto,2026-06-18 07:10:05
PC-107731,Z-MIR,1.0,auto,2026-06-17 18:27:26
PC-107732,Z-MIR,1.0,auto,2026-06-18 22:13:20
PC-107733,Z-MIR,1.0,auto,2026-06-18 23:48:40
PC-107734,Z-MIR,1.0,auto,2026-06-18 03:14:00
PC-107735,Z-MIR,1.0,auto,2026-06-18 05:12:32
PC-107736,Z-MIR,1.0,auto,2026-06-18 12:41:00
PC-107737,Z-MIR,1.0,auto,2026-06-18 11:34:10
PC-107738,Z-MIR,1.0,auto,2026-06-18 04:31:07
PC-107739,Z-MIR,1.0,auto,2026-06-18 00:02:18
PC-107740,Z-MIR,1.0,auto,2026-06-18 03:43:12
PC-107741,Z-MIR,1.0,auto,2026-06-18 02:48:21
PC-107742,Z-MIR,1.0,auto,2026-06-18 15:51:29
PC-107743,Z-MIR,1.0,auto,2026-06-18 09:26:39
PC-107744,Z-MIR,1.0,auto,2026-06-18 15:59:21
PC-107745,Z-MIR,1.0,auto,2026-06-18 16:33:13
PC-107746,Z-MIR,1.0,auto,2026-06-20 13:26:53
PC-107747,Z-MIR,1.0,auto,2026-06-20 00:11:43
PC-107748,Z-MIR,1.0,auto,2026-06-20 06:15:19
PC-107749,Z-MIR,1.0,auto,2026-06-20 11:56:43
PC-107750,Z-MIR,1.0,auto,2026-06-20 01:15:54
PC-107751,Z-MIR,1.0,auto,2026-06-20 10:18:00
PC-107752,Z-MIR,1.0,auto,2026-06-19 19:26:52
PC-107753,Z-MIR,1.0,auto,2026-06-20 01:55:02
PC-107754,Z-MIR,1.0,auto,2026-06-20 05:51:48
PC-107755,Z-MIR,1.0,auto,2026-06-19 20:56:23
PC-107756,Z-MIR,1.0,auto,2026-06-20 16:13:38
PC-107757,Z-MIR,1.0,auto,2026-06-19 08:01:47
PC-107758,Z-MIR,1.0,auto,2026-06-20 01:40:07
PC-107759,Z-MIR,1.0,auto,2026-06-19 09:42:28
PC-107760,Z-MIR,1.0,auto,2026-06-19 21:57:51
PC-107761,Z-MIR,0.894427,auto,2026-06-20 03:11:31
PC-107762,Z-MIR,1.0,auto,2026-06-20 07:56:32
PC-107763,Z-MIR,1.0,auto,2026-06-20 01:22:14
PC-107764,Z-MIR,1.0,auto,2026-06-20 00:03:07
PC-107765,Z-MIR,0.894427,auto,2026-06-19 22:41:01
PC-107766,Z-MIR,1.0,auto,2026-06-20 14:31:01
PC-107767,Z-MIR,1.0,auto,2026-06-20 05:21:27
PC-107768,Z-MIR,1.0,auto,2026-06-20 18:59:55
PC-107769,Z-MIR,0.894427,auto,2026-06-21 08:30:22
PC-107770,Z-MIR,1.0,auto,2026-06-21 05:18:53
PC-107771,Z-MIR,1.0,auto,2026-06-21 08:00:41
PC-107772,Z-MIR,1.0,auto,2026-06-21 14:08:47
PC-107773,Z-MIR,1.0,auto,2026-06-20 19:22:28
PC-107774,Z-MIR,1.0,auto,2026-06-21 01:01:46
PC-107775,Z-MIR,1.0,auto,2026-06-20 18:00:37
PC-107776,Z-MIR,1.0,auto,2026-06-20 23:51:24
PC-107777,Z-MIR,1.0,auto,2026-06-21 21:13:35
PC-107778,Z-MIR,1.0,auto,2026-06-20 23:48:32
PC-107779,Z-MIR,1.0,auto,2026-06-21 19:57:41
PC-107780,Z-MIR,1.0,auto,2026-06-20 11:15:52
PC-107781,Z-MIR,1.0,auto,2026-06-21 08:15:07
PC-107782,Z-MIR,1.0,auto,2026-06-21 07:43:05
PC-107783,Z-MIR,1.0,auto,2026-06-21 02:42:29
PC-107784,Z-MIR,1.0,auto,2026-06-21 10:03:28
PC-107785,Z-MIR,1.0,auto,2026-06-21 05:38:16
PC-107786,Z-MIR,1.0,auto,2026-06-20 17:37:32
PC-107787,Z-MIR,1.0,auto,2026-06-20 21:24:21
PC-107788,Z-MIR,1.0,auto,2026-06-21 03:24:21
PC-107789,Z-MIR,0.894427,auto,2026-06-20 20:56:05
PC-107790,Z-MIR,0.894427,auto,2026-06-20 22:54:42
PC-107791,Z-MIR,1.0,auto,2026-06-21 06:34:01
PC-107792,Z-MIR,1.0,auto,2026-06-21 06:38:29
PC-107793,Z-MIR,0.894427,auto,2026-06-20 17:33:04
PC-107794,Z-MIR,1.0,auto,2026-06-21 21:38:52
PC-107795,Z-MIR,1.0,auto,2026-06-22 04:35:42
PC-107796,Z-MIR,1.0,auto,2026-06-23 06:31:08
PC-107797,Z-MIR,1.0,auto,2026-06-23 10:06:15
PC-107798,Z-MIR,1.0,auto,2026-06-23 10:57:40
PC-107799,Z-MIR,1.0,auto,2026-06-23 17:44:02
PC-107800,Z-MIR,1.0,auto,2026-06-23 08:13:04
PC-107801,Z-MIR,1.0,auto,2026-06-23 00:21:55
PC-107802,Z-MIR,1.0,auto,2026-06-23 03:53:35
PC-107803,Z-MIR,1.0,auto,2026-06-23 13:21:39
PC-107804,Z-MIR,1.0,auto,2026-06-23 15:48:28
PC-107805,Z-MIR,1.0,auto,2026-06-23 22:52:59
PC-107806,Z-MIR,1.0,auto,2026-06-23 10:10:32
PC-107807,Z-MIR,1.0,auto,2026-06-22 20:24:46
PC-107808,Z-MIR,1.0,auto,2026-06-23 09:57:51
PC-107809,Z-MIR,0.894427,auto,2026-06-22 18:23:09
PC-107810,Z-MIR,1.0,auto,2026-06-23 13:35:04
PC-107811,Z-MIR,1.0,auto,2026-06-23 23:14:10
PC-107812,Z-MIR,1.0,auto,2026-06-23 19:36:45
PC-107813,Z-MIR,1.0,auto,2026-06-23 09:48:51
PC-107814,Z-MIR,1.0,auto,2026-06-22 18:42:50
PC-107815,Z-MIR,1.0,auto,2026-06-22 20:43:52
PC-107816,Z-MIR,0.894427,auto,2026-06-22 22:09:10
PC-107817,Z-MIR,1.0,auto,2026-06-23 06:14:40
PC-107818,Z-MIR,1.0,auto,2026-06-23 00:31:40
PC-107819,Z-MIR,1.0,auto,2026-06-22 17:47:39
PC-107820,Z-MIR,0.894427,auto,2026-06-23 00:44:16
PC-107821,Z-MIR,1.0,auto,2026-06-22 22:49:07
PC-107822,Z-MIR,0.894427,auto,2026-06-22 16:22:32
PC-107823,Z-MIR,1.0,auto,2026-06-22 23:57:55
PC-107824,Z-MIR,1.0,auto,2026-06-24 01:59:26
PC-107825,Z-MIR,1.0,auto,2026-06-23 13:14:10
PC-107826,Z-MIR,1.0,auto,2026-06-23 21:39:59
PC-107827,Z-MIR,1.0,auto,2026-06-23 12:46:10
PC-107828,Z-MIR,1.0,auto,2026-06-23 19:13:23
PC-107829,Z-MIR,1.0,auto,2026-06-24 08:35:54
PC-107830,Z-MIR,1.0,auto,2026-06-24 04:59:16
PC-107831,Z-MIR,1.0,auto,2026-06-24 19:04:22
PC-107832,Z-MIR,1.0,auto,2026-06-24 16:54:40
PC-107833,Z-MIR,0.894427,auto,2026-06-24 04:04:14
PC-107834,Z-MIR,1.0,auto,2026-06-24 09:34:26
PC-107835,Z-MIR,1.0,auto,2026-06-24 02:27:04
PC-107836,Z-MIR,1.0,auto,2026-06-24 02:06:08
PC-107837,Z-MIR,1.0,auto,2026-06-24 09:42:13
PC-107838,Z-MIR,1.0,auto,2026-06-24 03:51:56
PC-107839,Z-MIR,1.0,auto,2026-06-23 22:12:47
PC-107840,Z-MIR,1.0,auto,2026-06-23 23:37:20
PC-107841,Z-MIR,1.0,auto,2026-06-24 09:48:56
PC-107842,Z-MIR,1.0,auto,2026-06-24 00:13:18
PC-107843,Z-MIR,1.0,auto,2026-06-24 18:04:53
PC-107844,Z-MIR,1.0,auto,2026-06-24 15:56:57
PC-107845,Z-MIR,1.0,auto,2026-06-24 08:13:56
PC-107846,Z-MIR,1.0,auto,2026-06-24 02:39:08
PC-107847,Z-MIR,1.0,auto,2026-06-24 05:25:03
PC-107848,Z-MIR,0.894427,auto,2026-06-24 09:05:22
PC-107849,Z-MIR,1.0,auto,2026-06-23 21:22:22
PC-107850,Z-MIR,1.0,auto,2026-06-23 18:10:13
PC-107851,Z-MIR,1.0,auto,2026-06-24 10:11:28
PC-107852,Z-MIR,1.0,auto,2026-06-24 01:26:48
PC-107853,Z-MIR,1.0,auto,2026-06-25 01:00:34
PC-107854,Z-MIR,1.0,auto,2026-06-24 21:18:01
PC-107855,Z-MIR,1.0,auto,2026-06-24 22:11:59
PC-107856,Z-MIR,0.894427,auto,2026-06-24 23:18:24
PC-107857,Z-MIR,1.0,auto,2026-06-25 01:59:02
PC-107858,Z-MIR,1.0,auto,2026-06-25 12:18:37
PC-107859,Z-MIR,0.894427,auto,2026-06-25 11:15:55
PC-107860,Z-MIR,1.0,auto,2026-06-25 03:49:24
PC-107861,Z-MIR,1.0,auto,2026-06-24 23:51:45
PC-107862,Z-MIR,1.0,auto,2026-06-25 02:28:00
PC-107863,Z-MIR,0.894427,auto,2026-06-25 10:15:14
PC-107864,Z-MIR,0.894427,auto,2026-06-25 14:05:38
PC-107865,Z-MIR,1.0,auto,2026-06-25 18:00:58
PC-107866,Z-MIR,1.0,auto,2026-06-25 10:04:57
PC-107867,Z-MIR,1.0,auto,2026-06-25 06:35:49
PC-107868,Z-MIR,1.0,auto,2026-06-24 15:16:00
PC-107869,Z-MIR,1.0,auto,2026-06-25 06:18:41
PC-107870,Z-MIR,1.0,auto,2026-06-25 08:57:39
PC-107871,Z-MIR,1.0,auto,2026-06-24 22:08:34
PC-107872,Z-MIR,1.0,auto,2026-06-25 17:05:58
PC-107873,Z-MIR,1.0,auto,2026-06-25 12:02:26
PC-107874,Z-MIR,1.0,auto,2026-06-25 21:46:44
PC-107875,Z-MIR,1.0,auto,2026-06-25 11:15:51
PC-107876,Z-MIR,0.894427,auto,2026-06-25 04:32:24
PC-107877,Z-MIR,1.0,auto,2026-06-25 03:31:24
PC-107878,Z-MIR,1.0,auto,2026-06-24 13:16:57
PC-107879,Z-MIR,1.0,auto,2026-06-25 18:46:15
PC-107880,Z-MIR,1.0,auto,2026-06-25 17:51:44
PC-107881,Z-MIR,1.0,auto,2026-06-25 23:37:15
PC-107882,Z-MIR,1.0,auto,2026-06-26 13:42:16
PC-107883,Z-MIR,1.0,auto,2026-06-26 14:26:06
PC-107884,Z-MIR,0.894427,auto,2026-06-25 18:15:43
PC-107885,Z-MIR,1.0,auto,2026-06-25 20:30:54
PC-107886,Z-MIR,1.0,auto,2026-06-26 15:14:26
PC-107887,Z-MIR,1.0,auto,2026-06-27 02:03:54
PC-107888,Z-MIR,1.0,auto,2026-06-25 22:44:24
PC-107889,Z-MIR,1.0,auto,2026-06-26 01:59:48
PC-107890,Z-MIR,1.0,auto,2026-06-26 10:33:06
PC-107891,Z-MIR,1.0,auto,2026-06-26 18:12:26
PC-107892,Z-MIR,0.894427,auto,2026-06-26 01:53:05
PC-107893,Z-MIR,1.0,auto,2026-06-26 17:55:00
PC-107894,Z-MIR,1.0,auto,2026-06-25 18:42:26
PC-107895,Z-MIR,1.0,auto,2026-06-26 03:16:26
PC-107896,Z-MIR,1.0,auto,2026-06-26 12:21:05
PC-107897,Z-MIR,1.0,auto,2026-06-26 07:03:40
PC-107898,Z-MIR,1.0,auto,2026-06-26 13:49:08
PC-107899,Z-MIR,0.894427,auto,2026-06-26 20:52:32
PC-107900,Z-MIR,1.0,auto,2026-06-26 04:21:26
PC-107901,Z-MIR,1.0,auto,2026-06-25 20:06:56
PC-107902,Z-MIR,1.0,auto,2026-06-26 04:35:43
PC-107903,Z-MIR,1.0,auto,2026-06-26 07:39:07
PC-107904,Z-MIR,1.0,auto,2026-06-26 00:35:34
PC-107905,Z-MIR,1.0,auto,2026-06-25 12:42:10
PC-107906,Z-MIR,1.0,auto,2026-06-25 21:56:38
PC-107907,Z-MIR,1.0,auto,2026-06-26 00:49:30
PC-107908,Z-MIR,1.0,auto,2026-06-25 22:20:29
PC-107909,Z-MIR,0.894427,auto,2026-06-27 09:18:45
PC-107910,Z-MIR,1.0,auto,2026-06-26 07:59:52
PC-107911,Z-MIR,1.0,auto,2026-06-27 07:49:08
PC-107912,Z-MIR,1.0,auto,2026-06-26 18:04:05
PC-107913,Z-MIR,0.894427,auto,2026-06-27 16:19:42
PC-107914,Z-MIR,1.0,auto,2026-06-27 21:02:20
PC-107915,Z-MIR,1.0,auto,2026-06-27 05:25:22
PC-107916,Z-MIR,1.0,auto,2026-06-27 11:50:06
PC-107917,Z-MIR,1.0,auto,2026-06-26 10:11:32
PC-107918,Z-MIR,1.0,auto,2026-06-26 17:44:55
PC-107919,Z-MIR,0.894427,auto,2026-06-26 20:44:41
PC-107920,Z-MIR,1.0,auto,2026-06-27 06:12:42
PC-107921,Z-MIR,1.0,auto,2026-06-27 07:03:02
PC-107922,Z-MIR,1.0,auto,2026-06-27 19:19:20
PC-107923,Z-MIR,1.0,auto,2026-06-26 22:59:52
PC-107924,Z-MIR,1.0,auto,2026-06-27 02:05:47
PC-107925,Z-MIR,1.0,auto,2026-06-26 16:35:15
PC-107926,Z-MIR,1.0,auto,2026-06-27 21:20:32
PC-107927,Z-MIR,1.0,auto,2026-06-27 09:03:48
PC-107928,Z-MIR,0.894427,auto,2026-06-27 08:03:39
PC-107929,Z-MIR,1.0,auto,2026-06-26 21:48:51
PC-107930,Z-MIR,1.0,auto,2026-06-27 06:13:15
PC-107931,Z-MIR,1.0,auto,2026-06-26 11:08:35
PC-107932,Z-MIR,1.0,auto,2026-06-26 20:15:51
PC-107933,Z-MIR,1.0,auto,2026-06-27 04:32:22
PC-107934,Z-MIR,1.0,auto,2026-06-27 17:22:30
PC-107935,Z-MIR,1.0,auto,2026-06-27 00:53:51
PC-107936,Z-MIR,1.0,auto,2026-06-27 05:49:20
PC-107937,Z-MIR,1.0,auto,2026-06-27 08:53:07
PC-107938,Z-MIR,1.0,auto,2026-06-26 16:34:53
PC-107939,Z-MIR,1.0,auto,2026-06-27 13:28:26
PC-107940,Z-MIR,1.0,auto,2026-06-27 23:27:28
PC-107941,Z-MIR,1.0,auto,2026-06-28 02:02:06
PC-107942,Z-MIR,1.0,auto,2026-06-27 19:39:43
PC-107943,Z-MIR,1.0,auto,2026-06-28 00:26:42
PC-107944,Z-MIR,1.0,auto,2026-06-28 18:16:08
PC-107945,Z-MIR,0.894427,auto,2026-06-28 12:14:05
PC-107946,Z-MIR,1.0,auto,2026-06-28 12:29:53
PC-107947,Z-MIR,1.0,auto,2026-06-27 22:44:55
PC-107948,Z-MIR,1.0,auto,2026-06-28 13:29:01
PC-107949,Z-MIR,1.0,auto,2026-06-28 16:44:54
PC-107950,Z-MIR,1.0,auto,2026-06-27 18:16:07
PC-107951,Z-MIR,0.894427,auto,2026-06-28 19:18:53
PC-107952,Z-MIR,1.0,auto,2026-06-28 08:57:58
PC-107953,Z-MIR,1.0,auto,2026-06-27 22:42:32
PC-107954,Z-MIR,1.0,auto,2026-06-27 14:05:59
PC-107955,Z-MIR,1.0,auto,2026-06-28 03:07:06
PC-107956,Z-MIR,0.894427,auto,2026-06-28 19:56:52
PC-107957,Z-MIR,0.894427,auto,2026-06-28 13:14:20
PC-107958,Z-MIR,1.0,auto,2026-06-28 11:54:19
PC-107959,Z-MIR,1.0,auto,2026-06-28 00:02:43
PC-107960,Z-MIR,1.0,auto,2026-06-28 12:48:17
PC-107961,Z-MIR,1.0,auto,2026-06-28 03:46:02
PC-107962,Z-MIR,1.0,auto,2026-06-28 11:30:38
PC-107963,Z-MIR,1.0,auto,2026-06-28 20:06:00
PC-107964,Z-MIR,1.0,auto,2026-06-28 20:06:57
PC-107965,Z-MIR,1.0,auto,2026-06-28 09:12:45
PC-107966,Z-MIR,1.0,auto,2026-06-29 09:19:47
PC-107967,Z-UTT,1.0,auto,2026-05-31 10:32:16
PC-107968,Z-UTT,1.0,auto,2026-05-31 21:59:45
PC-107969,Z-UTT,1.0,auto,2026-05-30 21:37:41
PC-107970,Z-UTT,1.0,auto,2026-05-31 07:35:10
PC-107971,Z-UTT,1.0,auto,2026-05-31 12:43:07
PC-107972,Z-UTT,1.0,auto,2026-06-01 01:24:20
PC-107973,Z-UTT,1.0,auto,2026-05-31 12:34:44
PC-107974,Z-UTT,1.0,auto,2026-05-31 06:35:14
PC-107975,Z-UTT,0.935414,auto,2026-05-31 15:25:26
PC-107976,Z-UTT,0.935414,auto,2026-05-31 00:00:36
PC-107977,Z-UTT,1.0,auto,2026-05-31 14:04:27
PC-107978,Z-UTT,1.0,auto,2026-05-31 11:36:38
PC-107979,Z-UTT,1.0,auto,2026-05-31 16:06:03
PC-107980,Z-UTT,1.0,auto,2026-05-31 01:21:43
PC-107981,Z-UTT,1.0,auto,2026-05-30 21:31:50
PC-107982,Z-UTT,0.935414,auto,2026-05-31 10:07:14
PC-107983,Z-UTT,1.0,auto,2026-05-31 15:03:40
PC-107984,Z-UTT,1.0,auto,2026-05-31 03:50:31
PC-107985,Z-UTT,1.0,auto,2026-05-31 09:55:24
PC-107986,Z-UTT,1.0,auto,2026-05-31 09:41:34
PC-107987,Z-UTT,1.0,auto,2026-05-30 22:30:19
PC-107988,Z-UTT,1.0,auto,2026-05-31 04:39:04
PC-107989,Z-UTT,1.0,auto,2026-05-31 04:40:19
PC-107990,Z-UTT,1.0,auto,2026-05-31 08:15:50
PC-107991,Z-UTT,1.0,auto,2026-05-31 19:27:56
PC-107992,Z-UTT,1.0,auto,2026-05-31 09:10:20
PC-107993,Z-UTT,1.0,auto,2026-06-01 07:04:08
PC-107994,Z-UTT,1.0,auto,2026-06-01 02:34:40
PC-107995,Z-UTT,1.0,auto,2026-06-01 04:01:41
PC-107996,Z-UTT,1.0,auto,2026-06-01 15:23:53
PC-107997,Z-UTT,1.0,auto,2026-06-01 11:03:00
PC-107998,Z-UTT,1.0,auto,2026-06-01 12:29:21
PC-107999,Z-UTT,1.0,auto,2026-06-01 21:56:12
PC-108000,Z-UTT,1.0,auto,2026-06-01 03:45:34
PC-108001,Z-UTT,1.0,auto,2026-06-01 15:42:13
PC-108002,Z-UTT,1.0,auto,2026-06-01 12:03:12
PC-108003,Z-UTT,0.935414,auto,2026-06-01 06:05:18
PC-108004,Z-UTT,1.0,auto,2026-06-01 05:46:55
PC-108005,Z-UTT,1.0,auto,2026-06-01 01:39:49
PC-108006,Z-UTT,1.0,auto,2026-06-01 18:21:07
PC-108007,Z-UTT,0.935414,auto,2026-06-01 15:00:12
PC-108008,Z-UTT,1.0,auto,2026-06-01 04:38:59
PC-108009,Z-UTT,1.0,auto,2026-06-01 03:20:27
PC-108010,Z-UTT,0.935414,auto,2026-06-01 07:35:18
PC-108011,Z-UTT,1.0,auto,2026-06-01 21:07:30
PC-108012,Z-UTT,1.0,auto,2026-06-01 23:04:03
PC-108013,Z-UTT,1.0,auto,2026-06-01 06:28:58
PC-108014,Z-UTT,1.0,auto,2026-06-02 04:29:19
PC-108015,Z-UTT,1.0,auto,2026-06-04 11:15:55
PC-108016,Z-UTT,0.935414,auto,2026-06-04 01:36:49
PC-108017,Z-UTT,1.0,auto,2026-06-03 13:42:32
PC-108018,Z-UTT,1.0,auto,2026-06-04 00:45:00
PC-108019,Z-UTT,1.0,auto,2026-06-04 18:34:19
PC-108020,Z-UTT,1.0,auto,2026-06-04 23:16:06
PC-108021,Z-UTT,1.0,auto,2026-06-03 12:22:18
PC-108022,Z-UTT,1.0,auto,2026-06-04 03:56:03
PC-108023,Z-UTT,1.0,auto,2026-06-04 20:36:18
PC-108024,Z-UTT,1.0,auto,2026-06-04 15:58:43
PC-108025,Z-UTT,0.935414,auto,2026-06-04 21:11:28
PC-108026,Z-UTT,1.0,auto,2026-06-04 12:47:48
PC-108027,Z-UTT,1.0,auto,2026-06-04 07:09:27
PC-108028,Z-UTT,1.0,auto,2026-06-04 18:23:25
PC-108029,Z-UTT,1.0,auto,2026-06-03 20:48:27
PC-108030,Z-UTT,1.0,auto,2026-06-04 05:47:46
PC-108031,Z-UTT,1.0,auto,2026-06-04 08:35:38
PC-108032,Z-UTT,1.0,auto,2026-06-03 19:17:51
PC-108033,Z-UTT,1.0,auto,2026-06-04 09:45:17
PC-108034,Z-UTT,1.0,auto,2026-06-04 20:43:31
PC-108035,Z-UTT,1.0,auto,2026-06-05 08:14:03
PC-108036,Z-UTT,0.935414,auto,2026-06-05 01:14:26
PC-108037,Z-UTT,1.0,auto,2026-06-04 21:31:34
PC-108038,Z-UTT,0.935414,auto,2026-06-05 01:07:50
PC-108039,Z-UTT,0.935414,auto,2026-06-05 16:27:14
PC-108040,Z-UTT,1.0,auto,2026-06-05 05:03:31
PC-108041,Z-UTT,1.0,auto,2026-06-06 01:09:07
PC-108042,Z-UTT,1.0,auto,2026-06-04 13:21:34
PC-108043,Z-UTT,0.935414,auto,2026-06-05 13:59:54
PC-108044,Z-UTT,1.0,auto,2026-06-05 05:33:00
PC-108045,Z-UTT,1.0,auto,2026-06-05 16:34:22
PC-108046,Z-UTT,1.0,auto,2026-06-05 12:27:27
PC-108047,Z-UTT,0.935414,auto,2026-06-05 13:13:12
PC-108048,Z-UTT,1.0,auto,2026-06-05 02:58:44
PC-108049,Z-UTT,1.0,auto,2026-06-05 17:37:40
PC-108050,Z-UTT,1.0,auto,2026-06-05 08:56:19
PC-108051,Z-UTT,1.0,auto,2026-06-05 19:36:07
PC-108052,Z-UTT,1.0,auto,2026-06-05 08:15:59
PC-108053,Z-UTT,1.0,auto,2026-06-05 17:55:11
PC-108054,Z-UTT,1.0,auto,2026-06-05 13:12:27
PC-108055,Z-UTT,1.0,auto,2026-06-04 21:34:58
PC-108056,Z-UTT,1.0,auto,2026-06-05 07:22:21
PC-108057,Z-UTT,1.0,auto,2026-06-05 17:09:29
PC-108058,Z-UTT,1.0,auto,2026-06-05 02:13:30
PC-108059,Z-UTT,1.0,auto,2026-06-05 12:55:37
PC-108060,Z-UTT,0.935414,auto,2026-06-05 21:55:37
PC-108061,Z-UTT,1.0,auto,2026-06-05 21:36:53
PC-108062,Z-UTT,1.0,auto,2026-06-05 12:36:18
PC-108063,Z-UTT,1.0,auto,2026-06-05 09:42:35
PC-108064,Z-UTT,1.0,auto,2026-06-05 15:52:53
PC-108065,Z-UTT,1.0,auto,2026-06-06 03:50:40
PC-108066,Z-UTT,1.0,auto,2026-06-06 11:32:59
PC-108067,Z-UTT,1.0,auto,2026-06-06 18:22:44
PC-108068,Z-UTT,1.0,auto,2026-06-06 14:22:09
PC-108069,Z-UTT,1.0,auto,2026-06-06 02:46:45
PC-108070,Z-UTT,1.0,auto,2026-06-06 14:44:28
PC-108071,Z-UTT,1.0,auto,2026-06-06 02:41:15
PC-108072,Z-UTT,1.0,auto,2026-06-06 15:01:19
PC-108073,Z-UTT,1.0,auto,2026-06-05 19:34:43
PC-108074,Z-UTT,1.0,auto,2026-06-06 13:08:37
PC-108075,Z-UTT,1.0,auto,2026-06-06 14:35:53
PC-108076,Z-UTT,1.0,auto,2026-06-06 05:09:58
PC-108077,Z-UTT,1.0,auto,2026-06-06 07:42:13
PC-108078,Z-UTT,1.0,auto,2026-06-06 01:22:22
PC-108079,Z-UTT,1.0,auto,2026-06-06 08:48:55
PC-108080,Z-UTT,1.0,auto,2026-06-06 07:39:02
PC-108081,Z-UTT,1.0,auto,2026-06-07 01:08:37
PC-108082,Z-UTT,0.935414,auto,2026-06-06 02:42:06
PC-108083,Z-UTT,1.0,auto,2026-06-06 19:37:37
PC-108084,Z-UTT,1.0,auto,2026-06-06 06:22:03
PC-108085,Z-UTT,1.0,auto,2026-06-07 06:20:02
PC-108086,Z-UTT,1.0,auto,2026-06-06 16:04:28
PC-108087,Z-UTT,1.0,auto,2026-06-07 05:32:07
PC-108088,Z-UTT,1.0,auto,2026-06-06 22:27:35
PC-108089,Z-UTT,1.0,auto,2026-06-07 04:55:36
PC-108090,Z-UTT,1.0,auto,2026-06-07 00:28:45
PC-108091,Z-UTT,1.0,auto,2026-06-07 06:38:35
PC-108092,Z-UTT,1.0,auto,2026-06-07 13:57:11
PC-108093,Z-UTT,1.0,auto,2026-06-08 01:16:55
PC-108094,Z-UTT,1.0,auto,2026-06-07 17:55:48
PC-108095,Z-UTT,1.0,auto,2026-06-07 06:41:09
PC-108096,Z-UTT,0.935414,auto,2026-06-08 12:09:42
PC-108097,Z-UTT,1.0,auto,2026-06-07 20:12:31
PC-108098,Z-UTT,1.0,auto,2026-06-07 12:16:28
PC-108099,Z-UTT,1.0,auto,2026-06-07 13:53:58
PC-108100,Z-UTT,1.0,auto,2026-06-07 19:22:22
PC-108101,Z-UTT,1.0,auto,2026-06-06 19:31:44
PC-108102,Z-UTT,0.935414,auto,2026-06-07 03:23:26
PC-108103,Z-UTT,1.0,auto,2026-06-06 22:53:53
PC-108104,Z-UTT,1.0,auto,2026-06-07 02:31:34
PC-108105,Z-UTT,1.0,auto,2026-06-07 14:36:41
PC-108106,Z-UTT,1.0,auto,2026-06-08 02:45:18
PC-108107,Z-UTT,1.0,auto,2026-06-08 03:40:39
PC-108108,Z-UTT,1.0,auto,2026-06-08 14:39:34
PC-108109,Z-UTT,1.0,auto,2026-06-07 12:48:35
PC-108110,Z-UTT,1.0,auto,2026-06-08 03:51:37
PC-108111,Z-UTT,0.935414,auto,2026-06-08 07:57:17
PC-108112,Z-UTT,1.0,auto,2026-06-08 06:28:22
PC-108113,Z-UTT,1.0,auto,2026-06-08 13:44:13
PC-108114,Z-UTT,1.0,auto,2026-06-08 02:20:12
PC-108115,Z-UTT,1.0,auto,2026-06-08 05:25:16
PC-108116,Z-UTT,1.0,auto,2026-06-08 14:26:41
PC-108117,Z-UTT,1.0,auto,2026-06-08 03:30:37
PC-108118,Z-UTT,1.0,auto,2026-06-08 10:04:13
PC-108119,Z-UTT,1.0,auto,2026-06-08 05:57:32
PC-108120,Z-UTT,1.0,auto,2026-06-08 05:33:07
PC-108121,Z-UTT,1.0,auto,2026-06-08 18:35:12
PC-108122,Z-UTT,1.0,auto,2026-06-08 06:49:12
PC-108123,Z-UTT,1.0,auto,2026-06-08 11:32:47
PC-108124,Z-UTT,1.0,auto,2026-06-09 08:35:32
PC-108125,Z-UTT,1.0,auto,2026-06-09 04:54:53
PC-108126,Z-UTT,1.0,auto,2026-06-09 17:13:36
PC-108127,Z-UTT,1.0,auto,2026-06-08 21:15:57
PC-108128,Z-UTT,1.0,auto,2026-06-09 06:48:58
PC-108129,Z-UTT,1.0,auto,2026-06-09 02:32:50
PC-108130,Z-UTT,1.0,auto,2026-06-09 13:55:38
PC-108131,Z-UTT,1.0,auto,2026-06-09 07:32:48
PC-108132,Z-UTT,1.0,auto,2026-06-09 05:21:39
PC-108133,Z-UTT,1.0,auto,2026-06-09 20:23:09
PC-108134,Z-UTT,1.0,auto,2026-06-09 04:25:37
PC-108135,Z-UTT,1.0,auto,2026-06-09 18:56:58
PC-108136,Z-UTT,1.0,auto,2026-06-08 20:27:44
PC-108137,Z-UTT,1.0,auto,2026-06-09 20:57:42
PC-108138,Z-UTT,1.0,auto,2026-06-09 06:28:56
PC-108139,Z-UTT,1.0,auto,2026-06-09 05:18:41
PC-108140,Z-UTT,1.0,auto,2026-06-09 05:25:54
PC-108141,Z-UTT,1.0,auto,2026-06-09 06:26:04
PC-108142,Z-UTT,1.0,auto,2026-06-09 16:20:10
PC-108143,Z-UTT,1.0,auto,2026-06-08 18:36:11
PC-108144,Z-UTT,1.0,auto,2026-06-10 06:05:36
PC-108145,Z-UTT,1.0,auto,2026-06-09 09:31:42
PC-108146,Z-UTT,1.0,auto,2026-06-10 00:21:03
PC-108147,Z-UTT,1.0,auto,2026-06-10 14:24:00
PC-108148,Z-UTT,1.0,auto,2026-06-10 16:37:21
PC-108149,Z-UTT,0.935414,auto,2026-06-10 00:27:48
PC-108150,Z-UTT,1.0,auto,2026-06-10 02:22:05
PC-108151,Z-UTT,1.0,auto,2026-06-10 17:44:51
PC-108152,Z-UTT,1.0,auto,2026-06-09 23:35:22
PC-108153,Z-UTT,1.0,auto,2026-06-10 02:43:48
PC-108154,Z-UTT,1.0,auto,2026-06-10 06:13:33
PC-108155,Z-UTT,1.0,auto,2026-06-10 18:48:39
PC-108156,Z-UTT,1.0,auto,2026-06-10 17:20:55
PC-108157,Z-UTT,1.0,auto,2026-06-10 13:57:43
PC-108158,Z-UTT,1.0,auto,2026-06-09 20:00:38
PC-108159,Z-UTT,1.0,auto,2026-06-10 17:20:28
PC-108160,Z-UTT,1.0,auto,2026-06-10 09:52:19
PC-108161,Z-UTT,1.0,auto,2026-06-10 13:21:26
PC-108162,Z-UTT,1.0,auto,2026-06-10 08:31:19
PC-108163,Z-UTT,1.0,auto,2026-06-10 19:25:45
PC-108164,Z-UTT,1.0,auto,2026-06-10 02:56:00
PC-108165,Z-UTT,1.0,auto,2026-06-10 14:06:13
PC-108166,Z-UTT,1.0,auto,2026-06-11 02:25:30
PC-108167,Z-UTT,1.0,auto,2026-06-10 12:28:43
PC-108168,Z-UTT,1.0,auto,2026-06-10 06:52:58
PC-108169,Z-UTT,1.0,auto,2026-06-12 01:20:41
PC-108170,Z-UTT,1.0,auto,2026-06-12 09:08:31
PC-108171,Z-UTT,1.0,auto,2026-06-11 23:44:04
PC-108172,Z-UTT,1.0,auto,2026-06-12 09:56:06
PC-108173,Z-UTT,1.0,auto,2026-06-12 06:19:35
PC-108174,Z-UTT,1.0,auto,2026-06-12 05:48:51
PC-108175,Z-UTT,1.0,auto,2026-06-12 09:27:05
PC-108176,Z-UTT,1.0,auto,2026-06-11 18:50:04
PC-108177,Z-UTT,1.0,auto,2026-06-12 13:37:54
PC-108178,Z-UTT,1.0,auto,2026-06-12 09:48:25
PC-108179,Z-UTT,1.0,auto,2026-06-12 12:20:46
PC-108180,Z-UTT,1.0,auto,2026-06-12 05:33:53
PC-108181,Z-UTT,1.0,auto,2026-06-12 00:55:23
PC-108182,Z-UTT,0.935414,auto,2026-06-12 13:03:25
PC-108183,Z-UTT,1.0,auto,2026-06-12 16:10:13
PC-108184,Z-UTT,1.0,auto,2026-06-12 22:47:01
PC-108185,Z-UTT,1.0,auto,2026-06-12 15:45:55
PC-108186,Z-UTT,1.0,auto,2026-06-12 02:54:34
PC-108187,Z-UTT,1.0,auto,2026-06-12 15:11:05
PC-108188,Z-UTT,1.0,auto,2026-06-11 19:55:28
PC-108189,Z-UTT,1.0,auto,2026-06-12 10:57:21
PC-108190,Z-UTT,1.0,auto,2026-06-12 00:42:23
PC-108191,Z-UTT,1.0,auto,2026-06-12 06:34:26
PC-108192,Z-UTT,1.0,auto,2026-06-12 15:37:32
PC-108193,Z-UTT,0.935414,auto,2026-06-13 06:05:05
PC-108194,Z-UTT,1.0,auto,2026-06-12 13:58:04
PC-108195,Z-UTT,1.0,auto,2026-06-12 23:38:18
PC-108196,Z-UTT,1.0,auto,2026-06-14 20:35:47
PC-108197,Z-UTT,1.0,auto,2026-06-14 04:34:50
PC-108198,Z-UTT,1.0,auto,2026-06-14 12:48:31
PC-108199,Z-UTT,1.0,auto,2026-06-14 14:26:06
PC-108200,Z-UTT,1.0,auto,2026-06-13 15:34:57
PC-108201,Z-UTT,1.0,auto,2026-06-14 09:24:47
PC-108202,Z-UTT,1.0,auto,2026-06-14 13:57:56
PC-108203,Z-UTT,1.0,auto,2026-06-14 14:19:17
PC-108204,Z-UTT,1.0,auto,2026-06-14 06:07:21
PC-108205,Z-UTT,1.0,auto,2026-06-14 16:38:25
PC-108206,Z-UTT,1.0,auto,2026-06-14 01:07:25
PC-108207,Z-UTT,0.935414,auto,2026-06-14 14:18:52
PC-108208,Z-UTT,1.0,auto,2026-06-13 22:44:54
PC-108209,Z-UTT,1.0,auto,2026-06-14 19:39:36
PC-108210,Z-UTT,1.0,auto,2026-06-14 09:20:22
PC-108211,Z-UTT,1.0,auto,2026-06-14 16:44:07
PC-108212,Z-UTT,1.0,auto,2026-06-13 17:07:29
PC-108213,Z-UTT,1.0,auto,2026-06-14 11:18:18
PC-108214,Z-UTT,0.935414,auto,2026-06-14 18:12:17
PC-108215,Z-UTT,1.0,auto,2026-06-15 11:05:39
PC-108216,Z-UTT,1.0,auto,2026-06-15 08:29:52
PC-108217,Z-UTT,1.0,auto,2026-06-15 08:58:14
PC-108218,Z-UTT,1.0,auto,2026-06-15 00:45:37
PC-108219,Z-UTT,1.0,auto,2026-06-15 18:03:07
PC-108220,Z-UTT,1.0,auto,2026-06-14 21:32:43
PC-108221,Z-UTT,0.935414,auto,2026-06-15 10:24:31
PC-108222,Z-UTT,1.0,auto,2026-06-15 07:39:02
PC-108223,Z-UTT,1.0,auto,2026-06-15 14:20:12
PC-108224,Z-UTT,1.0,auto,2026-06-15 16:58:48
PC-108225,Z-UTT,1.0,auto,2026-06-14 21:31:06
PC-108226,Z-UTT,1.0,auto,2026-06-15 11:30:41
PC-108227,Z-UTT,1.0,auto,2026-06-16 16:08:20
PC-108228,Z-UTT,1.0,auto,2026-06-15 04:58:02
PC-108229,Z-UTT,1.0,auto,2026-06-14 22:48:45
PC-108230,Z-UTT,0.935414,auto,2026-06-15 07:21:46
PC-108231,Z-UTT,1.0,auto,2026-06-14 05:27:13
PC-108232,Z-UTT,1.0,auto,2026-06-15 16:55:29
PC-108233,Z-UTT,1.0,auto,2026-06-16 08:29:49
PC-108234,Z-UTT,1.0,auto,2026-06-15 06:26:06
PC-108235,Z-UTT,1.0,auto,2026-06-16 21:43:16
PC-108236,Z-UTT,1.0,auto,2026-06-15 18:10:43
PC-108237,Z-UTT,1.0,auto,2026-06-16 09:35:01
PC-108238,Z-UTT,1.0,auto,2026-06-16 22:33:40
PC-108239,Z-UTT,1.0,auto,2026-06-16 17:52:31
PC-108240,Z-UTT,1.0,auto,2026-06-16 15:57:18
PC-108241,Z-UTT,1.0,auto,2026-06-16 07:49:22
PC-108242,Z-UTT,1.0,auto,2026-06-16 04:05:01
PC-108243,Z-UTT,1.0,auto,2026-06-16 04:29:46
PC-108244,Z-UTT,1.0,auto,2026-06-16 12:26:44
PC-108245,Z-UTT,1.0,auto,2026-06-16 20:08:43
PC-108246,Z-UTT,1.0,auto,2026-06-16 01:47:28
PC-108247,Z-UTT,1.0,auto,2026-06-16 01:38:01
PC-108248,Z-UTT,1.0,auto,2026-06-16 03:03:13
PC-108249,Z-UTT,1.0,auto,2026-06-16 22:20:21
PC-108250,Z-UTT,1.0,auto,2026-06-16 00:30:31
PC-108251,Z-UTT,1.0,auto,2026-06-16 04:29:01
PC-108252,Z-UTT,1.0,auto,2026-06-15 14:36:57
PC-108253,Z-UTT,1.0,auto,2026-06-16 17:54:54
PC-108254,Z-UTT,1.0,auto,2026-06-17 02:03:54
PC-108255,Z-UTT,1.0,auto,2026-06-17 07:38:24
PC-108256,Z-UTT,1.0,auto,2026-06-17 17:22:56
PC-108257,Z-UTT,1.0,auto,2026-06-17 04:44:33
PC-108258,Z-UTT,1.0,auto,2026-06-17 12:57:45
PC-108259,Z-UTT,1.0,auto,2026-06-17 15:00:37
PC-108260,Z-UTT,1.0,auto,2026-06-17 08:53:51
PC-108261,Z-UTT,0.935414,auto,2026-06-17 19:52:15
PC-108262,Z-UTT,0.935414,auto,2026-06-17 13:49:57
PC-108263,Z-UTT,0.935414,auto,2026-06-17 12:52:57
PC-108264,Z-UTT,1.0,auto,2026-06-17 13:08:16
PC-108265,Z-UTT,1.0,auto,2026-06-16 22:08:47
PC-108266,Z-UTT,1.0,auto,2026-06-18 01:02:32
PC-108267,Z-UTT,1.0,auto,2026-06-17 05:09:33
PC-108268,Z-UTT,1.0,auto,2026-06-17 03:16:52
PC-108269,Z-UTT,1.0,auto,2026-06-18 03:23:19
PC-108270,Z-UTT,1.0,auto,2026-06-17 16:57:07
PC-108271,Z-UTT,1.0,auto,2026-06-17 21:57:15
PC-108272,Z-UTT,1.0,auto,2026-06-16 22:16:13
PC-108273,Z-UTT,0.935414,auto,2026-06-17 14:34:00
PC-108274,Z-UTT,1.0,auto,2026-06-17 10:06:59
PC-108275,Z-UTT,1.0,auto,2026-06-18 11:00:56
PC-108276,Z-UTT,0.935414,auto,2026-06-17 18:57:00
PC-108277,Z-UTT,1.0,auto,2026-06-17 21:47:56
PC-108278,Z-UTT,0.935414,auto,2026-06-18 01:38:49
PC-108279,Z-UTT,1.0,auto,2026-06-17 08:26:46
PC-108280,Z-UTT,0.935414,auto,2026-06-18 03:37:47
PC-108281,Z-UTT,1.0,auto,2026-06-18 05:35:05
PC-108282,Z-UTT,1.0,auto,2026-06-18 02:52:29
PC-108283,Z-UTT,1.0,auto,2026-06-18 20:46:39
PC-108284,Z-UTT,1.0,auto,2026-06-18 01:15:37
PC-108285,Z-UTT,1.0,auto,2026-06-18 06:26:09
PC-108286,Z-UTT,1.0,auto,2026-06-17 13:52:25
PC-108287,Z-UTT,1.0,auto,2026-06-18 12:55:44
PC-108288,Z-UTT,1.0,auto,2026-06-18 08:23:26
PC-108289,Z-UTT,1.0,auto,2026-06-18 02:21:50
PC-108290,Z-UTT,1.0,auto,2026-06-17 14:32:50
PC-108291,Z-UTT,1.0,auto,2026-06-18 09:37:23
PC-108292,Z-UTT,1.0,auto,2026-06-18 09:44:13
PC-108293,Z-UTT,1.0,auto,2026-06-18 11:02:07
PC-108294,Z-UTT,1.0,auto,2026-06-18 10:50:06
PC-108295,Z-UTT,1.0,auto,2026-06-18 05:58:23
PC-108296,Z-UTT,1.0,auto,2026-06-18 16:25:45
PC-108297,Z-UTT,1.0,auto,2026-06-17 20:23:49
PC-108298,Z-UTT,1.0,auto,2026-06-18 16:53:24
PC-108299,Z-UTT,1.0,auto,2026-06-19 02:47:46
PC-108300,Z-UTT,1.0,auto,2026-06-18 21:02:38
PC-108301,Z-UTT,1.0,auto,2026-06-18 21:00:20
PC-108302,Z-UTT,1.0,auto,2026-06-18 19:00:00
PC-108303,Z-UTT,0.935414,auto,2026-06-19 06:32:26
PC-108304,Z-UTT,1.0,auto,2026-06-19 08:17:05
PC-108305,Z-UTT,1.0,auto,2026-06-19 11:08:25
PC-108306,Z-UTT,1.0,auto,2026-06-19 15:13:34
PC-108307,Z-UTT,1.0,auto,2026-06-19 13:44:38
PC-108308,Z-UTT,1.0,auto,2026-06-19 11:39:02
PC-108309,Z-UTT,1.0,auto,2026-06-19 00:57:46
PC-108310,Z-UTT,1.0,auto,2026-06-19 08:56:58
PC-108311,Z-UTT,1.0,auto,2026-06-20 00:34:41
PC-108312,Z-UTT,1.0,auto,2026-06-19 18:15:37
PC-108313,Z-UTT,1.0,auto,2026-06-19 09:50:19
PC-108314,Z-UTT,1.0,auto,2026-06-19 00:23:57
PC-108315,Z-UTT,1.0,auto,2026-06-20 00:54:52
PC-108316,Z-UTT,1.0,auto,2026-06-19 10:11:02
PC-108317,Z-UTT,0.935414,auto,2026-06-19 14:10:21
PC-108318,Z-UTT,0.935414,auto,2026-06-18 21:26:26
PC-108319,Z-UTT,1.0,auto,2026-06-19 01:35:58
PC-108320,Z-UTT,0.935414,auto,2026-06-19 07:18:25
PC-108321,Z-UTT,1.0,auto,2026-06-19 03:58:52
PC-108322,Z-UTT,1.0,auto,2026-06-19 20:45:01
PC-108323,Z-UTT,1.0,auto,2026-06-19 17:55:07
PC-108324,Z-UTT,1.0,auto,2026-06-18 22:18:38
PC-108325,Z-UTT,1.0,auto,2026-06-19 04:29:13
PC-108326,Z-UTT,1.0,auto,2026-06-19 06:43:30
PC-108327,Z-UTT,1.0,auto,2026-06-19 18:56:07
PC-108328,Z-UTT,1.0,auto,2026-06-19 13:22:58
PC-108329,Z-UTT,1.0,auto,2026-06-20 04:42:58
PC-108330,Z-UTT,1.0,auto,2026-06-19 07:53:23
PC-108331,Z-UTT,1.0,auto,2026-06-19 17:13:49
PC-108332,Z-UTT,1.0,auto,2026-06-20 12:46:42
PC-108333,Z-UTT,1.0,auto,2026-06-20 07:02:31
PC-108334,Z-UTT,1.0,auto,2026-06-20 09:20:18
PC-108335,Z-UTT,1.0,auto,2026-06-20 04:14:10
PC-108336,Z-UTT,0.935414,auto,2026-06-20 00:36:59
PC-108337,Z-UTT,1.0,auto,2026-06-20 14:15:42
PC-108338,Z-UTT,1.0,auto,2026-06-20 18:06:10
PC-108339,Z-UTT,1.0,auto,2026-06-20 12:51:48
PC-108340,Z-UTT,1.0,auto,2026-06-21 01:25:03
PC-108341,Z-UTT,1.0,auto,2026-06-20 05:02:09
PC-108342,Z-UTT,1.0,auto,2026-06-20 13:27:57
PC-108343,Z-UTT,1.0,auto,2026-06-20 08:43:57
PC-108344,Z-UTT,1.0,auto,2026-06-20 20:56:10
PC-108345,Z-UTT,0.935414,auto,2026-06-20 04:12:14
PC-108346,Z-UTT,1.0,auto,2026-06-20 04:17:45
PC-108347,Z-UTT,1.0,auto,2026-06-19 14:23:29
PC-108348,Z-UTT,1.0,auto,2026-06-20 00:19:06
PC-108349,Z-UTT,1.0,auto,2026-06-19 23:51:18
PC-108350,Z-UTT,1.0,auto,2026-06-20 11:04:22
PC-108351,Z-UTT,1.0,auto,2026-06-21 05:46:29
PC-108352,Z-UTT,0.935414,auto,2026-06-21 01:56:52
PC-108353,Z-UTT,0.935414,auto,2026-06-20 14:16:43
PC-108354,Z-UTT,1.0,auto,2026-06-21 07:41:26
PC-108355,Z-UTT,1.0,auto,2026-06-21 19:45:20
PC-108356,Z-UTT,1.0,auto,2026-06-21 16:11:12
PC-108357,Z-UTT,1.0,auto,2026-06-22 02:57:43
PC-108358,Z-UTT,1.0,auto,2026-06-20 12:52:38
PC-108359,Z-UTT,1.0,auto,2026-06-21 09:15:25
PC-108360,Z-UTT,1.0,auto,2026-06-21 10:55:59
PC-108361,Z-UTT,1.0,auto,2026-06-21 21:47:56
PC-108362,Z-UTT,1.0,auto,2026-06-21 08:55:09
PC-108363,Z-UTT,1.0,auto,2026-06-21 07:26:33
PC-108364,Z-UTT,1.0,auto,2026-06-21 12:08:42
PC-108365,Z-UTT,1.0,auto,2026-06-21 07:33:29
PC-108366,Z-UTT,1.0,auto,2026-06-20 18:33:23
PC-108367,Z-UTT,1.0,auto,2026-06-20 23:51:35
PC-108368,Z-UTT,1.0,auto,2026-06-21 05:19:23
PC-108369,Z-UTT,1.0,auto,2026-06-21 03:32:42
PC-108370,Z-UTT,1.0,auto,2026-06-21 11:19:49
PC-108371,Z-UTT,1.0,auto,2026-06-21 10:51:22
PC-108372,Z-UTT,0.935414,auto,2026-06-21 11:41:49
PC-108373,Z-UTT,1.0,auto,2026-06-21 09:06:30
PC-108374,Z-UTT,1.0,auto,2026-06-22 01:43:23
PC-108375,Z-UTT,1.0,auto,2026-06-21 05:39:07
PC-108376,Z-UTT,0.935414,auto,2026-06-21 12:24:54
PC-108377,Z-UTT,1.0,auto,2026-06-22 01:50:25
PC-108378,Z-UTT,1.0,auto,2026-06-21 11:06:41
PC-108379,Z-UTT,1.0,auto,2026-06-21 18:43:34
PC-108380,Z-UTT,1.0,auto,2026-06-22 19:54:05
PC-108381,Z-UTT,1.0,auto,2026-06-23 10:21:14
PC-108382,Z-UTT,1.0,auto,2026-06-23 15:20:05
PC-108383,Z-UTT,1.0,auto,2026-06-23 03:18:50
PC-108384,Z-UTT,1.0,auto,2026-06-24 05:04:54
PC-108385,Z-UTT,1.0,auto,2026-06-22 15:36:22
PC-108386,Z-UTT,1.0,auto,2026-06-23 21:12:32
PC-108387,Z-UTT,1.0,auto,2026-06-23 17:34:50
PC-108388,Z-UTT,1.0,auto,2026-06-23 01:45:07
PC-108389,Z-UTT,1.0,auto,2026-06-23 08:00:36
PC-108390,Z-UTT,1.0,auto,2026-06-23 12:41:47
PC-108391,Z-UTT,1.0,auto,2026-06-23 21:27:21
PC-108392,Z-UTT,1.0,auto,2026-06-23 11:41:44
PC-108393,Z-UTT,1.0,auto,2026-06-23 06:23:05
PC-108394,Z-UTT,1.0,auto,2026-06-24 07:47:24
PC-108395,Z-UTT,1.0,auto,2026-06-23 04:47:42
PC-108396,Z-UTT,1.0,auto,2026-06-23 22:51:38
PC-108397,Z-UTT,1.0,auto,2026-06-24 07:44:01
PC-108398,Z-UTT,1.0,auto,2026-06-24 10:42:12
PC-108399,Z-UTT,0.935414,auto,2026-06-23 22:41:06
PC-108400,Z-UTT,1.0,auto,2026-06-23 14:42:39
PC-108401,Z-UTT,1.0,auto,2026-06-24 10:22:32
PC-108402,Z-UTT,1.0,auto,2026-06-24 08:03:15
PC-108403,Z-UTT,1.0,auto,2026-06-24 13:49:47
PC-108404,Z-UTT,1.0,auto,2026-06-23 21:47:04
PC-108405,Z-UTT,1.0,auto,2026-06-24 17:20:10
PC-108406,Z-UTT,1.0,auto,2026-06-24 01:46:57
PC-108407,Z-UTT,1.0,auto,2026-06-24 19:01:17
PC-108408,Z-UTT,1.0,auto,2026-06-23 21:57:52
PC-108409,Z-UTT,0.935414,auto,2026-06-24 07:56:54
PC-108410,Z-UTT,1.0,auto,2026-06-25 01:09:02
PC-108411,Z-UTT,1.0,auto,2026-06-24 08:30:56
PC-108412,Z-UTT,1.0,auto,2026-06-24 17:02:56
PC-108413,Z-UTT,1.0,auto,2026-06-24 03:54:01
PC-108414,Z-UTT,1.0,auto,2026-06-23 22:21:04
PC-108415,Z-UTT,1.0,auto,2026-06-24 09:28:55
PC-108416,Z-UTT,0.935414,auto,2026-06-24 05:29:31
PC-108417,Z-UTT,0.935414,auto,2026-06-25 01:20:18
PC-108418,Z-UTT,1.0,auto,2026-06-24 20:06:50
PC-108419,Z-UTT,1.0,auto,2026-06-24 18:57:09
PC-108420,Z-UTT,1.0,auto,2026-06-25 05:41:53
PC-108421,Z-UTT,1.0,auto,2026-06-24 21:22:20
PC-108422,Z-UTT,1.0,auto,2026-06-25 06:10:57
PC-108423,Z-UTT,1.0,auto,2026-06-25 00:45:55
PC-108424,Z-UTT,1.0,auto,2026-06-25 16:45:37
PC-108425,Z-UTT,1.0,auto,2026-06-25 06:50:49
PC-108426,Z-UTT,1.0,auto,2026-06-25 12:22:39
PC-108427,Z-UTT,1.0,auto,2026-06-24 20:05:02
PC-108428,Z-UTT,1.0,auto,2026-06-25 12:34:46
PC-108429,Z-UTT,1.0,auto,2026-06-24 19:51:34
PC-108430,Z-UTT,1.0,auto,2026-06-25 01:27:37
PC-108431,Z-UTT,1.0,auto,2026-06-24 03:23:35
PC-108432,Z-UTT,1.0,auto,2026-06-25 01:22:53
PC-108433,Z-UTT,1.0,auto,2026-06-25 07:06:17
PC-108434,Z-UTT,1.0,auto,2026-06-25 14:03:39
PC-108435,Z-UTT,0.935414,auto,2026-06-25 05:09:02
PC-108436,Z-UTT,0.935414,auto,2026-06-25 13:40:23
PC-108437,Z-UTT,1.0,auto,2026-06-25 01:49:38
PC-108438,Z-UTT,1.0,auto,2026-06-24 23:10:28
PC-108439,Z-UTT,1.0,auto,2026-06-25 15:40:05
PC-108440,Z-UTT,1.0,auto,2026-06-25 03:17:27
PC-108441,Z-UTT,0.935414,auto,2026-06-25 12:40:52
PC-108442,Z-UTT,1.0,auto,2026-06-25 23:02:48
PC-108443,Z-UTT,1.0,auto,2026-06-26 07:32:17
PC-108444,Z-UTT,1.0,auto,2026-06-26 13:20:43
PC-108445,Z-UTT,1.0,auto,2026-06-26 16:06:19
PC-108446,Z-UTT,0.935414,auto,2026-06-26 02:26:58
PC-108447,Z-UTT,1.0,auto,2026-06-26 04:09:35
PC-108448,Z-UTT,1.0,auto,2026-06-26 11:05:49
PC-108449,Z-UTT,1.0,auto,2026-06-25 19:14:44
PC-108450,Z-UTT,1.0,auto,2026-06-25 20:07:58
PC-108451,Z-UTT,0.935414,auto,2026-06-26 17:50:08
PC-108452,Z-UTT,1.0,auto,2026-06-26 07:03:03
PC-108453,Z-UTT,1.0,auto,2026-06-26 11:41:51
PC-108454,Z-UTT,1.0,auto,2026-06-26 06:44:11
PC-108455,Z-UTT,0.935414,auto,2026-06-26 07:22:50
PC-108456,Z-UTT,1.0,auto,2026-06-26 16:16:33
PC-108457,Z-UTT,1.0,auto,2026-06-26 07:49:17
PC-108458,Z-UTT,1.0,auto,2026-06-26 04:02:17
PC-108459,Z-UTT,1.0,auto,2026-06-26 10:14:02
PC-108460,Z-UTT,1.0,auto,2026-06-27 20:20:43
PC-108461,Z-UTT,1.0,auto,2026-06-27 15:52:06
PC-108462,Z-UTT,0.935414,auto,2026-06-27 15:32:13
PC-108463,Z-UTT,1.0,auto,2026-06-27 05:34:40
PC-108464,Z-UTT,1.0,auto,2026-06-27 09:10:14
PC-108465,Z-UTT,1.0,auto,2026-06-28 00:56:22
PC-108466,Z-UTT,1.0,auto,2026-06-27 11:49:56
PC-108467,Z-UTT,0.935414,auto,2026-06-27 09:00:42
PC-108468,Z-UTT,1.0,auto,2026-06-27 22:32:23
PC-108469,Z-UTT,1.0,auto,2026-06-27 11:29:54
PC-108470,Z-UTT,1.0,auto,2026-06-27 09:25:31
PC-108471,Z-UTT,1.0,auto,2026-06-27 06:05:59
PC-108472,Z-UTT,1.0,auto,2026-06-27 07:31:48
PC-108473,Z-UTT,1.0,auto,2026-06-27 12:53:42
PC-108474,Z-UTT,1.0,auto,2026-06-27 07:51:34
PC-108475,Z-UTT,1.0,auto,2026-06-26 23:26:29
PC-108476,Z-UTT,1.0,auto,2026-06-27 01:43:44
PC-108477,Z-UTT,1.0,auto,2026-06-26 21:09:28
PC-108478,Z-UTT,1.0,auto,2026-06-27 12:00:45
PC-108479,Z-UTT,1.0,auto,2026-06-27 17:18:58
PC-108480,Z-UTT,1.0,auto,2026-06-28 02:55:00
PC-108481,Z-UTT,1.0,auto,2026-06-27 16:48:53
PC-108482,Z-UTT,1.0,auto,2026-06-27 10:19:33
PC-108483,Z-UTT,1.0,auto,2026-06-27 22:26:07
PC-108484,Z-UTT,1.0,auto,2026-06-28 06:07:27
PC-108485,Z-UTT,1.0,auto,2026-06-28 04:52:50
PC-108486,Z-UTT,1.0,auto,2026-06-28 10:37:21
PC-108487,Z-UTT,1.0,auto,2026-06-28 07:39:29
PC-108488,Z-UTT,1.0,auto,2026-06-28 22:15:38
PC-108489,Z-UTT,1.0,auto,2026-06-28 17:03:16
PC-108490,Z-UTT,1.0,auto,2026-06-28 05:39:09
PC-108491,Z-UTT,0.935414,auto,2026-06-28 11:13:43
PC-108492,Z-UTT,1.0,auto,2026-06-28 16:19:01
PC-108493,Z-UTT,1.0,auto,2026-06-27 22:28:29
PC-108494,Z-UTT,1.0,auto,2026-06-28 11:15:47
PC-108495,Z-UTT,1.0,auto,2026-06-29 00:08:49
PC-108496,Z-UTT,1.0,auto,2026-06-28 08:23:46
PC-108497,Z-UTT,1.0,auto,2026-06-28 02:43:40
PC-108498,Z-UTT,1.0,auto,2026-06-28 04:49:16
PC-108499,Z-UTT,1.0,auto,2026-06-28 04:26:25
PC-108500,Z-UTT,1.0,auto,2026-06-27 20:11:59
PC-108501,Z-UTT,1.0,auto,2026-06-28 10:49:42
PC-108502,Z-UTT,1.0,auto,2026-06-28 00:22:47
PC-108503,Z-UTT,1.0,auto,2026-06-28 09:56:28
PC-108504,Z-UTT,1.0,auto,2026-06-28 10:36:20
PC-108505,Z-UTT,1.0,auto,2026-06-28 18:08:16
PC-108506,Z-UTT,1.0,auto,2026-06-28 15:53:05
PC-108507,Z-UTT,1.0,auto,2026-06-28 16:19:43
